[01:42:40.259] [HOST] INFO: log opened
[01:42:40.259] [HOST] INFO: KenshiCoop loaded! (clean rebuild)
[01:42:40.259] [HOST] INFO: KenshiCoop: build Aug  2 2026 01:24:05
[01:42:40.259] [HOST] INFO: KenshiCoop: role=HOST proto=v46 port=27800 save=''
[01:42:40.259] [HOST] INFO: KenshiCoop: effective cfg scenario='' transport=steam on=[inv,xfer,world,med,speed,stats,carry,furn,chain,stealth,money,spawn,recruit,faction,time,door,build,bdoor,hunger,save,load,prod,research,store,squad,latejoin,aiSuspend,gateAuth,camInterest,censusFreezeAi] off=[blockXfer] censusR=2000 mintR=600 park=120 snap=8.0/0.75s armMs=45000
[01:42:40.298] [HOST] INFO: [engine] CAPS saveload=1 savepath=1 hand_resolve=1 npc_stream=1 limb=1 stats=1 carry=1 furniture=1 chain=1 shackle=1 slave=1 stealth=1 camera=1 speed=1 quiet_speed=1 door=1 build=1 machine=1 time=1 wallet=1 faction=1 combat_escalate=1
[01:42:40.298] [HOST] INFO: KenshiCoop: ownership ranks = {0} (bidirectional presence)
[01:42:40.298] [HOST] INFO: KenshiCoop: interp delay=50-200ms extrap=250ms stale=2000ms snap=50u drive catchupK=2.00 snapDist=8.0u snapSec=0.75 sendStamp=1 census=2000u mint=600u park=120u starveHold=10000ms
[01:42:40.336] [HOST] INFO: [ai] periodicUpdate detour installed; AI-suspend ON (default)
[01:42:40.373] [HOST] INFO: [dmg] hitByMeleeAttack detour installed; damage guard ON (host, driven peer-squad bodies)
[01:42:40.411] [HOST] INFO: [shop] buyItem detour installed; purchase logging ON
[01:42:40.449] [HOST] INFO: [wi] dropItem detour installed; query-free drop capture ON
[01:42:40.487] [HOST] INFO: [recruit] recruit detour installed; recruitment sync ON
[01:42:40.525] [HOST] INFO: [build] placeFinalPreviewBuilding detour installed; placement logging ON
[01:42:40.562] [HOST] INFO: [build] dismantle detour installed; removal logging ON
[01:42:40.637] [HOST] INFO: [fac] affectRelations detours installed; relation logging ON
[01:42:40.676] [HOST] INFO: [save] save detour installed; coordinated save ON
[01:42:40.751] [HOST] INFO: [load] load detour installed; coordinated load ON
[01:42:40.789] [HOST] INFO: KenshiCoop: title hook armed (F2 panel + push-on-connect at menu; no auto-load save)
[01:42:40.789] [HOST] INFO: [steam] id=76561199417484463 loggedOn=1 iface=SteamNetworking005
[01:42:40.789] [HOST] INFO: [invite] ready: mm=SteamMatchMaking009 friends=SteamFriends015 (in-panel friend picker armed)
[01:42:40.789] [HOST] INFO: KenshiCoop: session DEFERRED - press F2 in-game to pick role/transport, enter the friend's Steam ID, and check CONNECTED
[01:42:42.276] [HOST] INFO: [boot] title-tick running=0 host=1 started=0 saveEmpty=1
[01:42:42.282] [HOST] INFO: [steam] accepted inbound session from 76561198346257175
[01:42:42.282] [HOST] INFO: [coop-ui] gui ptr=00007FF68C4F2750
[01:43:12.670] [HOST] INFO: [load] LOCAL-LOAD name='autosave2' suppressed=0 bypass=0 via=menu
[01:43:20.614] [HOST] INFO: KenshiCoop: gameplay started
[01:43:20.614] [HOST] INFO: [load] 1 pre-gameplay load edge(s) discarded (title-screen auto-load)
[01:43:20.758] [HOST] INFO: [speed] intent hooks installed (setGameSpeed/userPause/togglePause)
[01:43:20.758] [HOST] INFO: [squad] LATCH cont=33,1114624000 rank=2
[01:43:20.758] [HOST] INFO: [taskkey] key=98 desc='Sleeping' repro=1 subject=1
[01:43:20.758] [HOST] INFO: [seatres] HOST task=98 npc=1,2086303744 subj=2135,1980102528 ok=1 npcpos=-31656.1,10773.5 subjpos=-31656.1,10773.5 d=0.0
[01:43:20.758] [HOST] INFO: [seatres] HOST task=98 npc=2,427978528 subj=2137,1300659200 ok=1 npcpos=-31571.9,10866.7 subjpos=-31571.9,10866.7 d=0.0
[01:43:20.758] [HOST] INFO: [seatres] HOST task=98 npc=3,3564331008 subj=2138,1218505856 ok=1 npcpos=-31638.4,10859.6 subjpos=-31638.4,10859.6 d=0.0
[01:43:20.758] [HOST] INFO: [event] SEND id=1 ev=1 hand=1,1,912109376,1,1051391616 actor=0,0 bs 0->19
[01:43:20.758] [HOST] INFO: [event] SEND id=2 ev=1 hand=1,1,912109376,5,1438354432 actor=0,0 bs 0->19
[01:43:20.758] [HOST] INFO: [event] SEND id=3 ev=2 hand=1,5,571166976,1,186401360 actor=0,0 bs 0->7
[01:43:20.758] [HOST] INFO: [wi] BASELINE seeded=0 (save-native, never-stream)
[01:43:20.758] [HOST] INFO: [med] SEND hand=1,1051391616 npc=0 blood=95.5 bleed=0.00 fl=87.9,90.8,59.2,-54.8 bd=12.1,9.2,40.8,154.8 flags=1 nparts=7 pmin=59.2 smin=0.0 ls=0,0,0,0
[01:43:20.758] [HOST] INFO: [med] SEND hand=5,1438354432 npc=0 blood=48.6 bleed=0.00 fl=100.0,99.3,28.1,21.3 bd=0.0,0.7,71.9,78.7 flags=1 nparts=7 pmin=21.3 smin=0.0 ls=0,0,0,0
[01:43:20.758] [HOST] INFO: [med] SEND hand=1,186401360 npc=1 blood=50.0 bleed=0.00 fl=80.0,80.0,80.0,26.7 bd=0.0,0.0,0.0,0.0 flags=3 nparts=7 pmin=26.7 smin=0.0 ls=0,0,0,0
[01:43:20.758] [HOST] INFO: [stats] SEND hand=1,1051391616 str=27.4 dex=14.7 tough=33.3 stealth=2.2 athl=49.0 xp=0 fap=0
[01:43:20.758] [HOST] INFO: [stats] SEND hand=5,1438354432 str=20.6 dex=11.9 tough=33.1 stealth=1.0 athl=41.1 xp=0 fap=0
[01:43:20.758] [HOST] INFO: [money] SEND rank=0 cats=0
[01:43:20.758] [HOST] INFO: [prod] SEND key=0.2202.11111.2050.3628662016 kind=0 class=6 pwr=1 state=3 out='43955-rebirth.mod' outAmt=-1.000 in0=0.000 in1=0.000 grown=-1.000 first=1 seq=1
[01:43:20.781] [HOST] INFO: [r401] lever scan isKnown=00007ff68abee430 can=00007ff68abf20d0 start=00007ff68abf3680
[01:43:20.781] [HOST] INFO: [r401] levers located by prologue scan
[01:43:20.781] [HOST] INFO: [research] SEND sid='46044-rebirth.mod' seq=1
[01:43:20.781] [HOST] INFO: [research] SEND sid='46043-rebirth.mod' seq=2
[01:43:20.781] [HOST] INFO: [research] SEND sid='1892-gamedata.base' seq=3
[01:43:20.781] [HOST] INFO: [speed] REQ mult=1.00 paused=0 combat=0
[01:43:20.781] [HOST] INFO: [speed] SET mult=1.00 paused=0 combat=0 (my=1.00)
[01:43:20.783] [HOST] INFO: [ai] suspended=0 driven=0
[01:43:20.783] [HOST] INFO: [taskkey] key=141 desc='Following leader' repro=0 subject=1
[01:43:20.783] [HOST] INFO: [census] sent n=59 radius=2000 mid=34
[01:43:20.783] [HOST] INFO: [cam] center=-31001.7,1653.0,13220.3
[01:43:20.852] [HOST] INFO: [taskkey] key=1 desc='Moving' repro=0 subject=1
[01:43:20.852] [HOST] INFO: [taskkey] key=146 desc='Turret gunner' repro=0 subject=1
[01:43:20.920] [HOST] INFO: [taskkey] key=67 desc='Running' repro=0 subject=1
[01:43:20.929] [HOST] INFO: [taskkey] key=22 desc='Patrolling' repro=0 subject=0
[01:43:20.960] [HOST] INFO: [taskkey] key=53 desc='Travelling' repro=0 subject=0
[01:43:21.044] [HOST] INFO: [taskkey] key=51 desc='Stand at node' repro=0 subject=1
[01:43:21.065] [HOST] INFO: [furn] SEND ENTER id=4 occ=9,199584960 furn=2,1474731392 kind=3
[01:43:21.110] [HOST] INFO: [inv] SEND hand=0,2202,11111,2043,1412841856 kind=0 key=0,2202,11111,2043,1412841856 items=1 hash=2209339564
[01:43:21.110] [HOST] INFO: [inv] SEND hand=0,2202,11111,2044,298706048 kind=0 key=0,2202,11111,2044,298706048 items=1 hash=3919773898
[01:43:21.110] [HOST] INFO: [inv] SEND hand=0,2202,11111,2050,3628662016 kind=0 key=0,2202,11111,2050,3628662016 items=0 hash=0
[01:43:21.110] [HOST] INFO: [inv] SEND hand=1,1,912109376,1,1051391616 kind=0 key=1,1,912109376,1,1051391616 items=19 hash=3123280711
[01:43:21.110] [HOST] INFO: [inv] SEND hand=1,1,912109376,5,1438354432 kind=0 key=1,1,912109376,5,1438354432 items=8 hash=3154182877
[01:43:21.208] [HOST] INFO: [taskkey] key=208 desc='Getting out of bed!' repro=0 subject=0
[01:43:22.795] [HOST] INFO: [taskkey] key=87 desc='Operating machine' repro=1 subject=1
[01:43:22.795] [HOST] INFO: [seatres] HOST task=87 npc=6,1053222656 subj=2070,3902710016 ok=1 npcpos=-31556.8,10769.3 subjpos=-31555.8,10778.8 d=9.5
[01:43:23.389] [HOST] INFO: [seatres] HOST task=87 npc=3,3645873920 subj=2072,1984375040 ok=1 npcpos=-31575.7,10800.4 subjpos=-31573.7,10810.1 d=9.9
[01:43:23.413] [HOST] INFO: [coop-ui] panel opened
[01:43:23.432] [HOST] INFO: [speed] REQ mult=1.00 paused=0 combat=0
[01:43:23.713] [HOST] INFO: [seatres] HOST task=87 npc=4,3229492224 subj=2074,3046753024 ok=1 npcpos=-31538.9,10790.4 subjpos=-31536.0,10797.8 d=8.0
[01:43:23.791] [HOST] INFO: [ai] suspended=0 driven=0
[01:43:24.432] [HOST] INFO: [coop-ui] connection -> ONLINE
[01:43:24.439] [HOST] INFO: [coop-ui] CONNECT role=HOST transport=steam
[01:43:24.439] [HOST] INFO: [leave] cleared proxies=0
[01:43:24.439] [HOST] INFO: [leave] cleared worldProxies=0
[01:43:24.439] [HOST] INFO: [load] session reset: pointer caches, session maps, change gates cleared
[01:43:24.439] [HOST] INFO: [coop-ui] connect: role=HOST transport=steam peer=76561198346257175 ownRanks={0} src=role
[01:43:24.439] [HOST] INFO: [steam] tunnel peer=76561198346257175 slot=0 addr=1.0.0.1 (session pre-accepted)
[01:43:24.440] [HOST] INFO: [steam] tunnel peer=76561199025713332 slot=1 addr=1.0.0.2 (session pre-accepted)
[01:43:24.440] [HOST] INFO: [steam] transport=steam armed, 2 tunnel peer(s) (connect by SteamID; no port forwarding)
[01:43:24.440] [HOST] INFO: KenshiCoop: starting as HOST
[01:43:24.440] [HOST] INFO: [squad] LATCH cont=33,1114624000 rank=2
[01:43:24.440] [HOST] INFO: [event] SEND id=5 ev=1 hand=1,1,912109376,1,1051391616 actor=0,0 bs 0->19
[01:43:24.440] [HOST] INFO: [event] SEND id=6 ev=1 hand=1,1,912109376,5,1438354432 actor=0,0 bs 0->19
[01:43:24.440] [HOST] INFO: [event] SEND id=7 ev=2 hand=1,5,571166976,1,186401360 actor=0,0 bs 0->7
[01:43:24.440] [HOST] INFO: [wi] BASELINE seeded=0 (save-native, never-stream)
[01:43:24.440] [HOST] INFO: [med] SEND hand=1,1051391616 npc=0 blood=95.5 bleed=0.00 fl=88.0,90.9,59.3,-54.7 bd=12.0,9.1,40.7,154.7 flags=1 nparts=7 pmin=59.3 smin=0.0 ls=0,0,0,0
[01:43:24.440] [HOST] INFO: [med] SEND hand=5,1438354432 npc=0 blood=48.8 bleed=0.00 fl=100.0,99.3,28.2,21.4 bd=0.0,0.7,71.8,78.6 flags=1 nparts=7 pmin=21.4 smin=0.0 ls=0,0,0,0
[01:43:24.440] [HOST] INFO: [steam] ENet socket hooks installed (tunnel on P2P channel 0)
[01:43:24.440] [HOST] INFO: [med] SEND hand=1,186401360 npc=1 blood=50.0 bleed=0.00 fl=80.0,80.0,80.0,26.7 bd=0.0,0.0,0.0,0.0 flags=3 nparts=7 pmin=26.7 smin=0.0 ls=0,0,0,0
[01:43:24.440] [HOST] INFO: [net] transport=steam (ENet tunnelled over Steam P2P)
[01:43:24.440] [HOST] INFO: [stats] SEND hand=1,1051391616 str=27.4 dex=14.7 tough=33.3 stealth=2.2 athl=49.0 xp=0 fap=0
[01:43:24.440] [HOST] INFO: [stats] SEND hand=5,1438354432 str=20.6 dex=11.9 tough=33.1 stealth=1.0 athl=41.1 xp=0 fap=0
[01:43:24.440] [HOST] INFO: [money] SEND rank=0 cats=0
[01:43:24.440] [HOST] INFO: [net] hosting
[01:43:24.440] [HOST] INFO: [steam] session peer=76561198346257175 active=1 connecting=0 relay=0 err=0
[01:43:24.440] [HOST] INFO: [prod] SEND key=0.2202.11111.2050.3628662016 kind=0 class=6 pwr=1 state=3 out='43955-rebirth.mod' outAmt=-1.000 in0=0.000 in1=0.000 grown=-1.000 first=1 seq=2
[01:43:24.440] [HOST] INFO: [research] SEND sid='46044-rebirth.mod' seq=4
[01:43:24.440] [HOST] INFO: [research] SEND sid='46043-rebirth.mod' seq=5
[01:43:24.440] [HOST] INFO: [research] SEND sid='1892-gamedata.base' seq=6
[01:43:24.440] [HOST] INFO: [speed] REQ mult=1.00 paused=0 combat=0
[01:43:24.440] [HOST] INFO: [speed] SET mult=1.00 paused=0 combat=0 (my=1.00)
[01:43:24.440] [HOST] INFO: [steam] first tunnel packet received from peer
[01:43:24.587] [HOST] INFO: [net] peer connecting (awaiting HELLO)
[01:43:24.587] [HOST] INFO: [net] peer connected id=1 (proto v46) [2/3 players]
[01:43:24.588] [HOST] INFO: handshake: peer present id=1 (local id=0)
[01:43:24.588] [HOST] INFO: [latejoin] RESYNC place=0 remove=0 fac=0 door=0 bdoor=0 med=3 stats=2 money=1 inv=0 world=0 prod=1
[01:43:24.588] [HOST] INFO: [boot] baking save 'coopresume' to push to join on connect
[01:43:24.588] [HOST] INFO: [save] LOCAL-SAVE name='coopresume' autosave=0 suppressed=0
[01:43:24.588] [HOST] INFO: [med] SEND hand=1,1051391616 npc=0 blood=95.5 bleed=0.00 fl=88.0,90.9,59.3,-54.7 bd=12.0,9.1,40.7,154.7 flags=1 nparts=7 pmin=59.3 smin=0.0 ls=0,0,0,0
[01:43:24.588] [HOST] INFO: [save] WATCH armed folder='C:\Users\marsh\AppData\Local\kenshi\save\coopresume' baseFiles=0 baseBytes=0
[01:43:24.831] [HOST] INFO: [furn] SEND ENTER id=8 occ=9,199584960 furn=2,1474731392 kind=3
[01:43:24.831] [HOST] INFO: [inv] SEND hand=0,2202,11111,2043,1412841856 kind=0 key=0,2202,11111,2043,1412841856 items=1 hash=2209339564
[01:43:24.831] [HOST] INFO: [inv] SEND hand=0,2202,11111,2044,298706048 kind=0 key=0,2202,11111,2044,298706048 items=1 hash=3919773898
[01:43:24.831] [HOST] INFO: [inv] SEND hand=0,2202,11111,2050,3628662016 kind=0 key=0,2202,11111,2050,3628662016 items=0 hash=0
[01:43:24.831] [HOST] INFO: [inv] SEND hand=1,1,912109376,1,1051391616 kind=0 key=1,1,912109376,1,1051391616 items=19 hash=3123280711
[01:43:24.831] [HOST] INFO: [inv] SEND hand=1,1,912109376,5,1438354432 kind=0 key=1,1,912109376,5,1438354432 items=8 hash=3154182877
[01:43:24.831] [HOST] INFO: [speed] REQ mult=1.00 paused=0 combat=0
[01:43:25.113] [HOST] INFO: [seatres] HOST task=87 npc=1,1150512640 subj=2063,3539550720 ok=1 npcpos=-31510.6,10770.9 subjpos=-31505.0,10763.6 d=9.2
[01:43:25.127] [HOST] INFO: [seatres] HOST task=87 npc=2,1272094720 subj=2068,3292724736 ok=1 npcpos=-31557.0,10753.1 subjpos=-31564.4,10759.5 d=9.8
[01:43:25.517] [HOST] INFO: [speed] REQ mult=0.00 paused=1 combat=0
[01:43:25.517] [HOST] INFO: [speed] SET mult=0.00 paused=1 combat=0 (my=0.00)
[01:43:25.787] [HOST] INFO: [cam] center=-31001.7,1648.9,13220.3
[01:43:25.970] [HOST] INFO: [speed] REQ mult=1.00 paused=0 combat=0
[01:43:25.971] [HOST] INFO: [speed] SET mult=1.00 paused=0 combat=0 (my=1.00)
[01:43:26.128] [HOST] INFO: [med] SEND hand=5,1438354432 npc=0 blood=48.9 bleed=0.00 fl=100.0,99.3,28.2,21.4 bd=0.0,0.7,71.8,78.6 flags=1 nparts=7 pmin=21.4 smin=0.0 ls=0,0,0,0
[01:43:26.252] [HOST] INFO: [seatres] HOST task=87 npc=1,2059936512 subj=2098,2329467648 ok=1 npcpos=-31653.2,10725.1 subjpos=-31653.9,10719.6 d=5.5
[01:43:26.583] [HOST] INFO: [save] QUIESCED kind=settled name='coopresume' files=53 bytes=5186125 waitMs=2000
[01:43:26.789] [HOST] INFO: [boot] GO->join id=1 name='coopresume' fp=773c3b04 (push on connect)
[01:43:26.799] [HOST] INFO: [ai] suspended=0 driven=0
[01:43:26.999] [HOST] INFO: [load] NACK id=1 name='coopresume' joinFp=b2c07f8d -> transfer after reload
[01:43:26.999] [HOST] INFO: [load] starting fallback transfer name='coopresume'
[01:43:27.000] [HOST] INFO: [save] XFER-BEGIN id=1 name='coopresume' files=53 bytes=5186125
[01:43:27.907] [HOST] INFO: [seatres] HOST task=87 npc=4,3386108416 subj=2073,2053344768 ok=1 npcpos=-31557.0,10814.8 subjpos=-31549.5,10813.0 d=7.7
[01:43:28.571] [HOST] INFO: [taskkey] key=29 desc='Move order' repro=0 subject=0
[01:43:28.867] [HOST] INFO: [med] SEND hand=5,1438354432 npc=0 blood=49.0 bleed=0.00 fl=100.0,99.4,28.2,21.4 bd=0.0,0.6,71.8,78.6 flags=1 nparts=7 pmin=21.4 smin=0.0 ls=0,0,0,0
[01:43:29.504] [HOST] INFO: [save] XFER-SENT id=1 files=53 bytes=5186125 ms=2500
[01:43:29.803] [HOST] INFO: [ai] suspended=0 driven=0
[01:43:30.409] [HOST] INFO: [seatres] HOST task=87 npc=1,2350097664 subj=2067,2089599616 ok=1 npcpos=-31564.2,10733.0 subjpos=-31561.1,10742.2 d=9.7
[01:43:30.781] [HOST] INFO: [cam] center=-31039.7,1677.0,13335.6
[01:43:30.869] [HOST] INFO: [save] XFER-ACK owner=1 id=1 ok=1 files=53 bytes=5186125 (1/1 joins)
[01:43:30.869] [HOST] INFO: [save] all joins hold this save - world is shared
[01:43:31.472] [HOST] INFO: [census] sent n=59 radius=2000 mid=35
[01:43:32.270] [HOST] INFO: [seatres] HOST task=87 npc=5,3295898 subj=2071,107543944 ok=1 npcpos=-31573.8,10805.5 subjpos=-31575.4,10798.3 d=7.3
[01:43:32.270] [HOST] INFO: [med] SEND hand=5,1438354432 npc=0 blood=49.2 bleed=0.00 fl=100.0,99.4,28.3,21.5 bd=0.0,0.6,71.7,78.5 flags=1 nparts=7 pmin=21.5 smin=0.0 ls=0,0,0,0
[01:43:32.527] [HOST] INFO: [med] SEND hand=1,1051391616 npc=0 blood=95.5 bleed=0.00 fl=88.1,91.0,59.4,-54.6 bd=11.9,9.0,40.6,154.6 flags=1 nparts=7 pmin=59.4 smin=0.0 ls=0,0,0,0
[01:43:32.762] [HOST] INFO: [seatres] HOST task=87 npc=1,2032714880 subj=2097,3683715840 ok=1 npcpos=-31672.6,10735.3 subjpos=-31677.3,10730.3 d=6.9
[01:43:32.771] [HOST] INFO: [med] SEND hand=5,1438354432 npc=0 blood=49.2 bleed=0.00 fl=100.0,99.4,28.3,21.5 bd=0.0,0.6,71.7,78.5 flags=1 nparts=7 pmin=21.5 smin=0.0 ls=0,0,0,0
[01:43:32.806] [HOST] INFO: [ai] suspended=0 driven=0
[01:43:32.930] [HOST] INFO: [med] SEND hand=1,1051391616 npc=0 blood=95.5 bleed=0.00 fl=88.1,91.0,59.4,-54.6 bd=11.9,9.0,40.6,154.6 flags=1 nparts=7 pmin=59.4 smin=0.0 ls=0,0,0,0
[01:43:35.514] [HOST] INFO: [med] SEND hand=1,1051391616 npc=0 blood=95.5 bleed=0.00 fl=88.2,91.0,59.5,-54.5 bd=11.8,9.0,40.5,154.5 flags=1 nparts=7 pmin=59.5 smin=0.0 ls=0,0,0,0
[01:43:35.547] [HOST] INFO: [seatres] HOST task=87 npc=3,1395874048 subj=2069,745971648 ok=1 npcpos=-31581.5,10746.2 subjpos=-31584.7,10738.7 d=8.2
[01:43:35.785] [HOST] INFO: [cam] center=-31040.8,1677.0,13339.1
[01:43:35.810] [HOST] INFO: [ai] suspended=0 driven=0
[01:43:37.111] [HOST] INFO: [med] SEND hand=5,1438354432 npc=0 blood=49.4 bleed=0.00 fl=100.0,99.5,28.3,21.6 bd=0.0,0.5,71.7,78.4 flags=1 nparts=7 pmin=21.6 smin=0.0 ls=0,0,0,0
[01:43:37.540] [HOST] INFO: [med] SEND hand=1,1051391616 npc=0 blood=95.5 bleed=0.00 fl=88.2,91.1,59.5,-54.5 bd=11.8,8.9,40.5,154.5 flags=1 nparts=7 pmin=59.5 smin=0.0 ls=0,0,0,0
[01:43:37.779] [HOST] INFO: [med] SEND hand=5,1438354432 npc=0 blood=49.4 bleed=0.00 fl=100.0,99.5,28.4,21.6 bd=0.0,0.5,71.7,78.4 flags=1 nparts=7 pmin=21.6 smin=0.0 ls=0,0,0,0
[01:43:37.940] [HOST] INFO: [med] SEND hand=1,1051391616 npc=0 blood=95.5 bleed=0.00 fl=88.2,91.1,59.5,-54.5 bd=11.8,8.9,40.5,154.5 flags=1 nparts=7 pmin=59.5 smin=0.0 ls=0,0,0,0
[01:43:38.514] [HOST] INFO: [carry] RECV PICKUP id=1 carrier=1,2796875008 carried=2,3921874944 ok=1
[01:43:38.514] [HOST] INFO: [event] RECV id=1 ev=6 owner=1 hand=1,32,1617431680,2,3921874944 actor=1,2796875008
[01:43:38.514] [HOST] INFO: [event] RECV id=2 ev=1 owner=1 hand=1,32,1617431680,2,3921874944 actor=0,0
[01:43:38.514] [HOST] INFO: [stats] RECV hand=1,2796875008 ok=1 str=35.4 dex=30.6 tough=30.9 stealth=1.0 athl=47.4 xp=0
[01:43:38.514] [HOST] INFO: [stats] RECV hand=2,3921874944 ok=1 str=34.2 dex=24.2 tough=27.0 stealth=1.0 athl=39.8 xp=0
[01:43:38.514] [HOST] INFO: [speed] REQ RECV owner=1 mult=1.00 paused=0 combat=0
[01:43:38.516] [HOST] INFO: [life] hand=1,32,1617431680,1,2796875008 from=UNKNOWN to=HI reason=drive
[01:43:38.516] [HOST] INFO: [interp] lerp=0 extrap=0 clamp=0 seg=0 single=2 snapSq=0 snapNpc=0 reissueSq=0 reissueNpc=0 restFlip=0 delay=50 jit=0.0 starve=0 snapMid=0 restFlipMid=0
[01:43:38.516] [HOST] INFO: [wd] PICKUP-APPLY id=1 sid='1020-gamedata.base' owner=1,32,1617431680,1,2796875008 ref=0/0 moved=0 trackedLeft=0
[01:43:38.516] [HOST] INFO: [wd] PICKUP-APPLY id=2 sid='2156-gamedata.base' owner=1,32,1617431680,1,2796875008 ref=0/0 moved=0 trackedLeft=0
[01:43:38.516] [HOST] INFO: [wd] PICKUP-APPLY id=3 sid='2203-gamedata.base' owner=1,32,1617431680,1,2796875008 ref=0/0 moved=0 trackedLeft=0
[01:43:38.516] [HOST] INFO: [wd] PICKUP-APPLY id=4 sid='2306-clothes_v1.mod' owner=1,32,1617431680,1,2796875008 ref=0/0 moved=0 trackedLeft=0
[01:43:38.516] [HOST] INFO: [wd] PICKUP-APPLY id=5 sid='52297-rebirth.mod' owner=1,32,1617431680,1,2796875008 ref=0/0 moved=0 trackedLeft=0
[01:43:38.516] [HOST] INFO: [wd] PICKUP-APPLY id=6 sid='5346-armor_otto.mod' owner=1,32,1617431680,1,2796875008 ref=0/0 moved=0 trackedLeft=0
[01:43:38.516] [HOST] INFO: [wd] PICKUP-APPLY id=7 sid='1020-gamedata.base' owner=1,32,1617431680,2,3921874944 ref=0/0 moved=0 trackedLeft=0
[01:43:38.516] [HOST] INFO: [wd] PICKUP-APPLY id=8 sid='2156-gamedata.base' owner=1,32,1617431680,2,3921874944 ref=0/0 moved=0 trackedLeft=0
[01:43:38.516] [HOST] INFO: [wd] PICKUP-APPLY id=9 sid='2203-gamedata.base' owner=1,32,1617431680,2,3921874944 ref=0/0 moved=0 trackedLeft=0
[01:43:38.516] [HOST] INFO: [wd] PICKUP-APPLY id=10 sid='5346-armor_otto.mod' owner=1,32,1617431680,2,3921874944 ref=0/0 moved=0 trackedLeft=0
[01:43:38.516] [HOST] INFO: [wd] PICKUP-APPLY id=11 sid='549-gamedata.base' owner=1,32,1617431680,2,3921874944 ref=0/0 moved=0 trackedLeft=0
[01:43:38.516] [HOST] INFO: [cam] hints recv n=1 p1=-31002,13220
[01:43:38.817] [HOST] INFO: [ai] suspended=1 driven=2
[01:43:38.895] [HOST] INFO: [inv] APPLY hand=0,2202,11111,2043,1412841856 items=1
[01:43:38.895] [HOST] INFO: [inv] APPLY hand=0,2202,11111,2044,298706048 items=1
[01:43:38.895] [HOST] INFO: [inv] APPLY hand=0,2202,11111,2050,3628662016 items=0
[01:43:38.895] [HOST] INFO: [inv] APPLY hand=1,32,1617431680,1,2796875008 items=16
[01:43:38.895] [HOST] INFO: [inv] APPLY hand=1,32,1617431680,2,3921874944 items=8
[01:43:38.937] [HOST] INFO: [med] SEND hand=5,1438354432 npc=0 blood=49.5 bleed=0.00 fl=100.0,99.5,28.4,21.6 bd=0.0,0.5,71.6,78.4 flags=1 nparts=7 pmin=21.6 smin=0.0 ls=0,0,0,0
[01:43:39.344] [HOST] INFO: [med] SEND hand=5,1438354432 npc=0 blood=49.5 bleed=0.00 fl=100.0,99.5,28.4,21.6 bd=0.0,0.5,71.6,78.4 flags=1 nparts=7 pmin=21.6 smin=0.0 ls=0,0,0,0
[01:43:40.789] [HOST] INFO: [cam] center=-31040.8,1677.0,13339.1
[01:43:40.822] [HOST] INFO: [seatres] HOST task=87 npc=1,2412353536 subj=2099,477050784 ok=1 npcpos=-31690.0,10707.3 subjpos=-31688.2,10702.2 d=5.4
[01:43:41.507] [HOST] INFO: [census] sent n=59 radius=2000 mid=34
[01:43:41.824] [HOST] INFO: [ai] suspended=1 driven=2
[01:43:43.524] [HOST] INFO: [interp] lerp=1098 extrap=98 clamp=0 seg=0 single=14 snapSq=0 snapNpc=0 reissueSq=0 reissueNpc=0 restFlip=0 delay=194 jit=43.2 starve=0 snapMid=0 restFlipMid=0
[01:43:43.530] [HOST] INFO: [stats] RECV hand=1,2796875008 ok=1 str=35.4 dex=30.6 tough=30.9 stealth=1.0 athl=47.4 xp=0
[01:43:43.530] [HOST] INFO: [stats] RECV hand=2,3921874944 ok=1 str=34.2 dex=24.2 tough=27.0 stealth=1.0 athl=39.8 xp=0
[01:43:43.588] [HOST] INFO: [cam] hints recv n=1 p1=-31002,13220
[01:43:43.911] [HOST] INFO: [inv] APPLY hand=0,2202,11111,2043,1412841856 items=1
[01:43:43.911] [HOST] INFO: [inv] APPLY hand=0,2202,11111,2044,298706048 items=1
[01:43:43.911] [HOST] INFO: [inv] APPLY hand=0,2202,11111,2050,3628662016 items=0
[01:43:43.911] [HOST] INFO: [inv] APPLY hand=1,32,1617431680,1,2796875008 items=16
[01:43:43.911] [HOST] INFO: [inv] APPLY hand=1,32,1617431680,2,3921874944 items=8
[01:43:44.829] [HOST] INFO: [ai] suspended=1 driven=2
[01:43:45.135] [HOST] INFO: [med] SEND hand=1,1051391616 npc=0 blood=95.5 bleed=0.00 fl=88.3,91.2,59.6,-54.4 bd=11.7,8.8,40.4,154.4 flags=1 nparts=7 pmin=59.6 smin=0.0 ls=0,0,0,0
[01:43:45.539] [HOST] INFO: [med] SEND hand=1,1051391616 npc=0 blood=95.5 bleed=0.00 fl=88.3,91.2,59.6,-54.4 bd=11.7,8.8,40.4,154.4 flags=1 nparts=7 pmin=59.6 smin=0.0 ls=0,0,0,0
[01:43:45.787] [HOST] INFO: [cam] center=-31040.8,1677.0,13339.1
[01:43:47.719] [HOST] INFO: [med] SEND hand=5,1438354432 npc=0 blood=49.9 bleed=0.00 fl=100.0,99.7,28.5,21.7 bd=0.0,0.4,71.5,78.3 flags=1 nparts=7 pmin=21.7 smin=0.0 ls=0,0,0,0
[01:43:47.837] [HOST] INFO: [ai] suspended=1 driven=2
[01:43:48.125] [HOST] INFO: [med] SEND hand=5,1438354432 npc=0 blood=49.9 bleed=0.00 fl=100.0,99.7,28.5,21.7 bd=0.0,0.3,71.5,78.3 flags=1 nparts=7 pmin=21.7 smin=0.0 ls=0,0,0,0
[01:43:48.527] [HOST] INFO: [interp] lerp=2296 extrap=136 clamp=0 seg=0 single=14 snapSq=0 snapNpc=0 reissueSq=0 reissueNpc=0 restFlip=0 delay=132 jit=21.1 starve=0 snapMid=0 restFlipMid=0
[01:43:48.557] [HOST] INFO: [stats] RECV hand=1,2796875008 ok=1 str=35.4 dex=30.6 tough=30.9 stealth=1.0 athl=47.4 xp=0
[01:43:48.557] [HOST] INFO: [stats] RECV hand=2,3921874944 ok=1 str=34.2 dex=24.2 tough=27.0 stealth=1.0 athl=39.8 xp=0
[01:43:48.597] [HOST] INFO: [cam] hints recv n=1 p1=-31651,10744
[01:43:48.885] [HOST] INFO: [inv] APPLY hand=0,2202,11111,2043,1412841856 items=1
[01:43:48.885] [HOST] INFO: [inv] APPLY hand=0,2202,11111,2044,298706048 items=1
[01:43:48.885] [HOST] INFO: [inv] APPLY hand=0,2202,11111,2050,3628662016 items=0
[01:43:48.885] [HOST] INFO: [inv] APPLY hand=1,32,1617431680,1,2796875008 items=16
[01:43:48.885] [HOST] INFO: [inv] APPLY hand=1,32,1617431680,2,3921874944 items=8
[01:43:49.710] [HOST] INFO: [med] SEND hand=5,1438354432 npc=0 blood=50.0 bleed=0.00 fl=100.0,99.7,28.5,21.8 bd=0.0,0.3,71.5,78.2 flags=1 nparts=7 pmin=21.8 smin=0.0 ls=0,0,0,0
[01:43:50.788] [HOST] INFO: [cam] center=-31040.8,1677.0,13339.1
[01:43:50.845] [HOST] INFO: [ai] suspended=1 driven=2
[01:43:51.535] [HOST] INFO: [census] sent n=59 radius=2000 mid=34
[01:43:53.527] [HOST] INFO: [stats] RECV hand=1,2796875008 ok=1 str=35.4 dex=30.6 tough=30.9 stealth=1.0 athl=47.4 xp=0
[01:43:53.527] [HOST] INFO: [stats] RECV hand=2,3921874944 ok=1 str=34.2 dex=24.2 tough=27.0 stealth=1.0 athl=39.8 xp=0
[01:43:53.528] [HOST] INFO: [interp] lerp=3526 extrap=174 clamp=0 seg=0 single=14 snapSq=0 snapNpc=0 reissueSq=0 reissueNpc=0 restFlip=0 delay=142 jit=15.5 starve=0 snapMid=0 restFlipMid=0
[01:43:53.848] [HOST] INFO: [ai] suspended=1 driven=2
[01:43:53.926] [HOST] INFO: [inv] APPLY hand=0,2202,11111,2043,1412841856 items=1
[01:43:53.926] [HOST] INFO: [inv] APPLY hand=0,2202,11111,2044,298706048 items=1
[01:43:53.926] [HOST] INFO: [inv] APPLY hand=0,2202,11111,2050,3628662016 items=0
[01:43:53.926] [HOST] INFO: [inv] APPLY hand=1,32,1617431680,1,2796875008 items=16
[01:43:53.926] [HOST] INFO: [inv] APPLY hand=1,32,1617431680,2,3921874944 items=8
[01:43:54.640] [HOST] INFO: [speed] REQ RECV owner=1 mult=0.00 paused=1 combat=0
[01:43:54.640] [HOST] INFO: [speed] SET mult=0.00 paused=1 combat=0 (my=1.00 p1=0.00)
[01:43:54.641] [HOST] INFO: [cam] hints recv n=1 p1=-31651,10744
[01:43:55.635] [HOST] INFO: [speed] REQ RECV owner=1 mult=1.00 paused=0 combat=0
[01:43:55.635] [HOST] INFO: [speed] SET mult=1.00 paused=0 combat=0 (my=1.00 p1=1.00)
[01:43:55.782] [HOST] INFO: [cam] center=-31040.8,1677.0,13339.1
[01:43:55.858] [HOST] INFO: [seatres] HOST task=87 npc=1,2659057664 subj=2120,1697143552 ok=1 npcpos=-31540.3,10805.2 subjpos=-31534.9,10813.0 d=9.4
[01:43:56.647] [HOST] INFO: [med] SEND hand=1,1051391616 npc=0 blood=95.5 bleed=0.00 fl=88.5,91.4,59.8,-54.2 bd=11.5,8.6,40.2,154.2 flags=1 nparts=7 pmin=59.8 smin=0.0 ls=0,0,0,0
[01:43:56.857] [HOST] INFO: [ai] suspended=1 driven=2
[01:43:58.535] [HOST] INFO: [interp] lerp=4760 extrap=204 clamp=0 seg=0 single=14 snapSq=0 snapNpc=0 reissueSq=0 reissueNpc=0 restFlip=0 delay=132 jit=19.7 starve=0 snapMid=0 restFlipMid=0
[01:43:58.590] [HOST] INFO: [stats] RECV hand=1,2796875008 ok=1 str=35.4 dex=30.6 tough=30.9 stealth=1.0 athl=47.4 xp=0
[01:43:58.590] [HOST] INFO: [stats] RECV hand=2,3921874944 ok=1 str=34.2 dex=24.2 tough=27.0 stealth=1.0 athl=39.8 xp=0
[01:43:58.904] [HOST] INFO: [inv] APPLY hand=0,2202,11111,2043,1412841856 items=1
[01:43:58.904] [HOST] INFO: [inv] APPLY hand=0,2202,11111,2044,298706048 items=1
[01:43:58.904] [HOST] INFO: [inv] APPLY hand=0,2202,11111,2050,3628662016 items=0
[01:43:58.904] [HOST] INFO: [inv] APPLY hand=1,32,1617431680,2,3921874944 items=8
[01:43:59.666] [HOST] INFO: [cam] hints recv n=1 p1=-31651,10744
[01:43:59.862] [HOST] INFO: [ai] suspended=1 driven=2
[01:44:00.191] [HOST] INFO: [inv] APPLY hand=1,32,1617431680,1,2796875008 items=9
[01:44:00.607] [HOST] INFO: [med] SEND hand=5,1438354432 npc=0 blood=50.5 bleed=0.00 fl=100.0,99.8,28.7,21.9 bd=0.0,0.2,71.3,78.1 flags=1 nparts=7 pmin=21.9 smin=0.0 ls=0,0,0,0
[01:44:00.783] [HOST] INFO: [cam] center=-31040.8,1677.0,13339.1
[01:44:01.012] [HOST] INFO: [med] SEND hand=5,1438354432 npc=0 blood=50.5 bleed=0.00 fl=100.0,99.8,28.7,21.9 bd=0.0,0.2,71.3,78.1 flags=1 nparts=7 pmin=21.9 smin=0.0 ls=0,0,0,0
[01:44:01.415] [HOST] INFO: [med] SEND hand=5,1438354432 npc=0 blood=50.5 bleed=0.00 fl=100.0,99.8,28.7,21.9 bd=0.0,0.2,71.3,78.1 flags=1 nparts=7 pmin=21.9 smin=0.0 ls=0,0,0,0
[01:44:01.566] [HOST] INFO: [census] sent n=59 radius=2000 mid=34
[01:44:02.865] [HOST] INFO: [ai] suspended=1 driven=2
[01:44:03.140] [HOST] INFO: [seatres] HOST task=87 npc=2,300048832 subj=2124,821411136 ok=1 npcpos=-31557.4,10831.9 subjpos=-31553.7,10839.7 d=8.6
[01:44:03.502] [HOST] INFO: [inv] APPLY hand=1,32,1617431680,1,2796875008 items=10
[01:44:03.541] [HOST] INFO: [interp] lerp=5958 extrap=226 clamp=0 seg=0 single=14 snapSq=0 snapNpc=0 reissueSq=0 reissueNpc=0 restFlip=0 delay=114 jit=11.5 starve=0 snapMid=0 restFlipMid=0
[01:44:03.657] [HOST] INFO: [stats] RECV hand=1,2796875008 ok=1 str=35.4 dex=30.6 tough=30.9 stealth=1.0 athl=47.4 xp=0
[01:44:03.657] [HOST] INFO: [stats] RECV hand=2,3921874944 ok=1 str=34.2 dex=24.2 tough=27.0 stealth=1.0 athl=39.8 xp=0
[01:44:03.820] [HOST] INFO: [med] SEND hand=1,1051391616 npc=0 blood=95.5 bleed=0.00 fl=88.6,91.5,59.9,-54.1 bd=11.4,8.5,40.1,154.1 flags=1 nparts=7 pmin=59.9 smin=0.0 ls=0,0,0,0
[01:44:04.015] [HOST] INFO: [inv] APPLY hand=0,2202,11111,2043,1412841856 items=1
[01:44:04.015] [HOST] INFO: [inv] APPLY hand=0,2202,11111,2044,298706048 items=1
[01:44:04.015] [HOST] INFO: [inv] APPLY hand=0,2202,11111,2050,3628662016 items=0
[01:44:04.015] [HOST] INFO: [inv] APPLY hand=1,32,1617431680,2,3921874944 items=8
[01:44:04.220] [HOST] INFO: [med] SEND hand=1,1051391616 npc=0 blood=95.5 bleed=0.00 fl=88.6,91.5,59.9,-54.1 bd=11.4,8.5,40.1,154.1 flags=1 nparts=7 pmin=59.9 smin=0.0 ls=0,0,0,0
[01:44:04.543] [HOST] INFO: [inv] APPLY hand=1,32,1617431680,1,2796875008 items=11
[01:44:04.696] [HOST] INFO: [cam] hints recv n=1 p1=-31651,10744
[01:44:05.786] [HOST] INFO: [cam] center=-31040.8,1677.0,13339.1
[01:44:05.867] [HOST] INFO: [ai] suspended=1 driven=2
[01:44:06.594] [HOST] INFO: [med] SEND hand=5,1438354432 npc=0 blood=50.8 bleed=0.00 fl=100.0,99.9,28.8,22.0 bd=0.0,0.1,71.2,78.0 flags=1 nparts=7 pmin=22.0 smin=0.0 ls=0,0,0,0
[01:44:06.728] [HOST] INFO: [inv] APPLY hand=1,32,1617431680,1,2796875008 items=12
[01:44:06.807] [HOST] INFO: [med] SEND hand=1,1051391616 npc=0 blood=95.5 bleed=0.00 fl=88.7,91.5,60.0,-54.0 bd=11.3,8.5,40.0,154.0 flags=1 nparts=7 pmin=60.0 smin=0.0 ls=0,0,0,0
[01:44:07.134] [HOST] INFO: [med] SEND hand=5,1438354432 npc=0 blood=50.8 bleed=0.00 fl=100.0,99.9,28.8,22.0 bd=0.0,0.1,71.2,78.0 flags=1 nparts=7 pmin=22.0 smin=0.0 ls=0,0,0,0
[01:44:07.337] [HOST] INFO: [inv] APPLY hand=1,32,1617431680,1,2796875008 items=13
[01:44:07.904] [HOST] INFO: [inv] APPLY hand=1,32,1617431680,1,2796875008 items=14
[01:44:08.443] [HOST] INFO: [inv] APPLY hand=1,32,1617431680,1,2796875008 items=15
[01:44:08.549] [HOST] INFO: [interp] lerp=7150 extrap=252 clamp=0 seg=0 single=14 snapSq=0 snapNpc=0 reissueSq=22 reissueNpc=0 restFlip=0 delay=114 jit=10.8 starve=0 snapMid=0 restFlipMid=0
[01:44:08.605] [HOST] INFO: [stats] RECV hand=1,2796875008 ok=1 str=35.4 dex=30.6 tough=30.9 stealth=1.0 athl=47.4 xp=0
[01:44:08.605] [HOST] INFO: [stats] RECV hand=2,3921874944 ok=1 str=34.2 dex=24.2 tough=27.0 stealth=1.0 athl=39.8 xp=0
[01:44:08.840] [HOST] INFO: [med] SEND hand=1,1051391616 npc=0 blood=95.5 bleed=0.00 fl=88.7,91.6,60.0,-54.0 bd=11.3,8.4,40.0,154.0 flags=1 nparts=7 pmin=60.0 smin=0.0 ls=0,0,0,0
[01:44:08.874] [HOST] INFO: [ai] suspended=1 driven=2
[01:44:08.915] [HOST] INFO: [inv] APPLY hand=1,32,1617431680,1,2796875008 items=16
[01:44:08.916] [HOST] INFO: [inv] APPLY hand=1,32,1617431680,2,3921874944 items=8
[01:44:09.241] [HOST] INFO: [med] SEND hand=1,1051391616 npc=0 blood=95.5 bleed=0.00 fl=88.7,91.6,60.0,-54.0 bd=11.3,8.4,40.0,154.0 flags=1 nparts=7 pmin=60.0 smin=0.0 ls=0,0,0,0
[01:44:09.388] [HOST] INFO: [inv] APPLY hand=1,32,1617431680,1,2796875008 items=17
[01:44:09.821] [HOST] INFO: [cam] hints recv n=1 p1=-31614,10739
[01:44:10.785] [HOST] INFO: [med] SEND hand=5,1438354432 npc=0 blood=51.0 bleed=0.00 fl=100.0,100.0,28.8,22.1 bd=0.0,0.0,71.2,77.9 flags=1 nparts=7 pmin=22.1 smin=0.0 ls=0,0,0,0
[01:44:10.786] [HOST] INFO: [cam] center=-31040.8,1677.0,13339.1
[01:44:11.519] [HOST] INFO: [med] SEND hand=5,1438354432 npc=0 blood=51.0 bleed=0.00 fl=100.0,100.0,28.8,22.1 bd=0.0,0.0,71.2,77.9 flags=1 nparts=7 pmin=22.1 smin=0.0 ls=0,0,0,0
[01:44:11.601] [HOST] INFO: [census] sent n=59 radius=2000 mid=37
[01:44:11.877] [HOST] INFO: [ai] suspended=1 driven=2
[01:44:13.276] [HOST] INFO: [med] SEND hand=5,1438354432 npc=0 blood=51.1 bleed=0.00 fl=100.0,100.0,28.9,22.1 bd=0.0,0.0,71.1,77.9 flags=1 nparts=7 pmin=22.1 smin=0.0 ls=0,0,0,0
[01:44:13.554] [HOST] INFO: [interp] lerp=8322 extrap=304 clamp=0 seg=0 single=14 snapSq=0 snapNpc=0 reissueSq=22 reissueNpc=0 restFlip=0 delay=120 jit=14.1 starve=0 snapMid=0 restFlipMid=0
[01:44:13.594] [HOST] INFO: [stats] RECV hand=1,2796875008 ok=1 str=35.4 dex=30.6 tough=30.9 stealth=1.0 athl=47.4 xp=0
[01:44:13.594] [HOST] INFO: [stats] RECV hand=2,3921874944 ok=1 str=34.2 dex=24.2 tough=27.0 stealth=1.0 athl=39.8 xp=0
[01:44:13.676] [HOST] INFO: [med] SEND hand=5,1438354432 npc=0 blood=51.1 bleed=0.00 fl=100.0,100.0,28.9,22.1 bd=0.0,0.0,71.1,77.9 flags=1 nparts=7 pmin=22.1 smin=0.0 ls=0,0,0,0
[01:44:13.889] [HOST] INFO: [speed] REQ RECV owner=1 mult=0.00 paused=1 combat=0
[01:44:13.889] [HOST] INFO: [speed] SET mult=0.00 paused=1 combat=0 (my=1.00 p1=0.00)
[01:44:13.955] [HOST] INFO: [inv] APPLY hand=1,32,1617431680,2,3921874944 items=8
[01:44:14.404] [HOST] INFO: [inv] APPLY hand=1,32,1617431680,1,2796875008 items=17
[01:44:14.872] [HOST] INFO: [speed] REQ RECV owner=1 mult=1.00 paused=0 combat=0
[01:44:14.872] [HOST] INFO: [speed] SET mult=1.00 paused=0 combat=0 (my=1.00 p1=1.00)
[01:44:14.882] [HOST] INFO: [ai] suspended=1 driven=2
[01:44:15.715] [HOST] INFO: [cam] hints recv n=1 p1=-31614,10739
[01:44:15.787] [HOST] INFO: [cam] center=-31040.8,1677.0,13339.1
[01:44:17.424] [HOST] INFO: [med] SEND hand=1,1051391616 npc=0 blood=95.5 bleed=0.00 fl=88.8,91.7,60.1,-53.9 bd=11.2,8.3,39.9,153.9 flags=1 nparts=7 pmin=60.1 smin=0.0 ls=0,0,0,0
[01:44:17.825] [HOST] INFO: [med] SEND hand=1,1051391616 npc=0 blood=95.5 bleed=0.00 fl=88.8,91.7,60.1,-53.9 bd=11.2,8.3,39.9,153.9 flags=1 nparts=7 pmin=60.1 smin=0.0 ls=0,0,0,0
[01:44:17.883] [HOST] INFO: [ai] suspended=1 driven=2
[01:44:18.559] [HOST] INFO: [interp] lerp=9498 extrap=344 clamp=0 seg=0 single=14 snapSq=0 snapNpc=0 reissueSq=22 reissueNpc=0 restFlip=0 delay=132 jit=18.6 starve=0 snapMid=0 restFlipMid=0
[01:44:18.615] [HOST] INFO: [stats] RECV hand=1,2796875008 ok=1 str=35.4 dex=30.6 tough=30.9 stealth=1.0 athl=47.4 xp=0
[01:44:18.615] [HOST] INFO: [stats] RECV hand=2,3921874944 ok=1 str=34.2 dex=24.2 tough=27.0 stealth=1.0 athl=39.8 xp=0
[01:44:18.917] [HOST] INFO: [inv] APPLY hand=1,32,1617431680,2,3921874944 items=8
[01:44:19.391] [HOST] INFO: [inv] APPLY hand=1,32,1617431680,1,2796875008 items=17
[01:44:20.778] [HOST] INFO: [cam] hints recv n=1 p1=-31600,10762
[01:44:20.787] [HOST] INFO: [cam] center=-31040.8,1677.0,13339.1
[01:44:20.893] [HOST] INFO: [ai] suspended=1 driven=2
[01:44:21.632] [HOST] INFO: [census] sent n=69 radius=2000 mid=46
[01:44:23.088] [HOST] INFO: [med] SEND hand=5,1438354432 npc=0 blood=51.5 bleed=0.00 fl=100.0,100.0,29.0,22.2 bd=0.0,0.0,71.0,77.8 flags=1 nparts=7 pmin=22.2 smin=0.0 ls=0,0,0,0
[01:44:23.497] [HOST] INFO: [med] SEND hand=5,1438354432 npc=0 blood=51.5 bleed=0.00 fl=100.0,100.0,29.0,22.2 bd=0.0,0.0,71.0,77.8 flags=1 nparts=7 pmin=22.2 smin=0.0 ls=0,0,0,0
[01:44:23.561] [HOST] INFO: [interp] lerp=10686 extrap=368 clamp=0 seg=0 single=14 snapSq=0 snapNpc=0 reissueSq=31 reissueNpc=0 restFlip=0 delay=117 jit=13.9 starve=0 snapMid=0 restFlipMid=0
[01:44:23.561] [HOST] INFO: [interp] worstZero hand=1,2796875008 zero=11 active=318 seg=93
[01:44:23.568] [HOST] INFO: [stats] RECV hand=1,2796875008 ok=1 str=35.4 dex=30.6 tough=30.9 stealth=1.0 athl=47.4 xp=0
[01:44:23.568] [HOST] INFO: [stats] RECV hand=2,3921874944 ok=1 str=34.2 dex=24.2 tough=27.0 stealth=1.0 athl=39.8 xp=0
[01:44:23.894] [HOST] INFO: [ai] suspended=1 driven=2
[01:44:23.950] [HOST] INFO: [inv] APPLY hand=1,32,1617431680,2,3921874944 items=8
[01:44:24.386] [HOST] INFO: [inv] APPLY hand=1,32,1617431680,1,2796875008 items=17
[01:44:24.702] [HOST] INFO: [spawn] INFO send hand=1,16,1984497024,2,2767456000 found=1 dead=0 age=0.75 sid='42201-rebirth.mod' fac='40544-rebirth.mod'
[01:44:24.702] [HOST] INFO: [spawn] INFO send hand=1,16,1984497024,6,1666992128 found=1 dead=0 age=0.45 sid='42201-rebirth.mod' fac='40544-rebirth.mod'
[01:44:25.783] [HOST] INFO: [cam] center=-31040.8,1677.0,13339.1
[01:44:25.974] [HOST] INFO: [seatres] HOST task=87 npc=1,1598388608 subj=2066,3577026304 ok=1 npcpos=-31558.9,10711.2 subjpos=-31549.8,10715.3 d=10.0
[01:44:26.687] [HOST] INFO: [spawn] INFO send hand=1,16,1984497024,1,697753920 found=1 dead=0 age=0.79 sid='42201-rebirth.mod' fac='40544-rebirth.mod'
[01:44:26.687] [HOST] INFO: [spawn] INFO send hand=1,16,1984497024,3,2418701056 found=1 dead=0 age=0.78 sid='42201-rebirth.mod' fac='40544-rebirth.mod'
[01:44:26.746] [HOST] INFO: [cam] hints recv n=1 p1=-31600,10762
[01:44:26.902] [HOST] INFO: [ai] suspended=1 driven=2
[01:44:27.708] [HOST] INFO: [seatres] HOST task=98 npc=3,3564331008 subj=2137,1300659200 ok=1 npcpos=-31585.6,10865.2 subjpos=-31571.9,10866.7 d=13.7
[01:44:27.937] [HOST] INFO: [med] SEND hand=1,1051391616 npc=0 blood=95.5 bleed=0.00 fl=89.0,91.9,60.3,-53.7 bd=11.0,8.1,39.7,153.7 flags=1 nparts=7 pmin=60.3 smin=0.0 ls=0,0,0,0
[01:44:28.566] [HOST] INFO: [interp] lerp=11884 extrap=408 clamp=0 seg=0 single=14 snapSq=0 snapNpc=0 reissueSq=31 reissueNpc=0 restFlip=0 delay=138 jit=22.5 starve=0 snapMid=0 restFlipMid=0
[01:44:28.566] [HOST] INFO: [interp] worstZero hand=1,2796875008 zero=11 active=318 seg=59
[01:44:28.589] [HOST] INFO: [stats] RECV hand=1,2796875008 ok=1 str=35.4 dex=30.6 tough=30.9 stealth=1.0 athl=47.4 xp=0
[01:44:28.589] [HOST] INFO: [stats] RECV hand=2,3921874944 ok=1 str=34.2 dex=24.2 tough=27.0 stealth=1.0 athl=39.8 xp=0
[01:44:28.702] [HOST] INFO: [spawn] INFO send hand=1,16,1984497024,4,1596923776 found=1 dead=0 age=0.50 sid='42201-rebirth.mod' fac='40544-rebirth.mod'
[01:44:28.702] [HOST] INFO: [spawn] INFO send hand=1,16,1984497024,5,1761352576 found=1 dead=0 age=0.51 sid='42201-rebirth.mod' fac='40544-rebirth.mod'
[01:44:28.938] [HOST] INFO: [inv] APPLY hand=1,32,1617431680,2,3921874944 items=8
[01:44:29.402] [HOST] INFO: [inv] APPLY hand=1,32,1617431680,1,2796875008 items=17
[01:44:29.905] [HOST] INFO: [ai] suspended=1 driven=2
[01:44:30.673] [HOST] INFO: [spawn] INFO send hand=1,16,1984497024,2,2767456000 found=1 dead=0 age=0.75 sid='42201-rebirth.mod' fac='40544-rebirth.mod'
[01:44:30.673] [HOST] INFO: [spawn] INFO send hand=1,16,1984497024,6,1666992128 found=1 dead=0 age=0.45 sid='42201-rebirth.mod' fac='40544-rebirth.mod'
[01:44:30.782] [HOST] INFO: [cam] center=-31040.8,1677.0,13339.1
[01:44:31.674] [HOST] INFO: [census] sent n=75 radius=2000 mid=48
[01:44:31.794] [HOST] INFO: [cam] hints recv n=1 p1=-31600,10762
[01:44:32.882] [HOST] INFO: [spawn] INFO send hand=1,16,1984497024,1,697753920 found=1 dead=0 age=0.79 sid='42201-rebirth.mod' fac='40544-rebirth.mod'
[01:44:32.882] [HOST] INFO: [spawn] INFO send hand=1,16,1984497024,3,2418701056 found=1 dead=0 age=0.78 sid='42201-rebirth.mod' fac='40544-rebirth.mod'
[01:44:32.908] [HOST] INFO: [ai] suspended=1 driven=2
[01:44:33.104] [HOST] INFO: [inv] APPLY hand=1,32,1617431680,1,2796875008 items=16
[01:44:33.327] [HOST] INFO: [med] SEND hand=5,1438354432 npc=0 blood=52.0 bleed=0.00 fl=100.0,100.0,29.2,22.4 bd=0.0,0.0,70.9,77.6 flags=1 nparts=7 pmin=22.4 smin=0.0 ls=0,0,0,0
[01:44:33.567] [HOST] INFO: [interp] lerp=13058 extrap=466 clamp=0 seg=0 single=14 snapSq=0 snapNpc=0 reissueSq=31 reissueNpc=0 restFlip=0 delay=157 jit=28.0 starve=0 snapMid=0 restFlipMid=0
[01:44:33.567] [HOST] INFO: [interp] worstZero hand=1,2796875008 zero=11 active=318 seg=95
[01:44:33.574] [HOST] INFO: [stats] RECV hand=1,2796875008 ok=1 str=35.4 dex=30.6 tough=30.9 stealth=1.0 athl=47.4 xp=0
[01:44:33.574] [HOST] INFO: [stats] RECV hand=2,3921874944 ok=1 str=34.2 dex=24.2 tough=27.0 stealth=1.0 athl=39.8 xp=0
[01:44:33.983] [HOST] INFO: [inv] APPLY hand=1,32,1617431680,2,3921874944 items=8
[01:44:34.666] [HOST] INFO: [spawn] INFO send hand=1,16,1984497024,4,1596923776 found=1 dead=0 age=0.51 sid='42201-rebirth.mod' fac='40544-rebirth.mod'
[01:44:34.666] [HOST] INFO: [spawn] INFO send hand=1,16,1984497024,5,1761352576 found=1 dead=0 age=0.51 sid='42201-rebirth.mod' fac='40544-rebirth.mod'
[01:44:34.914] [HOST] INFO: [med] SEND hand=5,1438354432 npc=0 blood=52.1 bleed=0.00 fl=100.0,100.0,29.2,22.4 bd=0.0,0.0,70.8,77.6 flags=1 nparts=7 pmin=22.4 smin=0.0 ls=0,0,0,0
[01:44:35.119] [HOST] INFO: [med] SEND hand=1,1051391616 npc=0 blood=95.5 bleed=0.00 fl=89.1,92.0,60.4,-53.6 bd=10.9,8.0,39.6,153.6 flags=1 nparts=7 pmin=60.4 smin=0.0 ls=0,0,0,0
[01:44:35.320] [HOST] INFO: [med] SEND hand=5,1438354432 npc=0 blood=52.1 bleed=0.00 fl=100.0,100.0,29.2,22.4 bd=0.0,0.0,70.8,77.6 flags=1 nparts=7 pmin=22.4 smin=0.0 ls=0,0,0,0
[01:44:35.787] [HOST] INFO: [cam] center=-31040.8,1677.0,13339.1
[01:44:35.909] [HOST] INFO: [ai] suspended=1 driven=2
[01:44:36.670] [HOST] INFO: [spawn] INFO send hand=1,16,1984497024,2,2767456000 found=1 dead=0 age=0.75 sid='42201-rebirth.mod' fac='40544-rebirth.mod'
[01:44:36.671] [HOST] INFO: [spawn] INFO send hand=1,16,1984497024,6,1666992128 found=1 dead=0 age=0.45 sid='42201-rebirth.mod' fac='40544-rebirth.mod'
[01:44:37.841] [HOST] INFO: [cam] hints recv n=1 p1=-31600,10762
[01:44:38.096] [HOST] INFO: [med] SEND hand=1,1051391616 npc=0 blood=95.5 bleed=0.00 fl=89.2,92.0,60.5,-53.5 bd=10.8,8.0,39.5,153.5 flags=1 nparts=7 pmin=60.5 smin=0.0 ls=0,0,0,0
[01:44:38.106] [HOST] INFO: [inv] APPLY hand=1,32,1617431680,1,2796875008 items=16
[01:44:38.569] [HOST] INFO: [interp] lerp=14256 extrap=494 clamp=0 seg=0 single=14 snapSq=0 snapNpc=0 reissueSq=31 reissueNpc=0 restFlip=0 delay=155 jit=27.8 starve=0 snapMid=0 restFlipMid=0
[01:44:38.569] [HOST] INFO: [interp] worstZero hand=1,2796875008 zero=11 active=318 seg=98
[01:44:38.575] [HOST] INFO: [stats] RECV hand=1,2796875008 ok=1 str=35.4 dex=30.6 tough=30.9 stealth=1.0 athl=47.4 xp=0
[01:44:38.575] [HOST] INFO: [stats] RECV hand=2,3921874944 ok=1 str=34.2 dex=24.2 tough=27.0 stealth=1.0 athl=39.8 xp=0
[01:44:38.733] [HOST] INFO: [spawn] INFO send hand=1,16,1984497024,1,697753920 found=1 dead=0 age=0.79 sid='42201-rebirth.mod' fac='40544-rebirth.mod'
[01:44:38.734] [HOST] INFO: [spawn] INFO send hand=1,16,1984497024,3,2418701056 found=1 dead=0 age=0.78 sid='42201-rebirth.mod' fac='40544-rebirth.mod'
[01:44:38.909] [HOST] INFO: [ai] suspended=1 driven=2
[01:44:38.951] [HOST] INFO: [inv] APPLY hand=1,32,1617431680,2,3921874944 items=8
[01:44:40.135] [HOST] INFO: [med] SEND hand=1,1051391616 npc=0 blood=95.5 bleed=0.00 fl=89.2,92.1,60.5,-53.5 bd=10.8,7.9,39.5,153.5 flags=1 nparts=7 pmin=60.5 smin=0.0 ls=0,0,0,0
[01:44:40.538] [HOST] INFO: [med] SEND hand=1,1051391616 npc=0 blood=95.5 bleed=0.00 fl=89.2,92.1,60.5,-53.5 bd=10.8,7.9,39.5,153.5 flags=1 nparts=7 pmin=60.5 smin=0.0 ls=0,0,0,0
[01:44:40.745] [HOST] INFO: [spawn] INFO send hand=1,16,1984497024,4,1596923776 found=1 dead=0 age=0.51 sid='42201-rebirth.mod' fac='40544-rebirth.mod'
[01:44:40.745] [HOST] INFO: [spawn] INFO send hand=1,16,1984497024,5,1761352576 found=1 dead=0 age=0.51 sid='42201-rebirth.mod' fac='40544-rebirth.mod'
[01:44:40.786] [HOST] INFO: [cam] center=-31040.8,1677.0,13339.1
[01:44:40.920] [HOST] INFO: [med] SEND hand=5,1438354432 npc=0 blood=52.4 bleed=0.00 fl=100.0,100.0,29.3,22.5 bd=0.0,0.0,70.7,77.5 flags=1 nparts=7 pmin=22.5 smin=0.0 ls=0,0,0,0
[01:44:41.408] [HOST] INFO: [med] SEND hand=5,1438354432 npc=0 blood=52.4 bleed=0.00 fl=100.0,100.0,29.3,22.5 bd=0.0,0.0,70.7,77.5 flags=1 nparts=7 pmin=22.5 smin=0.0 ls=0,0,0,0
[01:44:41.706] [HOST] INFO: [census] sent n=75 radius=2000 mid=48
[01:44:41.914] [HOST] INFO: [ai] suspended=1 driven=2
[01:44:42.726] [HOST] INFO: [spawn] INFO send hand=1,16,1984497024,2,2767456000 found=1 dead=0 age=0.75 sid='42201-rebirth.mod' fac='40544-rebirth.mod'
[01:44:42.726] [HOST] INFO: [spawn] INFO send hand=1,16,1984497024,6,1666992128 found=1 dead=0 age=0.45 sid='42201-rebirth.mod' fac='40544-rebirth.mod'
[01:44:42.886] [HOST] INFO: [cam] hints recv n=1 p1=-31600,10762
[01:44:43.576] [HOST] INFO: [interp] lerp=15450 extrap=528 clamp=0 seg=0 single=14 snapSq=0 snapNpc=0 reissueSq=31 reissueNpc=0 restFlip=0 delay=134 jit=17.8 starve=0 snapMid=0 restFlipMid=0
[01:44:43.576] [HOST] INFO: [interp] worstZero hand=1,2796875008 zero=11 active=318 seg=75
[01:44:43.637] [HOST] INFO: [stats] RECV hand=1,2796875008 ok=1 str=35.4 dex=30.6 tough=30.9 stealth=1.0 athl=47.4 xp=0
[01:44:43.637] [HOST] INFO: [stats] RECV hand=2,3921874944 ok=1 str=34.2 dex=24.2 tough=27.0 stealth=1.0 athl=39.8 xp=0
[01:44:43.776] [HOST] INFO: [med] SEND hand=5,1438354432 npc=0 blood=52.5 bleed=0.00 fl=100.0,100.0,29.3,22.5 bd=0.0,0.0,70.7,77.5 flags=1 nparts=7 pmin=22.5 smin=0.0 ls=0,0,0,0
[01:44:43.956] [HOST] INFO: [inv] APPLY hand=1,32,1617431680,2,3921874944 items=8
[01:44:44.921] [HOST] INFO: [ai] suspended=1 driven=2
[01:44:45.783] [HOST] INFO: [cam] center=-31040.8,1677.0,13339.1
[01:44:46.758] [HOST] INFO: [spawn] INFO send hand=1,16,1984497024,5,1761352576 found=1 dead=0 age=0.51 sid='42201-rebirth.mod' fac='40544-rebirth.mod'
[01:44:47.575] [HOST] INFO: [med] SEND hand=5,1438354432 npc=0 blood=52.7 bleed=0.00 fl=100.0,100.0,29.4,22.6 bd=0.0,0.0,70.6,77.4 flags=1 nparts=7 pmin=22.6 smin=0.0 ls=0,0,0,0
[01:44:47.741] [HOST] INFO: [med] SEND hand=1,1051391616 npc=0 blood=95.5 bleed=0.00 fl=89.3,92.2,60.6,-53.4 bd=10.7,7.8,39.4,153.4 flags=1 nparts=7 pmin=60.6 smin=0.0 ls=0,0,0,0
[01:44:47.923] [HOST] INFO: [ai] suspended=1 driven=2
[01:44:47.979] [HOST] INFO: [med] SEND hand=5,1438354432 npc=0 blood=52.7 bleed=0.00 fl=100.0,100.0,29.4,22.6 bd=0.0,0.0,70.6,77.4 flags=1 nparts=7 pmin=22.6 smin=0.0 ls=0,0,0,0
[01:44:48.144] [HOST] INFO: [med] SEND hand=1,1051391616 npc=0 blood=95.5 bleed=0.00 fl=89.3,92.2,60.6,-53.4 bd=10.7,7.8,39.4,153.4 flags=1 nparts=7 pmin=60.6 smin=0.0 ls=0,0,0,0
[01:44:48.584] [HOST] INFO: [interp] lerp=16610 extrap=582 clamp=0 seg=0 single=14 snapSq=0 snapNpc=0 reissueSq=31 reissueNpc=0 restFlip=0 delay=145 jit=24.1 starve=0 snapMid=0 restFlipMid=0
[01:44:48.584] [HOST] INFO: [interp] worstZero hand=1,2796875008 zero=11 active=318 seg=60
[01:44:48.590] [HOST] INFO: [stats] RECV hand=1,2796875008 ok=1 str=35.4 dex=30.6 tough=30.9 stealth=1.0 athl=47.4 xp=0
[01:44:48.590] [HOST] INFO: [stats] RECV hand=2,3921874944 ok=1 str=34.2 dex=24.2 tough=27.0 stealth=1.0 athl=39.8 xp=0
[01:44:48.745] [HOST] INFO: [spawn] INFO send hand=1,16,1984497024,2,2767456000 found=1 dead=0 age=0.75 sid='42201-rebirth.mod' fac='40544-rebirth.mod'
[01:44:48.745] [HOST] INFO: [spawn] INFO send hand=1,16,1984497024,6,1666992128 found=1 dead=0 age=0.45 sid='42201-rebirth.mod' fac='40544-rebirth.mod'
[01:44:48.909] [HOST] INFO: [cam] hints recv n=1 p1=-31600,10762
[01:44:48.966] [HOST] INFO: [inv] APPLY hand=1,32,1617431680,2,3921874944 items=8
[01:44:50.784] [HOST] INFO: [cam] center=-31040.8,1677.0,13339.1
[01:44:50.929] [HOST] INFO: [ai] suspended=1 driven=2
[01:44:51.745] [HOST] INFO: [census] sent n=75 radius=2000 mid=48
[01:44:52.730] [HOST] INFO: [spawn] INFO send hand=1,16,1984497024,5,1761352576 found=1 dead=0 age=0.51 sid='42201-rebirth.mod' fac='40544-rebirth.mod'
[01:44:53.585] [HOST] INFO: [interp] lerp=17826 extrap=596 clamp=0 seg=0 single=14 snapSq=0 snapNpc=0 reissueSq=31 reissueNpc=0 restFlip=0 delay=137 jit=22.3 starve=0 snapMid=0 restFlipMid=0
[01:44:53.585] [HOST] INFO: [interp] worstZero hand=1,2796875008 zero=11 active=318 seg=66
[01:44:53.593] [HOST] INFO: [stats] RECV hand=1,2796875008 ok=1 str=35.4 dex=30.6 tough=30.9 stealth=1.0 athl=47.4 xp=0
[01:44:53.593] [HOST] INFO: [stats] RECV hand=2,3921874944 ok=1 str=34.2 dex=24.2 tough=27.0 stealth=1.0 athl=39.8 xp=0
[01:44:53.937] [HOST] INFO: [ai] suspended=1 driven=2
[01:44:53.969] [HOST] INFO: [inv] APPLY hand=1,32,1617431680,2,3921874944 items=8
[01:44:54.399] [HOST] INFO: [med] SEND hand=5,1438354432 npc=0 blood=53.0 bleed=0.00 fl=100.0,100.0,29.5,22.7 bd=0.0,0.0,70.5,77.3 flags=1 nparts=7 pmin=22.7 smin=0.0 ls=0,0,0,0
[01:44:54.736] [HOST] INFO: [spawn] INFO send hand=1,16,1984497024,2,2767456000 found=1 dead=0 age=0.75 sid='42201-rebirth.mod' fac='40544-rebirth.mod'
[01:44:54.736] [HOST] INFO: [spawn] INFO send hand=1,16,1984497024,6,1666992128 found=1 dead=0 age=0.45 sid='42201-rebirth.mod' fac='40544-rebirth.mod'
[01:44:54.948] [HOST] INFO: [cam] hints recv n=1 p1=-31600,10762
[01:44:55.268] [HOST] INFO: [furn] SEND EXIT id=9 occ=9,199584960 furn=2,1474731392 kind=3 (occupant left stream)
[01:44:55.717] [HOST] INFO: [inv] APPLY hand=1,32,1617431680,1,2796875008 items=8
[01:44:55.782] [HOST] INFO: [cam] center=-31040.8,1679.8,13339.1
[01:44:56.316] [HOST] INFO: [med] SEND hand=5,1438354432 npc=0 blood=53.1 bleed=0.00 fl=100.0,100.0,29.5,22.7 bd=0.0,0.0,70.5,77.3 flags=1 nparts=7 pmin=22.7 smin=0.0 ls=0,0,0,0
[01:44:56.718] [HOST] INFO: [med] SEND hand=5,1438354432 npc=0 blood=53.1 bleed=0.00 fl=100.0,100.0,29.5,22.7 bd=0.0,0.0,70.5,77.3 flags=1 nparts=7 pmin=22.7 smin=0.0 ls=0,0,0,0
[01:44:56.943] [HOST] INFO: [ai] suspended=1 driven=2
[01:44:58.120] [HOST] INFO: [med] SEND hand=1,1051391616 npc=0 blood=95.5 bleed=0.00 fl=89.5,92.4,60.8,-53.2 bd=10.5,7.6,39.2,153.2 flags=1 nparts=7 pmin=60.8 smin=0.0 ls=0,0,0,0
[01:44:58.521] [HOST] INFO: [med] SEND hand=1,1051391616 npc=0 blood=95.5 bleed=0.00 fl=89.5,92.4,60.8,-53.2 bd=10.5,7.6,39.2,153.2 flags=1 nparts=7 pmin=60.8 smin=0.0 ls=0,0,0,0
[01:44:58.592] [HOST] INFO: [interp] lerp=19058 extrap=638 clamp=0 seg=0 single=14 snapSq=0 snapNpc=0 reissueSq=39 reissueNpc=0 restFlip=0 delay=143 jit=22.3 starve=0 snapMid=0 restFlipMid=0
[01:44:58.592] [HOST] INFO: [interp] worstZero hand=1,2796875008 zero=47 active=452 seg=56
[01:44:58.605] [HOST] INFO: [stats] RECV hand=1,2796875008 ok=1 str=35.4 dex=30.6 tough=30.9 stealth=1.0 athl=47.4 xp=0
[01:44:58.605] [HOST] INFO: [stats] RECV hand=2,3921874944 ok=1 str=34.2 dex=24.2 tough=27.0 stealth=1.0 athl=39.8 xp=0
[01:44:58.759] [HOST] INFO: [spawn] INFO send hand=1,16,1984497024,5,1761352576 found=1 dead=0 age=0.51 sid='42201-rebirth.mod' fac='40544-rebirth.mod'
[01:44:59.010] [HOST] INFO: [inv] APPLY hand=1,32,1617431680,2,3921874944 items=8
[01:44:59.949] [HOST] INFO: [ai] suspended=1 driven=2
[01:44:59.963] [HOST] INFO: [cam] hints recv n=1 p1=-31600,10762
[01:45:00.708] [HOST] INFO: [inv] APPLY hand=1,32,1617431680,1,2796875008 items=8
[01:45:00.755] [HOST] INFO: [spawn] INFO send hand=1,16,1984497024,2,2767456000 found=1 dead=0 age=0.75 sid='42201-rebirth.mod' fac='40544-rebirth.mod'
[01:45:00.755] [HOST] INFO: [spawn] INFO send hand=1,16,1984497024,6,1666992128 found=1 dead=0 age=0.45 sid='42201-rebirth.mod' fac='40544-rebirth.mod'
[01:45:00.784] [HOST] INFO: [cam] center=-31040.8,1677.0,13339.1
[01:45:01.775] [HOST] INFO: [census] sent n=80 radius=2000 mid=48
[01:45:02.372] [HOST] INFO: [inv] APPLY hand=1,32,1617431680,1,2796875008 items=9
[01:45:02.951] [HOST] INFO: [ai] suspended=1 driven=2
[01:45:03.569] [HOST] INFO: [stats] RECV hand=1,2796875008 ok=1 str=35.4 dex=30.6 tough=30.9 stealth=1.0 athl=47.4 xp=0
[01:45:03.569] [HOST] INFO: [stats] RECV hand=2,3921874944 ok=1 str=34.2 dex=24.2 tough=27.0 stealth=1.0 athl=39.8 xp=0
[01:45:03.597] [HOST] INFO: [interp] lerp=20460 extrap=668 clamp=0 seg=0 single=14 snapSq=0 snapNpc=0 reissueSq=39 reissueNpc=0 restFlip=0 delay=148 jit=25.2 starve=0 snapMid=0 restFlipMid=0
[01:45:03.598] [HOST] INFO: [interp] worstZero hand=1,2796875008 zero=47 active=452 seg=96
[01:45:04.003] [HOST] INFO: [inv] APPLY hand=1,32,1617431680,2,3921874944 items=8
[01:45:04.504] [HOST] INFO: [med] SEND hand=5,1438354432 npc=0 blood=53.5 bleed=0.00 fl=100.0,100.0,29.6,22.9 bd=0.0,0.0,70.4,77.2 flags=1 nparts=7 pmin=22.9 smin=0.0 ls=0,0,0,0
[01:45:04.888] [HOST] INFO: [inv] APPLY hand=1,32,1617431680,1,2796875008 items=8
[01:45:05.342] [HOST] INFO: [med] SEND hand=1,1051391616 npc=0 blood=95.5 bleed=0.00 fl=89.6,92.5,60.9,-53.1 bd=10.4,7.5,39.1,153.1 flags=1 nparts=7 pmin=60.9 smin=0.0 ls=0,0,0,0
[01:45:05.785] [HOST] INFO: [cam] center=-31040.8,1677.0,13339.1
[01:45:05.941] [HOST] INFO: [cam] hints recv n=1 p1=-31600,10762
[01:45:05.955] [HOST] INFO: [ai] suspended=1 driven=2
[01:45:06.296] [HOST] INFO: [seatres] HOST task=98 npc=2,427978528 subj=2138,1218505856 ok=1 npcpos=-31628.3,10859.8 subjpos=-31638.4,10859.6 d=10.1
[01:45:06.824] [HOST] INFO: [spawn] INFO send hand=1,16,1984497024,6,1666992128 found=1 dead=0 age=0.45 sid='42201-rebirth.mod' fac='40544-rebirth.mod'
[01:45:08.169] [HOST] INFO: [med] SEND hand=5,1438354432 npc=0 blood=53.7 bleed=0.00 fl=100.0,100.0,29.7,22.9 bd=0.0,0.0,70.3,77.1 flags=1 nparts=7 pmin=22.9 smin=0.0 ls=0,0,0,0
[01:45:08.308] [HOST] INFO: [med] SEND hand=1,1051391616 npc=0 blood=95.5 bleed=0.00 fl=89.7,92.5,61.0,-53.0 bd=10.3,7.5,39.0,153.0 flags=1 nparts=7 pmin=61.0 smin=0.0 ls=0,0,0,0
[01:45:08.601] [HOST] INFO: [stats] RECV hand=1,2796875008 ok=1 str=35.4 dex=30.6 tough=30.9 stealth=1.0 athl=47.4 xp=0
[01:45:08.601] [HOST] INFO: [stats] RECV hand=2,3921874944 ok=1 str=34.2 dex=24.2 tough=27.0 stealth=1.0 athl=39.8 xp=0
[01:45:08.602] [HOST] INFO: [interp] lerp=21844 extrap=718 clamp=0 seg=0 single=14 snapSq=0 snapNpc=0 reissueSq=42 reissueNpc=0 restFlip=0 delay=161 jit=27.1 starve=0 snapMid=0 restFlipMid=0
[01:45:08.602] [HOST] INFO: [interp] worstZero hand=1,2796875008 zero=50 active=484 seg=154
[01:45:08.963] [HOST] INFO: [ai] suspended=1 driven=2
[01:45:08.976] [HOST] INFO: [inv] APPLY hand=1,32,1617431680,2,3921874944 items=8
[01:45:09.873] [HOST] INFO: [inv] APPLY hand=1,32,1617431680,1,2796875008 items=8
[01:45:10.327] [HOST] INFO: [med] SEND hand=1,1051391616 npc=0 blood=95.5 bleed=0.00 fl=89.7,92.6,61.0,-53.0 bd=10.3,7.4,39.0,153.0 flags=1 nparts=7 pmin=61.0 smin=0.0 ls=0,0,0,0
[01:45:10.731] [HOST] INFO: [med] SEND hand=1,1051391616 npc=0 blood=95.5 bleed=0.00 fl=89.7,92.6,61.0,-53.0 bd=10.3,7.4,39.0,153.0 flags=1 nparts=7 pmin=61.0 smin=0.0 ls=0,0,0,0
[01:45:10.781] [HOST] INFO: [cam] center=-31040.8,1677.0,13339.1
[01:45:10.962] [HOST] INFO: [cam] hints recv n=1 p1=-31610,10760
[01:45:11.023] [HOST] INFO: [carry] RECV DROP id=3 carrier=1,2796875008 carried=2,3921874944 ok=1
[01:45:11.023] [HOST] INFO: [event] RECV id=3 ev=7 owner=1 hand=1,32,1617431680,2,3921874944 actor=1,2796875008
[01:45:11.023] [HOST] INFO: [event] RECV id=4 ev=3 owner=1 hand=1,32,1617431680,2,3921874944 actor=0,0
[01:45:11.025] [HOST] INFO: [life] hand=1,32,1617431680,2,3921874944 from=UNKNOWN to=HI reason=drive
[01:45:11.798] [HOST] INFO: [census] sent n=85 radius=2000 mid=48
[01:45:11.966] [HOST] INFO: [ai] suspended=2 driven=2
[01:45:12.823] [HOST] INFO: [spawn] INFO send hand=1,16,1984497024,6,1666992128 found=1 dead=0 age=0.45 sid='42201-rebirth.mod' fac='40544-rebirth.mod'
[01:45:13.604] [HOST] INFO: [interp] lerp=23252 extrap=746 clamp=0 seg=0 single=14 snapSq=0 snapNpc=0 reissueSq=42 reissueNpc=0 restFlip=0 delay=125 jit=17.4 starve=0 snapMid=0 restFlipMid=0
[01:45:13.604] [HOST] INFO: [interp] worstZero hand=1,2796875008 zero=50 active=484 seg=61
[01:45:13.651] [HOST] INFO: [stats] RECV hand=1,2796875008 ok=1 str=35.4 dex=30.6 tough=30.9 stealth=1.0 athl=47.4 xp=0
[01:45:13.652] [HOST] INFO: [stats] RECV hand=2,3921874944 ok=1 str=34.2 dex=24.2 tough=27.0 stealth=1.0 athl=39.8 xp=0
[01:45:13.993] [HOST] INFO: [inv] APPLY hand=1,32,1617431680,2,3921874944 items=8
[01:45:14.159] [HOST] INFO: [med] SEND hand=5,1438354432 npc=0 blood=54.0 bleed=0.00 fl=100.0,100.0,29.8,23.0 bd=0.0,0.0,70.2,77.0 flags=1 nparts=7 pmin=23.0 smin=0.0 ls=0,0,0,0
[01:45:14.648] [HOST] INFO: [med] SEND hand=5,1438354432 npc=0 blood=54.0 bleed=0.00 fl=100.0,100.0,29.8,23.0 bd=0.0,0.0,70.2,77.0 flags=1 nparts=7 pmin=23.0 smin=0.0 ls=0,0,0,0
[01:45:14.886] [HOST] INFO: [inv] APPLY hand=1,32,1617431680,1,2796875008 items=8
[01:45:14.971] [HOST] INFO: [ai] suspended=2 driven=2
[01:45:15.053] [HOST] INFO: [med] SEND hand=5,1438354432 npc=0 blood=54.0 bleed=0.00 fl=100.0,100.0,29.8,23.0 bd=0.0,0.0,70.2,77.0 flags=1 nparts=7 pmin=23.0 smin=0.0 ls=0,0,0,0
[01:45:15.784] [HOST] INFO: [cam] center=-31040.8,1677.0,13339.1
[01:45:15.999] [HOST] INFO: [cam] hints recv n=1 p1=-31580,10752
[01:45:17.921] [HOST] INFO: [med] SEND hand=1,1051391616 npc=0 blood=95.5 bleed=0.00 fl=89.8,92.7,61.1,-52.9 bd=10.2,7.3,38.9,152.9 flags=1 nparts=7 pmin=61.1 smin=0.0 ls=0,0,0,0
[01:45:17.978] [HOST] INFO: [ai] suspended=2 driven=2
[01:45:18.324] [HOST] INFO: [med] SEND hand=1,1051391616 npc=0 blood=95.5 bleed=0.00 fl=89.8,92.7,61.1,-52.9 bd=10.2,7.3,38.9,152.9 flags=1 nparts=7 pmin=61.1 smin=0.0 ls=0,0,0,0
[01:45:18.588] [HOST] INFO: [stats] RECV hand=1,2796875008 ok=1 str=35.4 dex=30.6 tough=30.9 stealth=1.0 athl=47.4 xp=0
[01:45:18.588] [HOST] INFO: [stats] RECV hand=2,3921874944 ok=1 str=34.2 dex=24.2 tough=27.0 stealth=1.0 athl=39.8 xp=0
[01:45:18.610] [HOST] INFO: [interp] lerp=24678 extrap=758 clamp=0 seg=0 single=14 snapSq=0 snapNpc=0 reissueSq=42 reissueNpc=0 restFlip=0 delay=123 jit=16.3 starve=0 snapMid=0 restFlipMid=0
[01:45:18.610] [HOST] INFO: [interp] worstZero hand=1,2796875008 zero=50 active=484 seg=93
[01:45:18.806] [HOST] INFO: [spawn] INFO send hand=1,16,1984497024,6,1666992128 found=1 dead=0 age=0.45 sid='42201-rebirth.mod' fac='40544-rebirth.mod'
[01:45:19.951] [HOST] INFO: [inv] APPLY hand=1,32,1617431680,1,2796875008 items=8
[01:45:20.781] [HOST] INFO: [cam] center=-31040.8,1677.0,13339.1
[01:45:20.822] [HOST] INFO: [med] SEND hand=5,1438354432 npc=0 blood=54.3 bleed=0.00 fl=100.0,100.0,29.9,23.1 bd=0.0,0.0,70.1,76.9 flags=1 nparts=7 pmin=23.1 smin=0.0 ls=0,0,0,0
[01:45:20.983] [HOST] INFO: [ai] suspended=2 driven=2
[01:45:21.115] [HOST] INFO: [cam] hints recv n=1 p1=-31580,10752
[01:45:21.226] [HOST] INFO: [med] SEND hand=5,1438354432 npc=0 blood=54.3 bleed=0.00 fl=100.0,100.0,29.9,23.1 bd=0.0,0.0,70.1,76.9 flags=1 nparts=7 pmin=23.1 smin=0.0 ls=0,0,0,0
[01:45:21.769] [HOST] INFO: [inv] APPLY hand=1,32,1617431680,2,3921874944 items=7
[01:45:21.832] [HOST] INFO: [census] sent n=83 radius=2000 mid=48
[01:45:23.614] [HOST] INFO: [interp] lerp=26078 extrap=792 clamp=0 seg=0 single=14 snapSq=0 snapNpc=0 reissueSq=42 reissueNpc=0 restFlip=0 delay=138 jit=22.4 starve=0 snapMid=0 restFlipMid=0
[01:45:23.614] [HOST] INFO: [interp] worstZero hand=1,2796875008 zero=50 active=484 seg=63
[01:45:23.620] [HOST] INFO: [stats] RECV hand=1,2796875008 ok=1 str=35.4 dex=30.6 tough=30.9 stealth=1.0 athl=47.4 xp=0
[01:45:23.620] [HOST] INFO: [stats] RECV hand=2,3921874944 ok=1 str=34.2 dex=24.2 tough=27.0 stealth=1.0 athl=39.8 xp=0
[01:45:23.985] [HOST] INFO: [ai] suspended=2 driven=2
[01:45:24.952] [HOST] INFO: [inv] APPLY hand=1,32,1617431680,1,2796875008 items=8
[01:45:25.312] [HOST] INFO: [med] SEND hand=5,1438354432 npc=0 blood=54.5 bleed=0.00 fl=100.0,100.0,29.9,23.2 bd=0.0,0.0,70.1,76.8 flags=1 nparts=7 pmin=23.2 smin=0.0 ls=0,0,0,0
[01:45:25.783] [HOST] INFO: [cam] center=-31040.8,1677.0,13339.1
[01:45:26.824] [HOST] INFO: [inv] APPLY hand=1,32,1617431680,2,3921874944 items=7
[01:45:26.987] [HOST] INFO: [ai] suspended=2 driven=2
[01:45:27.044] [HOST] INFO: [cam] hints recv n=1 p1=-31607,10759
[01:45:28.442] [HOST] INFO: [med] SEND hand=1,1051391616 npc=0 blood=95.5 bleed=0.00 fl=90.0,92.9,61.3,-52.7 bd=10.0,7.1,38.7,152.7 flags=1 nparts=7 pmin=61.3 smin=0.0 ls=0,0,0,0
[01:45:28.609] [HOST] INFO: [stats] RECV hand=1,2796875008 ok=1 str=35.4 dex=30.6 tough=30.9 stealth=1.0 athl=47.4 xp=0
[01:45:28.609] [HOST] INFO: [stats] RECV hand=2,3921874944 ok=1 str=34.2 dex=24.2 tough=27.0 stealth=1.0 athl=39.8 xp=0
[01:45:28.617] [HOST] INFO: [interp] lerp=27480 extrap=792 clamp=0 seg=0 single=14 snapSq=0 snapNpc=0 reissueSq=42 reissueNpc=0 restFlip=0 delay=102 jit=5.1 starve=0 snapMid=0 restFlipMid=0
[01:45:28.617] [HOST] INFO: [interp] worstZero hand=1,2796875008 zero=50 active=484 seg=76
[01:45:29.596] [HOST] INFO: [med] SEND hand=5,1438354432 npc=0 blood=54.7 bleed=0.00 fl=100.0,100.0,30.0,23.2 bd=0.0,0.0,70.0,76.8 flags=1 nparts=7 pmin=23.2 smin=0.0 ls=0,0,0,0
[01:45:29.918] [HOST] INFO: [inv] APPLY hand=1,32,1617431680,1,2796875008 items=8
[01:45:29.990] [HOST] INFO: [ai] suspended=2 driven=2
[01:45:29.996] [HOST] INFO: [med] SEND hand=5,1438354432 npc=0 blood=54.7 bleed=0.00 fl=100.0,100.0,30.0,23.2 bd=0.0,0.0,70.0,76.8 flags=1 nparts=7 pmin=23.2 smin=0.0 ls=0,0,0,0
[01:45:30.785] [HOST] INFO: [cam] center=-31040.8,1677.0,13339.1
[01:45:31.805] [HOST] INFO: [inv] APPLY hand=1,32,1617431680,2,3921874944 items=7
[01:45:31.868] [HOST] INFO: [census] sent n=83 radius=2000 mid=48
[01:45:32.021] [HOST] INFO: [inv] APPLY hand=0,2202,11111,2043,1412841856 items=1
[01:45:32.021] [HOST] INFO: [inv] APPLY hand=0,2202,11111,2044,298706048 items=1
[01:45:32.104] [HOST] INFO: [cam] hints recv n=1 p1=-31656,10717
[01:45:32.223] [HOST] INFO: [inv] SEND hand=0,2202,11111,2045,1231811584 kind=0 key=0,2202,11111,2045,1231811584 items=1 hash=2892851323
[01:45:32.398] [HOST] INFO: [inv] APPLY hand=0,2202,11111,2045,1231811584 items=1
[01:45:32.558] [HOST] INFO: [inv] APPLY hand=1,32,1617431680,1,2796875008 items=9
[01:45:32.991] [HOST] INFO: [ai] suspended=2 driven=2
[01:45:33.623] [HOST] INFO: [interp] lerp=28828 extrap=870 clamp=0 seg=0 single=14 snapSq=0 snapNpc=0 reissueSq=71 reissueNpc=0 restFlip=0 delay=137 jit=21.8 starve=0 snapMid=0 restFlipMid=0
[01:45:33.623] [HOST] INFO: [interp] worstZero hand=1,2796875008 zero=53 active=820 seg=58
[01:45:33.664] [HOST] INFO: [stats] RECV hand=1,2796875008 ok=1 str=35.4 dex=30.6 tough=30.9 stealth=1.0 athl=47.5 xp=0
[01:45:33.664] [HOST] INFO: [stats] RECV hand=2,3921874944 ok=1 str=34.2 dex=24.2 tough=27.0 stealth=1.0 athl=39.8 xp=0
[01:45:35.602] [HOST] INFO: [stats] RECV hand=1,2796875008 ok=1 str=35.4 dex=30.6 tough=30.9 stealth=1.0 athl=47.5 xp=0
[01:45:35.609] [HOST] INFO: [med] SEND hand=1,1051391616 npc=0 blood=95.5 bleed=0.00 fl=90.1,93.0,61.4,-52.6 bd=9.9,7.0,38.6,152.6 flags=1 nparts=7 pmin=61.4 smin=0.0 ls=0,0,0,0
[01:45:35.748] [HOST] INFO: [med] SEND hand=5,1438354432 npc=0 blood=55.0 bleed=0.00 fl=100.0,100.0,30.1,23.3 bd=0.0,0.0,69.9,76.7 flags=1 nparts=7 pmin=23.3 smin=0.0 ls=0,0,0,0
[01:45:35.784] [HOST] INFO: [cam] center=-31040.8,1677.0,13339.1
[01:45:35.993] [HOST] INFO: [ai] suspended=2 driven=2
[01:45:36.012] [HOST] INFO: [med] SEND hand=1,1051391616 npc=0 blood=95.5 bleed=0.00 fl=90.1,93.0,61.4,-52.6 bd=9.9,7.0,38.6,152.6 flags=1 nparts=7 pmin=61.4 smin=0.0 ls=0,0,0,0
[01:45:36.800] [HOST] INFO: [inv] APPLY hand=1,32,1617431680,2,3921874944 items=7
[01:45:37.090] [HOST] INFO: [inv] APPLY hand=0,2202,11111,2043,1412841856 items=1
[01:45:37.090] [HOST] INFO: [inv] APPLY hand=0,2202,11111,2044,298706048 items=1
[01:45:37.090] [HOST] INFO: [inv] APPLY hand=0,2202,11111,2050,3628662016 items=0
[01:45:37.448] [HOST] INFO: [inv] APPLY hand=0,2202,11111,2045,1231811584 items=1
[01:45:37.717] [HOST] INFO: [inv] APPLY hand=1,32,1617431680,1,2796875008 items=10
[01:45:37.834] [HOST] INFO: [fac] AFFECT-EV me='1305-gamedata.base' whom='200-gamedata.base' event=1 mult=0.025 after=-42.58 skipped=0
[01:45:37.841] [HOST] INFO: [fac] AFFECT-EV me='200-gamedata.base' whom='1305-gamedata.base' event=1 mult=0.025 after=-62.50 skipped=0
[01:45:38.093] [HOST] INFO: [cam] hints recv n=1 p1=-31656,10713
[01:45:38.388] [HOST] INFO: [inv] APPLY hand=1,32,1617431680,1,2796875008 items=11
[01:45:38.624] [HOST] INFO: [interp] lerp=30246 extrap=878 clamp=0 seg=0 single=14 snapSq=0 snapNpc=0 reissueSq=112 reissueNpc=0 restFlip=0 delay=110 jit=13.2 starve=0 snapMid=0 restFlipMid=0
[01:45:38.624] [HOST] INFO: [interp] worstZero hand=1,2796875008 zero=59 active=1251 seg=63
[01:45:38.630] [HOST] INFO: [med] SEND hand=1,1051391616 npc=0 blood=95.5 bleed=0.00 fl=90.2,93.0,61.5,-52.5 bd=9.8,7.0,38.5,152.5 flags=1 nparts=7 pmin=61.5 smin=0.0 ls=0,0,0,0
[01:45:38.686] [HOST] INFO: [stats] RECV hand=2,3921874944 ok=1 str=34.2 dex=24.2 tough=27.0 stealth=1.0 athl=39.8 xp=0
[01:45:38.805] [HOST] INFO: [inv] APPLY hand=1,32,1617431680,1,2796875008 items=12
[01:45:38.993] [HOST] INFO: [ai] suspended=2 driven=2
[01:45:39.264] [HOST] INFO: [inv] APPLY hand=1,32,1617431680,1,2796875008 items=13
[01:45:39.668] [HOST] INFO: [inv] APPLY hand=1,32,1617431680,1,2796875008 items=14
[01:45:40.201] [HOST] INFO: [inv] APPLY hand=1,32,1617431680,1,2796875008 items=15
[01:45:40.627] [HOST] INFO: [med] SEND hand=1,1051391616 npc=0 blood=95.5 bleed=0.00 fl=90.2,93.1,61.5,-52.5 bd=9.8,6.9,38.5,152.5 flags=1 nparts=7 pmin=61.5 smin=0.0 ls=0,0,0,0
[01:45:40.635] [HOST] INFO: [stats] RECV hand=1,2796875008 ok=1 str=35.4 dex=30.6 tough=30.9 stealth=1.0 athl=47.5 xp=0
[01:45:40.726] [HOST] INFO: [inv] APPLY hand=1,32,1617431680,1,2796875008 items=16
[01:45:40.783] [HOST] INFO: [cam] center=-31040.8,1677.0,13339.1
[01:45:40.957] [HOST] INFO: [net] peer connecting (awaiting HELLO)
[01:45:40.957] [HOST] INFO: [net] peer connected id=2 (proto v46) [3/3 players]
[01:45:40.958] [HOST] INFO: handshake: peer present id=2 (local id=0)
[01:45:40.958] [HOST] INFO: [latejoin] RESYNC place=0 remove=0 fac=0 door=0 bdoor=0 med=3 stats=2 money=1 inv=6 world=0 prod=1
[01:45:40.958] [HOST] INFO: [boot] baking save 'coopresume' to push to join on connect
[01:45:40.958] [HOST] INFO: [save] LOCAL-SAVE name='coopresume' autosave=0 suppressed=0
[01:45:40.958] [HOST] INFO: [med] SEND hand=1,1051391616 npc=0 blood=95.5 bleed=0.00 fl=90.2,93.1,61.5,-52.5 bd=9.8,6.9,38.5,152.5 flags=1 nparts=7 pmin=61.5 smin=0.0 ls=0,0,0,0
[01:45:40.959] [HOST] INFO: [save] WATCH armed folder='C:\Users\marsh\AppData\Local\kenshi\save\coopresume' baseFiles=53 baseBytes=5186125
[01:45:41.195] [HOST] INFO: [stats] RECV hand=1,2796875008 ok=1 str=35.4 dex=30.6 tough=30.9 stealth=1.0 athl=47.5 xp=0
[01:45:41.195] [HOST] INFO: [stats] RECV hand=2,3921874944 ok=1 str=34.2 dex=24.2 tough=27.0 stealth=1.0 athl=39.8 xp=0
[01:45:41.195] [HOST] INFO: [speed] REQ mult=1.00 paused=0 combat=0
[01:45:41.206] [HOST] INFO: [inv] APPLY hand=0,2202,11111,2043,1412841856 items=1
[01:45:41.206] [HOST] INFO: [inv] APPLY hand=0,2202,11111,2044,298706048 items=1
[01:45:41.206] [HOST] INFO: [inv] APPLY hand=0,2202,11111,2045,1231811584 items=1
[01:45:41.206] [HOST] INFO: [inv] APPLY hand=0,2202,11111,2050,3628662016 items=0
[01:45:41.206] [HOST] INFO: [inv] APPLY hand=1,32,1617431680,1,2796875008 items=16
[01:45:41.206] [HOST] INFO: [inv] APPLY hand=1,32,1617431680,2,3921874944 items=7
[01:45:41.679] [HOST] INFO: [med] SEND hand=5,1438354432 npc=0 blood=55.3 bleed=0.00 fl=100.0,100.0,30.2,23.4 bd=0.0,0.0,69.8,76.6 flags=1 nparts=7 pmin=23.4 smin=0.0 ls=0,0,0,0
[01:45:41.902] [HOST] INFO: [census] sent n=83 radius=2000 mid=48
[01:45:41.999] [HOST] INFO: [ai] suspended=2 driven=2
[01:45:42.706] [HOST] INFO: [save] QUIESCED kind=settled name='coopresume' files=52 bytes=5060041 waitMs=1750
[01:45:42.864] [HOST] INFO: [boot] GO->join id=2 name='coopresume' fp=0b3a9611 (push on connect)
[01:45:43.044] [HOST] INFO: [load] NACK id=2 name='coopresume' joinFp=773c3b04 -> transfer after reload
[01:45:43.044] [HOST] INFO: [load] starting fallback transfer name='coopresume'
[01:45:43.045] [HOST] INFO: [save] XFER-BEGIN id=2 name='coopresume' files=52 bytes=5060041
[01:45:43.110] [HOST] INFO: [cam] hints recv n=1 p1=-31622,10766
[01:45:43.129] [HOST] INFO: [load] NACK id=2 name='coopresume' joinFp=b2c07f8d -> transfer after reload
[01:45:43.346] [HOST] INFO: [med] SEND hand=1,186401360 npc=1 blood=50.0 bleed=0.00 fl=80.0,80.0,80.0,26.7 bd=0.0,0.0,0.0,0.0 flags=3 nparts=7 pmin=26.7 smin=0.0 ls=0,0,0,0
[01:45:43.626] [HOST] INFO: [interp] lerp=31440 extrap=1002 clamp=0 seg=0 single=14 snapSq=0 snapNpc=0 reissueSq=116 reissueNpc=0 restFlip=0 delay=200 jit=20.3 starve=0 snapMid=0 restFlipMid=0
[01:45:43.626] [HOST] INFO: [interp] worstZero hand=1,2796875008 zero=62 active=1360 seg=63
[01:45:43.913] [HOST] INFO: [fac] AFFECT-EV me='1305-gamedata.base' whom='200-gamedata.base' event=1 mult=0.025 after=-42.58 skipped=2
[01:45:45.002] [HOST] INFO: [ai] suspended=2 driven=2
[01:45:45.490] [HOST] INFO: [save] XFER-SENT id=2 files=52 bytes=5060041 ms=2453
[01:45:45.490] [HOST] INFO: [load] starting fallback transfer name='coopresume'
[01:45:45.490] [HOST] INFO: [save] XFER-BEGIN id=3 name='coopresume' files=52 bytes=5060041
[01:45:45.786] [HOST] INFO: [cam] center=-31040.8,1677.0,13339.1
[01:45:46.454] [HOST] INFO: [med] SEND hand=5,1438354432 npc=0 blood=55.5 bleed=0.00 fl=100.0,100.0,30.2,23.5 bd=0.0,0.0,69.8,76.5 flags=1 nparts=7 pmin=23.5 smin=0.0 ls=0,0,0,0
[01:45:47.267] [HOST] INFO: [fac] AFFECT-EV me='200-gamedata.base' whom='1305-gamedata.base' event=1 mult=0.025 after=-62.50 skipped=2
[01:45:47.763] [HOST] INFO: [med] SEND hand=5,1438354432 npc=0 blood=55.6 bleed=0.00 fl=100.0,100.0,30.3,23.5 bd=0.0,0.0,69.7,76.5 flags=1 nparts=7 pmin=23.5 smin=0.0 ls=0,0,0,0
[01:45:47.926] [HOST] INFO: [save] XFER-SENT id=3 files=52 bytes=5060041 ms=2438
[01:45:48.003] [HOST] INFO: [ai] suspended=2 driven=2
[01:45:48.264] [HOST] INFO: [med] SEND hand=5,1438354432 npc=0 blood=55.6 bleed=0.00 fl=100.0,100.0,30.3,23.5 bd=0.0,0.0,69.7,76.5 flags=1 nparts=7 pmin=23.5 smin=0.0 ls=0,0,0,0
[01:45:48.527] [HOST] INFO: [med] SEND hand=1,1051391616 npc=0 blood=95.5 bleed=0.00 fl=90.3,93.2,61.6,-52.4 bd=9.7,6.8,38.4,152.4 flags=1 nparts=7 pmin=61.6 smin=0.0 ls=0,0,0,0
[01:45:48.633] [HOST] INFO: [interp] lerp=31440 extrap=1422 clamp=0 seg=0 single=14 snapSq=0 snapNpc=0 reissueSq=116 reissueNpc=0 restFlip=0 delay=0 jit=0.0 starve=2 snapMid=0 restFlipMid=0
[01:45:48.633] [HOST] INFO: [interp] worstZero hand=1,2796875008 zero=240 active=1570 seg=63
[01:45:48.927] [HOST] INFO: [med] SEND hand=1,1051391616 npc=0 blood=95.5 bleed=0.00 fl=90.3,93.2,61.6,-52.4 bd=9.7,6.8,38.4,152.4 flags=1 nparts=7 pmin=61.6 smin=0.0 ls=0,0,0,0
[01:45:50.145] [HOST] INFO: [fac] AFFECT-EV me='1305-gamedata.base' whom='200-gamedata.base' event=1 mult=0.025 after=-42.58 skipped=12
[01:45:50.544] [HOST] INFO: [stats] RECV hand=1,2796875008 ok=1 str=35.4 dex=30.6 tough=30.9 stealth=1.0 athl=47.5 xp=0
[01:45:50.544] [HOST] INFO: [stats] RECV hand=2,3921874944 ok=1 str=34.2 dex=24.2 tough=27.0 stealth=1.0 athl=39.8 xp=0
[01:45:50.544] [HOST] ERROR: [save] XFER-ACK owner=1 id=2 ok=0 files=0 bytes=0 (1/2 joins)
[01:45:50.544] [HOST] INFO: [save] XFER-ACK owner=1 id=3 ok=1 files=52 bytes=5060041 (1/2 joins)
[01:45:50.545] [HOST] INFO: [inv] APPLY hand=0,2202,11111,2050,3628662016 items=0
[01:45:50.545] [HOST] INFO: [inv] APPLY hand=1,32,1617431680,1,2796875008 items=16
[01:45:50.545] [HOST] INFO: [inv] APPLY hand=1,32,1617431680,2,3921874944 items=7
[01:45:50.545] [HOST] INFO: [cam] hints recv n=1 p1=-31603,10771
[01:45:50.785] [HOST] INFO: [cam] center=-31040.8,1677.0,13339.1
[01:45:51.004] [HOST] INFO: [ai] suspended=2 driven=2
[01:45:51.660] [HOST] ERROR: [save] XFER-ACK owner=2 id=2 ok=0 files=0 bytes=0 (1/2 joins)
[01:45:51.660] [HOST] INFO: [save] XFER-ACK owner=2 id=3 ok=1 files=52 bytes=5060041 (1/2 joins)
[01:45:51.945] [HOST] INFO: [census] sent n=83 radius=2000 mid=48
[01:45:52.447] [HOST] INFO: [fac] AFFECT-EV me='200-gamedata.base' whom='1305-gamedata.base' event=1 mult=0.025 after=-62.50 skipped=8
[01:45:53.585] [HOST] INFO: [stats] RECV hand=1,2796875008 ok=1 str=35.4 dex=30.6 tough=30.9 stealth=1.0 athl=47.5 xp=0
[01:45:53.585] [HOST] INFO: [stats] RECV hand=2,3921874944 ok=1 str=34.2 dex=24.2 tough=27.0 stealth=1.0 athl=39.8 xp=0
[01:45:53.587] [HOST] INFO: [wd] PICKUP-APPLY id=12 sid='1020-gamedata.base' owner=1,32,1617431680,1,2796875008 ref=0/0 moved=0 trackedLeft=0
[01:45:53.587] [HOST] INFO: [wd] PICKUP-APPLY id=13 sid='2156-gamedata.base' owner=1,32,1617431680,1,2796875008 ref=0/0 moved=0 trackedLeft=0
[01:45:53.587] [HOST] INFO: [wd] PICKUP-APPLY id=14 sid='2203-gamedata.base' owner=1,32,1617431680,1,2796875008 ref=0/0 moved=0 trackedLeft=0
[01:45:53.587] [HOST] INFO: [wd] PICKUP-APPLY id=15 sid='2306-clothes_v1.mod' owner=1,32,1617431680,1,2796875008 ref=0/0 moved=0 trackedLeft=0
[01:45:53.587] [HOST] INFO: [wd] PICKUP-APPLY id=16 sid='52297-rebirth.mod' owner=1,32,1617431680,1,2796875008 ref=0/0 moved=0 trackedLeft=0
[01:45:53.587] [HOST] INFO: [wd] PICKUP-APPLY id=17 sid='5346-armor_otto.mod' owner=1,32,1617431680,1,2796875008 ref=0/0 moved=0 trackedLeft=0
[01:45:53.587] [HOST] INFO: [wd] PICKUP-APPLY id=18 sid='1020-gamedata.base' owner=1,32,1617431680,2,3921874944 ref=0/0 moved=0 trackedLeft=0
[01:45:53.587] [HOST] INFO: [wd] PICKUP-APPLY id=19 sid='2156-gamedata.base' owner=1,32,1617431680,2,3921874944 ref=0/0 moved=0 trackedLeft=0
[01:45:53.587] [HOST] INFO: [wd] PICKUP-APPLY id=20 sid='2203-gamedata.base' owner=1,32,1617431680,2,3921874944 ref=0/0 moved=0 trackedLeft=0
[01:45:53.587] [HOST] INFO: [wd] PICKUP-APPLY id=21 sid='5346-armor_otto.mod' owner=1,32,1617431680,2,3921874944 ref=0/0 moved=0 trackedLeft=0
[01:45:53.587] [HOST] INFO: [wd] PICKUP-APPLY id=22 sid='549-gamedata.base' owner=1,32,1617431680,2,3921874944 ref=0/0 moved=0 trackedLeft=0
[01:45:53.641] [HOST] INFO: [interp] lerp=31464 extrap=1932 clamp=0 seg=24 single=14 snapSq=0 snapNpc=0 reissueSq=116 reissueNpc=0 restFlip=0 delay=200 jit=128.1 starve=0 snapMid=0 restFlipMid=0
[01:45:53.641] [HOST] INFO: [interp] worstZero hand=1,2796875008 zero=240 active=1570 seg=3116
[01:45:53.967] [HOST] INFO: [inv] APPLY hand=0,2202,11111,2043,1412841856 items=1
[01:45:53.967] [HOST] INFO: [inv] APPLY hand=0,2202,11111,2044,298706048 items=1
[01:45:53.967] [HOST] INFO: [inv] APPLY hand=0,2202,11111,2045,1231811584 items=1
[01:45:53.967] [HOST] INFO: [inv] APPLY hand=0,2202,11111,2050,3628662016 items=0
[01:45:53.967] [HOST] INFO: [inv] APPLY hand=1,32,1617431680,1,2796875008 items=16
[01:45:53.967] [HOST] INFO: [inv] APPLY hand=1,32,1617431680,2,3921874944 items=7
[01:45:54.013] [HOST] INFO: [ai] suspended=2 driven=2
[01:45:54.673] [HOST] INFO: [med] SEND hand=5,1438354432 npc=0 blood=55.9 bleed=0.00 fl=100.0,100.0,30.4,23.6 bd=0.0,0.0,69.6,76.4 flags=1 nparts=7 pmin=23.6 smin=0.0 ls=0,0,0,0
[01:45:55.183] [HOST] INFO: [fac] AFFECT-EV me='1305-gamedata.base' whom='200-gamedata.base' event=1 mult=0.025 after=-42.58 skipped=20
[01:45:55.601] [HOST] INFO: [cam] hints recv n=1 p1=-31041,13339
[01:45:55.785] [HOST] INFO: [cam] center=-31040.8,1677.0,13339.1
[01:45:56.865] [HOST] INFO: [med] SEND hand=5,1438354432 npc=0 blood=56.0 bleed=0.00 fl=100.0,100.0,30.4,23.6 bd=0.0,0.0,69.6,76.4 flags=1 nparts=7 pmin=23.6 smin=0.0 ls=0,0,0,0
[01:45:57.017] [HOST] INFO: [ai] suspended=2 driven=2
[01:45:57.980] [HOST] INFO: [fac] AFFECT-EV me='200-gamedata.base' whom='1305-gamedata.base' event=1 mult=0.025 after=-62.50 skipped=7
[01:45:58.596] [HOST] INFO: [stats] RECV hand=1,2796875008 ok=1 str=35.4 dex=30.6 tough=30.9 stealth=1.0 athl=47.5 xp=0
[01:45:58.596] [HOST] INFO: [stats] RECV hand=2,3921874944 ok=1 str=34.2 dex=24.2 tough=27.0 stealth=1.0 athl=39.8 xp=0
[01:45:58.646] [HOST] INFO: [interp] lerp=32699 extrap=1946 clamp=0 seg=41 single=14 snapSq=0 snapNpc=0 reissueSq=116 reissueNpc=0 restFlip=0 delay=200 jit=14.6 starve=0 snapMid=0 restFlipMid=0
[01:45:58.646] [HOST] INFO: [interp] worstZero hand=1,2796875008 zero=240 active=1570 seg=86
[01:45:58.952] [HOST] INFO: [inv] APPLY hand=0,2202,11111,2043,1412841856 items=1
[01:45:58.952] [HOST] INFO: [inv] APPLY hand=0,2202,11111,2044,298706048 items=1
[01:45:58.952] [HOST] INFO: [inv] APPLY hand=0,2202,11111,2045,1231811584 items=1
[01:45:58.952] [HOST] INFO: [inv] APPLY hand=0,2202,11111,2050,3628662016 items=0
[01:45:58.952] [HOST] INFO: [inv] APPLY hand=1,32,1617431680,1,2796875008 items=16
[01:45:58.952] [HOST] INFO: [inv] APPLY hand=1,32,1617431680,2,3921874944 items=7
[01:45:59.001] [HOST] INFO: [med] SEND hand=1,1051391616 npc=0 blood=95.5 bleed=0.00 fl=90.5,93.4,61.8,-52.2 bd=9.5,6.6,38.2,152.2 flags=1 nparts=7 pmin=61.8 smin=0.0 ls=0,0,0,0
[01:46:00.024] [HOST] INFO: [ai] suspended=2 driven=2
[01:46:00.719] [HOST] INFO: [cam] hints recv n=1 p1=-31665,10723
[01:46:00.782] [HOST] INFO: [cam] center=-31040.8,1677.0,13339.1
[01:46:01.738] [HOST] INFO: [carry] RECV PICKUP id=1 carrier=1,2041992192 carried=1,1051391616 ok=1
[01:46:01.738] [HOST] INFO: [event] RECV id=1 ev=6 owner=2 hand=1,1,912109376,1,1051391616 actor=1,2041992192
[01:46:01.738] [HOST] INFO: [carry] RECV PICKUP id=2 carrier=2,1846801792 carried=5,1438354432 ok=1
[01:46:01.738] [HOST] INFO: [event] RECV id=2 ev=6 owner=2 hand=1,1,912109376,5,1438354432 actor=2,1846801792
[01:46:01.738] [HOST] INFO: [stats] RECV hand=1,2041992192 ok=1 str=33.4 dex=48.6 tough=43.2 stealth=1.3 athl=37.4 xp=0
[01:46:01.738] [HOST] INFO: [stats] RECV hand=2,1846801792 ok=1 str=41.9 dex=44.9 tough=44.5 stealth=1.4 athl=57.2 xp=0
[01:46:01.738] [HOST] INFO: [speed] REQ RECV owner=2 mult=1.00 paused=0 combat=0
[01:46:01.739] [HOST] INFO: [life] hand=1,33,1114624000,1,2041992192 from=UNKNOWN to=HI reason=drive
[01:46:01.739] [HOST] INFO: [life] hand=1,33,1114624000,2,1846801792 from=UNKNOWN to=HI reason=drive
[01:46:01.739] [HOST] INFO: [wd] PICKUP-APPLY id=1 sid='2148-gamedata.base' owner=1,33,1114624000,1,2041992192 ref=0/0 moved=0 trackedLeft=0
[01:46:01.739] [HOST] INFO: [wd] PICKUP-APPLY id=2 sid='2159-gamedata.base' owner=1,33,1114624000,1,2041992192 ref=0/0 moved=0 trackedLeft=0
[01:46:01.739] [HOST] INFO: [wd] PICKUP-APPLY id=3 sid='2202-gamedata.base' owner=1,33,1114624000,1,2041992192 ref=0/0 moved=0 trackedLeft=0
[01:46:01.739] [HOST] INFO: [wd] PICKUP-APPLY id=4 sid='2212-gamedata.base' owner=1,33,1114624000,1,2041992192 ref=0/0 moved=0 trackedLeft=0
[01:46:01.739] [HOST] INFO: [wd] PICKUP-APPLY id=5 sid='476-gamedata.base' owner=1,33,1114624000,1,2041992192 ref=0/0 moved=0 trackedLeft=0
[01:46:01.739] [HOST] INFO: [wd] PICKUP-APPLY id=6 sid='556-gamedata.base' owner=1,33,1114624000,1,2041992192 ref=0/0 moved=0 trackedLeft=0
[01:46:01.739] [HOST] INFO: [wd] PICKUP-APPLY id=7 sid='1169-gamedata.base' owner=1,33,1114624000,2,1846801792 ref=0/0 moved=0 trackedLeft=0
[01:46:01.739] [HOST] INFO: [wd] PICKUP-APPLY id=8 sid='2148-gamedata.base' owner=1,33,1114624000,2,1846801792 ref=0/0 moved=0 trackedLeft=0
[01:46:01.739] [HOST] INFO: [wd] PICKUP-APPLY id=9 sid='2159-gamedata.base' owner=1,33,1114624000,2,1846801792 ref=0/0 moved=0 trackedLeft=0
[01:46:01.739] [HOST] INFO: [wd] PICKUP-APPLY id=10 sid='2202-gamedata.base' owner=1,33,1114624000,2,1846801792 ref=0/0 moved=0 trackedLeft=0
[01:46:01.739] [HOST] INFO: [wd] PICKUP-APPLY id=11 sid='475-gamedata.base' owner=1,33,1114624000,2,1846801792 ref=0/0 moved=0 trackedLeft=0
[01:46:01.739] [HOST] INFO: [wd] PICKUP-APPLY id=12 sid='549-gamedata.base' owner=1,33,1114624000,2,1846801792 ref=0/0 moved=0 trackedLeft=0
[01:46:01.981] [HOST] INFO: [census] sent n=83 radius=2000 mid=48
[01:46:02.253] [HOST] INFO: [inv] APPLY hand=0,2202,11111,2043,1412841856 items=1
[01:46:02.253] [HOST] INFO: [inv] APPLY hand=0,2202,11111,2044,298706048 items=1
[01:46:02.253] [HOST] INFO: [inv] APPLY hand=0,2202,11111,2045,1231811584 items=1
[01:46:02.253] [HOST] INFO: [inv] APPLY hand=0,2202,11111,2050,3628662016 items=0
[01:46:02.267] [HOST] INFO: [inv] APPLY hand=1,33,1114624000,1,2041992192 items=19
[01:46:02.267] [HOST] INFO: [inv] APPLY hand=1,33,1114624000,2,1846801792 items=18
[01:46:03.026] [HOST] INFO: [ai] suspended=4 driven=4
[01:46:03.279] [HOST] INFO: [med] SEND hand=5,1438354432 npc=0 blood=56.3 bleed=0.00 fl=100.0,100.0,30.5,23.7 bd=0.0,0.0,69.5,76.3 flags=1 nparts=7 pmin=23.7 smin=0.0 ls=0,0,0,0
[01:46:03.619] [HOST] INFO: [stats] RECV hand=1,2796875008 ok=1 str=35.4 dex=30.6 tough=30.9 stealth=1.0 athl=47.5 xp=0
[01:46:03.619] [HOST] INFO: [stats] RECV hand=2,3921874944 ok=1 str=34.2 dex=24.2 tough=27.0 stealth=1.0 athl=39.8 xp=0
[01:46:03.649] [HOST] INFO: [interp] lerp=34331 extrap=2220 clamp=0 seg=41 single=56 snapSq=0 snapNpc=0 reissueSq=116 reissueNpc=0 restFlip=0 delay=200 jit=61.4 starve=0 snapMid=0 restFlipMid=0
[01:46:03.649] [HOST] INFO: [interp] worstZero hand=1,2796875008 zero=240 active=1570 seg=71
[01:46:03.685] [HOST] INFO: [med] SEND hand=5,1438354432 npc=0 blood=56.3 bleed=0.00 fl=100.0,100.0,30.5,23.7 bd=0.0,0.0,69.5,76.3 flags=1 nparts=7 pmin=23.7 smin=0.0 ls=0,0,0,0
[01:46:03.966] [HOST] INFO: [inv] APPLY hand=0,2202,11111,2043,1412841856 items=1
[01:46:03.966] [HOST] INFO: [inv] APPLY hand=0,2202,11111,2044,298706048 items=1
[01:46:03.966] [HOST] INFO: [inv] APPLY hand=0,2202,11111,2045,1231811584 items=1
[01:46:03.966] [HOST] INFO: [inv] APPLY hand=0,2202,11111,2050,3628662016 items=0
[01:46:03.966] [HOST] INFO: [inv] APPLY hand=1,32,1617431680,1,2796875008 items=16
[01:46:03.966] [HOST] INFO: [inv] APPLY hand=1,32,1617431680,2,3921874944 items=7
[01:46:05.746] [HOST] INFO: [cam] hints recv n=2 p1=-31665,10723 p2=-31041,13339
[01:46:05.784] [HOST] INFO: [cam] center=-31040.8,1677.0,13339.1
[01:46:06.034] [HOST] INFO: [ai] suspended=4 driven=4
[01:46:06.218] [HOST] INFO: [med] SEND hand=1,1051391616 npc=0 blood=95.5 bleed=0.00 fl=90.6,93.5,61.9,-52.1 bd=9.4,6.5,38.1,152.1 flags=1 nparts=7 pmin=61.9 smin=0.0 ls=0,0,0,0
[01:46:07.266] [HOST] INFO: [med] SEND hand=5,1438354432 npc=0 blood=56.5 bleed=0.00 fl=100.0,100.0,30.6,23.8 bd=0.0,0.0,69.4,76.2 flags=1 nparts=7 pmin=23.8 smin=0.0 ls=0,0,0,0
[01:46:07.363] [HOST] INFO: [inv] APPLY hand=0,2202,11111,2043,1412841856 items=1
[01:46:07.363] [HOST] INFO: [inv] APPLY hand=0,2202,11111,2044,298706048 items=1
[01:46:07.363] [HOST] INFO: [inv] APPLY hand=0,2202,11111,2045,1231811584 items=1
[01:46:07.363] [HOST] INFO: [inv] APPLY hand=0,2202,11111,2050,3628662016 items=0
[01:46:07.370] [HOST] INFO: [stats] RECV hand=1,2041992192 ok=1 str=33.4 dex=48.6 tough=43.2 stealth=1.3 athl=37.4 xp=0
[01:46:07.370] [HOST] INFO: [stats] RECV hand=2,1846801792 ok=1 str=41.9 dex=44.9 tough=44.5 stealth=1.4 athl=57.2 xp=0
[01:46:07.371] [HOST] INFO: [inv] APPLY hand=1,33,1114624000,1,2041992192 items=19
[01:46:07.371] [HOST] INFO: [inv] APPLY hand=1,33,1114624000,2,1846801792 items=18
[01:46:07.899] [HOST] INFO: [snap] squad hand=1,2041992192 name='ZACH' gap=121.0 gate=120.7 srcVel=116.2 cSpeed=36.7 mult=1.00 slew=1.00 dest=1 skipped=0
[01:46:08.137] [HOST] INFO: [spawn] INFO send hand=1,5,571166976,1,186401360 found=0 dead=0 age=0.00 sid='' fac=''
[01:46:08.651] [HOST] INFO: [interp] lerp=36047 extrap=3010 clamp=0 seg=83 single=56 snapSq=2 snapNpc=0 reissueSq=136 reissueNpc=0 restFlip=0 delay=200 jit=117.3 starve=0 snapMid=0 restFlipMid=0
[01:46:08.651] [HOST] INFO: [interp] worstZero hand=1,2796875008 zero=240 active=1570 seg=515
[01:46:08.670] [HOST] INFO: [stats] RECV hand=1,2796875008 ok=1 str=35.4 dex=30.6 tough=30.9 stealth=1.0 athl=47.5 xp=0
[01:46:08.670] [HOST] INFO: [stats] RECV hand=2,3921874944 ok=1 str=34.2 dex=24.2 tough=27.0 stealth=1.0 athl=39.8 xp=0
[01:46:08.973] [HOST] INFO: [inv] APPLY hand=0,2202,11111,2043,1412841856 items=1
[01:46:08.973] [HOST] INFO: [inv] APPLY hand=0,2202,11111,2044,298706048 items=1
[01:46:08.973] [HOST] INFO: [inv] APPLY hand=0,2202,11111,2045,1231811584 items=1
[01:46:08.973] [HOST] INFO: [inv] APPLY hand=0,2202,11111,2050,3628662016 items=0
[01:46:08.973] [HOST] INFO: [inv] APPLY hand=1,32,1617431680,2,3921874944 items=7
[01:46:09.038] [HOST] INFO: [ai] suspended=4 driven=4
[01:46:09.195] [HOST] INFO: [med] SEND hand=1,1051391616 npc=0 blood=95.5 bleed=0.00 fl=90.7,93.5,62.0,-52.0 bd=9.3,6.5,38.0,152.0 flags=1 nparts=7 pmin=62.0 smin=0.0 ls=0,0,0,0
[01:46:09.902] [HOST] INFO: [stats] RECV hand=2,1846801792 ok=1 str=41.9 dex=44.9 tough=44.5 stealth=1.4 athl=57.2 xp=0
[01:46:10.346] [HOST] INFO: [stats] RECV hand=1,2041992192 ok=1 str=33.5 dex=48.6 tough=43.2 stealth=1.3 athl=37.4 xp=0
[01:46:10.782] [HOST] INFO: [cam] center=-31007.3,1663.1,13142.2
[01:46:11.207] [HOST] INFO: [med] SEND hand=1,1051391616 npc=0 blood=95.5 bleed=0.00 fl=90.7,93.6,62.0,-52.0 bd=9.3,6.4,38.0,152.0 flags=1 nparts=7 pmin=62.0 smin=0.0 ls=0,0,0,0
[01:46:11.303] [HOST] INFO: [cam] hints recv n=2 p1=-31665,10723 p2=-31215,13017
[01:46:11.608] [HOST] INFO: [med] SEND hand=1,1051391616 npc=0 blood=95.5 bleed=0.00 fl=90.7,93.6,62.0,-52.0 bd=9.3,6.4,38.0,152.0 flags=1 nparts=7 pmin=62.0 smin=0.0 ls=0,0,0,0
[01:46:12.032] [HOST] INFO: [census] sent n=82 radius=2000 mid=48
[01:46:12.041] [HOST] INFO: [ai] suspended=4 driven=4
[01:46:12.596] [HOST] INFO: [inv] APPLY hand=0,2202,11111,2043,1412841856 items=1
[01:46:12.596] [HOST] INFO: [inv] APPLY hand=0,2202,11111,2044,298706048 items=1
[01:46:12.596] [HOST] INFO: [inv] APPLY hand=0,2202,11111,2045,1231811584 items=1
[01:46:12.596] [HOST] INFO: [inv] APPLY hand=0,2202,11111,2050,3628662016 items=0
[01:46:12.606] [HOST] INFO: [inv] APPLY hand=1,33,1114624000,1,2041992192 items=19
[01:46:12.606] [HOST] INFO: [inv] APPLY hand=1,33,1114624000,2,1846801792 items=18
[01:46:12.804] [HOST] INFO: [snap] squad hand=1,2041992192 name='ZACH' gap=193.9 gate=118.9 srcVel=122.2 cSpeed=62.1 mult=1.00 slew=1.00 dest=1 skipped=1
[01:46:13.657] [HOST] INFO: [interp] lerp=37412 extrap=3646 clamp=0 seg=186 single=56 snapSq=4 snapNpc=0 reissueSq=164 reissueNpc=0 restFlip=0 delay=200 jit=132.1 starve=0 snapMid=0 restFlipMid=0
[01:46:13.657] [HOST] INFO: [interp] worstZero hand=1,2796875008 zero=240 active=1570 seg=77
[01:46:13.932] [HOST] INFO: [stats] RECV hand=1,2796875008 ok=1 str=35.4 dex=30.6 tough=30.9 stealth=1.0 athl=47.5 xp=0
[01:46:13.934] [HOST] INFO: [stats] RECV hand=2,3921874944 ok=1 str=34.2 dex=24.2 tough=27.0 stealth=1.0 athl=39.8 xp=0
[01:46:14.021] [HOST] INFO: [inv] APPLY hand=0,2202,11111,2043,1412841856 items=1
[01:46:14.021] [HOST] INFO: [inv] APPLY hand=0,2202,11111,2044,298706048 items=1
[01:46:14.021] [HOST] INFO: [inv] APPLY hand=0,2202,11111,2045,1231811584 items=1
[01:46:14.021] [HOST] INFO: [inv] APPLY hand=0,2202,11111,2050,3628662016 items=0
[01:46:14.021] [HOST] INFO: [inv] APPLY hand=1,32,1617431680,2,3921874944 items=7
[01:46:14.552] [HOST] INFO: [stats] RECV hand=1,2041992192 ok=1 str=33.5 dex=48.6 tough=43.2 stealth=1.3 athl=37.5 xp=0
[01:46:14.553] [HOST] INFO: [snap] squad hand=2,1846801792 name='Old Soldier' gap=136.4 gate=136.3 srcVel=155.6 cSpeed=77.7 mult=1.00 slew=1.00 dest=1 skipped=1
[01:46:15.047] [HOST] INFO: [ai] suspended=4 driven=4
[01:46:15.097] [HOST] INFO: [med] SEND hand=5,1438354432 npc=0 blood=56.9 bleed=0.00 fl=100.0,100.0,30.7,23.9 bd=0.0,0.0,69.3,76.1 flags=1 nparts=7 pmin=23.9 smin=0.0 ls=0,0,0,0
[01:46:15.198] [HOST] INFO: [stats] RECV hand=2,1846801792 ok=1 str=41.9 dex=44.9 tough=44.5 stealth=1.4 athl=57.3 xp=0
[01:46:15.500] [HOST] INFO: [stats] RECV hand=1,2041992192 ok=1 str=33.5 dex=48.6 tough=43.2 stealth=1.3 athl=37.5 xp=0
[01:46:15.781] [HOST] INFO: [cam] center=-31089.5,1676.6,12548.7
[01:46:15.974] [HOST] INFO: [stats] RECV hand=2,1846801792 ok=1 str=41.9 dex=44.9 tough=44.5 stealth=1.4 athl=57.3 xp=0
[01:46:16.320] [HOST] INFO: [snap] squad hand=1,2041992192 name='ZACH' gap=107.0 gate=105.1 srcVel=120.7 cSpeed=60.4 mult=1.00 slew=1.00 dest=1 skipped=1
[01:46:16.546] [HOST] INFO: [inv] APPLY hand=1,32,1617431680,1,2796875008 items=8
[01:46:16.774] [HOST] INFO: [cam] hints recv n=2 p1=-31665,10723 p2=-31233,12525
[01:46:17.447] [HOST] INFO: [inv] APPLY hand=0,2202,11111,2043,1412841856 items=1
[01:46:17.447] [HOST] INFO: [inv] APPLY hand=0,2202,11111,2044,298706048 items=1
[01:46:17.447] [HOST] INFO: [inv] APPLY hand=0,2202,11111,2045,1231811584 items=1
[01:46:17.447] [HOST] INFO: [inv] APPLY hand=0,2202,11111,2050,3628662016 items=0
[01:46:17.447] [HOST] INFO: [inv] APPLY hand=1,33,1114624000,1,2041992192 items=19
[01:46:17.447] [HOST] INFO: [inv] APPLY hand=1,33,1114624000,2,1846801792 items=18
[01:46:17.648] [HOST] INFO: [med] SEND hand=5,1438354432 npc=0 blood=57.0 bleed=0.00 fl=100.0,100.0,30.7,23.9 bd=0.0,0.0,69.3,76.1 flags=1 nparts=7 pmin=23.9 smin=0.0 ls=0,0,0,0
[01:46:18.054] [HOST] INFO: [ai] suspended=4 driven=4
[01:46:18.514] [HOST] INFO: [snap] squad hand=1,2041992192 name='ZACH' gap=147.9 gate=131.6 srcVel=125.7 cSpeed=61.9 mult=1.00 slew=1.00 dest=1 skipped=1
[01:46:18.657] [HOST] INFO: [interp] lerp=39318 extrap=4176 clamp=0 seg=338 single=56 snapSq=9 snapNpc=0 reissueSq=220 reissueNpc=0 restFlip=0 delay=200 jit=135.1 starve=0 snapMid=0 restFlipMid=0
[01:46:18.657] [HOST] INFO: [interp] worstZero hand=1,2796875008 zero=240 active=1570 seg=77
[01:46:18.751] [HOST] INFO: [med] SEND hand=1,1051391616 npc=0 blood=95.5 bleed=0.00 fl=90.8,93.7,62.1,-51.9 bd=9.2,6.3,37.9,151.9 flags=1 nparts=7 pmin=62.1 smin=0.0 ls=0,0,0,0
[01:46:18.837] [HOST] INFO: [stats] RECV hand=1,2796875008 ok=1 str=35.4 dex=30.6 tough=30.9 stealth=1.0 athl=47.5 xp=0
[01:46:18.837] [HOST] INFO: [stats] RECV hand=2,3921874944 ok=1 str=34.2 dex=24.2 tough=27.0 stealth=1.0 athl=39.8 xp=0
[01:46:18.983] [HOST] INFO: [inv] APPLY hand=0,2202,11111,2043,1412841856 items=1
[01:46:18.983] [HOST] INFO: [inv] APPLY hand=0,2202,11111,2044,298706048 items=1
[01:46:18.983] [HOST] INFO: [inv] APPLY hand=0,2202,11111,2045,1231811584 items=1
[01:46:18.983] [HOST] INFO: [inv] APPLY hand=0,2202,11111,2050,3628662016 items=0
[01:46:18.983] [HOST] INFO: [inv] APPLY hand=1,32,1617431680,2,3921874944 items=7
[01:46:19.081] [HOST] INFO: [stats] RECV hand=2,1846801792 ok=1 str=41.9 dex=44.9 tough=44.5 stealth=1.4 athl=57.3 xp=0
[01:46:19.156] [HOST] INFO: [med] SEND hand=1,1051391616 npc=0 blood=95.5 bleed=0.00 fl=90.8,93.7,62.1,-51.9 bd=9.2,6.3,37.9,151.9 flags=1 nparts=7 pmin=62.1 smin=0.0 ls=0,0,0,0
[01:46:19.768] [HOST] INFO: [stats] RECV hand=1,2041992192 ok=1 str=33.6 dex=48.6 tough=43.2 stealth=1.3 athl=37.6 xp=0
[01:46:20.283] [HOST] INFO: [snap] squad hand=1,2041992192 name='ZACH' gap=107.2 gate=103.1 srcVel=119.6 cSpeed=60.3 mult=1.00 slew=1.00 dest=1 skipped=0
[01:46:20.786] [HOST] INFO: [cam] center=-31267.3,1609.1,11929.8
[01:46:21.059] [HOST] INFO: [med] SEND hand=5,1438354432 npc=0 blood=57.2 bleed=0.00 fl=100.0,100.0,30.8,24.0 bd=0.0,0.0,69.2,76.0 flags=1 nparts=7 pmin=24.0 smin=0.0 ls=0,0,0,0
[01:46:21.061] [HOST] INFO: [ai] suspended=4 driven=4
[01:46:21.414] [HOST] INFO: [stats] RECV hand=2,3921874944 ok=1 str=34.2 dex=24.2 tough=27.0 stealth=1.0 athl=39.8 xp=0
[01:46:21.555] [HOST] INFO: [med] SEND hand=5,1438354432 npc=0 blood=57.2 bleed=0.00 fl=100.0,100.0,30.8,24.0 bd=0.0,0.0,69.2,76.0 flags=1 nparts=7 pmin=24.0 smin=0.0 ls=0,0,0,0
[01:46:21.617] [HOST] INFO: [inv] APPLY hand=1,32,1617431680,1,2796875008 items=8
[01:46:21.795] [HOST] INFO: [cam] hints recv n=2 p1=-31665,10723 p2=-31302,12387
[01:46:21.945] [HOST] INFO: [snap] squad hand=2,3921874944 name='Osafi' gap=47.3 gate=47.1 srcVel=45.2 cSpeed=37.5 mult=1.00 slew=1.00 dest=1 skipped=1
[01:46:21.989] [HOST] INFO: [inv] APPLY hand=0,2202,11111,2043,1412841856 items=1
[01:46:21.989] [HOST] INFO: [inv] APPLY hand=0,2202,11111,2044,298706048 items=1
[01:46:21.989] [HOST] INFO: [inv] APPLY hand=0,2202,11111,2045,1231811584 items=1
[01:46:21.989] [HOST] INFO: [inv] APPLY hand=0,2202,11111,2050,3628662016 items=0
[01:46:21.999] [HOST] INFO: [inv] APPLY hand=1,33,1114624000,1,2041992192 items=19
[01:46:21.999] [HOST] INFO: [inv] APPLY hand=1,33,1114624000,2,1846801792 items=18
[01:46:22.081] [HOST] INFO: [census] sent n=72 radius=2000 mid=37
[01:46:22.248] [HOST] INFO: [snap] squad hand=2,1846801792 name='Old Soldier' gap=108.9 gate=102.2 srcVel=110.5 cSpeed=78.0 mult=1.00 slew=1.00 dest=1 skipped=0
[01:46:22.512] [HOST] INFO: [inv] APPLY hand=1,32,1617431680,2,3921874944 items=8
[01:46:23.664] [HOST] INFO: [interp] lerp=41161 extrap=4676 clamp=0 seg=359 single=56 snapSq=14 snapNpc=0 reissueSq=340 reissueNpc=0 restFlip=0 delay=200 jit=119.2 starve=0 snapMid=0 restFlipMid=0
[01:46:23.664] [HOST] INFO: [interp] worstZero hand=1,2796875008 zero=240 active=1570 seg=75
[01:46:23.818] [HOST] INFO: [stats] RECV hand=1,2796875008 ok=1 str=35.4 dex=30.6 tough=30.9 stealth=1.0 athl=47.5 xp=0
[01:46:23.981] [HOST] INFO: [stats] RECV hand=2,1846801792 ok=1 str=41.9 dex=44.9 tough=44.5 stealth=1.4 athl=57.4 xp=0
[01:46:23.982] [HOST] INFO: [inv] APPLY hand=0,2202,11111,2043,1412841856 items=1
[01:46:23.982] [HOST] INFO: [inv] APPLY hand=0,2202,11111,2044,298706048 items=1
[01:46:23.982] [HOST] INFO: [inv] APPLY hand=0,2202,11111,2045,1231811584 items=1
[01:46:23.982] [HOST] INFO: [inv] APPLY hand=0,2202,11111,2050,3628662016 items=0
[01:46:24.070] [HOST] INFO: [ai] suspended=4 driven=4
[01:46:24.621] [HOST] INFO: [inv] APPLY hand=1,32,1617431680,2,3921874944 items=9
[01:46:24.716] [HOST] INFO: [stats] RECV hand=1,2041992192 ok=1 str=33.6 dex=48.6 tough=43.2 stealth=1.3 athl=37.7 xp=0
[01:46:24.978] [HOST] INFO: [inv] APPLY hand=1,32,1617431680,2,3921874944 items=10
[01:46:25.416] [HOST] INFO: [inv] APPLY hand=1,32,1617431680,2,3921874944 items=11
[01:46:25.423] [HOST] INFO: [inv] SEND hand=0,2202,11111,162,1678588928 kind=0 key=0,2202,11111,162,1678588928 items=0 hash=0
[01:46:25.783] [HOST] INFO: [cam] center=-31410.4,1670.7,11584.0
[01:46:26.023] [HOST] INFO: [inv] APPLY hand=0,2202,11111,162,1678588928 items=0
[01:46:26.181] [HOST] INFO: [snap] squad hand=1,2041992192 name='ZACH' gap=65.4 gate=63.3 srcVel=68.0 cSpeed=59.3 mult=1.00 slew=1.00 dest=1 skipped=1
[01:46:26.325] [HOST] INFO: [inv] APPLY hand=1,32,1617431680,2,3921874944 items=12
[01:46:26.383] [HOST] INFO: [stats] RECV hand=2,3921874944 ok=1 str=34.2 dex=24.2 tough=27.0 stealth=1.0 athl=39.8 xp=0
[01:46:26.539] [HOST] INFO: [inv] APPLY hand=1,32,1617431680,1,2796875008 items=8
[01:46:26.899] [HOST] INFO: [cam] hints recv n=2 p1=-31665,10723 p2=-31696,10863
[01:46:26.906] [HOST] INFO: [stats] RECV hand=1,2041992192 ok=1 str=33.6 dex=48.6 tough=43.2 stealth=1.3 athl=37.7 xp=0
[01:46:26.991] [HOST] INFO: [inv] APPLY hand=0,2202,11111,2043,1412841856 items=1
[01:46:26.991] [HOST] INFO: [inv] APPLY hand=0,2202,11111,2044,298706048 items=1
[01:46:26.991] [HOST] INFO: [inv] APPLY hand=0,2202,11111,2045,1231811584 items=1
[01:46:26.991] [HOST] INFO: [inv] APPLY hand=0,2202,11111,2050,3628662016 items=0
[01:46:27.001] [HOST] INFO: [inv] APPLY hand=1,33,1114624000,1,2041992192 items=19
[01:46:27.001] [HOST] INFO: [inv] APPLY hand=1,33,1114624000,2,1846801792 items=18
[01:46:27.076] [HOST] INFO: [ai] suspended=4 driven=4
[01:46:27.272] [HOST] INFO: [stats] RECV hand=1,2041992192 ok=1 str=33.6 dex=48.6 tough=43.2 stealth=1.3 athl=37.7 xp=0
[01:46:27.375] [HOST] INFO: [inv] APPLY hand=1,32,1617431680,2,3921874944 items=13
[01:46:27.773] [HOST] INFO: [inv] APPLY hand=1,32,1617431680,2,3921874944 items=14
[01:46:27.971] [HOST] INFO: [med] SEND hand=5,1438354432 npc=0 blood=57.5 bleed=0.00 fl=100.0,100.0,30.9,24.1 bd=0.0,0.0,69.1,75.9 flags=1 nparts=7 pmin=24.1 smin=0.0 ls=0,0,0,0
[01:46:28.340] [HOST] INFO: [inv] APPLY hand=1,32,1617431680,2,3921874944 items=15
[01:46:28.375] [HOST] INFO: [med] SEND hand=5,1438354432 npc=0 blood=57.5 bleed=0.00 fl=100.0,100.0,30.9,24.1 bd=0.0,0.0,69.1,75.9 flags=1 nparts=7 pmin=24.1 smin=0.0 ls=0,0,0,0
[01:46:28.653] [HOST] INFO: [stats] RECV hand=1,2796875008 ok=1 str=35.4 dex=30.6 tough=30.9 stealth=1.0 athl=47.5 xp=0
[01:46:28.671] [HOST] INFO: [interp] lerp=42839 extrap=5224 clamp=0 seg=453 single=56 snapSq=16 snapNpc=0 reissueSq=401 reissueNpc=0 restFlip=0 delay=200 jit=61.4 starve=0 snapMid=0 restFlipMid=0
[01:46:28.671] [HOST] INFO: [interp] worstZero hand=1,2796875008 zero=240 active=1570 seg=161
[01:46:29.108] [HOST] INFO: [inv] APPLY hand=0,2202,11111,2043,1412841856 items=1
[01:46:29.108] [HOST] INFO: [inv] APPLY hand=0,2202,11111,2044,298706048 items=1
[01:46:29.108] [HOST] INFO: [inv] APPLY hand=0,2202,11111,2045,1231811584 items=1
[01:46:29.108] [HOST] INFO: [inv] APPLY hand=0,2202,11111,2050,3628662016 items=0
[01:46:29.115] [HOST] INFO: [stats] RECV hand=2,1846801792 ok=1 str=41.9 dex=44.9 tough=44.5 stealth=1.4 athl=57.4 xp=0
[01:46:29.245] [HOST] INFO: [med] SEND hand=1,1051391616 npc=0 blood=95.5 bleed=0.00 fl=91.0,93.9,62.3,-51.7 bd=9.0,6.1,37.7,151.7 flags=1 nparts=7 pmin=62.3 smin=0.0 ls=0,0,0,0
[01:46:30.080] [HOST] INFO: [ai] suspended=4 driven=4
[01:46:30.243] [HOST] INFO: [stats] RECV hand=2,1846801792 ok=1 str=41.9 dex=44.9 tough=44.5 stealth=1.4 athl=57.4 xp=0
[01:46:30.786] [HOST] INFO: [cam] center=-31524.5,1736.9,11263.3
[01:46:31.386] [HOST] INFO: [stats] RECV hand=2,3921874944 ok=1 str=34.2 dex=24.2 tough=27.0 stealth=1.0 athl=39.8 xp=0
[01:46:31.548] [HOST] INFO: [inv] APPLY hand=1,32,1617431680,1,2796875008 items=8
[01:46:32.016] [HOST] INFO: [inv] APPLY hand=0,2202,11111,2043,1412841856 items=1
[01:46:32.016] [HOST] INFO: [inv] APPLY hand=0,2202,11111,2044,298706048 items=1
[01:46:32.016] [HOST] INFO: [inv] APPLY hand=0,2202,11111,2045,1231811584 items=1
[01:46:32.016] [HOST] INFO: [inv] APPLY hand=0,2202,11111,2050,3628662016 items=0
[01:46:32.034] [HOST] INFO: [inv] APPLY hand=1,33,1114624000,1,2041992192 items=19
[01:46:32.034] [HOST] INFO: [inv] APPLY hand=1,33,1114624000,2,1846801792 items=18
[01:46:32.128] [HOST] INFO: [census] sent n=72 radius=2000 mid=43
[01:46:32.474] [HOST] INFO: [stats] RECV hand=1,2041992192 ok=1 str=33.6 dex=48.6 tough=43.2 stealth=1.3 athl=37.8 xp=0
[01:46:32.725] [HOST] INFO: [cam] hints recv n=2 p1=-31665,10723 p2=-31620,10702
[01:46:33.081] [HOST] INFO: [ai] suspended=4 driven=4
[01:46:33.675] [HOST] INFO: [interp] lerp=44574 extrap=5758 clamp=0 seg=520 single=56 snapSq=16 snapNpc=0 reissueSq=444 reissueNpc=0 restFlip=0 delay=200 jit=94.9 starve=0 snapMid=0 restFlipMid=0
[01:46:33.675] [HOST] INFO: [interp] worstZero hand=1,2796875008 zero=240 active=1570 seg=59
[01:46:33.758] [HOST] INFO: [stats] RECV hand=1,2796875008 ok=1 str=35.4 dex=30.6 tough=30.9 stealth=1.0 athl=47.5 xp=0
[01:46:34.352] [HOST] INFO: [inv] APPLY hand=0,2202,11111,2043,1412841856 items=1
[01:46:34.352] [HOST] INFO: [inv] APPLY hand=0,2202,11111,2044,298706048 items=1
[01:46:34.352] [HOST] INFO: [inv] APPLY hand=0,2202,11111,2045,1231811584 items=1
[01:46:34.352] [HOST] INFO: [inv] APPLY hand=0,2202,11111,2050,3628662016 items=0
[01:46:34.677] [HOST] INFO: [inv] APPLY hand=0,2202,11111,162,1678588928 items=0
[01:46:34.987] [HOST] INFO: [stats] RECV hand=2,1846801792 ok=1 str=41.9 dex=44.9 tough=44.5 stealth=1.4 athl=57.4 xp=0
[01:46:35.438] [HOST] INFO: [inv] APPLY hand=0,2202,11111,162,1678588928 items=0
[01:46:35.592] [HOST] INFO: [stats] RECV hand=1,2041992192 ok=1 str=33.6 dex=48.6 tough=43.2 stealth=1.3 athl=37.8 xp=0
[01:46:35.787] [HOST] INFO: [cam] center=-31633.3,1745.8,10983.8
[01:46:36.086] [HOST] INFO: [ai] suspended=4 driven=4
[01:46:36.452] [HOST] INFO: [med] SEND hand=1,1051391616 npc=0 blood=95.5 bleed=0.00 fl=91.1,94.0,62.4,-51.6 bd=8.9,6.0,37.6,151.6 flags=1 nparts=7 pmin=62.4 smin=0.0 ls=0,0,0,0
[01:46:36.498] [HOST] INFO: [med] SEND hand=5,1438354432 npc=0 blood=57.9 bleed=0.00 fl=100.0,100.0,31.0,24.2 bd=0.0,0.0,69.0,75.8 flags=1 nparts=7 pmin=24.2 smin=0.0 ls=0,0,0,0
[01:46:36.534] [HOST] INFO: [taskkey] key=6 desc='Equipping weapon' repro=0 subject=1
[01:46:36.618] [HOST] INFO: [stats] RECV hand=2,3921874944 ok=1 str=34.2 dex=24.2 tough=27.0 stealth=1.0 athl=39.8 xp=0
[01:46:36.619] [HOST] INFO: [inv] APPLY hand=1,32,1617431680,1,2796875008 items=8
[01:46:36.905] [HOST] INFO: [med] SEND hand=5,1438354432 npc=0 blood=57.9 bleed=0.00 fl=100.0,100.0,31.0,24.2 bd=0.0,0.0,69.0,75.8 flags=1 nparts=7 pmin=24.2 smin=0.0 ls=0,0,0,0
[01:46:37.022] [HOST] INFO: [inv] APPLY hand=0,2202,11111,2043,1412841856 items=1
[01:46:37.022] [HOST] INFO: [inv] APPLY hand=0,2202,11111,2044,298706048 items=1
[01:46:37.022] [HOST] INFO: [inv] APPLY hand=0,2202,11111,2045,1231811584 items=1
[01:46:37.022] [HOST] INFO: [inv] APPLY hand=0,2202,11111,2050,3628662016 items=0
[01:46:37.022] [HOST] INFO: [inv] APPLY hand=1,33,1114624000,1,2041992192 items=19
[01:46:37.022] [HOST] INFO: [inv] APPLY hand=1,33,1114624000,2,1846801792 items=18
[01:46:37.131] [HOST] INFO: [fac] AFFECT-EV me='1305-gamedata.base' whom='1084-gamedata.base' event=8 mult=0.025 after=-9.71 skipped=0
[01:46:37.868] [HOST] INFO: [cam] hints recv n=2 p1=-31665,10723 p2=-31619,10821
[01:46:38.464] [HOST] INFO: [med] SEND hand=5,1438354432 npc=0 blood=58.0 bleed=0.00 fl=100.0,100.0,31.0,24.3 bd=0.0,0.0,69.0,75.7 flags=1 nparts=7 pmin=24.3 smin=0.0 ls=0,0,0,0
[01:46:38.683] [HOST] INFO: [interp] lerp=46574 extrap=6158 clamp=0 seg=520 single=56 snapSq=16 snapNpc=0 reissueSq=491 reissueNpc=0 restFlip=0 delay=200 jit=92.7 starve=0 snapMid=0 restFlipMid=0
[01:46:38.683] [HOST] INFO: [interp] worstZero hand=1,2796875008 zero=240 active=1570 seg=318
[01:46:38.698] [HOST] INFO: [stats] RECV hand=1,2796875008 ok=1 str=35.4 dex=30.6 tough=30.9 stealth=1.0 athl=47.5 xp=0
[01:46:38.699] [HOST] INFO: [inv] APPLY hand=1,32,1617431680,2,3921874944 items=8
[01:46:38.999] [HOST] INFO: [inv] APPLY hand=0,2202,11111,2043,1412841856 items=1
[01:46:38.999] [HOST] INFO: [inv] APPLY hand=0,2202,11111,2044,298706048 items=1
[01:46:38.999] [HOST] INFO: [inv] APPLY hand=0,2202,11111,2045,1231811584 items=1
[01:46:38.999] [HOST] INFO: [inv] APPLY hand=0,2202,11111,2050,3628662016 items=0
[01:46:39.094] [HOST] INFO: [ai] suspended=4 driven=4
[01:46:39.434] [HOST] INFO: [med] SEND hand=1,1051391616 npc=0 blood=95.5 bleed=0.00 fl=91.2,94.0,62.5,-51.5 bd=8.8,6.0,37.5,151.5 flags=1 nparts=7 pmin=62.5 smin=0.0 ls=0,0,0,0
[01:46:40.076] [HOST] INFO: [stats] RECV hand=2,1846801792 ok=1 str=41.9 dex=44.9 tough=44.5 stealth=1.4 athl=57.4 xp=0
[01:46:40.380] [HOST] INFO: [inv] APPLY hand=1,32,1617431680,2,3921874944 items=7
[01:46:40.525] [HOST] INFO: [stats] RECV hand=1,2041992192 ok=1 str=33.7 dex=48.6 tough=43.2 stealth=1.3 athl=37.8 xp=0
[01:46:40.782] [HOST] INFO: [cam] center=-31591.2,1747.1,10732.9
[01:46:41.010] [HOST] INFO: [inv] APPLY hand=1,33,1114624000,1,2041992192 items=20
[01:46:41.245] [HOST] INFO: [wd] APPLY id=1 sid='2159-gamedata.base' owner=1,33,1114624000,1,2041992192 moved=0 pos=-31591.22,1737.01,10733.02 tracked=0
[01:46:41.437] [HOST] INFO: [med] SEND hand=1,1051391616 npc=0 blood=95.5 bleed=0.00 fl=91.2,94.1,62.5,-51.5 bd=8.8,5.9,37.5,151.5 flags=1 nparts=7 pmin=62.5 smin=0.0 ls=0,0,0,0
[01:46:41.517] [HOST] INFO: [inv] APPLY hand=1,33,1114624000,1,2041992192 items=20
[01:46:41.554] [HOST] INFO: [stats] RECV hand=2,3921874944 ok=1 str=34.2 dex=24.2 tough=27.0 stealth=1.0 athl=39.8 xp=0
[01:46:41.555] [HOST] INFO: [inv] APPLY hand=1,32,1617431680,1,2796875008 items=8
[01:46:41.837] [HOST] INFO: [med] SEND hand=1,1051391616 npc=0 blood=95.5 bleed=0.00 fl=91.2,94.1,62.5,-51.5 bd=8.8,5.9,37.5,151.5 flags=1 nparts=7 pmin=62.5 smin=0.0 ls=0,0,0,0
[01:46:42.041] [HOST] INFO: [inv] APPLY hand=0,2202,11111,2043,1412841856 items=1
[01:46:42.041] [HOST] INFO: [inv] APPLY hand=0,2202,11111,2044,298706048 items=1
[01:46:42.041] [HOST] INFO: [inv] APPLY hand=0,2202,11111,2045,1231811584 items=1
[01:46:42.041] [HOST] INFO: [inv] APPLY hand=0,2202,11111,2050,3628662016 items=0
[01:46:42.041] [HOST] INFO: [inv] APPLY hand=1,33,1114624000,2,1846801792 items=18
[01:46:42.097] [HOST] INFO: [ai] suspended=4 driven=4
[01:46:42.159] [HOST] INFO: [census] sent n=72 radius=2000 mid=46
[01:46:42.239] [HOST] INFO: [fac] AFFECT-EV me='1305-gamedata.base' whom='1084-gamedata.base' event=8 mult=0.025 after=-9.71 skipped=124
[01:46:42.919] [HOST] INFO: [cam] hints recv n=2 p1=-31700,10730 p2=-31624,10674
[01:46:43.687] [HOST] INFO: [interp] lerp=48720 extrap=6544 clamp=0 seg=520 single=56 snapSq=16 snapNpc=0 reissueSq=496 reissueNpc=0 restFlip=0 delay=200 jit=90.1 starve=0 snapMid=0 restFlipMid=0
[01:46:43.687] [HOST] INFO: [interp] worstZero hand=1,2796875008 zero=240 active=1570 seg=54
[01:46:43.693] [HOST] INFO: [stats] RECV hand=1,2796875008 ok=1 str=35.4 dex=30.6 tough=30.9 stealth=1.0 athl=47.5 xp=0
[01:46:44.310] [HOST] INFO: [inv] APPLY hand=0,2202,11111,2043,1412841856 items=1
[01:46:44.310] [HOST] INFO: [inv] APPLY hand=0,2202,11111,2044,298706048 items=1
[01:46:44.310] [HOST] INFO: [inv] APPLY hand=0,2202,11111,2045,1231811584 items=1
[01:46:44.310] [HOST] INFO: [inv] APPLY hand=0,2202,11111,2050,3628662016 items=0
[01:46:44.986] [HOST] INFO: [stats] RECV hand=2,1846801792 ok=1 str=41.9 dex=44.9 tough=44.5 stealth=1.4 athl=57.4 xp=0
[01:46:45.018] [HOST] INFO: [speed] REQ RECV owner=1 mult=0.00 paused=1 combat=0
[01:46:45.018] [HOST] INFO: [speed] SET mult=0.00 paused=1 combat=0 (my=1.00 p1=0.00 p2=1.00)
[01:46:45.098] [HOST] INFO: [ai] suspended=4 driven=4
[01:46:45.366] [HOST] INFO: [inv] APPLY hand=1,32,1617431680,2,3921874944 items=7
[01:46:45.609] [HOST] INFO: [stats] RECV hand=1,2041992192 ok=1 str=33.7 dex=48.6 tough=43.2 stealth=1.3 athl=37.8 xp=0
[01:46:45.781] [HOST] INFO: [cam] center=-31591.1,1747.1,10732.6
[01:46:46.072] [HOST] INFO: [snap] squad hand=1,2796875008 name='Evan' gap=18.5 gate=18.3 srcVel=0.0 cSpeed=5.5 mult=0.00 slew=1.00 dest=1 skipped=1
[01:46:46.325] [HOST] INFO: [snap] squad hand=1,2796875008 name='Evan' gap=18.5 gate=13.3 srcVel=0.0 cSpeed=5.5 mult=0.00 slew=1.00 dest=0 skipped=31
[01:46:46.435] [HOST] INFO: [stats] RECV hand=2,3921874944 ok=1 str=34.2 dex=24.2 tough=27.0 stealth=1.0 athl=39.8 xp=0
[01:46:46.435] [HOST] INFO: [speed] REQ RECV owner=1 mult=1.00 paused=0 combat=0
[01:46:46.435] [HOST] INFO: [speed] SET mult=1.00 paused=0 combat=0 (my=1.00 p1=1.00 p2=1.00)
[01:46:46.596] [HOST] INFO: [inv] APPLY hand=1,32,1617431680,1,2796875008 items=8
[01:46:46.752] [HOST] INFO: [inv] APPLY hand=1,33,1114624000,1,2041992192 items=20
[01:46:47.006] [HOST] INFO: [inv] APPLY hand=0,2202,11111,2043,1412841856 items=1
[01:46:47.006] [HOST] INFO: [inv] APPLY hand=0,2202,11111,2044,298706048 items=1
[01:46:47.006] [HOST] INFO: [inv] APPLY hand=0,2202,11111,2050,3628662016 items=0
[01:46:47.006] [HOST] INFO: [inv] APPLY hand=1,33,1114624000,2,1846801792 items=18
[01:46:48.101] [HOST] INFO: [ai] suspended=4 driven=4
[01:46:48.690] [HOST] INFO: [interp] lerp=50684 extrap=7084 clamp=0 seg=520 single=56 snapSq=62 snapNpc=0 reissueSq=503 reissueNpc=0 restFlip=0 delay=200 jit=126.5 starve=0 snapMid=0 restFlipMid=0
[01:46:48.690] [HOST] INFO: [interp] worstZero hand=1,2796875008 zero=422 active=1860 seg=299
[01:46:48.730] [HOST] INFO: [cam] hints recv n=2 p1=-31649,10739 p2=-31624,10674
[01:46:49.228] [HOST] INFO: [stats] RECV hand=1,2796875008 ok=1 str=35.4 dex=30.6 tough=30.9 stealth=1.0 athl=47.5 xp=0
[01:46:49.229] [HOST] INFO: [inv] APPLY hand=0,2202,11111,2043,1412841856 items=1
[01:46:49.229] [HOST] INFO: [inv] APPLY hand=0,2202,11111,2044,298706048 items=1
[01:46:49.229] [HOST] INFO: [inv] APPLY hand=0,2202,11111,2050,3628662016 items=0
[01:46:49.809] [HOST] INFO: [med] SEND hand=5,1438354432 npc=0 blood=58.5 bleed=0.00 fl=100.0,100.0,31.2,24.4 bd=0.0,0.0,68.8,75.6 flags=1 nparts=7 pmin=24.4 smin=0.0 ls=0,0,0,0
[01:46:49.971] [HOST] INFO: [stats] RECV hand=2,1846801792 ok=1 str=41.9 dex=44.9 tough=44.5 stealth=1.4 athl=57.4 xp=0
[01:46:50.300] [HOST] INFO: [med] SEND hand=5,1438354432 npc=0 blood=58.5 bleed=0.00 fl=100.0,100.0,31.2,24.4 bd=0.0,0.0,68.8,75.6 flags=1 nparts=7 pmin=24.4 smin=0.0 ls=0,0,0,0
[01:46:50.366] [HOST] INFO: [inv] APPLY hand=1,32,1617431680,2,3921874944 items=7
[01:46:50.461] [HOST] INFO: [med] SEND hand=1,1051391616 npc=0 blood=95.5 bleed=0.00 fl=91.3,94.2,62.6,-51.4 bd=8.7,5.8,37.4,151.4 flags=1 nparts=7 pmin=62.6 smin=0.0 ls=0,0,0,0
[01:46:50.527] [HOST] INFO: [stats] RECV hand=1,2041992192 ok=1 str=33.7 dex=48.6 tough=43.2 stealth=1.3 athl=37.8 xp=0
[01:46:50.784] [HOST] INFO: [cam] center=-31591.1,1747.1,10732.3
[01:46:50.862] [HOST] INFO: [med] SEND hand=1,1051391616 npc=0 blood=95.5 bleed=0.00 fl=91.3,94.2,62.6,-51.4 bd=8.7,5.8,37.4,151.4 flags=1 nparts=7 pmin=62.6 smin=0.0 ls=0,0,0,0
[01:46:51.104] [HOST] INFO: [ai] suspended=4 driven=4
[01:46:51.371] [HOST] INFO: [inv] APPLY hand=1,32,1617431680,1,2796875008 items=9
[01:46:51.467] [HOST] INFO: [stats] RECV hand=2,3921874944 ok=1 str=34.2 dex=24.2 tough=27.0 stealth=1.0 athl=39.8 xp=0
[01:46:51.564] [HOST] INFO: [inv] APPLY hand=1,33,1114624000,1,2041992192 items=20
[01:46:52.025] [HOST] INFO: [inv] APPLY hand=0,2202,11111,2043,1412841856 items=1
[01:46:52.025] [HOST] INFO: [inv] APPLY hand=0,2202,11111,2044,298706048 items=1
[01:46:52.025] [HOST] INFO: [inv] APPLY hand=0,2202,11111,2050,3628662016 items=0
[01:46:52.025] [HOST] INFO: [inv] APPLY hand=1,33,1114624000,2,1846801792 items=18
[01:46:52.203] [HOST] INFO: [census] sent n=72 radius=2000 mid=48
[01:46:53.041] [HOST] INFO: [inv] APPLY hand=1,32,1617431680,1,2796875008 items=10
[01:46:53.694] [HOST] INFO: [interp] lerp=52562 extrap=7686 clamp=0 seg=520 single=56 snapSq=62 snapNpc=0 reissueSq=505 reissueNpc=0 restFlip=0 delay=200 jit=128.5 starve=0 snapMid=0 restFlipMid=0
[01:46:53.694] [HOST] INFO: [interp] worstZero hand=1,2796875008 zero=427 active=1922 seg=271
[01:46:53.780] [HOST] INFO: [cam] hints recv n=2 p1=-31628,10721 p2=-31624,10674
[01:46:54.101] [HOST] INFO: [stats] RECV hand=1,2796875008 ok=1 str=35.4 dex=30.6 tough=30.9 stealth=1.0 athl=47.5 xp=0
[01:46:54.101] [HOST] INFO: [inv] APPLY hand=0,2202,11111,2043,1412841856 items=1
[01:46:54.101] [HOST] INFO: [inv] APPLY hand=0,2202,11111,2044,298706048 items=1
[01:46:54.101] [HOST] INFO: [inv] APPLY hand=0,2202,11111,2050,3628662016 items=0
[01:46:54.110] [HOST] INFO: [ai] suspended=4 driven=4
[01:46:54.246] [HOST] INFO: [inv] APPLY hand=1,32,1617431680,1,2796875008 items=11
[01:46:54.731] [HOST] INFO: [inv] APPLY hand=1,32,1617431680,1,2796875008 items=12
[01:46:54.979] [HOST] INFO: [stats] RECV hand=2,1846801792 ok=1 str=41.9 dex=44.9 tough=44.5 stealth=1.4 athl=57.4 xp=0
[01:46:55.497] [HOST] INFO: [stats] RECV hand=1,2041992192 ok=1 str=33.7 dex=48.6 tough=43.2 stealth=1.3 athl=37.8 xp=0
[01:46:55.498] [HOST] INFO: [wd] PICKUP-APPLY id=13 sid='2159-gamedata.base' owner=1,33,1114624000,1,2041992192 ref=2/1 moved=0 trackedLeft=0
[01:46:55.763] [HOST] INFO: [inv] APPLY hand=1,32,1617431680,1,2796875008 items=13
[01:46:55.763] [HOST] INFO: [inv] APPLY hand=1,32,1617431680,2,3921874944 items=7
[01:46:55.778] [HOST] INFO: [med] SEND hand=5,1438354432 npc=0 blood=58.8 bleed=0.00 fl=100.0,100.0,31.3,24.5 bd=0.0,0.0,68.7,75.5 flags=1 nparts=7 pmin=24.5 smin=0.0 ls=0,0,0,0
[01:46:55.787] [HOST] INFO: [cam] center=-31591.2,1747.1,10732.9
[01:46:55.861] [HOST] INFO: [inv] APPLY hand=1,33,1114624000,1,2041992192 items=20
[01:46:56.307] [HOST] INFO: [med] SEND hand=5,1438354432 npc=0 blood=58.8 bleed=0.00 fl=100.0,100.0,31.3,24.5 bd=0.0,0.0,68.7,75.5 flags=1 nparts=7 pmin=24.5 smin=0.0 ls=0,0,0,0
[01:46:56.308] [HOST] INFO: [inv] APPLY hand=1,32,1617431680,1,2796875008 items=14
[01:46:56.900] [HOST] INFO: [stats] RECV hand=2,3921874944 ok=1 str=34.2 dex=24.2 tough=27.0 stealth=1.0 athl=39.8 xp=0
[01:46:56.901] [HOST] INFO: [inv] APPLY hand=1,32,1617431680,1,2796875008 items=15
[01:46:56.992] [HOST] INFO: [inv] APPLY hand=0,2202,11111,2043,1412841856 items=1
[01:46:56.992] [HOST] INFO: [inv] APPLY hand=0,2202,11111,2044,298706048 items=1
[01:46:56.992] [HOST] INFO: [inv] APPLY hand=0,2202,11111,2050,3628662016 items=0
[01:46:56.993] [HOST] INFO: [fac] AFFECT-EV me='200-gamedata.base' whom='1084-gamedata.base' event=8 mult=0.025 after=-5.74 skipped=0
[01:46:57.008] [HOST] INFO: [inv] APPLY hand=1,33,1114624000,2,1846801792 items=18
[01:46:57.113] [HOST] INFO: [ai] suspended=4 driven=4
[01:46:57.726] [HOST] INFO: [inv] APPLY hand=1,32,1617431680,1,2796875008 items=16
[01:46:58.387] [HOST] INFO: [inv] APPLY hand=1,32,1617431680,1,2796875008 items=17
[01:46:58.696] [HOST] INFO: [interp] lerp=54376 extrap=8348 clamp=0 seg=520 single=56 snapSq=62 snapNpc=0 reissueSq=507 reissueNpc=0 restFlip=0 delay=200 jit=191.2 starve=0 snapMid=0 restFlipMid=0
[01:46:58.696] [HOST] INFO: [interp] worstZero hand=1,2796875008 zero=427 active=1922 seg=74
[01:46:58.734] [HOST] INFO: [stats] RECV hand=1,2796875008 ok=1 str=35.4 dex=30.6 tough=30.9 stealth=1.0 athl=47.5 xp=0
[01:46:58.735] [HOST] INFO: [inv] APPLY hand=1,32,1617431680,1,2796875008 items=18
[01:46:58.832] [HOST] INFO: [cam] hints recv n=2 p1=-31628,10721 p2=-31624,10674
[01:46:59.226] [HOST] INFO: [inv] APPLY hand=0,2202,11111,2043,1412841856 items=1
[01:46:59.226] [HOST] INFO: [inv] APPLY hand=0,2202,11111,2044,298706048 items=1
[01:46:59.226] [HOST] INFO: [inv] APPLY hand=0,2202,11111,2050,3628662016 items=0
[01:46:59.999] [HOST] INFO: [stats] RECV hand=2,1846801792 ok=1 str=41.9 dex=44.9 tough=44.5 stealth=1.4 athl=57.4 xp=0
[01:47:00.114] [HOST] INFO: [ai] suspended=4 driven=4
[01:47:00.384] [HOST] INFO: [inv] APPLY hand=1,32,1617431680,2,3921874944 items=7
[01:47:00.487] [HOST] INFO: [stats] RECV hand=1,2041992192 ok=1 str=33.7 dex=48.6 tough=43.2 stealth=1.3 athl=37.8 xp=0
[01:47:00.701] [HOST] INFO: [med] SEND hand=5,1438354432 npc=0 blood=59.0 bleed=0.00 fl=100.0,100.0,31.3,24.6 bd=0.0,0.0,68.7,75.4 flags=1 nparts=7 pmin=24.6 smin=0.0 ls=0,0,0,0
[01:47:00.783] [HOST] INFO: [cam] center=-31590.1,1747.1,10733.4
[01:47:00.979] [HOST] INFO: [med] SEND hand=1,1051391616 npc=0 blood=95.5 bleed=0.00 fl=91.5,94.4,62.8,-51.2 bd=8.5,5.6,37.2,151.2 flags=1 nparts=7 pmin=62.8 smin=0.0 ls=0,0,0,0
[01:47:01.394] [HOST] INFO: [stats] RECV hand=2,3921874944 ok=1 str=34.2 dex=24.2 tough=27.0 stealth=1.0 athl=39.8 xp=0
[01:47:01.919] [HOST] INFO: [speed] REQ RECV owner=1 mult=0.00 paused=1 combat=0
[01:47:01.919] [HOST] INFO: [speed] SET mult=0.00 paused=1 combat=0 (my=1.00 p1=0.00 p2=1.00)
[01:47:02.013] [HOST] INFO: [inv] APPLY hand=0,2202,11111,2043,1412841856 items=1
[01:47:02.013] [HOST] INFO: [inv] APPLY hand=0,2202,11111,2044,298706048 items=1
[01:47:02.013] [HOST] INFO: [inv] APPLY hand=0,2202,11111,2050,3628662016 items=0
[01:47:02.023] [HOST] INFO: [inv] APPLY hand=1,33,1114624000,2,1846801792 items=18
[01:47:02.234] [HOST] INFO: [census] sent n=72 radius=2000 mid=48
[01:47:02.680] [HOST] INFO: [speed] REQ RECV owner=1 mult=1.00 paused=0 combat=0
[01:47:02.681] [HOST] INFO: [speed] SET mult=1.00 paused=0 combat=0 (my=1.00 p1=1.00 p2=1.00)
[01:47:02.741] [HOST] INFO: [fac] AFFECT-EV me='200-gamedata.base' whom='1084-gamedata.base' event=8 mult=0.025 after=-5.74 skipped=81
[01:47:03.118] [HOST] INFO: [ai] suspended=4 driven=4
[01:47:03.252] [HOST] INFO: [med] SEND hand=5,1438354432 npc=0 blood=59.1 bleed=0.00 fl=100.0,100.0,31.4,24.6 bd=0.0,0.0,68.6,75.4 flags=1 nparts=7 pmin=24.6 smin=0.0 ls=0,0,0,0
[01:47:03.672] [HOST] INFO: [stats] RECV hand=1,2796875008 ok=1 str=35.4 dex=30.6 tough=30.9 stealth=1.0 athl=47.5 xp=0
[01:47:03.703] [HOST] INFO: [interp] lerp=56248 extrap=8884 clamp=0 seg=520 single=56 snapSq=62 snapNpc=0 reissueSq=507 reissueNpc=0 restFlip=0 delay=200 jit=136.9 starve=0 snapMid=0 restFlipMid=0
[01:47:03.703] [HOST] INFO: [interp] worstZero hand=1,2796875008 zero=427 active=1922 seg=86
[01:47:03.784] [HOST] INFO: [inv] APPLY hand=1,32,1617431680,1,2796875008 items=18
[01:47:03.977] [HOST] INFO: [cam] hints recv n=2 p1=-31655,10740 p2=-31624,10674
[01:47:03.995] [HOST] INFO: [inv] APPLY hand=1,33,1114624000,1,2041992192 items=17
[01:47:04.164] [HOST] INFO: [inv] APPLY hand=0,2202,11111,2043,1412841856 items=1
[01:47:04.164] [HOST] INFO: [inv] APPLY hand=0,2202,11111,2044,298706048 items=1
[01:47:04.164] [HOST] INFO: [inv] APPLY hand=0,2202,11111,2050,3628662016 items=0
[01:47:05.045] [HOST] INFO: [stats] RECV hand=2,1846801792 ok=1 str=41.9 dex=44.9 tough=44.5 stealth=1.4 athl=57.4 xp=0
[01:47:05.286] [HOST] INFO: [inv] APPLY hand=1,33,1114624000,1,2041992192 items=18
[01:47:05.437] [HOST] INFO: [stats] RECV hand=1,2041992192 ok=1 str=33.7 dex=48.6 tough=43.2 stealth=1.3 athl=37.8 xp=0
[01:47:05.448] [HOST] INFO: [inv] APPLY hand=1,32,1617431680,2,3921874944 items=7
[01:47:05.784] [HOST] INFO: [cam] center=-31590.1,1747.1,10733.4
[01:47:06.124] [HOST] INFO: [ai] suspended=4 driven=4
[01:47:06.152] [HOST] INFO: [inv] APPLY hand=1,33,1114624000,1,2041992192 items=19
[01:47:06.707] [HOST] INFO: [inv] APPLY hand=1,33,1114624000,1,2041992192 items=20
[01:47:06.996] [HOST] INFO: [inv] APPLY hand=0,2202,11111,2043,1412841856 items=1
[01:47:06.996] [HOST] INFO: [inv] APPLY hand=0,2202,11111,2044,298706048 items=1
[01:47:06.996] [HOST] INFO: [inv] APPLY hand=0,2202,11111,2050,3628662016 items=0
[01:47:07.005] [HOST] INFO: [inv] APPLY hand=1,33,1114624000,2,1846801792 items=18
[01:47:07.159] [HOST] INFO: [wd] APPLY id=2 sid='2159-gamedata.base' owner=1,33,1114624000,1,2041992192 moved=0 pos=-31590.00,1737.00,10733.45 tracked=0
[01:47:07.321] [HOST] INFO: [inv] APPLY hand=1,33,1114624000,1,2041992192 items=20
[01:47:07.482] [HOST] INFO: [stats] RECV hand=2,3921874944 ok=1 str=34.2 dex=24.2 tough=27.0 stealth=1.0 athl=39.8 xp=0
[01:47:07.845] [HOST] INFO: [inv] APPLY hand=1,32,1617431680,1,2796875008 items=11
[01:47:07.848] [HOST] INFO: [fac] AFFECT-EV me='200-gamedata.base' whom='1084-gamedata.base' event=8 mult=0.025 after=-5.73 skipped=239
[01:47:08.707] [HOST] INFO: [interp] lerp=57858 extrap=9442 clamp=0 seg=520 single=56 snapSq=62 snapNpc=0 reissueSq=507 reissueNpc=0 restFlip=0 delay=200 jit=171.0 starve=0 snapMid=0 restFlipMid=0
[01:47:08.707] [HOST] INFO: [interp] worstZero hand=1,2796875008 zero=427 active=1922 seg=576
[01:47:08.944] [HOST] INFO: [med] SEND hand=1,1051391616 npc=0 blood=95.5 bleed=0.00 fl=91.6,94.5,62.9,-51.1 bd=8.4,5.5,37.1,151.1 flags=1 nparts=7 pmin=62.9 smin=0.0 ls=0,0,0,0
[01:47:09.118] [HOST] INFO: [stats] RECV hand=1,2796875008 ok=1 str=35.4 dex=30.6 tough=30.9 stealth=1.0 athl=47.5 xp=0
[01:47:09.120] [HOST] INFO: [inv] APPLY hand=0,2202,11111,2043,1412841856 items=1
[01:47:09.120] [HOST] INFO: [inv] APPLY hand=0,2202,11111,2044,298706048 items=1
[01:47:09.120] [HOST] INFO: [inv] APPLY hand=0,2202,11111,2050,3628662016 items=0
[01:47:09.120] [HOST] INFO: [cam] hints recv n=2 p1=-31655,10740 p2=-31624,10674
[01:47:09.129] [HOST] INFO: [ai] suspended=4 driven=4
[01:47:10.030] [HOST] INFO: [stats] RECV hand=2,1846801792 ok=1 str=41.9 dex=44.9 tough=44.5 stealth=1.4 athl=57.4 xp=0
[01:47:10.466] [HOST] INFO: [stats] RECV hand=1,2041992192 ok=1 str=33.7 dex=48.6 tough=43.2 stealth=1.3 athl=37.8 xp=0
[01:47:10.683] [HOST] INFO: [wd] PICKUP-APPLY id=14 sid='2159-gamedata.base' owner=1,33,1114624000,1,2041992192 ref=2/2 moved=0 trackedLeft=0
[01:47:10.683] [HOST] INFO: [inv] APPLY hand=1,32,1617431680,2,3921874944 items=7
[01:47:10.789] [HOST] INFO: [cam] center=-31590.1,1747.1,10733.4
[01:47:10.937] [HOST] INFO: [inv] APPLY hand=1,33,1114624000,1,2041992192 items=20
[01:47:11.572] [HOST] INFO: [stats] RECV hand=2,3921874944 ok=1 str=34.2 dex=24.2 tough=27.0 stealth=1.0 athl=39.8 xp=0
[01:47:11.899] [HOST] INFO: [med] SEND hand=5,1438354432 npc=0 blood=59.5 bleed=0.00 fl=100.0,100.0,31.5,24.7 bd=0.0,0.0,68.5,75.3 flags=1 nparts=7 pmin=24.7 smin=0.0 ls=0,0,0,0
[01:47:11.908] [HOST] INFO: [med] SEND hand=1,1051391616 npc=0 blood=95.5 bleed=0.00 fl=91.7,94.5,63.0,-51.0 bd=8.3,5.5,37.0,151.0 flags=1 nparts=7 pmin=63.0 smin=0.0 ls=0,0,0,0
[01:47:11.983] [HOST] INFO: [inv] APPLY hand=0,2202,11111,2043,1412841856 items=1
[01:47:11.983] [HOST] INFO: [inv] APPLY hand=0,2202,11111,2044,298706048 items=1
[01:47:11.983] [HOST] INFO: [inv] APPLY hand=0,2202,11111,2050,3628662016 items=0
[01:47:11.983] [HOST] INFO: [inv] APPLY hand=1,33,1114624000,2,1846801792 items=18
[01:47:12.130] [HOST] INFO: [ai] suspended=4 driven=4
[01:47:12.270] [HOST] INFO: [census] sent n=72 radius=2000 mid=48
[01:47:12.304] [HOST] INFO: [med] SEND hand=5,1438354432 npc=0 blood=59.5 bleed=0.00 fl=100.0,100.0,31.5,24.7 bd=0.0,0.0,68.5,75.3 flags=1 nparts=7 pmin=24.7 smin=0.0 ls=0,0,0,0
[01:47:12.710] [HOST] INFO: [med] SEND hand=5,1438354432 npc=0 blood=59.5 bleed=0.00 fl=100.0,100.0,31.5,24.7 bd=0.0,0.0,68.5,75.3 flags=1 nparts=7 pmin=24.7 smin=0.0 ls=0,0,0,0
[01:47:13.281] [HOST] INFO: [inv] APPLY hand=1,32,1617431680,1,2796875008 items=11
[01:47:13.711] [HOST] INFO: [interp] lerp=59698 extrap=9822 clamp=0 seg=520 single=56 snapSq=62 snapNpc=0 reissueSq=507 reissueNpc=0 restFlip=0 delay=200 jit=114.7 starve=0 snapMid=0 restFlipMid=0
[01:47:13.711] [HOST] INFO: [interp] worstZero hand=1,2796875008 zero=427 active=1922 seg=67
[01:47:13.718] [HOST] INFO: [stats] RECV hand=1,2796875008 ok=1 str=35.4 dex=30.6 tough=30.9 stealth=1.0 athl=47.5 xp=0
[01:47:13.937] [HOST] INFO: [med] SEND hand=1,1051391616 npc=0 blood=95.5 bleed=0.00 fl=91.7,94.6,63.0,-51.0 bd=8.3,5.4,37.0,151.0 flags=1 nparts=7 pmin=63.0 smin=0.0 ls=0,0,0,0
[01:47:14.322] [HOST] INFO: [fac] AFFECT-EV me='200-gamedata.base' whom='1084-gamedata.base' event=8 mult=0.025 after=-5.73 skipped=92
[01:47:14.342] [HOST] INFO: [med] SEND hand=1,1051391616 npc=0 blood=95.5 bleed=0.00 fl=91.7,94.6,63.0,-51.0 bd=8.3,5.4,37.0,151.0 flags=1 nparts=7 pmin=63.0 smin=0.0 ls=0,0,0,0
[01:47:14.384] [HOST] INFO: [inv] APPLY hand=0,2202,11111,2043,1412841856 items=1
[01:47:14.384] [HOST] INFO: [inv] APPLY hand=0,2202,11111,2044,298706048 items=1
[01:47:14.384] [HOST] INFO: [inv] APPLY hand=0,2202,11111,2050,3628662016 items=0
[01:47:14.384] [HOST] INFO: [cam] hints recv n=2 p1=-31655,10740 p2=-31624,10674
[01:47:15.112] [HOST] INFO: [stats] RECV hand=2,1846801792 ok=1 str=41.9 dex=44.9 tough=44.5 stealth=1.4 athl=57.4 xp=0
[01:47:15.140] [HOST] INFO: [ai] suspended=4 driven=4
[01:47:15.516] [HOST] INFO: [stats] RECV hand=1,2041992192 ok=1 str=33.7 dex=48.6 tough=43.2 stealth=1.3 athl=37.8 xp=0
[01:47:15.667] [HOST] INFO: [inv] APPLY hand=1,32,1617431680,1,2796875008 items=10
[01:47:15.667] [HOST] INFO: [inv] APPLY hand=1,32,1617431680,2,3921874944 items=7
[01:47:15.785] [HOST] INFO: [cam] center=-31590.1,1747.1,10733.4
[01:47:15.927] [HOST] INFO: [inv] APPLY hand=1,33,1114624000,1,2041992192 items=18
[01:47:17.036] [HOST] INFO: [inv] APPLY hand=0,2202,11111,2043,1412841856 items=1
[01:47:17.036] [HOST] INFO: [inv] APPLY hand=0,2202,11111,2044,298706048 items=1
[01:47:17.036] [HOST] INFO: [inv] APPLY hand=0,2202,11111,2050,3628662016 items=0
[01:47:17.036] [HOST] INFO: [inv] APPLY hand=1,33,1114624000,2,1846801792 items=18
[01:47:17.662] [HOST] INFO: [stats] RECV hand=2,3921874944 ok=1 str=34.2 dex=24.2 tough=27.0 stealth=1.0 athl=39.8 xp=0
[01:47:17.932] [HOST] INFO: [inv] APPLY hand=1,33,1114624000,1,2041992192 items=17
[01:47:18.141] [HOST] INFO: [ai] suspended=4 driven=4
[01:47:18.544] [HOST] INFO: [inv] APPLY hand=1,32,1617431680,1,2796875008 items=9
[01:47:18.668] [HOST] INFO: [stats] RECV hand=1,2796875008 ok=1 str=35.4 dex=30.6 tough=30.9 stealth=1.0 athl=47.5 xp=0
[01:47:18.719] [HOST] INFO: [interp] lerp=61340 extrap=10552 clamp=0 seg=520 single=56 snapSq=62 snapNpc=0 reissueSq=507 reissueNpc=0 restFlip=0 delay=200 jit=156.2 starve=0 snapMid=0 restFlipMid=0
[01:47:18.719] [HOST] INFO: [interp] worstZero hand=1,2796875008 zero=427 active=1922 seg=74
[01:47:19.104] [HOST] INFO: [inv] APPLY hand=0,2202,11111,2043,1412841856 items=1
[01:47:19.104] [HOST] INFO: [inv] APPLY hand=0,2202,11111,2044,298706048 items=1
[01:47:19.104] [HOST] INFO: [inv] APPLY hand=0,2202,11111,2050,3628662016 items=0
[01:47:19.792] [HOST] INFO: [cam] hints recv n=2 p1=-31655,10740 p2=-31624,10674
[01:47:19.980] [HOST] INFO: [stats] RECV hand=2,1846801792 ok=1 str=41.9 dex=44.9 tough=44.5 stealth=1.4 athl=57.4 xp=0
[01:47:20.443] [HOST] INFO: [stats] RECV hand=1,2041992192 ok=1 str=33.7 dex=48.6 tough=43.2 stealth=1.3 athl=37.8 xp=0
[01:47:20.538] [HOST] INFO: [inv] APPLY hand=1,32,1617431680,2,3921874944 items=7
[01:47:20.604] [HOST] INFO: [inv] APPLY hand=1,32,1617431680,1,2796875008 items=8
[01:47:20.781] [HOST] INFO: [cam] center=-31590.1,1747.1,10733.4
[01:47:20.872] [HOST] INFO: [inv] APPLY hand=1,33,1114624000,1,2041992192 items=18
[01:47:21.145] [HOST] INFO: [ai] suspended=4 driven=4
[01:47:21.495] [HOST] INFO: [stats] RECV hand=2,3921874944 ok=1 str=34.2 dex=24.2 tough=27.0 stealth=1.0 athl=39.8 xp=0
[01:47:21.560] [HOST] INFO: [med] SEND hand=1,1051391616 npc=0 blood=95.5 bleed=0.00 fl=91.8,94.7,63.1,-50.9 bd=8.2,5.3,36.9,150.9 flags=1 nparts=7 pmin=63.1 smin=0.0 ls=0,0,0,0
[01:47:21.967] [HOST] INFO: [med] SEND hand=1,1051391616 npc=0 blood=95.5 bleed=0.00 fl=91.8,94.7,63.1,-50.9 bd=8.2,5.3,36.9,150.9 flags=1 nparts=7 pmin=63.1 smin=0.0 ls=0,0,0,0
[01:47:22.067] [HOST] INFO: [inv] APPLY hand=0,2202,11111,2043,1412841856 items=1
[01:47:22.067] [HOST] INFO: [inv] APPLY hand=0,2202,11111,2044,298706048 items=1
[01:47:22.067] [HOST] INFO: [inv] APPLY hand=0,2202,11111,2050,3628662016 items=0
[01:47:22.067] [HOST] INFO: [inv] APPLY hand=1,33,1114624000,2,1846801792 items=18
[01:47:22.286] [HOST] INFO: [med] SEND hand=5,1438354432 npc=0 blood=60.0 bleed=0.00 fl=100.0,100.0,31.7,24.9 bd=0.0,0.0,68.4,75.1 flags=1 nparts=7 pmin=24.9 smin=0.0 ls=0,0,0,0
[01:47:22.312] [HOST] INFO: [census] sent n=72 radius=2000 mid=48
[01:47:23.693] [HOST] INFO: [stats] RECV hand=1,2796875008 ok=1 str=35.4 dex=30.6 tough=30.9 stealth=1.0 athl=47.5 xp=0
[01:47:23.726] [HOST] INFO: [interp] lerp=63206 extrap=11122 clamp=0 seg=520 single=56 snapSq=62 snapNpc=0 reissueSq=507 reissueNpc=0 restFlip=0 delay=200 jit=133.5 starve=0 snapMid=0 restFlipMid=0
[01:47:23.726] [HOST] INFO: [interp] worstZero hand=1,2796875008 zero=427 active=1922 seg=61
[01:47:23.910] [HOST] INFO: [med] SEND hand=5,1438354432 npc=0 blood=60.1 bleed=0.00 fl=100.0,100.0,31.7,24.9 bd=0.0,0.0,68.3,75.1 flags=1 nparts=7 pmin=24.9 smin=0.0 ls=0,0,0,0
[01:47:24.000] [HOST] INFO: [inv] APPLY hand=1,33,1114624000,1,2041992192 items=19
[01:47:24.153] [HOST] INFO: [ai] suspended=4 driven=4
[01:47:24.164] [HOST] INFO: [fac] AFFECT-EV me='200-gamedata.base' whom='1084-gamedata.base' event=8 mult=0.025 after=-5.73 skipped=6
[01:47:24.178] [HOST] INFO: [inv] APPLY hand=0,2202,11111,2043,1412841856 items=1
[01:47:24.178] [HOST] INFO: [inv] APPLY hand=0,2202,11111,2044,298706048 items=1
[01:47:24.178] [HOST] INFO: [inv] APPLY hand=0,2202,11111,2050,3628662016 items=0
[01:47:24.886] [HOST] INFO: [cam] hints recv n=2 p1=-31655,10740 p2=-31624,10674
[01:47:24.965] [HOST] INFO: [stats] RECV hand=2,1846801792 ok=1 str=41.9 dex=44.9 tough=44.5 stealth=1.4 athl=57.4 xp=0
[01:47:25.468] [HOST] INFO: [stats] RECV hand=1,2041992192 ok=1 str=33.7 dex=48.6 tough=43.2 stealth=1.3 athl=37.8 xp=0
[01:47:25.786] [HOST] INFO: [cam] center=-31590.1,1747.1,10733.4
[01:47:25.810] [HOST] INFO: [inv] APPLY hand=1,32,1617431680,1,2796875008 items=8
[01:47:25.810] [HOST] INFO: [inv] APPLY hand=1,32,1617431680,2,3921874944 items=7
[01:47:26.458] [HOST] INFO: [stats] RECV hand=2,3921874944 ok=1 str=34.2 dex=24.2 tough=27.0 stealth=1.0 athl=39.8 xp=0
[01:47:27.026] [HOST] INFO: [inv] APPLY hand=0,2202,11111,2043,1412841856 items=1
[01:47:27.026] [HOST] INFO: [inv] APPLY hand=0,2202,11111,2044,298706048 items=1
[01:47:27.026] [HOST] INFO: [inv] APPLY hand=0,2202,11111,2050,3628662016 items=0
[01:47:27.026] [HOST] INFO: [inv] APPLY hand=1,33,1114624000,2,1846801792 items=18
[01:47:27.156] [HOST] INFO: [ai] suspended=4 driven=4
[01:47:28.733] [HOST] INFO: [interp] lerp=65202 extrap=11570 clamp=0 seg=520 single=56 snapSq=62 snapNpc=0 reissueSq=514 reissueNpc=0 restFlip=0 delay=200 jit=136.8 starve=0 snapMid=0 restFlipMid=0
[01:47:28.734] [HOST] INFO: [interp] worstZero hand=1,2796875008 zero=427 active=1922 seg=69
[01:47:28.783] [HOST] INFO: [stats] RECV hand=1,2796875008 ok=1 str=35.4 dex=30.6 tough=30.9 stealth=1.0 athl=47.5 xp=0
[01:47:29.087] [HOST] INFO: [inv] APPLY hand=0,2202,11111,2043,1412841856 items=1
[01:47:29.087] [HOST] INFO: [inv] APPLY hand=0,2202,11111,2044,298706048 items=1
[01:47:29.087] [HOST] INFO: [inv] APPLY hand=0,2202,11111,2050,3628662016 items=0
[01:47:29.262] [HOST] INFO: [inv] APPLY hand=1,33,1114624000,1,2041992192 items=19
[01:47:29.440] [HOST] INFO: [fac] AFFECT-EV me='200-gamedata.base' whom='1084-gamedata.base' event=8 mult=0.025 after=-5.73 skipped=31
[01:47:29.897] [HOST] INFO: [med] SEND hand=5,1438354432 npc=0 blood=60.4 bleed=0.00 fl=100.0,100.0,31.8,25.0 bd=0.0,0.0,68.2,75.0 flags=1 nparts=7 pmin=25.0 smin=0.0 ls=0,0,0,0
[01:47:29.956] [HOST] INFO: [stats] RECV hand=2,1846801792 ok=1 str=41.9 dex=44.9 tough=44.5 stealth=1.4 athl=57.4 xp=0
[01:47:30.158] [HOST] INFO: [ai] suspended=4 driven=4
[01:47:30.255] [HOST] INFO: [cam] hints recv n=2 p1=-31655,10740 p2=-31624,10674
[01:47:30.408] [HOST] INFO: [med] SEND hand=5,1438354432 npc=0 blood=60.4 bleed=0.00 fl=100.0,100.0,31.8,25.0 bd=0.0,0.0,68.2,75.0 flags=1 nparts=7 pmin=25.0 smin=0.0 ls=0,0,0,0
[01:47:30.556] [HOST] INFO: [stats] RECV hand=1,2041992192 ok=1 str=33.7 dex=48.6 tough=43.2 stealth=1.3 athl=37.8 xp=0
[01:47:30.711] [HOST] INFO: [inv] APPLY hand=1,32,1617431680,1,2796875008 items=8
[01:47:30.711] [HOST] INFO: [inv] APPLY hand=1,32,1617431680,2,3921874944 items=7
[01:47:30.787] [HOST] INFO: [cam] center=-31590.1,1747.1,10733.4
[01:47:31.954] [HOST] INFO: [stats] RECV hand=2,3921874944 ok=1 str=34.2 dex=24.2 tough=27.0 stealth=1.0 athl=39.8 xp=0
[01:47:32.019] [HOST] INFO: [med] SEND hand=1,1051391616 npc=0 blood=95.5 bleed=0.00 fl=92.0,94.9,63.3,-50.7 bd=8.0,5.1,36.7,150.7 flags=1 nparts=7 pmin=63.3 smin=0.0 ls=0,0,0,0
[01:47:32.101] [HOST] INFO: [inv] APPLY hand=0,2202,11111,2043,1412841856 items=1
[01:47:32.101] [HOST] INFO: [inv] APPLY hand=0,2202,11111,2044,298706048 items=1
[01:47:32.101] [HOST] INFO: [inv] APPLY hand=0,2202,11111,2050,3628662016 items=0
[01:47:32.109] [HOST] INFO: [inv] APPLY hand=1,33,1114624000,2,1846801792 items=18
[01:47:32.354] [HOST] INFO: [census] sent n=72 radius=2000 mid=48
[01:47:32.732] [HOST] INFO: [med] SEND hand=5,1438354432 npc=0 blood=60.5 bleed=0.00 fl=100.0,100.0,31.8,25.0 bd=0.0,0.0,68.2,75.0 flags=1 nparts=7 pmin=25.0 smin=0.0 ls=0,0,0,0
[01:47:33.159] [HOST] INFO: [ai] suspended=4 driven=4
[01:47:33.734] [HOST] INFO: [interp] lerp=66992 extrap=12136 clamp=0 seg=520 single=56 snapSq=62 snapNpc=0 reissueSq=516 reissueNpc=0 restFlip=0 delay=200 jit=137.4 starve=0 snapMid=0 restFlipMid=0
[01:47:33.734] [HOST] INFO: [interp] worstZero hand=1,2796875008 zero=427 active=1963 seg=622
[01:47:33.757] [HOST] INFO: [stats] RECV hand=1,2796875008 ok=1 str=35.4 dex=30.6 tough=30.9 stealth=1.0 athl=47.5 xp=0
[01:47:34.020] [HOST] INFO: [inv] APPLY hand=1,33,1114624000,1,2041992192 items=19
[01:47:34.123] [HOST] INFO: [inv] APPLY hand=0,2202,11111,2043,1412841856 items=1
[01:47:34.123] [HOST] INFO: [inv] APPLY hand=0,2202,11111,2044,298706048 items=1
[01:47:34.123] [HOST] INFO: [inv] APPLY hand=0,2202,11111,2050,3628662016 items=0
[01:47:35.013] [HOST] INFO: [fac] AFFECT-EV me='200-gamedata.base' whom='1084-gamedata.base' event=8 mult=0.025 after=-5.72 skipped=59
[01:47:35.034] [HOST] INFO: [stats] RECV hand=2,1846801792 ok=1 str=41.9 dex=44.9 tough=44.5 stealth=1.4 athl=57.4 xp=0
[01:47:35.459] [HOST] INFO: [stats] RECV hand=1,2041992192 ok=1 str=33.7 dex=48.6 tough=43.2 stealth=1.3 athl=37.8 xp=0
[01:47:35.696] [HOST] INFO: [inv] APPLY hand=1,32,1617431680,1,2796875008 items=8
[01:47:35.697] [HOST] INFO: [inv] APPLY hand=1,32,1617431680,2,3921874944 items=7
[01:47:35.697] [HOST] INFO: [cam] hints recv n=2 p1=-31657,10738 p2=-31624,10674
[01:47:35.788] [HOST] INFO: [cam] center=-31590.1,1747.1,10733.4
[01:47:36.166] [HOST] INFO: [ai] suspended=4 driven=4
[01:47:36.478] [HOST] INFO: [stats] RECV hand=2,3921874944 ok=1 str=34.2 dex=24.2 tough=27.0 stealth=1.0 athl=39.8 xp=0
[01:47:36.559] [HOST] INFO: [med] SEND hand=5,1438354432 npc=0 blood=60.7 bleed=0.00 fl=100.0,100.0,31.9,25.1 bd=0.0,0.0,68.1,74.9 flags=1 nparts=7 pmin=25.1 smin=0.0 ls=0,0,0,0
[01:47:36.962] [HOST] INFO: [med] SEND hand=5,1438354432 npc=0 blood=60.7 bleed=0.00 fl=100.0,100.0,31.9,25.1 bd=0.0,0.0,68.1,74.9 flags=1 nparts=7 pmin=25.1 smin=0.0 ls=0,0,0,0
[01:47:36.997] [HOST] INFO: [inv] APPLY hand=0,2202,11111,2043,1412841856 items=1
[01:47:36.997] [HOST] INFO: [inv] APPLY hand=0,2202,11111,2044,298706048 items=1
[01:47:36.997] [HOST] INFO: [inv] APPLY hand=0,2202,11111,2050,3628662016 items=0
[01:47:36.997] [HOST] INFO: [inv] APPLY hand=1,33,1114624000,2,1846801792 items=18
[01:47:38.741] [HOST] INFO: [interp] lerp=68728 extrap=12760 clamp=0 seg=520 single=56 snapSq=62 snapNpc=0 reissueSq=516 reissueNpc=0 restFlip=0 delay=200 jit=174.2 starve=0 snapMid=0 restFlipMid=0
[01:47:38.741] [HOST] INFO: [interp] worstZero hand=1,2796875008 zero=427 active=1963 seg=468
[01:47:39.117] [HOST] INFO: [stats] RECV hand=1,2796875008 ok=1 str=35.4 dex=30.6 tough=30.9 stealth=1.0 athl=47.5 xp=0
[01:47:39.118] [HOST] INFO: [inv] APPLY hand=0,2202,11111,2043,1412841856 items=1
[01:47:39.118] [HOST] INFO: [inv] APPLY hand=0,2202,11111,2044,298706048 items=1
[01:47:39.118] [HOST] INFO: [inv] APPLY hand=0,2202,11111,2050,3628662016 items=0
[01:47:39.127] [HOST] INFO: [inv] APPLY hand=1,33,1114624000,1,2041992192 items=19
[01:47:39.169] [HOST] INFO: [ai] suspended=4 driven=4
[01:47:39.243] [HOST] INFO: [med] SEND hand=1,1051391616 npc=0 blood=95.5 bleed=0.00 fl=92.1,95.0,63.4,-50.6 bd=7.9,5.0,36.6,150.6 flags=1 nparts=7 pmin=63.4 smin=0.0 ls=0,0,0,0
[01:47:39.946] [HOST] INFO: [stats] RECV hand=2,1846801792 ok=1 str=41.9 dex=44.9 tough=44.5 stealth=1.4 athl=57.4 xp=0
[01:47:40.424] [HOST] INFO: [inv] APPLY hand=1,32,1617431680,2,3921874944 items=7
[01:47:40.581] [HOST] INFO: [fac] AFFECT-EV me='200-gamedata.base' whom='1084-gamedata.base' event=8 mult=0.025 after=-5.72 skipped=35
[01:47:40.604] [HOST] INFO: [stats] RECV hand=1,2041992192 ok=1 str=33.7 dex=48.6 tough=43.2 stealth=1.3 athl=37.8 xp=0
[01:47:40.765] [HOST] INFO: [inv] APPLY hand=1,32,1617431680,1,2796875008 items=8
[01:47:40.783] [HOST] INFO: [cam] center=-31590.1,1747.1,10733.4
[01:47:40.924] [HOST] INFO: [cam] hints recv n=2 p1=-31657,10738 p2=-31624,10674
[01:47:41.513] [HOST] INFO: [stats] RECV hand=2,3921874944 ok=1 str=34.2 dex=24.2 tough=27.0 stealth=1.0 athl=39.8 xp=0
[01:47:42.001] [HOST] INFO: [inv] APPLY hand=0,2202,11111,2043,1412841856 items=1
[01:47:42.001] [HOST] INFO: [inv] APPLY hand=0,2202,11111,2044,298706048 items=1
[01:47:42.001] [HOST] INFO: [inv] APPLY hand=0,2202,11111,2050,3628662016 items=0
[01:47:42.001] [HOST] INFO: [inv] APPLY hand=1,33,1114624000,2,1846801792 items=18
[01:47:42.176] [HOST] INFO: [ai] suspended=4 driven=4
[01:47:42.208] [HOST] INFO: [med] SEND hand=1,1051391616 npc=0 blood=95.5 bleed=0.00 fl=92.2,95.0,63.5,-50.5 bd=7.8,5.0,36.5,150.5 flags=1 nparts=7 pmin=63.5 smin=0.0 ls=0,0,0,0
[01:47:42.384] [HOST] INFO: [census] sent n=72 radius=2000 mid=48
[01:47:43.368] [HOST] INFO: [med] SEND hand=5,1438354432 npc=0 blood=61.0 bleed=0.00 fl=100.0,100.0,32.0,25.2 bd=0.0,0.0,68.0,74.8 flags=1 nparts=7 pmin=25.2 smin=0.0 ls=0,0,0,0
[01:47:43.742] [HOST] INFO: [interp] lerp=70524 extrap=13332 clamp=0 seg=520 single=56 snapSq=62 snapNpc=0 reissueSq=516 reissueNpc=0 restFlip=0 delay=200 jit=117.1 starve=0 snapMid=0 restFlipMid=0
[01:47:43.742] [HOST] INFO: [interp] worstZero hand=1,2796875008 zero=427 active=1963 seg=126
[01:47:43.849] [HOST] INFO: [stats] RECV hand=1,2796875008 ok=1 str=35.4 dex=30.6 tough=30.9 stealth=1.0 athl=47.5 xp=0
[01:47:44.086] [HOST] INFO: [inv] APPLY hand=0,2202,11111,2043,1412841856 items=1
[01:47:44.086] [HOST] INFO: [inv] APPLY hand=0,2202,11111,2044,298706048 items=1
[01:47:44.086] [HOST] INFO: [inv] APPLY hand=0,2202,11111,2050,3628662016 items=0
[01:47:44.261] [HOST] INFO: [med] SEND hand=1,1051391616 npc=0 blood=95.5 bleed=0.00 fl=92.2,95.1,63.5,-50.5 bd=7.8,4.9,36.5,150.5 flags=1 nparts=7 pmin=63.5 smin=0.0 ls=0,0,0,0
[01:47:44.381] [HOST] INFO: [inv] APPLY hand=1,33,1114624000,1,2041992192 items=19
[01:47:44.664] [HOST] INFO: [med] SEND hand=1,1051391616 npc=0 blood=95.5 bleed=0.00 fl=92.2,95.1,63.5,-50.5 bd=7.8,4.9,36.5,150.5 flags=1 nparts=7 pmin=63.5 smin=0.0 ls=0,0,0,0
[01:47:44.965] [HOST] INFO: [stats] RECV hand=2,1846801792 ok=1 str=41.9 dex=44.9 tough=44.5 stealth=1.4 athl=57.4 xp=0
[01:47:45.183] [HOST] INFO: [ai] suspended=4 driven=4
[01:47:45.338] [HOST] INFO: [med] SEND hand=5,1438354432 npc=0 blood=61.1 bleed=0.00 fl=100.0,100.0,32.0,25.2 bd=0.0,0.0,68.0,74.8 flags=1 nparts=7 pmin=25.2 smin=0.0 ls=0,0,0,0
[01:47:45.482] [HOST] INFO: [inv] APPLY hand=1,32,1617431680,2,3921874944 items=7
[01:47:45.698] [HOST] INFO: [stats] RECV hand=1,2041992192 ok=1 str=33.7 dex=48.6 tough=43.2 stealth=1.3 athl=37.8 xp=0
[01:47:45.699] [HOST] INFO: [inv] APPLY hand=1,32,1617431680,1,2796875008 items=8
[01:47:45.740] [HOST] INFO: [med] SEND hand=5,1438354432 npc=0 blood=61.1 bleed=0.00 fl=100.0,100.0,32.0,25.2 bd=0.0,0.0,68.0,74.8 flags=1 nparts=7 pmin=25.2 smin=0.0 ls=0,0,0,0
[01:47:45.784] [HOST] INFO: [cam] center=-31590.1,1747.1,10733.4
[01:47:46.285] [HOST] INFO: [cam] hints recv n=2 p1=-31657,10738 p2=-31624,10674
[01:47:46.475] [HOST] INFO: [stats] RECV hand=2,3921874944 ok=1 str=34.2 dex=24.2 tough=27.0 stealth=1.0 athl=39.8 xp=0
[01:47:46.693] [HOST] INFO: [inv] APPLY hand=1,33,1114624000,1,2041992192 items=20
[01:47:46.752] [HOST] INFO: [fac] AFFECT-EV me='200-gamedata.base' whom='1084-gamedata.base' event=8 mult=0.025 after=-5.72 skipped=73
[01:47:47.035] [HOST] INFO: [inv] APPLY hand=0,2202,11111,2043,1412841856 items=1
[01:47:47.035] [HOST] INFO: [inv] APPLY hand=0,2202,11111,2044,298706048 items=1
[01:47:47.035] [HOST] INFO: [inv] APPLY hand=0,2202,11111,2050,3628662016 items=0
[01:47:47.035] [HOST] INFO: [inv] APPLY hand=1,33,1114624000,2,1846801792 items=18
[01:47:48.186] [HOST] INFO: [ai] suspended=4 driven=4
[01:47:48.696] [HOST] INFO: [stats] RECV hand=1,2796875008 ok=1 str=35.4 dex=30.6 tough=30.9 stealth=1.0 athl=47.5 xp=0
[01:47:48.747] [HOST] INFO: [interp] lerp=72520 extrap=13728 clamp=0 seg=520 single=56 snapSq=62 snapNpc=0 reissueSq=516 reissueNpc=0 restFlip=0 delay=200 jit=61.6 starve=0 snapMid=0 restFlipMid=0
[01:47:48.747] [HOST] INFO: [interp] worstZero hand=1,2796875008 zero=427 active=1963 seg=125
[01:47:49.421] [HOST] INFO: [inv] APPLY hand=0,2202,11111,2043,1412841856 items=1
[01:47:49.421] [HOST] INFO: [inv] APPLY hand=0,2202,11111,2044,298706048 items=1
[01:47:49.421] [HOST] INFO: [inv] APPLY hand=0,2202,11111,2050,3628662016 items=0
[01:47:50.040] [HOST] INFO: [stats] RECV hand=2,1846801792 ok=1 str=41.9 dex=44.9 tough=44.5 stealth=1.4 athl=57.4 xp=0
[01:47:50.513] [HOST] INFO: [stats] RECV hand=1,2041992192 ok=1 str=33.7 dex=48.6 tough=43.2 stealth=1.3 athl=37.8 xp=0
[01:47:50.786] [HOST] INFO: [cam] center=-31590.1,1747.1,10733.4
[01:47:50.826] [HOST] INFO: [inv] APPLY hand=1,32,1617431680,1,2796875008 items=8
[01:47:50.826] [HOST] INFO: [inv] APPLY hand=1,32,1617431680,2,3921874944 items=7
[01:47:51.190] [HOST] INFO: [ai] suspended=4 driven=4
[01:47:51.523] [HOST] INFO: [stats] RECV hand=2,3921874944 ok=1 str=34.2 dex=24.2 tough=27.0 stealth=1.0 athl=39.8 xp=0
[01:47:51.683] [HOST] INFO: [inv] APPLY hand=1,33,1114624000,1,2041992192 items=20
[01:47:51.766] [HOST] INFO: [fac] AFFECT-EV me='200-gamedata.base' whom='1084-gamedata.base' event=8 mult=0.025 after=-5.72 skipped=153
[01:47:51.835] [HOST] INFO: [med] SEND hand=1,1051391616 npc=0 blood=95.5 bleed=0.00 fl=92.3,95.2,63.6,-50.4 bd=7.7,4.8,36.4,150.4 flags=1 nparts=7 pmin=63.6 smin=0.0 ls=0,0,0,0
[01:47:51.918] [HOST] INFO: [cam] hints recv n=2 p1=-31657,10738 p2=-31661,10692
[01:47:51.994] [HOST] INFO: [inv] APPLY hand=0,2202,11111,2043,1412841856 items=1
[01:47:51.994] [HOST] INFO: [inv] APPLY hand=0,2202,11111,2044,298706048 items=1
[01:47:51.994] [HOST] INFO: [inv] APPLY hand=0,2202,11111,2050,3628662016 items=0
[01:47:52.002] [HOST] INFO: [inv] APPLY hand=1,33,1114624000,2,1846801792 items=18
[01:47:52.240] [HOST] INFO: [med] SEND hand=1,1051391616 npc=0 blood=95.5 bleed=0.00 fl=92.3,95.2,63.6,-50.4 bd=7.7,4.8,36.4,150.4 flags=1 nparts=7 pmin=63.6 smin=0.0 ls=0,0,0,0
[01:47:52.410] [HOST] INFO: [census] sent n=72 radius=2000 mid=48
[01:47:53.507] [HOST] INFO: [inv] APPLY hand=0,2202,11111,2045,1231811584 items=1
[01:47:53.549] [HOST] INFO: [med] SEND hand=5,1438354432 npc=0 blood=61.5 bleed=0.00 fl=100.0,100.0,32.1,25.4 bd=0.0,0.0,67.9,74.7 flags=1 nparts=7 pmin=25.4 smin=0.0 ls=0,0,0,0
[01:47:53.717] [HOST] INFO: [stats] RECV hand=1,2796875008 ok=1 str=35.4 dex=30.6 tough=30.9 stealth=1.0 athl=47.5 xp=0
[01:47:53.751] [HOST] INFO: [interp] lerp=74330 extrap=14370 clamp=0 seg=520 single=56 snapSq=62 snapNpc=0 reissueSq=537 reissueNpc=0 restFlip=0 delay=200 jit=167.4 starve=0 snapMid=0 restFlipMid=0
[01:47:53.752] [HOST] INFO: [interp] worstZero hand=1,2796875008 zero=427 active=1963 seg=69
[01:47:53.832] [HOST] INFO: [snap] squad hand=1,2041992192 name='ZACH' gap=45.9 gate=39.7 srcVel=20.5 cSpeed=51.9 mult=1.00 slew=1.00 dest=1 skipped=13
[01:47:53.832] [HOST] INFO: [inv] APPLY hand=0,2202,11111,2045,1231811584 items=1
[01:47:54.195] [HOST] INFO: [ai] suspended=4 driven=4
[01:47:54.699] [HOST] INFO: [inv] APPLY hand=0,2202,11111,2043,1412841856 items=1
[01:47:54.699] [HOST] INFO: [inv] APPLY hand=0,2202,11111,2044,298706048 items=1
[01:47:54.699] [HOST] INFO: [inv] APPLY hand=0,2202,11111,2050,3628662016 items=0
[01:47:54.993] [HOST] INFO: [stats] RECV hand=2,1846801792 ok=1 str=41.9 dex=44.9 tough=44.5 stealth=1.4 athl=57.4 xp=0
[01:47:55.465] [HOST] INFO: [inv] APPLY hand=1,32,1617431680,2,3921874944 items=7
[01:47:55.606] [HOST] INFO: [stats] RECV hand=1,2041992192 ok=1 str=33.7 dex=48.6 tough=43.2 stealth=1.3 athl=37.9 xp=0
[01:47:55.607] [HOST] INFO: [inv] APPLY hand=1,32,1617431680,1,2796875008 items=8
[01:47:55.787] [HOST] INFO: [cam] center=-31642.4,1779.1,10681.4
[01:47:56.491] [HOST] INFO: [stats] RECV hand=2,3921874944 ok=1 str=34.2 dex=24.2 tough=27.0 stealth=1.0 athl=39.8 xp=0
[01:47:56.690] [HOST] INFO: [inv] APPLY hand=1,33,1114624000,1,2041992192 items=20
[01:47:56.771] [HOST] INFO: [fac] AFFECT-EV me='200-gamedata.base' whom='1084-gamedata.base' event=8 mult=0.025 after=-5.71 skipped=91
[01:47:56.997] [HOST] INFO: [inv] APPLY hand=0,2202,11111,2043,1412841856 items=1
[01:47:56.997] [HOST] INFO: [inv] APPLY hand=0,2202,11111,2044,298706048 items=1
[01:47:56.997] [HOST] INFO: [inv] APPLY hand=0,2202,11111,2050,3628662016 items=0
[01:47:57.006] [HOST] INFO: [inv] APPLY hand=1,33,1114624000,2,1846801792 items=18
[01:47:57.201] [HOST] INFO: [ai] suspended=4 driven=4
[01:47:57.224] [HOST] INFO: [med] SEND hand=5,1438354432 npc=0 blood=61.7 bleed=0.00 fl=100.0,100.0,32.2,25.4 bd=0.0,0.0,67.8,74.6 flags=1 nparts=7 pmin=25.4 smin=0.0 ls=0,0,0,0
[01:47:57.312] [HOST] INFO: [cam] hints recv n=2 p1=-31657,10738 p2=-31673,10664
[01:47:57.627] [HOST] INFO: [med] SEND hand=5,1438354432 npc=0 blood=61.7 bleed=0.00 fl=100.0,100.0,32.2,25.4 bd=0.0,0.0,67.8,74.6 flags=1 nparts=7 pmin=25.4 smin=0.0 ls=0,0,0,0
[01:47:58.367] [HOST] INFO: [inv] APPLY hand=0,2202,11111,2045,1231811584 items=1
[01:47:58.756] [HOST] INFO: [interp] lerp=76320 extrap=14900 clamp=0 seg=520 single=56 snapSq=63 snapNpc=0 reissueSq=540 reissueNpc=0 restFlip=0 delay=200 jit=129.0 starve=0 snapMid=0 restFlipMid=0
[01:47:58.756] [HOST] INFO: [interp] worstZero hand=1,2796875008 zero=427 active=1963 seg=95
[01:47:58.874] [HOST] INFO: [inv] APPLY hand=0,2202,11111,2045,1231811584 items=1
[01:47:59.247] [HOST] INFO: [stats] RECV hand=1,2796875008 ok=1 str=35.4 dex=30.6 tough=30.9 stealth=1.0 athl=47.5 xp=0
[01:47:59.248] [HOST] INFO: [inv] APPLY hand=0,2202,11111,2043,1412841856 items=1
[01:47:59.248] [HOST] INFO: [inv] APPLY hand=0,2202,11111,2044,298706048 items=1
[01:47:59.248] [HOST] INFO: [inv] APPLY hand=0,2202,11111,2050,3628662016 items=0
[01:48:00.205] [HOST] INFO: [ai] suspended=4 driven=4
[01:48:00.211] [HOST] INFO: [stats] RECV hand=2,1846801792 ok=1 str=41.9 dex=44.9 tough=44.5 stealth=1.4 athl=57.4 xp=0
[01:48:00.465] [HOST] INFO: [inv] APPLY hand=1,32,1617431680,2,3921874944 items=7
[01:48:00.623] [HOST] INFO: [inv] APPLY hand=1,32,1617431680,1,2796875008 items=8
[01:48:00.630] [HOST] INFO: [stats] RECV hand=1,2041992192 ok=1 str=33.7 dex=48.6 tough=43.2 stealth=1.3 athl=37.9 xp=0
[01:48:00.787] [HOST] INFO: [cam] center=-31642.4,1779.1,10681.4
[01:48:01.604] [HOST] INFO: [stats] RECV hand=2,3921874944 ok=1 str=34.2 dex=24.2 tough=27.0 stealth=1.0 athl=39.8 xp=0
[01:48:01.774] [HOST] INFO: [inv] APPLY hand=1,33,1114624000,1,2041992192 items=20
[01:48:01.846] [HOST] INFO: [fac] AFFECT-EV me='200-gamedata.base' whom='1084-gamedata.base' event=8 mult=0.025 after=-5.71 skipped=146
[01:48:02.327] [HOST] INFO: [med] SEND hand=1,1051391616 npc=0 blood=95.5 bleed=0.00 fl=92.5,95.4,63.8,-50.2 bd=7.5,4.6,36.2,150.2 flags=1 nparts=7 pmin=63.8 smin=0.0 ls=0,0,0,0
[01:48:02.336] [HOST] INFO: [cam] hints recv n=2 p1=-31657,10738 p2=-31673,10664
[01:48:02.440] [HOST] INFO: [inv] APPLY hand=0,2202,11111,2043,1412841856 items=1
[01:48:02.441] [HOST] INFO: [inv] APPLY hand=0,2202,11111,2044,298706048 items=1
[01:48:02.441] [HOST] INFO: [inv] APPLY hand=0,2202,11111,2050,3628662016 items=0
[01:48:02.441] [HOST] INFO: [inv] APPLY hand=1,33,1114624000,2,1846801792 items=18
[01:48:02.449] [HOST] INFO: [census] sent n=72 radius=2000 mid=48
[01:48:03.212] [HOST] INFO: [ai] suspended=4 driven=4
[01:48:03.228] [HOST] INFO: [med] SEND hand=5,1438354432 npc=0 blood=62.0 bleed=0.00 fl=100.0,100.0,32.3,25.5 bd=0.0,0.0,67.7,74.5 flags=1 nparts=7 pmin=25.5 smin=0.0 ls=0,0,0,0
[01:48:03.636] [HOST] INFO: [inv] APPLY hand=0,2202,11111,2045,1231811584 items=1
[01:48:03.707] [HOST] INFO: [med] SEND hand=5,1438354432 npc=0 blood=62.0 bleed=0.00 fl=100.0,100.0,32.3,25.5 bd=0.0,0.0,67.7,74.5 flags=1 nparts=7 pmin=25.5 smin=0.0 ls=0,0,0,0
[01:48:03.764] [HOST] INFO: [interp] lerp=78146 extrap=15602 clamp=0 seg=520 single=56 snapSq=63 snapNpc=0 reissueSq=540 reissueNpc=0 restFlip=0 delay=200 jit=106.9 starve=0 snapMid=0 restFlipMid=0
[01:48:03.764] [HOST] INFO: [interp] worstZero hand=1,2796875008 zero=427 active=1963 seg=463
[01:48:03.770] [HOST] INFO: [stats] RECV hand=1,2796875008 ok=1 str=35.4 dex=30.6 tough=30.9 stealth=1.0 athl=47.5 xp=0
[01:48:04.113] [HOST] INFO: [med] SEND hand=5,1438354432 npc=0 blood=62.0 bleed=0.00 fl=100.0,100.0,32.3,25.5 bd=0.0,0.0,67.7,74.5 flags=1 nparts=7 pmin=25.5 smin=0.0 ls=0,0,0,0
[01:48:04.137] [HOST] INFO: [inv] APPLY hand=0,2202,11111,2043,1412841856 items=1
[01:48:04.137] [HOST] INFO: [inv] APPLY hand=0,2202,11111,2044,298706048 items=1
[01:48:04.137] [HOST] INFO: [inv] APPLY hand=0,2202,11111,2050,3628662016 items=0
[01:48:04.359] [HOST] INFO: [inv] APPLY hand=0,2202,11111,2045,1231811584 items=1
[01:48:05.006] [HOST] INFO: [stats] RECV hand=2,1846801792 ok=1 str=41.9 dex=44.9 tough=44.5 stealth=1.4 athl=57.4 xp=0
[01:48:05.456] [HOST] INFO: [stats] RECV hand=1,2041992192 ok=1 str=33.7 dex=48.6 tough=43.2 stealth=1.3 athl=37.9 xp=0
[01:48:05.680] [HOST] INFO: [inv] APPLY hand=1,32,1617431680,1,2796875008 items=8
[01:48:05.680] [HOST] INFO: [inv] APPLY hand=1,32,1617431680,2,3921874944 items=7
[01:48:05.783] [HOST] INFO: [cam] center=-31642.4,1779.1,10681.4
[01:48:06.216] [HOST] INFO: [ai] suspended=4 driven=4
[01:48:06.627] [HOST] INFO: [stats] RECV hand=2,3921874944 ok=1 str=34.2 dex=24.2 tough=27.0 stealth=1.0 athl=39.8 xp=0
[01:48:06.832] [HOST] INFO: [inv] APPLY hand=1,33,1114624000,1,2041992192 items=20
[01:48:06.937] [HOST] INFO: [fac] AFFECT-EV me='200-gamedata.base' whom='1084-gamedata.base' event=8 mult=0.025 after=-5.70 skipped=236
[01:48:07.036] [HOST] INFO: [inv] APPLY hand=0,2202,11111,2043,1412841856 items=1
[01:48:07.036] [HOST] INFO: [inv] APPLY hand=0,2202,11111,2044,298706048 items=1
[01:48:07.036] [HOST] INFO: [inv] APPLY hand=0,2202,11111,2050,3628662016 items=0
[01:48:07.052] [HOST] INFO: [inv] APPLY hand=1,33,1114624000,2,1846801792 items=18
[01:48:07.382] [HOST] INFO: [cam] hints recv n=2 p1=-31657,10738 p2=-31666,10701
[01:48:08.770] [HOST] INFO: [interp] lerp=80226 extrap=16050 clamp=0 seg=520 single=56 snapSq=63 snapNpc=0 reissueSq=549 reissueNpc=0 restFlip=0 delay=200 jit=82.3 starve=0 snapMid=0 restFlipMid=0
[01:48:08.770] [HOST] INFO: [interp] worstZero hand=1,2796875008 zero=427 active=1963 seg=60
[01:48:08.840] [HOST] INFO: [inv] APPLY hand=0,2202,11111,2045,1231811584 items=1
[01:48:09.167] [HOST] INFO: [stats] RECV hand=1,2796875008 ok=1 str=35.4 dex=30.6 tough=30.9 stealth=1.0 athl=47.5 xp=0
[01:48:09.168] [HOST] INFO: [inv] APPLY hand=0,2202,11111,2043,1412841856 items=1
[01:48:09.168] [HOST] INFO: [inv] APPLY hand=0,2202,11111,2044,298706048 items=1
[01:48:09.168] [HOST] INFO: [inv] APPLY hand=0,2202,11111,2045,1231811584 items=1
[01:48:09.168] [HOST] INFO: [inv] APPLY hand=0,2202,11111,2050,3628662016 items=0
[01:48:09.223] [HOST] INFO: [ai] suspended=4 driven=4
[01:48:09.531] [HOST] INFO: [med] SEND hand=1,1051391616 npc=0 blood=95.5 bleed=0.00 fl=92.6,95.5,63.9,-50.1 bd=7.4,4.5,36.1,150.1 flags=1 nparts=7 pmin=63.9 smin=0.0 ls=0,0,0,0
[01:48:09.882] [HOST] INFO: [med] SEND hand=5,1438354432 npc=0 blood=62.3 bleed=0.00 fl=100.0,100.0,32.4,25.6 bd=0.0,0.0,67.6,74.4 flags=1 nparts=7 pmin=25.6 smin=0.0 ls=0,0,0,0
[01:48:09.975] [HOST] INFO: [stats] RECV hand=2,1846801792 ok=1 str=41.9 dex=44.9 tough=44.5 stealth=1.4 athl=57.4 xp=0
[01:48:10.289] [HOST] INFO: [med] SEND hand=5,1438354432 npc=0 blood=62.3 bleed=0.00 fl=100.0,100.0,32.4,25.6 bd=0.0,0.0,67.6,74.4 flags=1 nparts=7 pmin=25.6 smin=0.0 ls=0,0,0,0
[01:48:10.449] [HOST] INFO: [inv] APPLY hand=1,32,1617431680,2,3921874944 items=7
[01:48:10.455] [HOST] INFO: [stats] RECV hand=1,2041992192 ok=1 str=33.7 dex=48.6 tough=43.2 stealth=1.3 athl=37.9 xp=0
[01:48:10.785] [HOST] INFO: [cam] center=-31642.7,1779.4,10681.5
[01:48:11.026] [HOST] INFO: [inv] APPLY hand=1,32,1617431680,1,2796875008 items=8
[01:48:11.534] [HOST] INFO: [stats] RECV hand=2,3921874944 ok=1 str=34.2 dex=24.2 tough=27.0 stealth=1.0 athl=39.8 xp=0
[01:48:11.991] [HOST] INFO: [fac] AFFECT-EV me='200-gamedata.base' whom='1084-gamedata.base' event=8 mult=0.025 after=-5.70 skipped=225
[01:48:12.228] [HOST] INFO: [ai] suspended=4 driven=4
[01:48:12.432] [HOST] INFO: [inv] APPLY hand=0,2202,11111,2043,1412841856 items=1
[01:48:12.432] [HOST] INFO: [inv] APPLY hand=0,2202,11111,2044,298706048 items=1
[01:48:12.432] [HOST] INFO: [inv] APPLY hand=0,2202,11111,2050,3628662016 items=0
[01:48:12.432] [HOST] INFO: [cam] hints recv n=2 p1=-31657,10738 p2=-31666,10701
[01:48:12.441] [HOST] INFO: [inv] APPLY hand=1,33,1114624000,1,2041992192 items=19
[01:48:12.441] [HOST] INFO: [inv] APPLY hand=1,33,1114624000,2,1846801792 items=18
[01:48:12.489] [HOST] INFO: [census] sent n=72 radius=2000 mid=48
[01:48:12.503] [HOST] INFO: [med] SEND hand=1,1051391616 npc=0 blood=95.5 bleed=0.00 fl=92.7,95.5,64.0,-50.0 bd=7.3,4.5,36.0,150.0 flags=1 nparts=7 pmin=64.0 smin=0.0 ls=0,0,0,0
[01:48:13.319] [HOST] INFO: [inv] APPLY hand=0,2202,11111,2045,1231811584 items=1
[01:48:13.700] [HOST] INFO: [stats] RECV hand=1,2796875008 ok=1 str=35.4 dex=30.6 tough=30.9 stealth=1.0 athl=47.5 xp=0
[01:48:13.776] [HOST] INFO: [interp] lerp=82092 extrap=16716 clamp=0 seg=520 single=56 snapSq=63 snapNpc=0 reissueSq=549 reissueNpc=0 restFlip=0 delay=200 jit=100.2 starve=0 snapMid=0 restFlipMid=0
[01:48:13.776] [HOST] INFO: [interp] worstZero hand=1,2796875008 zero=427 active=1963 seg=62
[01:48:14.050] [HOST] INFO: [inv] APPLY hand=0,2202,11111,2043,1412841856 items=1
[01:48:14.050] [HOST] INFO: [inv] APPLY hand=0,2202,11111,2044,298706048 items=1
[01:48:14.050] [HOST] INFO: [inv] APPLY hand=0,2202,11111,2050,3628662016 items=0
[01:48:14.057] [HOST] INFO: [inv] APPLY hand=0,2202,11111,2045,1231811584 items=1
[01:48:14.391] [HOST] INFO: [med] SEND hand=5,1438354432 npc=0 blood=62.5 bleed=0.00 fl=100.0,100.0,32.4,25.7 bd=0.0,0.0,67.6,74.3 flags=1 nparts=7 pmin=25.7 smin=0.0 ls=0,0,0,0
[01:48:14.557] [HOST] INFO: [med] SEND hand=1,1051391616 npc=0 blood=95.5 bleed=0.00 fl=92.7,95.6,64.0,-50.0 bd=7.3,4.4,36.0,150.0 flags=1 nparts=7 pmin=64.0 smin=0.0 ls=0,0,0,0
[01:48:14.960] [HOST] INFO: [med] SEND hand=1,1051391616 npc=0 blood=95.5 bleed=0.00 fl=92.7,95.6,64.0,-50.0 bd=7.3,4.4,36.0,150.0 flags=1 nparts=7 pmin=64.0 smin=0.0 ls=0,0,0,0
[01:48:14.978] [HOST] INFO: [stats] RECV hand=2,1846801792 ok=1 str=41.9 dex=44.9 tough=44.5 stealth=1.4 athl=57.4 xp=0
[01:48:15.231] [HOST] INFO: [ai] suspended=4 driven=4
[01:48:15.593] [HOST] INFO: [stats] RECV hand=1,2041992192 ok=1 str=33.7 dex=48.6 tough=43.2 stealth=1.3 athl=37.9 xp=0
[01:48:15.594] [HOST] INFO: [inv] APPLY hand=1,32,1617431680,2,3921874944 items=7
[01:48:15.787] [HOST] INFO: [cam] center=-31642.7,1779.4,10681.5
[01:48:15.810] [HOST] INFO: [inv] APPLY hand=1,32,1617431680,1,2796875008 items=8
[01:48:17.019] [HOST] INFO: [inv] APPLY hand=0,2202,11111,2043,1412841856 items=1
[01:48:17.019] [HOST] INFO: [inv] APPLY hand=0,2202,11111,2044,298706048 items=1
[01:48:17.019] [HOST] INFO: [inv] APPLY hand=0,2202,11111,2050,3628662016 items=0
[01:48:17.019] [HOST] INFO: [inv] APPLY hand=1,33,1114624000,2,1846801792 items=18
[01:48:17.339] [HOST] INFO: [fac] AFFECT-EV me='200-gamedata.base' whom='1084-gamedata.base' event=8 mult=0.025 after=-5.69 skipped=179
[01:48:17.424] [HOST] INFO: [inv] APPLY hand=1,33,1114624000,1,2041992192 items=19
[01:48:17.571] [HOST] INFO: [stats] RECV hand=2,3921874944 ok=1 str=34.2 dex=24.2 tough=27.0 stealth=1.0 athl=39.8 xp=0
[01:48:17.573] [HOST] INFO: [cam] hints recv n=2 p1=-31657,10738 p2=-31707,10733
[01:48:18.239] [HOST] INFO: [ai] suspended=4 driven=4
[01:48:18.349] [HOST] INFO: [inv] APPLY hand=0,2202,11111,2045,1231811584 items=1
[01:48:18.646] [HOST] INFO: [med] SEND hand=5,1438354432 npc=0 blood=62.7 bleed=0.00 fl=100.0,100.0,32.5,25.7 bd=0.0,0.0,67.5,74.3 flags=1 nparts=7 pmin=25.7 smin=0.0 ls=0,0,0,0
[01:48:18.783] [HOST] INFO: [interp] lerp=83984 extrap=17264 clamp=0 seg=520 single=56 snapSq=63 snapNpc=0 reissueSq=549 reissueNpc=0 restFlip=0 delay=200 jit=86.6 starve=0 snapMid=0 restFlipMid=0
[01:48:18.783] [HOST] INFO: [interp] worstZero hand=1,2796875008 zero=427 active=1963 seg=90
[01:48:18.807] [HOST] INFO: [inv] APPLY hand=0,2202,11111,2045,1231811584 items=1
[01:48:18.899] [HOST] INFO: [stats] RECV hand=1,2796875008 ok=1 str=35.4 dex=30.6 tough=30.9 stealth=1.0 athl=47.5 xp=0
[01:48:19.050] [HOST] INFO: [med] SEND hand=5,1438354432 npc=0 blood=62.7 bleed=0.00 fl=100.0,100.0,32.5,25.7 bd=0.0,0.0,67.5,74.3 flags=1 nparts=7 pmin=25.7 smin=0.0 ls=0,0,0,0
[01:48:19.902] [HOST] INFO: [inv] APPLY hand=0,2202,11111,2043,1412841856 items=1
[01:48:19.902] [HOST] INFO: [inv] APPLY hand=0,2202,11111,2044,298706048 items=1
[01:48:19.902] [HOST] INFO: [inv] APPLY hand=0,2202,11111,2050,3628662016 items=0
[01:48:19.902] [HOST] INFO: [inv] APPLY hand=1,32,1617431680,1,2796875008 items=9
[01:48:20.058] [HOST] INFO: [stats] RECV hand=2,1846801792 ok=1 str=41.9 dex=44.9 tough=44.5 stealth=1.4 athl=57.4 xp=0
[01:48:20.464] [HOST] INFO: [inv] APPLY hand=1,32,1617431680,2,3921874944 items=7
[01:48:20.706] [HOST] INFO: [stats] RECV hand=1,2041992192 ok=1 str=33.7 dex=48.6 tough=43.2 stealth=1.3 athl=37.9 xp=0
[01:48:20.783] [HOST] INFO: [cam] center=-31642.7,1779.4,10681.5
[01:48:21.242] [HOST] INFO: [ai] suspended=4 driven=4
[01:48:21.504] [HOST] INFO: [stats] RECV hand=2,3921874944 ok=1 str=34.2 dex=24.2 tough=27.0 stealth=1.0 athl=39.8 xp=0
[01:48:22.026] [HOST] INFO: [inv] APPLY hand=0,2202,11111,2043,1412841856 items=1
[01:48:22.026] [HOST] INFO: [inv] APPLY hand=0,2202,11111,2044,298706048 items=1
[01:48:22.026] [HOST] INFO: [inv] APPLY hand=0,2202,11111,2050,3628662016 items=0
[01:48:22.026] [HOST] INFO: [inv] APPLY hand=1,33,1114624000,2,1846801792 items=18
[01:48:22.139] [HOST] INFO: [med] SEND hand=1,1051391616 npc=0 blood=95.5 bleed=0.00 fl=92.8,95.7,64.1,-49.9 bd=7.2,4.3,35.9,149.9 flags=1 nparts=7 pmin=64.1 smin=0.0 ls=0,0,0,0
[01:48:22.467] [HOST] INFO: [fac] AFFECT-EV me='200-gamedata.base' whom='1084-gamedata.base' event=8 mult=0.025 after=-5.68 skipped=163
[01:48:22.550] [HOST] INFO: [med] SEND hand=1,1051391616 npc=0 blood=95.5 bleed=0.00 fl=92.8,95.7,64.1,-49.9 bd=7.2,4.3,35.9,149.9 flags=1 nparts=7 pmin=64.1 smin=0.0 ls=0,0,0,0
[01:48:22.552] [HOST] INFO: [inv] APPLY hand=1,33,1114624000,1,2041992192 items=19
[01:48:22.552] [HOST] INFO: [census] sent n=72 radius=2000 mid=48
[01:48:22.920] [HOST] INFO: [cam] hints recv n=2 p1=-31657,10738 p2=-31669,10760
[01:48:23.385] [HOST] INFO: [inv] APPLY hand=1,32,1617431680,1,2796875008 items=10
[01:48:23.787] [HOST] INFO: [interp] lerp=85702 extrap=17782 clamp=0 seg=520 single=56 snapSq=63 snapNpc=0 reissueSq=574 reissueNpc=0 restFlip=0 delay=200 jit=79.3 starve=0 snapMid=0 restFlipMid=0
[01:48:23.787] [HOST] INFO: [interp] worstZero hand=1,2796875008 zero=427 active=1963 seg=80
[01:48:23.905] [HOST] INFO: [stats] RECV hand=1,2796875008 ok=1 str=35.4 dex=30.6 tough=30.9 stealth=1.0 athl=47.5 xp=0
[01:48:24.123] [HOST] INFO: [inv] APPLY hand=0,2202,11111,2043,1412841856 items=1
[01:48:24.123] [HOST] INFO: [inv] APPLY hand=0,2202,11111,2044,298706048 items=1
[01:48:24.123] [HOST] INFO: [inv] APPLY hand=0,2202,11111,2050,3628662016 items=0
[01:48:24.246] [HOST] INFO: [ai] suspended=4 driven=4
[01:48:24.803] [HOST] INFO: [med] SEND hand=5,1438354432 npc=0 blood=63.0 bleed=0.00 fl=100.0,100.0,32.6,25.8 bd=0.0,0.0,67.4,74.2 flags=1 nparts=7 pmin=25.8 smin=0.0 ls=0,0,0,0
[01:48:24.812] [HOST] INFO: [speed] REQ RECV owner=2 mult=0.00 paused=1 combat=0
[01:48:24.812] [HOST] INFO: [speed] SET mult=0.00 paused=1 combat=0 (my=1.00 p1=1.00 p2=0.00)
[01:48:25.493] [HOST] INFO: [inv] APPLY hand=1,32,1617431680,2,3921874944 items=7
[01:48:25.534] [HOST] INFO: [stats] RECV hand=2,1846801792 ok=1 str=41.9 dex=44.9 tough=44.5 stealth=1.4 athl=57.4 xp=0
[01:48:25.534] [HOST] INFO: [stats] RECV hand=1,2041992192 ok=1 str=33.7 dex=48.6 tough=43.2 stealth=1.3 athl=37.9 xp=0
[01:48:25.534] [HOST] INFO: [speed] REQ RECV owner=2 mult=1.00 paused=0 combat=0
[01:48:25.534] [HOST] INFO: [speed] SET mult=1.00 paused=0 combat=0 (my=1.00 p1=1.00 p2=1.00)
[01:48:25.784] [HOST] INFO: [cam] center=-31648.1,1748.0,10764.0
[01:48:26.571] [HOST] INFO: [stats] RECV hand=2,3921874944 ok=1 str=34.2 dex=24.2 tough=27.0 stealth=1.0 athl=39.8 xp=0
[01:48:27.252] [HOST] INFO: [ai] suspended=4 driven=4
[01:48:27.685] [HOST] INFO: [fac] AFFECT-EV me='200-gamedata.base' whom='1084-gamedata.base' event=8 mult=0.025 after=-5.68 skipped=84
[01:48:27.879] [HOST] INFO: [inv] APPLY hand=0,2202,11111,2043,1412841856 items=1
[01:48:27.879] [HOST] INFO: [inv] APPLY hand=0,2202,11111,2044,298706048 items=1
[01:48:27.879] [HOST] INFO: [inv] APPLY hand=0,2202,11111,2050,3628662016 items=0
[01:48:27.897] [HOST] INFO: [inv] APPLY hand=1,33,1114624000,1,2041992192 items=19
[01:48:27.897] [HOST] INFO: [inv] APPLY hand=1,33,1114624000,2,1846801792 items=18
[01:48:27.943] [HOST] INFO: [cam] hints recv n=2 p1=-31657,10738 p2=-31648,10763
[01:48:28.039] [HOST] INFO: [inv] APPLY hand=1,32,1617431680,1,2796875008 items=10
[01:48:28.715] [HOST] INFO: [stats] RECV hand=1,2796875008 ok=1 str=35.4 dex=30.6 tough=30.9 stealth=1.0 athl=47.5 xp=0
[01:48:28.794] [HOST] INFO: [interp] lerp=87318 extrap=18426 clamp=0 seg=520 single=56 snapSq=63 snapNpc=0 reissueSq=575 reissueNpc=0 restFlip=0 delay=200 jit=107.2 starve=0 snapMid=0 restFlipMid=0
[01:48:28.794] [HOST] INFO: [interp] worstZero hand=1,2796875008 zero=427 active=1963 seg=59
[01:48:29.135] [HOST] INFO: [inv] APPLY hand=0,2202,11111,2043,1412841856 items=1
[01:48:29.135] [HOST] INFO: [inv] APPLY hand=0,2202,11111,2044,298706048 items=1
[01:48:29.135] [HOST] INFO: [inv] APPLY hand=0,2202,11111,2050,3628662016 items=0
[01:48:29.958] [HOST] INFO: [stats] RECV hand=2,1846801792 ok=1 str=41.9 dex=44.9 tough=44.5 stealth=1.4 athl=57.4 xp=0
[01:48:30.259] [HOST] INFO: [ai] suspended=4 driven=4
[01:48:30.495] [HOST] INFO: [inv] APPLY hand=1,32,1617431680,2,3921874944 items=7
[01:48:30.789] [HOST] INFO: [cam] center=-31647.6,1748.0,10763.9
[01:48:31.274] [HOST] INFO: [med] SEND hand=5,1438354432 npc=0 blood=63.3 bleed=0.00 fl=100.0,100.0,32.7,25.9 bd=0.0,0.0,67.3,74.1 flags=1 nparts=7 pmin=25.9 smin=0.0 ls=0,0,0,0
[01:48:31.505] [HOST] INFO: [stats] RECV hand=2,3921874944 ok=1 str=34.2 dex=24.2 tough=27.0 stealth=1.0 athl=39.8 xp=0
[01:48:31.676] [HOST] INFO: [med] SEND hand=5,1438354432 npc=0 blood=63.3 bleed=0.00 fl=100.0,100.0,32.7,25.9 bd=0.0,0.0,67.3,74.1 flags=1 nparts=7 pmin=25.9 smin=0.0 ls=0,0,0,0
[01:48:31.818] [HOST] INFO: [stats] RECV hand=1,2041992192 ok=1 str=33.7 dex=48.6 tough=43.2 stealth=1.3 athl=37.9 xp=0
[01:48:32.063] [HOST] INFO: [inv] APPLY hand=0,2202,11111,2043,1412841856 items=1
[01:48:32.063] [HOST] INFO: [inv] APPLY hand=0,2202,11111,2044,298706048 items=1
[01:48:32.063] [HOST] INFO: [inv] APPLY hand=0,2202,11111,2050,3628662016 items=0
[01:48:32.072] [HOST] INFO: [inv] APPLY hand=1,33,1114624000,2,1846801792 items=18
[01:48:32.481] [HOST] INFO: [inv] APPLY hand=1,33,1114624000,1,2041992192 items=19
[01:48:32.585] [HOST] INFO: [census] sent n=72 radius=2000 mid=46
[01:48:32.686] [HOST] INFO: [fac] AFFECT-EV me='200-gamedata.base' whom='1084-gamedata.base' event=8 mult=0.025 after=-5.68 skipped=96
[01:48:32.981] [HOST] INFO: [cam] hints recv n=2 p1=-31657,10738 p2=-31648,10763
[01:48:33.131] [HOST] INFO: [inv] APPLY hand=1,32,1617431680,1,2796875008 items=10
[01:48:33.267] [HOST] INFO: [ai] suspended=4 driven=4
[01:48:33.342] [HOST] INFO: [med] SEND hand=1,1051391616 npc=0 blood=95.5 bleed=0.00 fl=93.0,95.9,64.3,-49.7 bd=7.0,4.1,35.7,149.7 flags=1 nparts=7 pmin=64.3 smin=0.0 ls=0,0,0,0
[01:48:33.746] [HOST] INFO: [med] SEND hand=1,1051391616 npc=0 blood=95.5 bleed=0.00 fl=93.0,95.9,64.3,-49.7 bd=7.0,4.1,35.7,149.7 flags=1 nparts=7 pmin=64.3 smin=0.0 ls=0,0,0,0
[01:48:33.780] [HOST] INFO: [stats] RECV hand=1,2796875008 ok=1 str=35.4 dex=30.6 tough=30.9 stealth=1.0 athl=47.5 xp=0
[01:48:33.803] [HOST] INFO: [interp] lerp=88818 extrap=19110 clamp=0 seg=520 single=56 snapSq=63 snapNpc=0 reissueSq=583 reissueNpc=0 restFlip=0 delay=200 jit=120.0 starve=0 snapMid=0 restFlipMid=0
[01:48:33.803] [HOST] INFO: [interp] worstZero hand=1,2796875008 zero=427 active=1963 seg=92
[01:48:34.118] [HOST] INFO: [inv] APPLY hand=0,2202,11111,2043,1412841856 items=1
[01:48:34.118] [HOST] INFO: [inv] APPLY hand=0,2202,11111,2044,298706048 items=1
[01:48:34.118] [HOST] INFO: [inv] APPLY hand=0,2202,11111,2050,3628662016 items=0
[01:48:35.123] [HOST] INFO: [stats] RECV hand=2,1846801792 ok=1 str=41.9 dex=44.9 tough=44.5 stealth=1.4 athl=57.4 xp=0
[01:48:35.501] [HOST] INFO: [inv] APPLY hand=1,32,1617431680,2,3921874944 items=7
[01:48:35.788] [HOST] INFO: [cam] center=-31647.7,1809.2,10764.3
[01:48:35.948] [HOST] INFO: [med] SEND hand=5,1438354432 npc=0 blood=63.5 bleed=0.00 fl=100.0,100.0,32.7,26.0 bd=0.0,0.0,67.3,74.0 flags=1 nparts=7 pmin=26.0 smin=0.0 ls=0,0,0,0
[01:48:35.982] [HOST] INFO: [stats] RECV hand=1,2041992192 ok=1 str=33.7 dex=48.6 tough=43.2 stealth=1.3 athl=37.9 xp=0
[01:48:36.269] [HOST] INFO: [ai] suspended=4 driven=4
[01:48:36.964] [HOST] INFO: [stats] RECV hand=2,3921874944 ok=1 str=34.2 dex=24.2 tough=27.0 stealth=1.0 athl=39.8 xp=0
[01:48:37.172] [HOST] INFO: [inv] APPLY hand=0,2202,11111,2043,1412841856 items=1
[01:48:37.172] [HOST] INFO: [inv] APPLY hand=0,2202,11111,2044,298706048 items=1
[01:48:37.172] [HOST] INFO: [inv] APPLY hand=0,2202,11111,2050,3628662016 items=0
[01:48:37.172] [HOST] INFO: [inv] APPLY hand=1,33,1114624000,2,1846801792 items=18
[01:48:37.266] [HOST] INFO: [med] SEND hand=5,1438354432 npc=0 blood=63.6 bleed=0.00 fl=100.0,100.0,32.8,26.0 bd=0.0,0.0,67.2,74.0 flags=1 nparts=7 pmin=26.0 smin=0.0 ls=0,0,0,0
[01:48:37.766] [HOST] INFO: [med] SEND hand=5,1438354432 npc=0 blood=63.6 bleed=0.00 fl=100.0,100.0,32.8,26.0 bd=0.0,0.0,67.2,74.0 flags=1 nparts=7 pmin=26.0 smin=0.0 ls=0,0,0,0
[01:48:38.085] [HOST] INFO: [fac] AFFECT-EV me='200-gamedata.base' whom='1084-gamedata.base' event=8 mult=0.025 after=-5.67 skipped=149
[01:48:38.120] [HOST] INFO: [inv] APPLY hand=1,32,1617431680,1,2796875008 items=10
[01:48:38.675] [HOST] INFO: [cam] hints recv n=2 p1=-31657,10738 p2=-31648,10763
[01:48:38.780] [HOST] INFO: [stats] RECV hand=1,2796875008 ok=1 str=35.4 dex=30.6 tough=30.9 stealth=1.0 athl=47.5 xp=0
[01:48:38.809] [HOST] INFO: [interp] lerp=90476 extrap=19688 clamp=0 seg=520 single=56 snapSq=63 snapNpc=0 reissueSq=584 reissueNpc=0 restFlip=0 delay=200 jit=96.9 starve=0 snapMid=0 restFlipMid=0
[01:48:38.809] [HOST] INFO: [interp] worstZero hand=1,2796875008 zero=427 active=1963 seg=95
[01:48:39.137] [HOST] INFO: [inv] APPLY hand=0,2202,11111,2043,1412841856 items=1
[01:48:39.137] [HOST] INFO: [inv] APPLY hand=0,2202,11111,2044,298706048 items=1
[01:48:39.137] [HOST] INFO: [inv] APPLY hand=0,2202,11111,2050,3628662016 items=0
[01:48:39.269] [HOST] INFO: [ai] suspended=4 driven=4
[01:48:40.202] [HOST] INFO: [stats] RECV hand=2,1846801792 ok=1 str=41.9 dex=44.9 tough=44.5 stealth=1.4 athl=57.4 xp=0
[01:48:40.514] [HOST] INFO: [inv] APPLY hand=1,32,1617431680,2,3921874944 items=7
[01:48:40.541] [HOST] INFO: [med] SEND hand=1,1051391616 npc=0 blood=95.5 bleed=0.00 fl=93.1,96.0,64.4,-49.6 bd=6.9,4.0,35.6,149.6 flags=1 nparts=7 pmin=64.4 smin=0.0 ls=0,0,0,0
[01:48:40.784] [HOST] INFO: [cam] center=-31647.6,1764.0,10763.8
[01:48:40.942] [HOST] INFO: [med] SEND hand=1,1051391616 npc=0 blood=95.5 bleed=0.00 fl=93.1,96.0,64.4,-49.6 bd=6.9,4.0,35.6,149.6 flags=1 nparts=7 pmin=64.4 smin=0.0 ls=0,0,0,0
[01:48:41.427] [HOST] INFO: [stats] RECV hand=1,2041992192 ok=1 str=33.7 dex=48.6 tough=43.2 stealth=1.3 athl=37.9 xp=0
[01:48:41.602] [HOST] INFO: [stats] RECV hand=2,3921874944 ok=1 str=34.2 dex=24.2 tough=27.0 stealth=1.0 athl=39.8 xp=0
[01:48:42.056] [HOST] INFO: [inv] APPLY hand=0,2202,11111,2043,1412841856 items=1
[01:48:42.056] [HOST] INFO: [inv] APPLY hand=0,2202,11111,2044,298706048 items=1
[01:48:42.056] [HOST] INFO: [inv] APPLY hand=0,2202,11111,2050,3628662016 items=0
[01:48:42.065] [HOST] INFO: [inv] APPLY hand=1,33,1114624000,2,1846801792 items=18
[01:48:42.277] [HOST] INFO: [ai] suspended=4 driven=4
[01:48:42.327] [HOST] INFO: [inv] APPLY hand=1,32,1617431680,1,2796875008 items=8
[01:48:42.628] [HOST] INFO: [census] sent n=72 radius=2000 mid=46
[01:48:42.756] [HOST] INFO: [inv] APPLY hand=1,33,1114624000,1,2041992192 items=14
[01:48:43.175] [HOST] INFO: [fac] AFFECT-EV me='200-gamedata.base' whom='1084-gamedata.base' event=8 mult=0.025 after=-5.67 skipped=183
[01:48:43.547] [HOST] INFO: [med] SEND hand=1,1051391616 npc=0 blood=95.5 bleed=0.00 fl=93.2,96.0,64.5,-49.5 bd=6.8,4.0,35.5,149.5 flags=1 nparts=7 pmin=64.5 smin=0.0 ls=0,0,0,0
[01:48:43.730] [HOST] INFO: [stats] RECV hand=1,2796875008 ok=1 str=35.4 dex=30.6 tough=30.9 stealth=1.0 athl=47.5 xp=0
[01:48:43.811] [HOST] INFO: [interp] lerp=92022 extrap=20338 clamp=0 seg=520 single=56 snapSq=63 snapNpc=0 reissueSq=584 reissueNpc=0 restFlip=0 delay=200 jit=107.4 starve=0 snapMid=0 restFlipMid=0
[01:48:43.811] [HOST] INFO: [interp] worstZero hand=1,2796875008 zero=427 active=1963 seg=57
[01:48:43.999] [HOST] INFO: [cam] hints recv n=2 p1=-31657,10738 p2=-31648,10763
[01:48:44.176] [HOST] INFO: [med] SEND hand=5,1438354432 npc=0 blood=63.9 bleed=0.00 fl=100.0,100.0,32.9,26.1 bd=0.0,0.0,67.1,73.9 flags=1 nparts=7 pmin=26.1 smin=0.0 ls=0,0,0,0
[01:48:44.212] [HOST] INFO: [inv] APPLY hand=0,2202,11111,2043,1412841856 items=1
[01:48:44.212] [HOST] INFO: [inv] APPLY hand=0,2202,11111,2044,298706048 items=1
[01:48:44.212] [HOST] INFO: [inv] APPLY hand=0,2202,11111,2050,3628662016 items=0
[01:48:45.096] [HOST] INFO: [stats] RECV hand=2,1846801792 ok=1 str=41.9 dex=44.9 tough=44.5 stealth=1.4 athl=57.4 xp=0
[01:48:45.285] [HOST] INFO: [ai] suspended=4 driven=4
[01:48:45.556] [HOST] INFO: [inv] APPLY hand=1,32,1617431680,2,3921874944 items=7
[01:48:45.572] [HOST] INFO: [med] SEND hand=1,1051391616 npc=0 blood=95.5 bleed=0.00 fl=93.2,96.1,64.5,-49.5 bd=6.8,3.9,35.5,149.5 flags=1 nparts=7 pmin=64.5 smin=0.0 ls=0,0,0,0
[01:48:45.791] [HOST] INFO: [cam] center=-31647.7,1751.8,10764.2
[01:48:45.980] [HOST] INFO: [med] SEND hand=1,1051391616 npc=0 blood=95.5 bleed=0.00 fl=93.2,96.1,64.5,-49.5 bd=6.8,3.9,35.5,149.5 flags=1 nparts=7 pmin=64.5 smin=0.0 ls=0,0,0,0
[01:48:46.363] [HOST] INFO: [med] SEND hand=5,1438354432 npc=0 blood=64.0 bleed=0.00 fl=100.0,100.0,32.9,26.1 bd=0.0,0.0,67.1,73.9 flags=1 nparts=7 pmin=26.1 smin=0.0 ls=0,0,0,0
[01:48:46.502] [HOST] INFO: [stats] RECV hand=2,3921874944 ok=1 str=34.2 dex=24.2 tough=27.0 stealth=1.0 athl=39.8 xp=0
[01:48:46.740] [HOST] INFO: [stats] RECV hand=1,2041992192 ok=1 str=33.7 dex=48.6 tough=43.2 stealth=1.3 athl=37.9 xp=0
[01:48:47.135] [HOST] INFO: [inv] APPLY hand=0,2202,11111,2043,1412841856 items=1
[01:48:47.135] [HOST] INFO: [inv] APPLY hand=0,2202,11111,2044,298706048 items=1
[01:48:47.135] [HOST] INFO: [inv] APPLY hand=0,2202,11111,2050,3628662016 items=0
[01:48:47.135] [HOST] INFO: [inv] APPLY hand=1,33,1114624000,2,1846801792 items=18
[01:48:47.339] [HOST] INFO: [inv] APPLY hand=1,32,1617431680,1,2796875008 items=8
[01:48:47.624] [HOST] INFO: [inv] APPLY hand=1,33,1114624000,1,2041992192 items=14
[01:48:48.245] [HOST] INFO: [fac] AFFECT-EV me='200-gamedata.base' whom='1084-gamedata.base' event=8 mult=0.025 after=-5.66 skipped=130
[01:48:48.291] [HOST] INFO: [ai] suspended=4 driven=4
[01:48:48.805] [HOST] INFO: [stats] RECV hand=1,2796875008 ok=1 str=35.4 dex=30.6 tough=30.9 stealth=1.0 athl=47.5 xp=0
[01:48:48.816] [HOST] INFO: [interp] lerp=93706 extrap=20906 clamp=0 seg=520 single=56 snapSq=63 snapNpc=0 reissueSq=586 reissueNpc=0 restFlip=0 delay=200 jit=80.7 starve=0 snapMid=0 restFlipMid=0
[01:48:48.816] [HOST] INFO: [interp] worstZero hand=1,2796875008 zero=427 active=1963 seg=137
[01:48:49.152] [HOST] INFO: [inv] APPLY hand=0,2202,11111,2043,1412841856 items=1
[01:48:49.152] [HOST] INFO: [inv] APPLY hand=0,2202,11111,2044,298706048 items=1
[01:48:49.152] [HOST] INFO: [inv] APPLY hand=0,2202,11111,2050,3628662016 items=0
[01:48:49.505] [HOST] INFO: [cam] hints recv n=2 p1=-31657,10738 p2=-31648,10763
[01:48:50.471] [HOST] INFO: [inv] APPLY hand=1,32,1617431680,2,3921874944 items=7
[01:48:50.788] [HOST] INFO: [cam] center=-31647.6,1748.0,10763.7
[01:48:51.298] [HOST] INFO: [ai] suspended=4 driven=4
[01:48:51.352] [HOST] INFO: [stats] RECV hand=2,1846801792 ok=1 str=41.9 dex=44.9 tough=44.5 stealth=1.4 athl=57.4 xp=0
[01:48:51.352] [HOST] INFO: [stats] RECV hand=1,2041992192 ok=1 str=33.7 dex=48.6 tough=43.2 stealth=1.3 athl=37.9 xp=0
[01:48:51.538] [HOST] INFO: [stats] RECV hand=2,3921874944 ok=1 str=34.2 dex=24.2 tough=27.0 stealth=1.0 athl=39.8 xp=0
[01:48:52.377] [HOST] INFO: [inv] APPLY hand=1,32,1617431680,1,2796875008 items=8
[01:48:52.670] [HOST] INFO: [census] sent n=58 radius=2000 mid=32
[01:48:52.770] [HOST] INFO: [med] SEND hand=5,1438354432 npc=0 blood=64.3 bleed=0.00 fl=100.0,100.0,33.0,26.2 bd=0.0,0.0,67.0,73.8 flags=1 nparts=7 pmin=26.2 smin=0.0 ls=0,0,0,0
[01:48:53.154] [HOST] INFO: [med] SEND hand=1,1051391616 npc=0 blood=95.5 bleed=0.00 fl=93.3,96.2,64.6,-49.4 bd=6.7,3.8,35.4,149.4 flags=1 nparts=7 pmin=64.6 smin=0.0 ls=0,0,0,0
[01:48:53.173] [HOST] INFO: [med] SEND hand=5,1438354432 npc=0 blood=64.3 bleed=0.00 fl=100.0,100.0,33.0,26.2 bd=0.0,0.0,67.0,73.8 flags=1 nparts=7 pmin=26.2 smin=0.0 ls=0,0,0,0
[01:48:53.337] [HOST] INFO: [inv] APPLY hand=0,2202,11111,2043,1412841856 items=1
[01:48:53.337] [HOST] INFO: [inv] APPLY hand=0,2202,11111,2044,298706048 items=1
[01:48:53.337] [HOST] INFO: [inv] APPLY hand=0,2202,11111,2050,3628662016 items=0
[01:48:53.337] [HOST] INFO: [inv] APPLY hand=1,33,1114624000,1,2041992192 items=14
[01:48:53.337] [HOST] INFO: [inv] APPLY hand=1,33,1114624000,2,1846801792 items=18
[01:48:53.557] [HOST] INFO: [med] SEND hand=1,1051391616 npc=0 blood=95.5 bleed=0.00 fl=93.3,96.2,64.6,-49.4 bd=6.7,3.8,35.4,149.4 flags=1 nparts=7 pmin=64.6 smin=0.0 ls=0,0,0,0
[01:48:53.821] [HOST] INFO: [stats] RECV hand=1,2796875008 ok=1 str=35.4 dex=30.6 tough=30.9 stealth=1.0 athl=47.5 xp=0
[01:48:53.822] [HOST] INFO: [interp] lerp=94874 extrap=21882 clamp=0 seg=520 single=56 snapSq=63 snapNpc=0 reissueSq=586 reissueNpc=0 restFlip=0 delay=200 jit=142.9 starve=0 snapMid=0 restFlipMid=0
[01:48:53.822] [HOST] INFO: [interp] worstZero hand=1,2796875008 zero=427 active=1963 seg=156
[01:48:54.275] [HOST] INFO: [inv] APPLY hand=0,2202,11111,2043,1412841856 items=1
[01:48:54.275] [HOST] INFO: [inv] APPLY hand=0,2202,11111,2044,298706048 items=1
[01:48:54.275] [HOST] INFO: [inv] APPLY hand=0,2202,11111,2050,3628662016 items=0
[01:48:54.302] [HOST] INFO: [ai] suspended=4 driven=4
[01:48:54.601] [HOST] INFO: [cam] hints recv n=2 p1=-31657,10738 p2=-31648,10763
[01:48:55.009] [HOST] INFO: [stats] RECV hand=2,1846801792 ok=1 str=41.9 dex=44.9 tough=44.5 stealth=1.4 athl=57.4 xp=0
[01:48:55.480] [HOST] INFO: [stats] RECV hand=1,2041992192 ok=1 str=33.7 dex=48.6 tough=43.2 stealth=1.3 athl=37.9 xp=0
[01:48:55.639] [HOST] INFO: [inv] APPLY hand=1,32,1617431680,2,3921874944 items=7
[01:48:55.783] [HOST] INFO: [cam] center=-31647.7,1809.2,10764.1
[01:48:56.515] [HOST] INFO: [stats] RECV hand=2,3921874944 ok=1 str=34.2 dex=24.2 tough=27.0 stealth=1.0 athl=39.8 xp=0
[01:48:56.797] [HOST] INFO: [med] SEND hand=5,1438354432 npc=0 blood=64.5 bleed=0.00 fl=100.0,100.0,33.1,26.3 bd=0.0,0.0,66.9,73.7 flags=1 nparts=7 pmin=26.3 smin=0.0 ls=0,0,0,0
[01:48:57.101] [HOST] INFO: [fac] AFFECT-EV me='200-gamedata.base' whom='1084-gamedata.base' event=8 mult=0.025 after=-5.66 skipped=25
[01:48:57.132] [HOST] INFO: [inv] APPLY hand=0,2202,11111,2043,1412841856 items=1
[01:48:57.132] [HOST] INFO: [inv] APPLY hand=0,2202,11111,2044,298706048 items=1
[01:48:57.132] [HOST] INFO: [inv] APPLY hand=0,2202,11111,2050,3628662016 items=0
[01:48:57.132] [HOST] INFO: [inv] APPLY hand=1,33,1114624000,2,1846801792 items=18
[01:48:57.304] [HOST] INFO: [ai] suspended=4 driven=4
[01:48:57.390] [HOST] INFO: [inv] APPLY hand=1,32,1617431680,1,2796875008 items=8
[01:48:57.640] [HOST] INFO: [inv] APPLY hand=1,33,1114624000,1,2041992192 items=14
[01:48:58.745] [HOST] INFO: [stats] RECV hand=1,2796875008 ok=1 str=35.4 dex=30.6 tough=30.9 stealth=1.0 athl=47.5 xp=0
[01:48:58.825] [HOST] INFO: [interp] lerp=96558 extrap=22474 clamp=0 seg=520 single=56 snapSq=63 snapNpc=0 reissueSq=586 reissueNpc=0 restFlip=0 delay=200 jit=175.5 starve=0 snapMid=0 restFlipMid=0
[01:48:58.825] [HOST] INFO: [interp] worstZero hand=1,2796875008 zero=427 active=1963 seg=62
[01:48:59.170] [HOST] INFO: [inv] APPLY hand=0,2202,11111,2043,1412841856 items=1
[01:48:59.170] [HOST] INFO: [inv] APPLY hand=0,2202,11111,2044,298706048 items=1
[01:48:59.170] [HOST] INFO: [inv] APPLY hand=0,2202,11111,2050,3628662016 items=0
[01:48:59.737] [HOST] INFO: [cam] hints recv n=2 p1=-31649,10735 p2=-31648,10763
[01:49:00.313] [HOST] INFO: [ai] suspended=4 driven=4
[01:49:00.339] [HOST] INFO: [stats] RECV hand=2,1846801792 ok=1 str=41.9 dex=44.9 tough=44.5 stealth=1.4 athl=57.4 xp=0
[01:49:00.492] [HOST] INFO: [stats] RECV hand=1,2041992192 ok=1 str=33.7 dex=48.6 tough=43.2 stealth=1.3 athl=37.9 xp=0
[01:49:00.493] [HOST] INFO: [inv] APPLY hand=1,32,1617431680,2,3921874944 items=7
[01:49:00.781] [HOST] INFO: [cam] center=-31647.5,1764.0,10763.6
[01:49:01.650] [HOST] INFO: [stats] RECV hand=2,3921874944 ok=1 str=34.2 dex=24.2 tough=27.0 stealth=1.0 athl=39.8 xp=0
[01:49:02.105] [HOST] INFO: [inv] APPLY hand=0,2202,11111,2043,1412841856 items=1
[01:49:02.105] [HOST] INFO: [inv] APPLY hand=0,2202,11111,2044,298706048 items=1
[01:49:02.105] [HOST] INFO: [inv] APPLY hand=0,2202,11111,2050,3628662016 items=0
[01:49:02.114] [HOST] INFO: [inv] APPLY hand=1,33,1114624000,2,1846801792 items=18
[01:49:02.151] [HOST] INFO: [fac] AFFECT-EV me='200-gamedata.base' whom='1084-gamedata.base' event=8 mult=0.025 after=-5.66 skipped=192
[01:49:02.383] [HOST] INFO: [inv] APPLY hand=1,32,1617431680,1,2796875008 items=8
[01:49:02.717] [HOST] INFO: [census] sent n=56 radius=2000 mid=30
[01:49:03.163] [HOST] INFO: [inv] APPLY hand=1,33,1114624000,1,2041992192 items=14
[01:49:03.322] [HOST] INFO: [ai] suspended=4 driven=4
[01:49:03.555] [HOST] INFO: [inv] APPLY hand=1,32,1617431680,1,2796875008 items=9
[01:49:03.654] [HOST] INFO: [med] SEND hand=1,1051391616 npc=0 blood=95.5 bleed=0.00 fl=93.5,96.4,64.8,-49.2 bd=6.5,3.6,35.2,149.2 flags=1 nparts=7 pmin=64.8 smin=0.0 ls=0,0,0,0
[01:49:03.793] [HOST] INFO: [stats] RECV hand=1,2796875008 ok=1 str=35.4 dex=30.6 tough=30.9 stealth=1.0 athl=47.5 xp=0
[01:49:03.831] [HOST] INFO: [interp] lerp=98050 extrap=23186 clamp=0 seg=520 single=56 snapSq=63 snapNpc=0 reissueSq=586 reissueNpc=0 restFlip=0 delay=200 jit=200.4 starve=0 snapMid=0 restFlipMid=0
[01:49:03.831] [HOST] INFO: [interp] worstZero hand=1,2796875008 zero=427 active=1963 seg=55
[01:49:04.015] [HOST] INFO: [inv] APPLY hand=1,32,1617431680,1,2796875008 items=10
[01:49:04.162] [HOST] INFO: [inv] APPLY hand=0,2202,11111,2043,1412841856 items=1
[01:49:04.162] [HOST] INFO: [inv] APPLY hand=0,2202,11111,2044,298706048 items=1
[01:49:04.162] [HOST] INFO: [inv] APPLY hand=0,2202,11111,2050,3628662016 items=0
[01:49:04.660] [HOST] INFO: [med] SEND hand=5,1438354432 npc=0 blood=64.9 bleed=0.00 fl=100.0,100.0,33.2,26.4 bd=0.0,0.0,66.8,73.6 flags=1 nparts=7 pmin=0.0 smin=0.0 ls=0,0,0,0
[01:49:05.372] [HOST] INFO: [inv] APPLY hand=1,32,1617431680,1,2796875008 items=11
[01:49:05.550] [HOST] INFO: [stats] RECV hand=2,1846801792 ok=1 str=41.9 dex=44.9 tough=44.5 stealth=1.4 athl=57.4 xp=0
[01:49:05.550] [HOST] INFO: [stats] RECV hand=1,2041992192 ok=1 str=33.7 dex=48.6 tough=43.2 stealth=1.3 athl=37.9 xp=0
[01:49:05.551] [HOST] INFO: [inv] APPLY hand=1,32,1617431680,2,3921874944 items=7
[01:49:05.551] [HOST] INFO: [cam] hints recv n=2 p1=-31614,10755 p2=-31648,10763
[01:49:05.783] [HOST] INFO: [cam] center=-31647.7,1751.2,10764.0
[01:49:05.998] [HOST] INFO: [inv] APPLY hand=1,32,1617431680,1,2796875008 items=12
[01:49:06.327] [HOST] INFO: [ai] suspended=4 driven=4
[01:49:06.427] [HOST] INFO: [inv] APPLY hand=1,32,1617431680,1,2796875008 items=13
[01:49:06.555] [HOST] INFO: [stats] RECV hand=2,3921874944 ok=1 str=34.2 dex=24.2 tough=27.0 stealth=1.0 athl=39.8 xp=0
[01:49:07.058] [HOST] INFO: [inv] APPLY hand=0,2202,11111,2043,1412841856 items=1
[01:49:07.058] [HOST] INFO: [inv] APPLY hand=0,2202,11111,2044,298706048 items=1
[01:49:07.058] [HOST] INFO: [inv] APPLY hand=0,2202,11111,2050,3628662016 items=0
[01:49:07.067] [HOST] INFO: [inv] APPLY hand=1,33,1114624000,2,1846801792 items=18
[01:49:07.203] [HOST] INFO: [med] SEND hand=5,1438354432 npc=0 blood=65.0 bleed=0.00 fl=100.0,100.0,33.2,26.4 bd=0.0,0.0,66.8,73.6 flags=1 nparts=7 pmin=0.0 smin=0.0 ls=0,0,0,0
[01:49:07.223] [HOST] INFO: [fac] AFFECT-EV me='200-gamedata.base' whom='1084-gamedata.base' event=8 mult=0.025 after=-5.65 skipped=231
[01:49:08.490] [HOST] INFO: [inv] APPLY hand=1,32,1617431680,1,2796875008 items=12
[01:49:08.640] [HOST] INFO: [inv] APPLY hand=1,33,1114624000,1,2041992192 items=14
[01:49:08.840] [HOST] INFO: [interp] lerp=99426 extrap=24006 clamp=0 seg=520 single=56 snapSq=63 snapNpc=0 reissueSq=586 reissueNpc=0 restFlip=0 delay=200 jit=199.6 starve=0 snapMid=0 restFlipMid=0
[01:49:08.840] [HOST] INFO: [interp] worstZero hand=1,2796875008 zero=427 active=1963 seg=68
[01:49:08.884] [HOST] INFO: [stats] RECV hand=1,2796875008 ok=1 str=35.4 dex=30.6 tough=30.9 stealth=1.0 athl=47.5 xp=0
[01:49:09.185] [HOST] INFO: [inv] APPLY hand=0,2202,11111,2043,1412841856 items=1
[01:49:09.185] [HOST] INFO: [inv] APPLY hand=0,2202,11111,2044,298706048 items=1
[01:49:09.185] [HOST] INFO: [inv] APPLY hand=0,2202,11111,2050,3628662016 items=0
[01:49:09.329] [HOST] INFO: [ai] suspended=4 driven=4
[01:49:10.055] [HOST] INFO: [stats] RECV hand=2,1846801792 ok=1 str=41.9 dex=44.9 tough=44.5 stealth=1.4 athl=57.4 xp=0
[01:49:10.531] [HOST] INFO: [inv] APPLY hand=1,32,1617431680,2,3921874944 items=7
[01:49:10.610] [HOST] INFO: [med] SEND hand=5,1438354432 npc=0 blood=65.2 bleed=0.00 fl=100.0,100.0,33.3,26.5 bd=0.0,0.0,66.7,73.5 flags=1 nparts=7 pmin=0.1 smin=0.0 ls=0,0,0,0
[01:49:10.692] [HOST] INFO: [cam] hints recv n=2 p1=-31614,10755 p2=-31648,10763
[01:49:10.709] [HOST] INFO: [stats] RECV hand=1,2041992192 ok=1 str=33.7 dex=48.6 tough=43.2 stealth=1.3 athl=37.9 xp=0
[01:49:10.782] [HOST] INFO: [cam] center=-31647.8,1748.0,10764.4
[01:49:10.880] [HOST] INFO: [med] SEND hand=1,1051391616 npc=0 blood=95.5 bleed=0.00 fl=93.6,96.5,64.9,-49.1 bd=6.4,3.5,35.1,149.1 flags=1 nparts=7 pmin=64.9 smin=0.0 ls=0,0,0,0
[01:49:11.105] [HOST] INFO: [med] SEND hand=5,1438354432 npc=0 blood=65.2 bleed=0.00 fl=100.0,100.0,33.3,26.5 bd=0.0,0.0,66.7,73.5 flags=1 nparts=7 pmin=0.1 smin=0.0 ls=0,0,0,0
[01:49:11.554] [HOST] INFO: [stats] RECV hand=2,3921874944 ok=1 str=34.2 dex=24.2 tough=27.0 stealth=1.0 athl=39.8 xp=0
[01:49:12.230] [HOST] INFO: [fac] AFFECT-EV me='200-gamedata.base' whom='1084-gamedata.base' event=8 mult=0.025 after=-5.64 skipped=197
[01:49:12.333] [HOST] INFO: [ai] suspended=4 driven=4
[01:49:12.765] [HOST] INFO: [census] sent n=56 radius=2000 mid=31
[01:49:13.845] [HOST] INFO: [stats] RECV hand=1,2796875008 ok=1 str=35.4 dex=30.6 tough=30.9 stealth=1.0 athl=47.5 xp=0
[01:49:13.848] [HOST] INFO: [interp] lerp=100786 extrap=24674 clamp=0 seg=520 single=56 snapSq=63 snapNpc=0 reissueSq=586 reissueNpc=0 restFlip=0 delay=151 jit=24.0 starve=2 snapMid=0 restFlipMid=0
[01:49:13.848] [HOST] INFO: [interp] worstZero hand=1,2796875008 zero=427 active=1963 seg=144
[01:49:13.882] [HOST] INFO: [med] SEND hand=1,1051391616 npc=0 blood=95.5 bleed=0.00 fl=93.7,96.5,65.0,-49.0 bd=6.3,3.5,35.0,149.0 flags=1 nparts=7 pmin=65.0 smin=0.0 ls=0,0,0,0
[01:49:14.152] [HOST] INFO: [inv] APPLY hand=0,2202,11111,2043,1412841856 items=1
[01:49:14.152] [HOST] INFO: [inv] APPLY hand=0,2202,11111,2044,298706048 items=1
[01:49:14.152] [HOST] INFO: [inv] APPLY hand=0,2202,11111,2050,3628662016 items=0
[01:49:14.357] [HOST] INFO: [inv] APPLY hand=0,2202,11111,2043,1412841856 items=1
[01:49:14.357] [HOST] INFO: [inv] APPLY hand=0,2202,11111,2044,298706048 items=1
[01:49:14.357] [HOST] INFO: [inv] APPLY hand=0,2202,11111,2050,3628662016 items=0
[01:49:14.357] [HOST] INFO: [inv] APPLY hand=1,33,1114624000,1,2041992192 items=14
[01:49:14.357] [HOST] INFO: [inv] APPLY hand=1,33,1114624000,2,1846801792 items=18
[01:49:14.995] [HOST] INFO: [stats] RECV hand=2,1846801792 ok=1 str=41.9 dex=44.9 tough=44.5 stealth=1.4 athl=57.4 xp=0
[01:49:15.337] [HOST] INFO: [ai] suspended=4 driven=4
[01:49:15.538] [HOST] INFO: [inv] APPLY hand=1,32,1617431680,2,3921874944 items=7
[01:49:15.745] [HOST] INFO: [cam] hints recv n=2 p1=-31614,10755 p2=-31648,10763
[01:49:15.753] [HOST] INFO: [stats] RECV hand=1,2041992192 ok=1 str=33.7 dex=48.6 tough=43.2 stealth=1.3 athl=37.9 xp=0
[01:49:15.785] [HOST] INFO: [cam] center=-31647.5,1809.2,10763.5
[01:49:15.888] [HOST] INFO: [med] SEND hand=1,1051391616 npc=0 blood=95.5 bleed=0.00 fl=93.7,96.6,65.0,-49.0 bd=6.3,3.4,35.0,149.0 flags=1 nparts=7 pmin=65.0 smin=0.0 ls=0,0,0,0
[01:49:16.290] [HOST] INFO: [med] SEND hand=1,1051391616 npc=0 blood=95.5 bleed=0.00 fl=93.7,96.6,65.0,-49.0 bd=6.3,3.4,35.0,149.0 flags=1 nparts=7 pmin=65.0 smin=0.0 ls=0,0,0,0
[01:49:16.527] [HOST] INFO: [taskkey] key=220 desc='Eat prisoner' repro=0 subject=1
[01:49:16.558] [HOST] INFO: [stats] RECV hand=2,3921874944 ok=1 str=34.2 dex=24.2 tough=27.0 stealth=1.0 athl=39.8 xp=0
[01:49:16.559] [HOST] INFO: [inv] APPLY hand=1,32,1617431680,1,2796875008 items=8
[01:49:17.067] [HOST] INFO: [inv] APPLY hand=0,2202,11111,2043,1412841856 items=1
[01:49:17.067] [HOST] INFO: [inv] APPLY hand=0,2202,11111,2044,298706048 items=1
[01:49:17.067] [HOST] INFO: [inv] APPLY hand=0,2202,11111,2050,3628662016 items=0
[01:49:17.067] [HOST] INFO: [inv] APPLY hand=1,33,1114624000,2,1846801792 items=18
[01:49:17.241] [HOST] INFO: [fac] AFFECT-EV me='200-gamedata.base' whom='1084-gamedata.base' event=8 mult=0.025 after=-5.63 skipped=169
[01:49:17.516] [HOST] INFO: [med] SEND hand=5,1438354432 npc=0 blood=65.5 bleed=0.00 fl=100.0,100.0,33.4,26.6 bd=0.0,0.0,66.6,73.4 flags=1 nparts=7 pmin=0.2 smin=0.0 ls=0,0,0,0
[01:49:17.918] [HOST] INFO: [med] SEND hand=5,1438354432 npc=0 blood=65.5 bleed=0.00 fl=100.0,100.0,33.4,26.6 bd=0.0,0.0,66.6,73.4 flags=1 nparts=7 pmin=0.2 smin=0.0 ls=0,0,0,0
[01:49:17.973] [HOST] INFO: [inv] APPLY hand=1,33,1114624000,1,2041992192 items=14
[01:49:18.339] [HOST] INFO: [ai] suspended=4 driven=4
[01:49:18.855] [HOST] INFO: [interp] lerp=102238 extrap=25190 clamp=0 seg=520 single=56 snapSq=63 snapNpc=0 reissueSq=586 reissueNpc=0 restFlip=0 delay=200 jit=162.8 starve=0 snapMid=0 restFlipMid=0
[01:49:18.855] [HOST] INFO: [interp] worstZero hand=1,2796875008 zero=427 active=1963 seg=65
[01:49:18.961] [HOST] INFO: [stats] RECV hand=1,2796875008 ok=1 str=35.4 dex=30.6 tough=30.9 stealth=1.0 athl=47.5 xp=0
[01:49:19.183] [HOST] INFO: [inv] APPLY hand=0,2202,11111,2043,1412841856 items=1
[01:49:19.183] [HOST] INFO: [inv] APPLY hand=0,2202,11111,2044,298706048 items=1
[01:49:19.183] [HOST] INFO: [inv] APPLY hand=0,2202,11111,2050,3628662016 items=0
[01:49:20.531] [HOST] INFO: [inv] APPLY hand=1,32,1617431680,2,3921874944 items=7
[01:49:20.772] [HOST] INFO: [cam] hints recv n=2 p1=-31626,10760 p2=-31648,10763
[01:49:20.782] [HOST] INFO: [cam] center=-31647.5,1764.0,10763.5
[01:49:21.342] [HOST] INFO: [ai] suspended=4 driven=4
[01:49:21.513] [HOST] INFO: [stats] RECV hand=2,1846801792 ok=1 str=41.9 dex=44.9 tough=44.5 stealth=1.4 athl=57.4 xp=0
[01:49:21.513] [HOST] INFO: [stats] RECV hand=1,2041992192 ok=1 str=33.7 dex=48.6 tough=43.2 stealth=1.3 athl=37.9 xp=0
[01:49:21.789] [HOST] INFO: [stats] RECV hand=2,3921874944 ok=1 str=34.2 dex=24.2 tough=27.0 stealth=1.0 athl=39.8 xp=0
[01:49:21.790] [HOST] INFO: [inv] APPLY hand=1,32,1617431680,1,2796875008 items=8
[01:49:22.239] [HOST] INFO: [fac] AFFECT-EV me='200-gamedata.base' whom='1084-gamedata.base' event=8 mult=0.025 after=-5.63 skipped=199
[01:49:22.593] [HOST] INFO: [inv] APPLY hand=0,2202,11111,2043,1412841856 items=1
[01:49:22.593] [HOST] INFO: [inv] APPLY hand=0,2202,11111,2044,298706048 items=1
[01:49:22.593] [HOST] INFO: [inv] APPLY hand=0,2202,11111,2050,3628662016 items=0
[01:49:22.593] [HOST] INFO: [inv] APPLY hand=1,33,1114624000,1,2041992192 items=14
[01:49:22.593] [HOST] INFO: [inv] APPLY hand=1,33,1114624000,2,1846801792 items=18
[01:49:22.814] [HOST] INFO: [census] sent n=48 radius=2000 mid=23
[01:49:23.485] [HOST] INFO: [med] SEND hand=1,1051391616 npc=0 blood=95.5 bleed=0.00 fl=93.8,96.7,65.1,-48.9 bd=6.2,3.3,34.9,148.9 flags=1 nparts=7 pmin=65.1 smin=0.0 ls=0,0,0,0
[01:49:23.801] [HOST] INFO: [stats] RECV hand=1,2796875008 ok=1 str=35.4 dex=30.6 tough=30.9 stealth=1.0 athl=47.5 xp=0
[01:49:23.865] [HOST] INFO: [interp] lerp=103374 extrap=26014 clamp=0 seg=520 single=56 snapSq=63 snapNpc=0 reissueSq=597 reissueNpc=0 restFlip=0 delay=200 jit=205.3 starve=0 snapMid=0 restFlipMid=0
[01:49:23.865] [HOST] INFO: [interp] worstZero hand=1,2796875008 zero=427 active=1963 seg=82
[01:49:23.890] [HOST] INFO: [med] SEND hand=1,1051391616 npc=0 blood=95.5 bleed=0.00 fl=93.8,96.7,65.1,-48.9 bd=6.2,3.3,34.9,148.9 flags=1 nparts=7 pmin=65.1 smin=0.0 ls=0,0,0,0
[01:49:24.281] [HOST] INFO: [inv] APPLY hand=0,2202,11111,2043,1412841856 items=1
[01:49:24.281] [HOST] INFO: [inv] APPLY hand=0,2202,11111,2044,298706048 items=1
[01:49:24.281] [HOST] INFO: [inv] APPLY hand=0,2202,11111,2050,3628662016 items=0
[01:49:24.343] [HOST] INFO: [ai] suspended=4 driven=4
[01:49:24.899] [HOST] INFO: [inv] APPLY hand=1,32,1617431680,2,3921874944 items=8
[01:49:25.465] [HOST] INFO: [stats] RECV hand=2,1846801792 ok=1 str=41.9 dex=44.9 tough=44.5 stealth=1.4 athl=57.4 xp=0
[01:49:25.600] [HOST] INFO: [inv] APPLY hand=1,32,1617431680,2,3921874944 items=9
[01:49:25.787] [HOST] INFO: [cam] center=-31647.5,1751.0,10763.5
[01:49:25.938] [HOST] INFO: [inv] APPLY hand=1,32,1617431680,2,3921874944 items=10
[01:49:26.070] [HOST] INFO: [med] SEND hand=5,1438354432 npc=0 blood=65.9 bleed=0.00 fl=100.0,100.0,33.5,26.7 bd=0.0,0.0,66.5,73.3 flags=1 nparts=7 pmin=0.3 smin=0.0 ls=0,0,0,0
[01:49:26.473] [HOST] INFO: [med] SEND hand=5,1438354432 npc=0 blood=65.9 bleed=0.00 fl=100.0,100.0,33.5,26.7 bd=0.0,0.0,66.5,73.3 flags=1 nparts=7 pmin=0.3 smin=0.0 ls=0,0,0,0
[01:49:26.548] [HOST] INFO: [inv] APPLY hand=1,32,1617431680,1,2796875008 items=8
[01:49:26.548] [HOST] INFO: [inv] APPLY hand=1,32,1617431680,2,3921874944 items=11
[01:49:26.631] [HOST] INFO: [stats] RECV hand=2,3921874944 ok=1 str=34.2 dex=24.2 tough=27.0 stealth=1.0 athl=39.8 xp=0
[01:49:26.787] [HOST] INFO: [cam] hints recv n=2 p1=-31626,10760 p2=-31593,10794
[01:49:26.899] [HOST] INFO: [stats] RECV hand=1,2041992192 ok=1 str=33.7 dex=48.6 tough=43.2 stealth=1.3 athl=37.9 xp=0
[01:49:27.105] [HOST] INFO: [inv] APPLY hand=0,2202,11111,2043,1412841856 items=1
[01:49:27.105] [HOST] INFO: [inv] APPLY hand=0,2202,11111,2044,298706048 items=1
[01:49:27.105] [HOST] INFO: [inv] APPLY hand=0,2202,11111,2050,3628662016 items=0
[01:49:27.105] [HOST] INFO: [inv] APPLY hand=1,33,1114624000,2,1846801792 items=18
[01:49:27.116] [HOST] INFO: [inv] APPLY hand=1,32,1617431680,2,3921874944 items=12
[01:49:27.305] [HOST] INFO: [fac] AFFECT-EV me='200-gamedata.base' whom='1084-gamedata.base' event=8 mult=0.025 after=-5.62 skipped=215
[01:49:27.350] [HOST] INFO: [ai] suspended=4 driven=4
[01:49:27.367] [HOST] INFO: [inv] APPLY hand=1,32,1617431680,2,3921874944 items=13
[01:49:27.812] [HOST] INFO: [inv] APPLY hand=1,33,1114624000,1,2041992192 items=14
[01:49:27.920] [HOST] INFO: [inv] APPLY hand=1,32,1617431680,2,3921874944 items=14
[01:49:28.048] [HOST] INFO: [med] SEND hand=5,1438354432 npc=0 blood=66.0 bleed=0.00 fl=100.0,100.0,33.5,26.8 bd=0.0,0.0,66.5,73.2 flags=1 nparts=7 pmin=0.4 smin=0.0 ls=0,0,0,0
[01:49:28.827] [HOST] INFO: [stats] RECV hand=1,2796875008 ok=1 str=35.4 dex=30.6 tough=30.9 stealth=1.0 athl=47.5 xp=0
[01:49:28.874] [HOST] INFO: [interp] lerp=104594 extrap=26914 clamp=0 seg=520 single=56 snapSq=63 snapNpc=0 reissueSq=610 reissueNpc=0 restFlip=0 delay=200 jit=178.7 starve=0 snapMid=0 restFlipMid=0
[01:49:28.874] [HOST] INFO: [interp] worstZero hand=1,2796875008 zero=427 active=1963 seg=79
[01:49:29.091] [HOST] INFO: [inv] APPLY hand=1,32,1617431680,2,3921874944 items=15
[01:49:29.199] [HOST] INFO: [inv] APPLY hand=0,2202,11111,2043,1412841856 items=1
[01:49:29.200] [HOST] INFO: [inv] APPLY hand=0,2202,11111,2044,298706048 items=1
[01:49:29.200] [HOST] INFO: [inv] APPLY hand=0,2202,11111,2050,3628662016 items=0
[01:49:30.096] [HOST] INFO: [stats] RECV hand=1,2041992192 ok=1 str=33.7 dex=48.6 tough=43.2 stealth=1.3 athl=37.9 xp=0
[01:49:30.096] [HOST] INFO: [stats] RECV hand=2,1846801792 ok=1 str=41.9 dex=44.9 tough=44.5 stealth=1.4 athl=57.4 xp=0
[01:49:30.352] [HOST] INFO: [ai] suspended=4 driven=4
[01:49:30.787] [HOST] INFO: [cam] center=-31598.5,1754.0,10730.2
[01:49:30.813] [HOST] INFO: [stats] RECV hand=1,2041992192 ok=1 str=33.7 dex=48.6 tough=43.2 stealth=1.3 athl=37.9 xp=0
[01:49:31.513] [HOST] INFO: [inv] APPLY hand=1,32,1617431680,2,3921874944 items=14
[01:49:31.603] [HOST] INFO: [stats] RECV hand=2,3921874944 ok=1 str=34.2 dex=24.2 tough=27.0 stealth=1.0 athl=39.8 xp=0
[01:49:31.604] [HOST] INFO: [inv] APPLY hand=1,32,1617431680,1,2796875008 items=8
[01:49:31.986] [HOST] INFO: [inv] APPLY hand=0,2202,11111,2045,1231811584 items=1
[01:49:32.065] [HOST] INFO: [inv] APPLY hand=0,2202,11111,2043,1412841856 items=1
[01:49:32.065] [HOST] INFO: [inv] APPLY hand=0,2202,11111,2044,298706048 items=1
[01:49:32.065] [HOST] INFO: [inv] APPLY hand=0,2202,11111,2050,3628662016 items=0
[01:49:32.065] [HOST] INFO: [inv] APPLY hand=1,33,1114624000,2,1846801792 items=18
[01:49:32.143] [HOST] INFO: [cam] hints recv n=2 p1=-31626,10760 p2=-31617,10795
[01:49:32.310] [HOST] INFO: [snap] squad hand=1,2041992192 name='ZACH' gap=64.0 gate=57.4 srcVel=63.0 cSpeed=65.1 mult=1.00 slew=1.00 dest=1 skipped=0
[01:49:32.393] [HOST] INFO: [fac] AFFECT-EV me='200-gamedata.base' whom='1084-gamedata.base' event=8 mult=0.025 after=-5.61 skipped=191
[01:49:32.526] [HOST] INFO: [inv] APPLY hand=0,2202,11111,2045,1231811584 items=1
[01:49:32.563] [HOST] INFO: [inv] APPLY hand=1,33,1114624000,1,2041992192 items=14
[01:49:32.854] [HOST] INFO: [census] sent n=47 radius=2000 mid=24
[01:49:33.352] [HOST] INFO: [ai] suspended=4 driven=4
[01:49:33.823] [HOST] INFO: [stats] RECV hand=1,2796875008 ok=1 str=35.4 dex=30.6 tough=30.9 stealth=1.0 athl=47.5 xp=0
[01:49:33.876] [HOST] INFO: [interp] lerp=105968 extrap=27696 clamp=0 seg=520 single=56 snapSq=64 snapNpc=0 reissueSq=635 reissueNpc=0 restFlip=0 delay=200 jit=137.4 starve=0 snapMid=0 restFlipMid=0
[01:49:33.876] [HOST] INFO: [interp] worstZero hand=1,2796875008 zero=427 active=1963 seg=75
[01:49:33.975] [HOST] INFO: [med] SEND hand=1,1051391616 npc=0 blood=95.5 bleed=0.00 fl=94.0,96.9,65.3,-48.7 bd=6.0,3.1,34.7,148.7 flags=1 nparts=7 pmin=65.3 smin=0.0 ls=0,0,0,0
[01:49:34.177] [HOST] INFO: [inv] APPLY hand=0,2202,11111,2043,1412841856 items=1
[01:49:34.177] [HOST] INFO: [inv] APPLY hand=0,2202,11111,2044,298706048 items=1
[01:49:34.177] [HOST] INFO: [inv] APPLY hand=0,2202,11111,2050,3628662016 items=0
[01:49:35.382] [HOST] INFO: [stats] RECV hand=2,1846801792 ok=1 str=41.9 dex=44.9 tough=44.5 stealth=1.4 athl=57.4 xp=0
[01:49:35.783] [HOST] INFO: [cam] center=-31600.8,1813.4,10722.1
[01:49:35.970] [HOST] INFO: [stats] RECV hand=1,2041992192 ok=1 str=33.7 dex=48.6 tough=43.2 stealth=1.3 athl=38.0 xp=0
[01:49:36.360] [HOST] INFO: [ai] suspended=4 driven=4
[01:49:36.584] [HOST] INFO: [stats] RECV hand=2,3921874944 ok=1 str=34.2 dex=24.2 tough=27.0 stealth=1.0 athl=39.8 xp=0
[01:49:36.585] [HOST] INFO: [inv] APPLY hand=1,32,1617431680,1,2796875008 items=8
[01:49:37.249] [HOST] INFO: [inv] APPLY hand=1,32,1617431680,2,3921874944 items=11
[01:49:37.329] [HOST] INFO: [inv] APPLY hand=0,2202,11111,2043,1412841856 items=1
[01:49:37.329] [HOST] INFO: [inv] APPLY hand=0,2202,11111,2044,298706048 items=1
[01:49:37.329] [HOST] INFO: [inv] APPLY hand=0,2202,11111,2050,3628662016 items=0
[01:49:37.346] [HOST] INFO: [inv] APPLY hand=1,33,1114624000,2,1846801792 items=18
[01:49:37.346] [HOST] INFO: [cam] hints recv n=2 p1=-31626,10760 p2=-31701,10724
[01:49:37.398] [HOST] INFO: [snap] squad hand=1,2041992192 name='ZACH' gap=53.9 gate=53.0 srcVel=57.2 cSpeed=56.9 mult=1.00 slew=1.00 dest=1 skipped=0
[01:49:37.966] [HOST] INFO: [med] SEND hand=5,1438354432 npc=0 blood=66.5 bleed=0.00 fl=100.0,100.0,33.7,26.9 bd=0.0,0.0,66.3,73.1 flags=1 nparts=7 pmin=0.5 smin=0.0 ls=0,0,0,0
[01:49:37.976] [HOST] INFO: [inv] APPLY hand=1,33,1114624000,1,2041992192 items=14
[01:49:38.072] [HOST] INFO: [inv] APPLY hand=0,2202,11111,2045,1231811584 items=1
[01:49:38.442] [HOST] INFO: [med] SEND hand=5,1438354432 npc=0 blood=66.5 bleed=0.00 fl=100.0,100.0,33.7,26.9 bd=0.0,0.0,66.3,73.1 flags=1 nparts=7 pmin=0.5 smin=0.0 ls=0,0,0,0
[01:49:38.880] [HOST] INFO: [interp] lerp=107393 extrap=28446 clamp=0 seg=541 single=56 snapSq=65 snapNpc=0 reissueSq=660 reissueNpc=0 restFlip=0 delay=200 jit=105.3 starve=0 snapMid=0 restFlipMid=0
[01:49:38.880] [HOST] INFO: [interp] worstZero hand=1,2796875008 zero=427 active=1963 seg=776
[01:49:38.969] [HOST] INFO: [stats] RECV hand=1,2796875008 ok=1 str=35.4 dex=30.6 tough=30.9 stealth=1.0 athl=47.5 xp=0
[01:49:38.970] [HOST] INFO: [inv] APPLY hand=0,2202,11111,2045,1231811584 items=1
[01:49:39.182] [HOST] INFO: [inv] APPLY hand=0,2202,11111,2043,1412841856 items=1
[01:49:39.182] [HOST] INFO: [inv] APPLY hand=0,2202,11111,2044,298706048 items=1
[01:49:39.182] [HOST] INFO: [inv] APPLY hand=0,2202,11111,2050,3628662016 items=0
[01:49:39.365] [HOST] INFO: [ai] suspended=4 driven=4
[01:49:40.037] [HOST] INFO: [stats] RECV hand=2,1846801792 ok=1 str=41.9 dex=44.9 tough=44.5 stealth=1.4 athl=57.4 xp=0
[01:49:40.270] [HOST] INFO: [stats] RECV hand=1,2041992192 ok=1 str=33.8 dex=48.6 tough=43.2 stealth=1.3 athl=38.0 xp=0
[01:49:40.655] [HOST] INFO: [inv] APPLY hand=1,32,1617431680,2,3921874944 items=10
[01:49:40.781] [HOST] INFO: [cam] center=-31648.8,1789.0,10674.5
[01:49:41.148] [HOST] INFO: [med] SEND hand=1,1051391616 npc=0 blood=95.5 bleed=0.00 fl=94.1,97.0,65.4,-48.6 bd=5.9,3.0,34.6,148.6 flags=1 nparts=7 pmin=65.4 smin=0.0 ls=0,0,0,0
[01:49:41.602] [HOST] INFO: [stats] RECV hand=2,3921874944 ok=1 str=34.2 dex=24.2 tough=27.0 stealth=1.0 athl=39.8 xp=0
[01:49:41.614] [HOST] INFO: [inv] APPLY hand=1,32,1617431680,1,2796875008 items=8
[01:49:42.044] [HOST] INFO: [inv] APPLY hand=0,2202,11111,2043,1412841856 items=1
[01:49:42.044] [HOST] INFO: [inv] APPLY hand=0,2202,11111,2044,298706048 items=1
[01:49:42.044] [HOST] INFO: [inv] APPLY hand=0,2202,11111,2050,3628662016 items=0
[01:49:42.044] [HOST] INFO: [inv] APPLY hand=1,33,1114624000,2,1846801792 items=18
[01:49:42.369] [HOST] INFO: [ai] suspended=4 driven=4
[01:49:42.602] [HOST] INFO: [inv] APPLY hand=1,33,1114624000,1,2041992192 items=15
[01:49:42.805] [HOST] INFO: [cam] hints recv n=2 p1=-31626,10760 p2=-31638,10750
[01:49:42.894] [HOST] INFO: [census] sent n=47 radius=2000 mid=24
[01:49:43.200] [HOST] INFO: [inv] APPLY hand=1,33,1114624000,1,2041992192 items=16
[01:49:43.797] [HOST] INFO: [stats] RECV hand=1,2796875008 ok=1 str=35.4 dex=30.6 tough=30.9 stealth=1.0 athl=47.5 xp=0
[01:49:43.799] [HOST] INFO: [inv] APPLY hand=1,32,1617431680,2,3921874944 items=8
[01:49:43.890] [HOST] INFO: [interp] lerp=108943 extrap=29000 clamp=0 seg=541 single=56 snapSq=65 snapNpc=0 reissueSq=684 reissueNpc=0 restFlip=0 delay=200 jit=107.1 starve=0 snapMid=0 restFlipMid=0
[01:49:43.890] [HOST] INFO: [interp] worstZero hand=1,2796875008 zero=427 active=1963 seg=82
[01:49:43.920] [HOST] INFO: [med] SEND hand=5,1438354432 npc=0 blood=66.8 bleed=0.00 fl=100.0,100.0,33.8,27.0 bd=0.0,0.0,66.2,73.0 flags=1 nparts=7 pmin=0.6 smin=0.0 ls=0,0,0,0
[01:49:44.129] [HOST] INFO: [med] SEND hand=1,1051391616 npc=0 blood=95.5 bleed=0.00 fl=94.2,97.0,65.5,-48.5 bd=5.8,3.0,34.5,148.5 flags=1 nparts=7 pmin=65.5 smin=0.0 ls=0,0,0,0
[01:49:44.168] [HOST] INFO: [inv] APPLY hand=0,2202,11111,2043,1412841856 items=1
[01:49:44.168] [HOST] INFO: [inv] APPLY hand=0,2202,11111,2044,298706048 items=1
[01:49:44.168] [HOST] INFO: [inv] APPLY hand=0,2202,11111,2050,3628662016 items=0
[01:49:44.270] [HOST] INFO: [inv] APPLY hand=1,33,1114624000,1,2041992192 items=17
[01:49:44.410] [HOST] INFO: [med] SEND hand=5,1438354432 npc=0 blood=66.8 bleed=0.00 fl=100.0,100.0,33.8,27.0 bd=0.0,0.0,66.2,73.0 flags=1 nparts=7 pmin=0.6 smin=0.0 ls=0,0,0,0
[01:49:44.616] [HOST] INFO: [inv] APPLY hand=1,33,1114624000,1,2041992192 items=18
[01:49:45.085] [HOST] INFO: [stats] RECV hand=2,1846801792 ok=1 str=41.9 dex=44.9 tough=44.5 stealth=1.4 athl=57.4 xp=0
[01:49:45.372] [HOST] INFO: [ai] suspended=4 driven=4
[01:49:45.789] [HOST] INFO: [cam] center=-31609.4,1747.2,10729.2
[01:49:46.188] [HOST] INFO: [med] SEND hand=1,1051391616 npc=0 blood=95.5 bleed=0.00 fl=94.2,97.1,65.5,-48.5 bd=5.8,2.9,34.5,148.5 flags=1 nparts=7 pmin=65.5 smin=0.0 ls=0,0,0,0
[01:49:46.254] [HOST] INFO: [stats] RECV hand=1,2041992192 ok=1 str=33.8 dex=48.6 tough=43.2 stealth=1.3 athl=38.0 xp=0
[01:49:46.591] [HOST] INFO: [med] SEND hand=1,1051391616 npc=0 blood=95.5 bleed=0.00 fl=94.2,97.1,65.5,-48.5 bd=5.8,2.9,34.5,148.5 flags=1 nparts=7 pmin=65.5 smin=0.0 ls=0,0,0,0
[01:49:46.699] [HOST] INFO: [stats] RECV hand=2,3921874944 ok=1 str=34.2 dex=24.2 tough=27.0 stealth=1.0 athl=39.8 xp=0
[01:49:46.700] [HOST] INFO: [inv] APPLY hand=1,32,1617431680,1,2796875008 items=8
[01:49:47.093] [HOST] INFO: [inv] APPLY hand=0,2202,11111,2043,1412841856 items=1
[01:49:47.093] [HOST] INFO: [inv] APPLY hand=0,2202,11111,2044,298706048 items=1
[01:49:47.093] [HOST] INFO: [inv] APPLY hand=0,2202,11111,2050,3628662016 items=0
[01:49:47.094] [HOST] INFO: [inv] APPLY hand=1,33,1114624000,2,1846801792 items=18
[01:49:47.868] [HOST] INFO: [cam] hints recv n=2 p1=-31626,10760 p2=-31638,10750
[01:49:48.184] [HOST] INFO: [inv] APPLY hand=1,32,1617431680,2,3921874944 items=7
[01:49:48.374] [HOST] INFO: [ai] suspended=4 driven=4
[01:49:48.428] [HOST] INFO: [inv] APPLY hand=0,2202,11111,2045,1231811584 items=1
[01:49:48.828] [HOST] INFO: [med] SEND hand=5,1438354432 npc=0 blood=67.0 bleed=0.00 fl=100.0,100.0,33.8,27.1 bd=0.0,0.0,66.2,72.9 flags=1 nparts=7 pmin=0.7 smin=0.0 ls=0,0,0,0
[01:49:48.839] [HOST] INFO: [stats] RECV hand=1,2796875008 ok=1 str=35.4 dex=30.6 tough=30.9 stealth=1.0 athl=47.5 xp=0
[01:49:48.897] [HOST] INFO: [interp] lerp=110335 extrap=29640 clamp=0 seg=541 single=56 snapSq=65 snapNpc=0 reissueSq=702 reissueNpc=0 restFlip=0 delay=200 jit=87.2 starve=0 snapMid=0 restFlipMid=0
[01:49:48.897] [HOST] INFO: [interp] worstZero hand=1,2796875008 zero=427 active=1963 seg=66
[01:49:48.897] [HOST] INFO: [inv] APPLY hand=0,2202,11111,2045,1231811584 items=1
[01:49:49.197] [HOST] INFO: [inv] APPLY hand=0,2202,11111,2043,1412841856 items=1
[01:49:49.197] [HOST] INFO: [inv] APPLY hand=0,2202,11111,2044,298706048 items=1
[01:49:49.197] [HOST] INFO: [inv] APPLY hand=0,2202,11111,2050,3628662016 items=0
[01:49:50.059] [HOST] INFO: [stats] RECV hand=2,1846801792 ok=1 str=41.9 dex=44.9 tough=44.5 stealth=1.4 athl=57.4 xp=0
[01:49:50.061] [HOST] INFO: [inv] APPLY hand=1,33,1114624000,1,2041992192 items=18
[01:49:50.536] [HOST] INFO: [stats] RECV hand=1,2041992192 ok=1 str=33.8 dex=48.6 tough=43.2 stealth=1.3 athl=38.0 xp=0
[01:49:50.609] [HOST] INFO: [med] SEND hand=5,1438354432 npc=0 blood=67.1 bleed=0.00 fl=100.0,100.0,33.9,27.1 bd=0.0,0.0,66.1,72.9 flags=1 nparts=7 pmin=0.7 smin=0.0 ls=0,0,0,0
[01:49:50.782] [HOST] INFO: [cam] center=-31669.5,1747.3,10695.5
[01:49:51.014] [HOST] INFO: [med] SEND hand=5,1438354432 npc=0 blood=67.1 bleed=0.00 fl=100.0,100.0,33.9,27.1 bd=0.0,0.0,66.1,72.9 flags=1 nparts=7 pmin=0.7 smin=0.0 ls=0,0,0,0
[01:49:51.381] [HOST] INFO: [ai] suspended=4 driven=4
[01:49:51.508] [HOST] INFO: [inv] APPLY hand=1,32,1617431680,2,3921874944 items=6
[01:49:51.648] [HOST] INFO: [stats] RECV hand=2,3921874944 ok=1 str=34.2 dex=24.2 tough=27.0 stealth=1.0 athl=39.8 xp=0
[01:49:51.649] [HOST] INFO: [inv] APPLY hand=1,32,1617431680,1,2796875008 items=8
[01:49:52.065] [HOST] INFO: [inv] APPLY hand=0,2202,11111,2043,1412841856 items=1
[01:49:52.065] [HOST] INFO: [inv] APPLY hand=0,2202,11111,2044,298706048 items=1
[01:49:52.065] [HOST] INFO: [inv] APPLY hand=0,2202,11111,2050,3628662016 items=0
[01:49:52.075] [HOST] INFO: [inv] APPLY hand=1,33,1114624000,2,1846801792 items=18
[01:49:52.878] [HOST] INFO: [cam] hints recv n=2 p1=-31626,10760 p2=-31691,10739
[01:49:52.928] [HOST] INFO: [census] sent n=47 radius=2000 mid=24
[01:49:53.072] [HOST] INFO: [inv] APPLY hand=0,2202,11111,2045,1231811584 items=1
[01:49:53.773] [HOST] INFO: [med] SEND hand=1,1051391616 npc=0 blood=95.5 bleed=0.00 fl=94.3,97.2,65.6,-48.4 bd=5.7,2.8,34.4,148.4 flags=1 nparts=7 pmin=65.6 smin=0.0 ls=0,0,0,0
[01:49:53.817] [HOST] INFO: [stats] RECV hand=1,2796875008 ok=1 str=35.4 dex=30.6 tough=30.9 stealth=1.0 athl=47.5 xp=0
[01:49:53.881] [HOST] INFO: [fac] AFFECT-EV me='1305-gamedata.base' whom='200-gamedata.base' event=0 mult=0.025 after=-43.08 skipped=16
[01:49:53.905] [HOST] INFO: [interp] lerp=111849 extrap=30246 clamp=0 seg=541 single=56 snapSq=65 snapNpc=0 reissueSq=703 reissueNpc=0 restFlip=0 delay=200 jit=67.4 starve=0 snapMid=0 restFlipMid=0
[01:49:53.905] [HOST] INFO: [interp] worstZero hand=1,2796875008 zero=427 active=1963 seg=51
[01:49:54.179] [HOST] INFO: [med] SEND hand=1,1051391616 npc=0 blood=95.5 bleed=0.00 fl=94.3,97.2,65.6,-48.4 bd=5.7,2.8,34.4,148.4 flags=1 nparts=7 pmin=65.6 smin=0.0 ls=0,0,0,0
[01:49:54.383] [HOST] INFO: [ai] suspended=4 driven=4
[01:49:54.383] [HOST] INFO: [inv] APPLY hand=0,2202,11111,2043,1412841856 items=1
[01:49:54.383] [HOST] INFO: [inv] APPLY hand=0,2202,11111,2044,298706048 items=1
[01:49:54.383] [HOST] INFO: [inv] APPLY hand=0,2202,11111,2045,1231811584 items=1
[01:49:54.383] [HOST] INFO: [inv] APPLY hand=0,2202,11111,2050,3628662016 items=0
[01:49:54.650] [HOST] INFO: [inv] APPLY hand=1,33,1114624000,1,2041992192 items=18
[01:49:55.021] [HOST] INFO: [stats] RECV hand=2,1846801792 ok=1 str=41.9 dex=44.9 tough=44.5 stealth=1.4 athl=57.4 xp=0
[01:49:55.784] [HOST] INFO: [cam] center=-31669.0,1806.1,10695.7
[01:49:55.939] [HOST] INFO: [stats] RECV hand=1,2041992192 ok=1 str=33.8 dex=48.6 tough=43.2 stealth=1.3 athl=38.0 xp=0
[01:49:56.613] [HOST] INFO: [fac] AFFECT-EV me='1305-gamedata.base' whom='1084-gamedata.base' event=8 mult=0.025 after=-9.71 skipped=106
[01:49:56.759] [HOST] INFO: [stats] RECV hand=2,3921874944 ok=1 str=34.2 dex=24.2 tough=27.0 stealth=1.0 athl=39.8 xp=0
[01:49:56.762] [HOST] INFO: [inv] APPLY hand=1,32,1617431680,1,2796875008 items=8
[01:49:56.762] [HOST] INFO: [inv] APPLY hand=1,32,1617431680,2,3921874944 items=6
[01:49:57.066] [HOST] INFO: [inv] APPLY hand=0,2202,11111,2043,1412841856 items=1
[01:49:57.066] [HOST] INFO: [inv] APPLY hand=0,2202,11111,2044,298706048 items=1
[01:49:57.066] [HOST] INFO: [inv] APPLY hand=0,2202,11111,2050,3628662016 items=0
[01:49:57.066] [HOST] INFO: [inv] APPLY hand=1,33,1114624000,2,1846801792 items=18
[01:49:57.385] [HOST] INFO: [ai] suspended=4 driven=4
[01:49:57.893] [HOST] INFO: [cam] hints recv n=2 p1=-31669,10693 p2=-31691,10739
[01:49:58.523] [HOST] INFO: [inv] APPLY hand=0,2202,11111,2045,1231811584 items=1
[01:49:58.913] [HOST] INFO: [interp] lerp=113455 extrap=30944 clamp=0 seg=541 single=56 snapSq=65 snapNpc=0 reissueSq=714 reissueNpc=0 restFlip=0 delay=200 jit=69.2 starve=0 snapMid=0 restFlipMid=0
[01:49:58.913] [HOST] INFO: [interp] worstZero hand=1,2796875008 zero=427 active=1963 seg=74
[01:49:59.245] [HOST] INFO: [med] SEND hand=5,1438354432 npc=0 blood=67.5 bleed=0.00 fl=100.0,100.0,34.0,27.2 bd=0.0,0.0,66.0,72.8 flags=1 nparts=7 pmin=0.8 smin=0.0 ls=0,0,0,0
[01:49:59.366] [HOST] INFO: [stats] RECV hand=1,2796875008 ok=1 str=35.4 dex=30.6 tough=30.9 stealth=1.0 athl=47.5 xp=0
[01:49:59.367] [HOST] INFO: [inv] APPLY hand=0,2202,11111,2043,1412841856 items=1
[01:49:59.367] [HOST] INFO: [inv] APPLY hand=0,2202,11111,2044,298706048 items=1
[01:49:59.367] [HOST] INFO: [inv] APPLY hand=0,2202,11111,2045,1231811584 items=1
[01:49:59.367] [HOST] INFO: [inv] APPLY hand=0,2202,11111,2050,3628662016 items=0
[01:49:59.652] [HOST] INFO: [med] SEND hand=5,1438354432 npc=0 blood=67.5 bleed=0.00 fl=100.0,100.0,34.0,27.2 bd=0.0,0.0,66.0,72.8 flags=1 nparts=7 pmin=0.8 smin=0.0 ls=0,0,0,0
[01:49:59.688] [HOST] INFO: [inv] APPLY hand=1,33,1114624000,1,2041992192 items=18
[01:50:00.060] [HOST] INFO: [med] SEND hand=5,1438354432 npc=0 blood=67.5 bleed=0.00 fl=100.0,100.0,34.0,27.2 bd=0.0,0.0,66.0,72.8 flags=1 nparts=7 pmin=0.8 smin=0.0 ls=0,0,0,0
[01:50:00.350] [HOST] INFO: [stats] RECV hand=2,1846801792 ok=1 str=41.9 dex=44.9 tough=44.5 stealth=1.4 athl=57.4 xp=0
[01:50:00.350] [HOST] INFO: [stats] RECV hand=1,2041992192 ok=1 str=33.8 dex=48.6 tough=43.2 stealth=1.3 athl=38.0 xp=0
[01:50:00.394] [HOST] INFO: [ai] suspended=4 driven=4
[01:50:00.761] [HOST] INFO: [inv] APPLY hand=1,32,1617431680,2,3921874944 items=7
[01:50:00.788] [HOST] INFO: [cam] center=-31668.9,1757.7,10695.6
[01:50:01.627] [HOST] INFO: [stats] RECV hand=2,3921874944 ok=1 str=34.2 dex=24.2 tough=27.0 stealth=1.0 athl=39.9 xp=0
[01:50:01.628] [HOST] INFO: [inv] APPLY hand=1,32,1617431680,1,2796875008 items=8
[01:50:01.629] [HOST] INFO: [inv] APPLY hand=1,32,1617431680,2,3921874944 items=8
[01:50:01.741] [HOST] INFO: [inv] APPLY hand=1,33,1114624000,1,2041992192 items=17
[01:50:01.773] [HOST] INFO: [fac] AFFECT-EV me='1305-gamedata.base' whom='1084-gamedata.base' event=8 mult=0.025 after=-9.70 skipped=70
[01:50:01.965] [HOST] INFO: [inv] APPLY hand=1,32,1617431680,2,3921874944 items=9
[01:50:02.329] [HOST] INFO: [inv] APPLY hand=1,32,1617431680,2,3921874944 items=10
[01:50:02.471] [HOST] INFO: [inv] APPLY hand=0,2202,11111,2043,1412841856 items=1
[01:50:02.471] [HOST] INFO: [inv] APPLY hand=0,2202,11111,2044,298706048 items=1
[01:50:02.471] [HOST] INFO: [inv] APPLY hand=0,2202,11111,2050,3628662016 items=0
[01:50:02.471] [HOST] INFO: [inv] APPLY hand=1,33,1114624000,2,1846801792 items=18
[01:50:02.913] [HOST] INFO: [cam] hints recv n=2 p1=-31669,10693 p2=-31691,10739
[01:50:02.967] [HOST] INFO: [census] sent n=47 radius=2000 mid=24
[01:50:03.015] [HOST] INFO: [inv] APPLY hand=0,2202,11111,2045,1231811584 items=1
[01:50:03.044] [HOST] INFO: [inv] APPLY hand=1,32,1617431680,2,3921874944 items=11
[01:50:03.404] [HOST] INFO: [ai] suspended=4 driven=4
[01:50:03.669] [HOST] INFO: [inv] APPLY hand=1,32,1617431680,2,3921874944 items=12
[01:50:03.916] [HOST] INFO: [interp] lerp=114925 extrap=31684 clamp=0 seg=563 single=56 snapSq=65 snapNpc=0 reissueSq=717 reissueNpc=0 restFlip=0 delay=200 jit=119.7 starve=0 snapMid=0 restFlipMid=0
[01:50:03.916] [HOST] INFO: [interp] worstZero hand=1,2796875008 zero=427 active=1963 seg=377
[01:50:03.918] [HOST] INFO: [fac] AFFECT-EV me='1305-gamedata.base' whom='200-gamedata.base' event=0 mult=0.025 after=-43.08 skipped=24
[01:50:04.021] [HOST] INFO: [stats] RECV hand=1,2796875008 ok=1 str=35.4 dex=30.6 tough=30.9 stealth=1.0 athl=47.5 xp=0
[01:50:04.023] [HOST] INFO: [inv] APPLY hand=0,2202,11111,2045,1231811584 items=1
[01:50:04.178] [HOST] INFO: [inv] APPLY hand=0,2202,11111,2043,1412841856 items=1
[01:50:04.178] [HOST] INFO: [inv] APPLY hand=0,2202,11111,2044,298706048 items=1
[01:50:04.178] [HOST] INFO: [inv] APPLY hand=0,2202,11111,2050,3628662016 items=0
[01:50:04.178] [HOST] INFO: [inv] APPLY hand=1,32,1617431680,2,3921874944 items=13
[01:50:04.240] [HOST] INFO: [med] SEND hand=1,1051391616 npc=0 blood=95.5 bleed=0.00 fl=94.5,97.4,65.8,-48.2 bd=5.5,2.6,34.2,148.2 flags=1 nparts=7 pmin=65.8 smin=0.0 ls=0,0,0,0
[01:50:04.641] [HOST] INFO: [med] SEND hand=1,1051391616 npc=0 blood=95.5 bleed=0.00 fl=94.5,97.4,65.8,-48.2 bd=5.5,2.6,34.2,148.2 flags=1 nparts=7 pmin=65.8 smin=0.0 ls=0,0,0,0
[01:50:05.019] [HOST] INFO: [stats] RECV hand=2,1846801792 ok=1 str=41.9 dex=44.9 tough=44.5 stealth=1.4 athl=57.4 xp=0
[01:50:05.337] [HOST] INFO: [stats] RECV hand=1,2041992192 ok=1 str=33.8 dex=48.6 tough=43.2 stealth=1.3 athl=38.0 xp=0
[01:50:05.338] [HOST] INFO: [inv] APPLY hand=1,32,1617431680,2,3921874944 items=15
[01:50:05.782] [HOST] INFO: [cam] center=-31669.2,1747.3,10695.3
[01:50:06.132] [HOST] INFO: [inv] APPLY hand=1,32,1617431680,2,3921874944 items=16
[01:50:06.291] [HOST] INFO: [inv] APPLY hand=1,33,1114624000,1,2041992192 items=15
[01:50:06.411] [HOST] INFO: [ai] suspended=4 driven=4
[01:50:06.981] [HOST] INFO: [stats] RECV hand=2,3921874944 ok=1 str=34.2 dex=24.2 tough=27.0 stealth=1.0 athl=39.9 xp=0
[01:50:06.982] [HOST] INFO: [inv] APPLY hand=1,32,1617431680,1,2796875008 items=8
[01:50:07.513] [HOST] INFO: [inv] APPLY hand=0,2202,11111,2043,1412841856 items=1
[01:50:07.513] [HOST] INFO: [inv] APPLY hand=0,2202,11111,2044,298706048 items=1
[01:50:07.513] [HOST] INFO: [inv] APPLY hand=0,2202,11111,2050,3628662016 items=0
[01:50:07.513] [HOST] INFO: [inv] APPLY hand=1,33,1114624000,2,1846801792 items=18
[01:50:08.103] [HOST] INFO: [cam] hints recv n=2 p1=-31661,10719 p2=-31691,10739
[01:50:08.365] [HOST] INFO: [inv] APPLY hand=0,2202,11111,2045,1231811584 items=1
[01:50:08.840] [HOST] INFO: [stats] RECV hand=1,2796875008 ok=1 str=35.4 dex=30.6 tough=30.9 stealth=1.0 athl=47.5 xp=0
[01:50:08.923] [HOST] INFO: [interp] lerp=116297 extrap=32460 clamp=0 seg=563 single=56 snapSq=65 snapNpc=0 reissueSq=723 reissueNpc=0 restFlip=0 delay=200 jit=120.9 starve=0 snapMid=0 restFlipMid=0
[01:50:08.923] [HOST] INFO: [interp] worstZero hand=1,2796875008 zero=427 active=1963 seg=73
[01:50:09.103] [HOST] INFO: [fac] AFFECT-EV me='1305-gamedata.base' whom='200-gamedata.base' event=0 mult=0.025 after=-43.08 skipped=9
[01:50:09.260] [HOST] INFO: [fac] AFFECT-EV me='200-gamedata.base' whom='1084-gamedata.base' event=0 mult=0.025 after=-5.61 skipped=140
[01:50:09.278] [HOST] INFO: [fac] AFFECT-EV me='1084-gamedata.base' whom='200-gamedata.base' event=0 mult=0.025 after=-10.13 skipped=0
[01:50:09.414] [HOST] INFO: [ai] suspended=4 driven=4
[01:50:09.517] [HOST] INFO: [inv] APPLY hand=0,2202,11111,2043,1412841856 items=1
[01:50:09.517] [HOST] INFO: [inv] APPLY hand=0,2202,11111,2044,298706048 items=1
[01:50:09.517] [HOST] INFO: [inv] APPLY hand=0,2202,11111,2045,1231811584 items=1
[01:50:09.517] [HOST] INFO: [inv] APPLY hand=0,2202,11111,2050,3628662016 items=0
[01:50:09.696] [HOST] INFO: [med] SEND hand=5,1438354432 npc=0 blood=68.0 bleed=0.00 fl=100.0,100.0,34.2,27.4 bd=0.0,0.0,65.9,72.6 flags=1 nparts=7 pmin=1.0 smin=0.0 ls=0,0,0,0
[01:50:10.049] [HOST] INFO: [stats] RECV hand=1,2041992192 ok=1 str=33.8 dex=48.6 tough=43.2 stealth=1.3 athl=38.1 xp=0
[01:50:10.049] [HOST] INFO: [stats] RECV hand=2,1846801792 ok=1 str=41.9 dex=44.9 tough=44.5 stealth=1.4 athl=57.4 xp=0
[01:50:10.409] [HOST] INFO: [inv] APPLY hand=0,2202,11111,2162,3447997952 items=1
[01:50:10.409] [HOST] INFO: [inv] APPLY hand=0,2202,11111,2179,3048217856 items=1
[01:50:10.409] [HOST] INFO: [inv] APPLY hand=0,2202,11111,2181,3168212992 items=0
[01:50:10.784] [HOST] INFO: [inv] APPLY hand=1,33,1114624000,1,2041992192 items=15
[01:50:10.784] [HOST] INFO: [cam] center=-31659.8,1748.1,10766.0
[01:50:10.944] [HOST] INFO: [inv] APPLY hand=1,32,1617431680,2,3921874944 items=15
[01:50:11.285] [HOST] INFO: [med] SEND hand=5,1438354432 npc=0 blood=68.1 bleed=0.00 fl=100.0,100.0,34.2,27.4 bd=0.0,0.0,65.8,72.6 flags=1 nparts=7 pmin=1.0 smin=0.0 ls=0,0,0,0
[01:50:11.294] [HOST] INFO: [inv] SEND hand=0,2202,11111,2162,3447997952 kind=0 key=0,2202,11111,2162,3447997952 items=1 hash=1711412154
[01:50:11.294] [HOST] INFO: [inv] SEND hand=0,2202,11111,2179,3048217856 kind=0 key=0,2202,11111,2179,3048217856 items=1 hash=2018655135
[01:50:11.294] [HOST] INFO: [inv] SEND hand=0,2202,11111,2181,3168212992 kind=0 key=0,2202,11111,2181,3168212992 items=0 hash=0
[01:50:11.472] [HOST] INFO: [med] SEND hand=1,1051391616 npc=0 blood=95.5 bleed=0.00 fl=94.6,97.5,65.9,-48.1 bd=5.4,2.5,34.1,148.1 flags=1 nparts=7 pmin=65.9 smin=0.0 ls=0,0,0,0
[01:50:11.577] [HOST] INFO: [inv] APPLY hand=1,32,1617431680,1,2796875008 items=8
[01:50:11.623] [HOST] INFO: [stats] RECV hand=2,3921874944 ok=1 str=34.2 dex=24.2 tough=27.0 stealth=1.0 athl=39.9 xp=0
[01:50:12.081] [HOST] INFO: [inv] APPLY hand=0,2202,11111,2043,1412841856 items=1
[01:50:12.081] [HOST] INFO: [inv] APPLY hand=0,2202,11111,2044,298706048 items=1
[01:50:12.081] [HOST] INFO: [inv] APPLY hand=0,2202,11111,2050,3628662016 items=0
[01:50:12.081] [HOST] INFO: [inv] APPLY hand=1,33,1114624000,2,1846801792 items=18
[01:50:12.420] [HOST] INFO: [ai] suspended=4 driven=4
[01:50:12.981] [HOST] INFO: [inv] APPLY hand=0,2202,11111,162,1678588928 items=0
[01:50:12.998] [HOST] INFO: [census] sent n=47 radius=2000 mid=19
[01:50:13.079] [HOST] INFO: [inv] APPLY hand=0,2202,11111,162,1678588928 items=0
[01:50:13.237] [HOST] INFO: [cam] hints recv n=2 p1=-31661,10719 p2=-31748,10908
[01:50:13.811] [HOST] INFO: [stats] RECV hand=1,2796875008 ok=1 str=35.4 dex=30.6 tough=30.9 stealth=1.0 athl=47.5 xp=0
[01:50:13.929] [HOST] INFO: [interp] lerp=118029 extrap=32836 clamp=0 seg=563 single=56 snapSq=65 snapNpc=0 reissueSq=764 reissueNpc=0 restFlip=0 delay=200 jit=66.2 starve=0 snapMid=0 restFlipMid=0
[01:50:13.929] [HOST] INFO: [interp] worstZero hand=1,2796875008 zero=427 active=1963 seg=152
[01:50:14.417] [HOST] INFO: [med] SEND hand=1,1051391616 npc=0 blood=95.5 bleed=0.00 fl=94.7,97.5,66.0,-48.0 bd=5.3,2.5,34.0,148.0 flags=1 nparts=7 pmin=66.0 smin=0.0 ls=0,0,0,0
[01:50:14.478] [HOST] INFO: [fac] AFFECT-EV me='1305-gamedata.base' whom='200-gamedata.base' event=1 mult=0.025 after=-43.33 skipped=14
[01:50:14.552] [HOST] INFO: [inv] APPLY hand=0,2202,11111,2043,1412841856 items=1
[01:50:14.552] [HOST] INFO: [inv] APPLY hand=0,2202,11111,2044,298706048 items=1
[01:50:14.552] [HOST] INFO: [inv] APPLY hand=0,2202,11111,2050,3628662016 items=0
[01:50:14.593] [HOST] INFO: [fac] AFFECT-EV me='200-gamedata.base' whom='1084-gamedata.base' event=0 mult=0.025 after=-5.61 skipped=26
[01:50:14.816] [HOST] INFO: [med] SEND hand=1,1051391616 npc=0 blood=95.5 bleed=0.00 fl=94.7,97.6,66.0,-48.0 bd=5.3,2.4,34.0,148.0 flags=1 nparts=7 pmin=66.0 smin=0.0 ls=0,0,0,0
[01:50:15.037] [HOST] INFO: [stats] RECV hand=1,2041992192 ok=1 str=33.8 dex=48.6 tough=43.2 stealth=1.3 athl=38.1 xp=0
[01:50:15.037] [HOST] INFO: [stats] RECV hand=2,1846801792 ok=1 str=41.9 dex=44.9 tough=44.5 stealth=1.4 athl=57.4 xp=0
[01:50:15.105] [HOST] INFO: [fac] AFFECT-EV me='1084-gamedata.base' whom='200-gamedata.base' event=1 mult=0.025 after=-10.15 skipped=22
[01:50:15.420] [HOST] INFO: [ai] suspended=4 driven=4
[01:50:15.651] [HOST] INFO: [inv] APPLY hand=1,33,1114624000,1,2041992192 items=15
[01:50:15.783] [HOST] INFO: [cam] center=-31756.9,1764.7,10930.2
[01:50:15.978] [HOST] INFO: [stats] RECV hand=1,2041992192 ok=1 str=33.8 dex=48.6 tough=43.2 stealth=1.3 athl=38.1 xp=0
[01:50:16.067] [HOST] INFO: [inv] APPLY hand=0,2202,11111,2162,3447997952 items=1
[01:50:16.067] [HOST] INFO: [inv] APPLY hand=0,2202,11111,2181,3168212992 items=0
[01:50:16.337] [HOST] INFO: [inv] APPLY hand=1,32,1617431680,2,3921874944 items=15
[01:50:16.446] [HOST] INFO: [med] SEND hand=1,1051391616 npc=0 blood=95.5 bleed=0.00 fl=94.7,97.6,66.0,-48.0 bd=5.3,2.4,34.0,148.0 flags=1 nparts=7 pmin=66.0 smin=0.0 ls=0,0,0,0
[01:50:16.500] [HOST] INFO: [inv] APPLY hand=0,2202,11111,2162,3447997952 items=1
[01:50:16.500] [HOST] INFO: [inv] APPLY hand=0,2202,11111,2181,3168212992 items=0
[01:50:16.649] [HOST] INFO: [stats] RECV hand=2,3921874944 ok=1 str=34.2 dex=24.2 tough=27.0 stealth=1.0 athl=39.9 xp=0
[01:50:16.650] [HOST] INFO: [inv] APPLY hand=1,32,1617431680,1,2796875008 items=8
[01:50:16.848] [HOST] INFO: [med] SEND hand=1,1051391616 npc=0 blood=95.5 bleed=0.00 fl=94.7,97.6,66.0,-48.0 bd=5.3,2.4,34.0,148.0 flags=1 nparts=7 pmin=66.0 smin=0.0 ls=0,0,0,0
[01:50:17.087] [HOST] INFO: [inv] APPLY hand=0,2202,11111,2043,1412841856 items=1
[01:50:17.087] [HOST] INFO: [inv] APPLY hand=0,2202,11111,2044,298706048 items=1
[01:50:17.087] [HOST] INFO: [inv] APPLY hand=0,2202,11111,2050,3628662016 items=0
[01:50:17.087] [HOST] INFO: [inv] APPLY hand=0,2202,11111,2179,3048217856 items=1
[01:50:17.087] [HOST] INFO: [inv] APPLY hand=1,33,1114624000,2,1846801792 items=18
[01:50:17.259] [HOST] INFO: [med] SEND hand=5,1438354432 npc=0 blood=68.4 bleed=0.00 fl=100.0,100.0,34.3,27.5 bd=0.0,0.0,65.7,72.5 flags=1 nparts=7 pmin=1.1 smin=0.0 ls=0,0,0,0
[01:50:17.318] [HOST] INFO: [inv] SEND hand=0,2202,11111,2161,1860961920 kind=0 key=0,2202,11111,2161,1860961920 items=1 hash=1659125619
[01:50:17.318] [HOST] INFO: [inv] SEND hand=0,2202,11111,2180,227783200 kind=0 key=0,2202,11111,2180,227783200 items=0 hash=0
[01:50:17.453] [HOST] INFO: [inv] APPLY hand=0,2202,11111,2161,1860961920 items=1
[01:50:17.453] [HOST] INFO: [inv] APPLY hand=0,2202,11111,2180,227783200 items=0
[01:50:17.738] [HOST] INFO: [med] SEND hand=5,1438354432 npc=0 blood=68.4 bleed=0.00 fl=100.0,100.0,34.3,27.5 bd=0.0,0.0,65.7,72.5 flags=1 nparts=7 pmin=1.1 smin=0.0 ls=0,0,0,0
[01:50:17.814] [HOST] INFO: [inv] SEND hand=0,2202,11111,2161,1860961920 kind=0 key=0,2202,11111,2161,1860961920 items=1 hash=1869939188
[01:50:17.833] [HOST] INFO: [fac] AFFECT-EV me='200-gamedata.base' whom='1305-gamedata.base' event=0 mult=0.025 after=-62.50 skipped=1
[01:50:17.905] [HOST] INFO: [inv] APPLY hand=0,2202,11111,2161,1860961920 items=1
[01:50:17.905] [HOST] INFO: [inv] APPLY hand=0,2202,11111,2179,3048217856 items=1
[01:50:17.905] [HOST] INFO: [inv] APPLY hand=0,2202,11111,2180,227783200 items=0
[01:50:18.321] [HOST] INFO: [inv] SEND hand=0,2202,11111,2178,2270752000 kind=0 key=0,2202,11111,2178,2270752000 items=1 hash=4250090126
[01:50:18.367] [HOST] INFO: [inv] APPLY hand=0,2202,11111,2161,1860961920 items=1
[01:50:18.367] [HOST] INFO: [inv] APPLY hand=0,2202,11111,2178,2270752000 items=1
[01:50:18.422] [HOST] INFO: [ai] suspended=4 driven=4
[01:50:18.565] [HOST] INFO: [inv] APPLY hand=0,2202,11111,2161,1860961920 items=1
[01:50:18.724] [HOST] INFO: [inv] SEND hand=0,2202,11111,2178,2270752000 kind=0 key=0,2202,11111,2178,2270752000 items=1 hash=2303464973
[01:50:18.790] [HOST] INFO: [inv] APPLY hand=0,2202,11111,2161,1860961920 items=1
[01:50:18.790] [HOST] INFO: [inv] APPLY hand=0,2202,11111,2178,2270752000 items=1
[01:50:18.926] [HOST] INFO: [stats] RECV hand=1,2796875008 ok=1 str=35.4 dex=30.6 tough=30.9 stealth=1.0 athl=47.5 xp=0
[01:50:18.928] [HOST] INFO: [inv] APPLY hand=0,2202,11111,2178,2270752000 items=1
[01:50:18.937] [HOST] INFO: [interp] lerp=119573 extrap=33532 clamp=0 seg=563 single=56 snapSq=65 snapNpc=0 reissueSq=807 reissueNpc=0 restFlip=0 delay=200 jit=128.2 starve=0 snapMid=0 restFlipMid=0
[01:50:18.937] [HOST] INFO: [interp] worstZero hand=1,2796875008 zero=427 active=1963 seg=388
[01:50:19.030] [HOST] INFO: [cam] hints recv n=2 p1=-31704,10721 p2=-31866,10871
[01:50:19.147] [HOST] INFO: [inv] SEND hand=0,2202,11111,2161,1860961920 kind=0 key=0,2202,11111,2161,1860961920 items=1 hash=1659125619
[01:50:19.292] [HOST] INFO: [inv] SEND hand=0,2202,11111,2178,2270752000 kind=0 key=0,2202,11111,2178,2270752000 items=1 hash=4250090126
[01:50:19.323] [HOST] INFO: [inv] SEND hand=0,2202,11111,2168,802856448 kind=0 key=0,2202,11111,2168,802856448 items=0 hash=0
[01:50:19.346] [HOST] INFO: [inv] APPLY hand=0,2202,11111,2178,2270752000 items=1
[01:50:19.543] [HOST] INFO: [inv] APPLY hand=0,2202,11111,2043,1412841856 items=1
[01:50:19.543] [HOST] INFO: [inv] APPLY hand=0,2202,11111,2044,298706048 items=1
[01:50:19.543] [HOST] INFO: [inv] APPLY hand=0,2202,11111,2050,3628662016 items=0
[01:50:19.543] [HOST] INFO: [inv] APPLY hand=0,2202,11111,2168,802856448 items=0
[01:50:19.543] [HOST] INFO: [inv] APPLY hand=0,2202,11111,2178,2270752000 items=1
[01:50:19.642] [HOST] INFO: [inv] APPLY hand=0,2202,11111,2167,530395520 items=18
[01:50:19.642] [HOST] INFO: [inv] APPLY hand=0,2202,11111,2168,802856448 items=0
[01:50:19.906] [HOST] INFO: [inv] SEND hand=0,2202,11111,2178,2270752000 kind=0 key=0,2202,11111,2178,2270752000 items=1 hash=2303464973
[01:50:19.952] [HOST] INFO: [inv] APPLY hand=0,2202,11111,2178,2270752000 items=1
[01:50:19.993] [HOST] INFO: [med] SEND hand=5,1438354432 npc=0 blood=68.5 bleed=0.00 fl=100.0,100.0,34.3,27.5 bd=0.0,0.0,65.7,72.5 flags=1 nparts=7 pmin=1.1 smin=0.0 ls=0,0,0,0
[01:50:20.029] [HOST] INFO: [stats] RECV hand=2,1846801792 ok=1 str=41.9 dex=44.9 tough=44.5 stealth=1.4 athl=57.4 xp=0
[01:50:20.116] [HOST] INFO: [fac] AFFECT-EV me='200-gamedata.base' whom='1084-gamedata.base' event=0 mult=0.025 after=-5.61 skipped=25
[01:50:20.219] [HOST] INFO: [fac] AFFECT-EV me='1084-gamedata.base' whom='200-gamedata.base' event=1 mult=0.025 after=-10.16 skipped=7
[01:50:20.328] [HOST] INFO: [inv] SEND hand=0,2202,11111,2167,530395520 kind=0 key=0,2202,11111,2167,530395520 items=18 hash=594565562
[01:50:20.435] [HOST] INFO: [inv] APPLY hand=0,2202,11111,2167,530395520 items=18
[01:50:20.435] [HOST] INFO: [inv] APPLY hand=0,2202,11111,2178,2270752000 items=1
[01:50:20.707] [HOST] INFO: [inv] APPLY hand=1,33,1114624000,1,2041992192 items=15
[01:50:20.784] [HOST] INFO: [cam] center=-31860.9,1807.7,10829.3
[01:50:20.938] [HOST] INFO: [inv] APPLY hand=1,32,1617431680,2,3921874944 items=15
[01:50:21.036] [HOST] INFO: [stats] RECV hand=1,2041992192 ok=1 str=33.9 dex=48.6 tough=43.2 stealth=1.3 athl=38.1 xp=0
[01:50:21.036] [HOST] INFO: [speed] REQ RECV owner=2 mult=0.00 paused=1 combat=0
[01:50:21.036] [HOST] INFO: [speed] SET mult=0.00 paused=1 combat=0 (my=1.00 p1=1.00 p2=0.00)
[01:50:21.101] [HOST] INFO: [inv] APPLY hand=0,2202,11111,2181,3168212992 items=0
[01:50:21.425] [HOST] INFO: [ai] suspended=4 driven=4
[01:50:21.482] [HOST] INFO: [snap] squad hand=1,2041992192 name='ZACH' gap=24.5 gate=24.2 srcVel=0.0 cSpeed=11.1 mult=0.00 slew=1.00 dest=1 skipped=0
[01:50:21.674] [HOST] INFO: [stats] RECV hand=2,3921874944 ok=1 str=34.2 dex=24.2 tough=27.0 stealth=1.0 athl=39.9 xp=0
[01:50:21.675] [HOST] INFO: [inv] APPLY hand=1,32,1617431680,1,2796875008 items=8
[01:50:21.739] [HOST] INFO: [snap] squad hand=1,2041992192 name='ZACH' gap=24.5 gate=20.9 srcVel=0.0 cSpeed=11.1 mult=0.00 slew=1.00 dest=0 skipped=26
[01:50:21.991] [HOST] INFO: [snap] squad hand=1,2041992192 name='ZACH' gap=24.5 gate=16.0 srcVel=0.0 cSpeed=11.1 mult=0.00 slew=1.00 dest=0 skipped=31
[01:50:22.243] [HOST] INFO: [snap] squad hand=1,2041992192 name='ZACH' gap=24.5 gate=11.7 srcVel=0.0 cSpeed=11.1 mult=0.00 slew=1.00 dest=0 skipped=30
[01:50:22.419] [HOST] INFO: [inv] APPLY hand=0,2202,11111,2043,1412841856 items=1
[01:50:22.419] [HOST] INFO: [inv] APPLY hand=0,2202,11111,2044,298706048 items=1
[01:50:22.419] [HOST] INFO: [inv] APPLY hand=0,2202,11111,2050,3628662016 items=0
[01:50:22.419] [HOST] INFO: [inv] APPLY hand=0,2202,11111,2162,3447997952 items=1
[01:50:22.419] [HOST] INFO: [inv] APPLY hand=0,2202,11111,2179,3048217856 items=1
[01:50:22.419] [HOST] INFO: [inv] APPLY hand=0,2202,11111,2180,227783200 items=0
[01:50:22.419] [HOST] INFO: [inv] APPLY hand=1,33,1114624000,2,1846801792 items=18
[01:50:22.499] [HOST] INFO: [snap] squad hand=1,2041992192 name='ZACH' gap=24.5 gate=8.0 srcVel=0.0 cSpeed=11.1 mult=0.00 slew=1.00 dest=0 skipped=31
[01:50:22.712] [HOST] INFO: [speed] REQ RECV owner=2 mult=1.00 paused=0 combat=0
[01:50:22.712] [HOST] INFO: [speed] SET mult=1.00 paused=0 combat=0 (my=1.00 p1=1.00 p2=1.00)
[01:50:22.713] [HOST] INFO: [inv] APPLY hand=0,2202,11111,2179,3048217856 items=1
[01:50:22.713] [HOST] INFO: [inv] APPLY hand=0,2202,11111,2180,227783200 items=0
[01:50:23.043] [HOST] INFO: [census] sent n=47 radius=2000 mid=19
[01:50:23.090] [HOST] INFO: [inv] APPLY hand=0,2202,11111,2162,3447997952 items=1
[01:50:23.090] [HOST] INFO: [inv] APPLY hand=0,2202,11111,2181,3168212992 items=0
[01:50:23.248] [HOST] INFO: [fac] AFFECT-EV me='200-gamedata.base' whom='1305-gamedata.base' event=1 mult=0.025 after=-62.50 skipped=2
[01:50:23.382] [HOST] INFO: [inv] APPLY hand=0,2202,11111,2161,1860961920 items=1
[01:50:23.851] [HOST] INFO: [stats] RECV hand=1,2796875008 ok=1 str=35.4 dex=30.6 tough=30.9 stealth=1.0 athl=47.5 xp=0
[01:50:23.861] [HOST] INFO: [inv] APPLY hand=0,2202,11111,2161,1860961920 items=1
[01:50:23.939] [HOST] INFO: [interp] lerp=121255 extrap=34318 clamp=0 seg=563 single=56 snapSq=214 snapNpc=0 reissueSq=831 reissueNpc=0 restFlip=0 delay=200 jit=149.5 starve=0 snapMid=0 restFlipMid=0
[01:50:23.939] [HOST] INFO: [interp] worstZero hand=1,2796875008 zero=427 active=1963 seg=317
[01:50:24.231] [HOST] INFO: [fac] AFFECT-EV me='1305-gamedata.base' whom='1084-gamedata.base' event=0 mult=0.025 after=-9.70 skipped=122
[01:50:24.245] [HOST] INFO: [cam] hints recv n=2 p1=-31656,10704 p2=-31847,10851
[01:50:24.426] [HOST] INFO: [ai] suspended=4 driven=4
[01:50:24.474] [HOST] INFO: [inv] APPLY hand=0,2202,11111,2167,530395520 items=18
[01:50:24.474] [HOST] INFO: [inv] APPLY hand=0,2202,11111,2168,802856448 items=0
[01:50:24.489] [HOST] INFO: [inv] APPLY hand=0,2202,11111,2043,1412841856 items=1
[01:50:24.489] [HOST] INFO: [inv] APPLY hand=0,2202,11111,2044,298706048 items=1
[01:50:24.489] [HOST] INFO: [inv] APPLY hand=0,2202,11111,2050,3628662016 items=0
[01:50:24.489] [HOST] INFO: [inv] APPLY hand=0,2202,11111,2168,802856448 items=0
[01:50:24.959] [HOST] INFO: [inv] APPLY hand=0,2202,11111,2178,2270752000 items=1
[01:50:25.035] [HOST] INFO: [stats] RECV hand=2,1846801792 ok=1 str=41.9 dex=44.9 tough=44.5 stealth=1.4 athl=57.4 xp=0
[01:50:25.189] [HOST] INFO: [fac] AFFECT-EV me='200-gamedata.base' whom='1084-gamedata.base' event=0 mult=0.025 after=-5.61 skipped=9
[01:50:25.386] [HOST] INFO: [inv] APPLY hand=0,2202,11111,2167,530395520 items=18
[01:50:25.386] [HOST] INFO: [inv] APPLY hand=0,2202,11111,2178,2270752000 items=1
[01:50:25.445] [HOST] INFO: [med] SEND hand=5,1438354432 npc=0 blood=68.7 bleed=0.00 fl=100.0,100.0,34.4,27.6 bd=0.0,0.0,65.6,72.4 flags=1 nparts=7 pmin=1.2 smin=0.0 ls=0,0,0,0
[01:50:25.602] [HOST] INFO: [med] SEND hand=1,1051391616 npc=0 blood=95.5 bleed=0.00 fl=94.8,97.7,66.1,-47.9 bd=5.2,2.3,33.9,147.9 flags=1 nparts=7 pmin=66.1 smin=0.0 ls=0,0,0,0
[01:50:25.788] [HOST] INFO: [cam] center=-31846.7,1740.1,10850.8
[01:50:25.849] [HOST] INFO: [med] SEND hand=5,1438354432 npc=0 blood=68.7 bleed=0.00 fl=100.0,100.0,34.4,27.6 bd=0.0,0.0,65.6,72.4 flags=1 nparts=7 pmin=1.2 smin=0.0 ls=0,0,0,0
[01:50:25.996] [HOST] INFO: [inv] APPLY hand=1,32,1617431680,2,3921874944 items=15
[01:50:26.003] [HOST] INFO: [med] SEND hand=1,1051391616 npc=0 blood=95.5 bleed=0.00 fl=94.8,97.7,66.1,-47.9 bd=5.2,2.3,33.9,147.9 flags=1 nparts=7 pmin=66.1 smin=0.0 ls=0,0,0,0
[01:50:26.003] [HOST] INFO: [stats] RECV hand=1,2041992192 ok=1 str=33.9 dex=48.6 tough=43.2 stealth=1.3 athl=38.1 xp=0
[01:50:26.096] [HOST] INFO: [fac] AFFECT-EV me='1084-gamedata.base' whom='200-gamedata.base' event=1 mult=0.025 after=-10.17 skipped=8
[01:50:26.159] [HOST] INFO: [inv] APPLY hand=0,2202,11111,2181,3168212992 items=0
[01:50:26.616] [HOST] INFO: [stats] RECV hand=2,3921874944 ok=1 str=34.2 dex=24.2 tough=27.0 stealth=1.0 athl=39.9 xp=0
[01:50:26.617] [HOST] INFO: [inv] APPLY hand=1,32,1617431680,1,2796875008 items=8
[01:50:27.090] [HOST] INFO: [inv] APPLY hand=0,2202,11111,2043,1412841856 items=1
[01:50:27.090] [HOST] INFO: [inv] APPLY hand=0,2202,11111,2044,298706048 items=1
[01:50:27.090] [HOST] INFO: [inv] APPLY hand=0,2202,11111,2050,3628662016 items=0
[01:50:27.090] [HOST] INFO: [inv] APPLY hand=0,2202,11111,2162,3447997952 items=1
[01:50:27.090] [HOST] INFO: [inv] APPLY hand=0,2202,11111,2179,3048217856 items=1
[01:50:27.090] [HOST] INFO: [inv] APPLY hand=1,33,1114624000,1,2041992192 items=14
[01:50:27.090] [HOST] INFO: [inv] APPLY hand=1,33,1114624000,2,1846801792 items=18
[01:50:27.434] [HOST] INFO: [ai] suspended=4 driven=4
[01:50:27.544] [HOST] INFO: [inv] APPLY hand=0,2202,11111,2179,3048217856 items=1
[01:50:27.544] [HOST] INFO: [inv] APPLY hand=0,2202,11111,2180,227783200 items=0
[01:50:28.177] [HOST] INFO: [inv] APPLY hand=0,2202,11111,2162,3447997952 items=1
[01:50:28.177] [HOST] INFO: [inv] APPLY hand=0,2202,11111,2181,3168212992 items=0
[01:50:28.319] [HOST] INFO: [fac] AFFECT-EV me='200-gamedata.base' whom='1305-gamedata.base' event=1 mult=0.025 after=-62.50 skipped=9
[01:50:28.835] [HOST] INFO: [inv] APPLY hand=0,2202,11111,2161,1860961920 items=1
[01:50:28.931] [HOST] INFO: [stats] RECV hand=1,2796875008 ok=1 str=35.4 dex=30.6 tough=30.9 stealth=1.0 athl=47.5 xp=0
[01:50:28.933] [HOST] INFO: [inv] APPLY hand=0,2202,11111,2161,1860961920 items=1
[01:50:28.943] [HOST] INFO: [interp] lerp=122923 extrap=35050 clamp=0 seg=563 single=56 snapSq=214 snapNpc=0 reissueSq=831 reissueNpc=0 restFlip=0 delay=200 jit=169.6 starve=0 snapMid=0 restFlipMid=0
[01:50:28.943] [HOST] INFO: [interp] worstZero hand=1,2796875008 zero=427 active=1963 seg=755
[01:50:29.447] [HOST] INFO: [inv] APPLY hand=0,2202,11111,2167,530395520 items=18
[01:50:29.447] [HOST] INFO: [inv] APPLY hand=0,2202,11111,2168,802856448 items=0
[01:50:29.471] [HOST] INFO: [inv] APPLY hand=0,2202,11111,2043,1412841856 items=1
[01:50:29.471] [HOST] INFO: [inv] APPLY hand=0,2202,11111,2044,298706048 items=1
[01:50:29.471] [HOST] INFO: [inv] APPLY hand=0,2202,11111,2050,3628662016 items=0
[01:50:29.471] [HOST] INFO: [inv] APPLY hand=0,2202,11111,2168,802856448 items=0
[01:50:29.967] [HOST] INFO: [inv] APPLY hand=0,2202,11111,2178,2270752000 items=1
[01:50:30.034] [HOST] INFO: [stats] RECV hand=2,1846801792 ok=1 str=41.9 dex=44.9 tough=44.5 stealth=1.4 athl=57.4 xp=0
[01:50:30.189] [HOST] INFO: [cam] hints recv n=2 p1=-31582,10742 p2=-31847,10851
[01:50:30.354] [HOST] INFO: [fac] AFFECT-EV me='200-gamedata.base' whom='1084-gamedata.base' event=0 mult=0.025 after=-5.67 skipped=15
[01:50:30.391] [HOST] INFO: [inv] APPLY hand=0,2202,11111,2167,530395520 items=18
[01:50:30.391] [HOST] INFO: [inv] APPLY hand=0,2202,11111,2178,2270752000 items=1
[01:50:30.439] [HOST] INFO: [ai] suspended=4 driven=4
[01:50:30.788] [HOST] INFO: [cam] center=-31846.7,1805.5,10850.8
[01:50:31.023] [HOST] INFO: [stats] RECV hand=1,2041992192 ok=1 str=33.9 dex=48.6 tough=43.2 stealth=1.3 athl=38.1 xp=0
[01:50:31.044] [HOST] INFO: [inv] APPLY hand=1,32,1617431680,2,3921874944 items=15
[01:50:31.223] [HOST] INFO: [inv] APPLY hand=0,2202,11111,2181,3168212992 items=0
[01:50:31.372] [HOST] INFO: [fac] AFFECT-EV me='1084-gamedata.base' whom='200-gamedata.base' event=1 mult=0.025 after=-10.20 skipped=18
[01:50:31.587] [HOST] INFO: [stats] RECV hand=2,3921874944 ok=1 str=34.2 dex=24.2 tough=27.0 stealth=1.0 athl=39.9 xp=0
[01:50:31.588] [HOST] INFO: [inv] APPLY hand=1,32,1617431680,1,2796875008 items=8
[01:50:32.101] [HOST] INFO: [inv] APPLY hand=0,2202,11111,2043,1412841856 items=1
[01:50:32.101] [HOST] INFO: [inv] APPLY hand=0,2202,11111,2044,298706048 items=1
[01:50:32.101] [HOST] INFO: [inv] APPLY hand=0,2202,11111,2050,3628662016 items=0
[01:50:32.101] [HOST] INFO: [inv] APPLY hand=0,2202,11111,2162,3447997952 items=1
[01:50:32.101] [HOST] INFO: [inv] APPLY hand=0,2202,11111,2179,3048217856 items=1
[01:50:32.101] [HOST] INFO: [inv] APPLY hand=1,33,1114624000,1,2041992192 items=14
[01:50:32.101] [HOST] INFO: [inv] APPLY hand=1,33,1114624000,2,1846801792 items=18
[01:50:32.266] [HOST] INFO: [med] SEND hand=5,1438354432 npc=0 blood=69.0 bleed=0.00 fl=100.0,100.0,34.5,27.7 bd=0.0,0.0,65.5,72.3 flags=1 nparts=7 pmin=1.3 smin=0.0 ls=0,0,0,0
[01:50:32.493] [HOST] INFO: [inv] APPLY hand=0,2202,11111,2179,3048217856 items=1
[01:50:32.494] [HOST] INFO: [inv] APPLY hand=0,2202,11111,2180,227783200 items=0
[01:50:32.954] [HOST] INFO: [inv] APPLY hand=0,2202,11111,2180,227783200 items=0
[01:50:33.089] [HOST] INFO: [census] sent n=47 radius=2000 mid=18
[01:50:33.442] [HOST] INFO: [ai] suspended=4 driven=4
[01:50:33.527] [HOST] INFO: [inv] APPLY hand=0,2202,11111,2161,1860961920 items=1
[01:50:33.527] [HOST] INFO: [inv] APPLY hand=0,2202,11111,2162,3447997952 items=1
[01:50:33.527] [HOST] INFO: [inv] APPLY hand=0,2202,11111,2181,3168212992 items=0
[01:50:33.782] [HOST] INFO: [inv] APPLY hand=0,2202,11111,2161,1860961920 items=1
[01:50:33.945] [HOST] INFO: [interp] lerp=124289 extrap=35692 clamp=0 seg=563 single=56 snapSq=214 snapNpc=0 reissueSq=840 reissueNpc=0 restFlip=0 delay=200 jit=173.4 starve=0 snapMid=0 restFlipMid=0
[01:50:33.945] [HOST] INFO: [interp] worstZero hand=1,2796875008 zero=448 active=2140 seg=92
[01:50:34.015] [HOST] INFO: [fac] AFFECT-EV me='1305-gamedata.base' whom='1084-gamedata.base' event=8 mult=0.025 after=-9.76 skipped=1
[01:50:34.234] [HOST] INFO: [med] SEND hand=5,1438354432 npc=0 blood=69.1 bleed=0.00 fl=100.0,100.0,34.5,27.7 bd=0.0,0.0,65.5,72.3 flags=1 nparts=7 pmin=1.3 smin=0.0 ls=0,0,0,0
[01:50:34.501] [HOST] INFO: [inv] APPLY hand=0,2202,11111,2167,530395520 items=18
[01:50:34.501] [HOST] INFO: [inv] APPLY hand=0,2202,11111,2168,802856448 items=0
[01:50:34.635] [HOST] INFO: [med] SEND hand=5,1438354432 npc=0 blood=69.1 bleed=0.00 fl=100.0,100.0,34.5,27.7 bd=0.0,0.0,65.5,72.3 flags=1 nparts=7 pmin=1.3 smin=0.0 ls=0,0,0,0
[01:50:34.816] [HOST] INFO: [stats] RECV hand=1,2796875008 ok=1 str=35.4 dex=30.6 tough=30.9 stealth=1.0 athl=47.5 xp=0
[01:50:34.817] [HOST] INFO: [inv] APPLY hand=0,2202,11111,2168,802856448 items=0
[01:50:34.817] [HOST] INFO: [inv] APPLY hand=1,32,1617431680,1,2796875008 items=9
[01:50:35.082] [HOST] INFO: [stats] RECV hand=2,1846801792 ok=1 str=41.9 dex=44.9 tough=44.5 stealth=1.4 athl=57.4 xp=0
[01:50:35.084] [HOST] INFO: [inv] APPLY hand=0,2202,11111,2178,2270752000 items=1
[01:50:35.205] [HOST] INFO: [cam] hints recv n=2 p1=-31547,10734 p2=-31825,10862
[01:50:35.385] [HOST] INFO: [inv] APPLY hand=0,2202,11111,2167,530395520 items=18
[01:50:35.385] [HOST] INFO: [inv] APPLY hand=0,2202,11111,2178,2270752000 items=1
[01:50:35.504] [HOST] INFO: [fac] AFFECT-EV me='200-gamedata.base' whom='1084-gamedata.base' event=0 mult=0.025 after=-5.80 skipped=18
[01:50:35.789] [HOST] INFO: [cam] center=-31846.9,1740.1,10850.6
[01:50:35.824] [HOST] INFO: [inv] APPLY hand=1,32,1617431680,1,2796875008 items=10
[01:50:35.990] [HOST] INFO: [stats] RECV hand=1,2041992192 ok=1 str=33.9 dex=48.6 tough=43.2 stealth=1.3 athl=38.1 xp=0
[01:50:36.082] [HOST] INFO: [inv] APPLY hand=0,2202,11111,2181,3168212992 items=0
[01:50:36.089] [HOST] INFO: [med] SEND hand=1,1051391616 npc=0 blood=95.5 bleed=0.00 fl=95.0,97.9,66.3,-47.7 bd=5.0,2.1,33.7,147.7 flags=1 nparts=7 pmin=66.3 smin=0.0 ls=0,0,0,0
[01:50:36.249] [HOST] INFO: [inv] APPLY hand=1,32,1617431680,2,3921874944 items=15
[01:50:36.441] [HOST] INFO: [ai] suspended=4 driven=4
[01:50:36.484] [HOST] INFO: [fac] AFFECT-EV me='1084-gamedata.base' whom='200-gamedata.base' event=1 mult=0.025 after=-10.21 skipped=11
[01:50:36.650] [HOST] INFO: [stats] RECV hand=2,3921874944 ok=1 str=34.2 dex=24.2 tough=27.0 stealth=1.0 athl=39.9 xp=0
[01:50:36.651] [HOST] INFO: [inv] APPLY hand=1,32,1617431680,1,2796875008 items=11
[01:50:37.586] [HOST] INFO: [inv] APPLY hand=0,2202,11111,2179,3048217856 items=1
[01:50:37.586] [HOST] INFO: [inv] APPLY hand=0,2202,11111,2180,227783200 items=0
[01:50:37.596] [HOST] INFO: [inv] APPLY hand=0,2202,11111,2179,3048217856 items=1
[01:50:37.596] [HOST] INFO: [inv] APPLY hand=1,33,1114624000,1,2041992192 items=14
[01:50:37.606] [HOST] INFO: [inv] APPLY hand=0,2202,11111,2162,3447997952 items=1
[01:50:37.606] [HOST] INFO: [inv] APPLY hand=0,2202,11111,2180,227783200 items=0
[01:50:37.606] [HOST] INFO: [inv] APPLY hand=1,33,1114624000,2,1846801792 items=18
[01:50:38.353] [HOST] INFO: [inv] APPLY hand=0,2202,11111,2161,1860961920 items=1
[01:50:38.354] [HOST] INFO: [inv] APPLY hand=0,2202,11111,2162,3447997952 items=1
[01:50:38.354] [HOST] INFO: [inv] APPLY hand=0,2202,11111,2181,3168212992 items=0
[01:50:38.832] [HOST] INFO: [inv] APPLY hand=0,2202,11111,2161,1860961920 items=1
[01:50:38.946] [HOST] INFO: [interp] lerp=125943 extrap=36384 clamp=0 seg=585 single=56 snapSq=214 snapNpc=0 reissueSq=873 reissueNpc=0 restFlip=0 delay=200 jit=147.6 starve=0 snapMid=0 restFlipMid=0
[01:50:38.946] [HOST] INFO: [interp] worstZero hand=1,2796875008 zero=450 active=2307 seg=377
[01:50:38.975] [HOST] INFO: [stats] RECV hand=1,2796875008 ok=1 str=35.4 dex=30.6 tough=30.9 stealth=1.0 athl=47.6 xp=0
[01:50:39.055] [HOST] INFO: [fac] AFFECT-EV me='1305-gamedata.base' whom='1084-gamedata.base' event=8 mult=0.025 after=-9.76 skipped=24
[01:50:39.443] [HOST] INFO: [ai] suspended=4 driven=4
[01:50:40.061] [HOST] INFO: [stats] RECV hand=2,1846801792 ok=1 str=41.9 dex=44.9 tough=44.5 stealth=1.4 athl=57.4 xp=0
[01:50:40.127] [HOST] INFO: [inv] APPLY hand=0,2202,11111,2043,1412841856 items=1
[01:50:40.127] [HOST] INFO: [inv] APPLY hand=0,2202,11111,2044,298706048 items=1
[01:50:40.127] [HOST] INFO: [inv] APPLY hand=0,2202,11111,2050,3628662016 items=0
[01:50:40.225] [HOST] INFO: [cam] hints recv n=2 p1=-31605,10707 p2=-31651,10861
[01:50:40.494] [HOST] INFO: [inv] APPLY hand=0,2202,11111,2043,1412841856 items=1
[01:50:40.494] [HOST] INFO: [inv] APPLY hand=0,2202,11111,2044,298706048 items=1
[01:50:40.494] [HOST] INFO: [inv] APPLY hand=0,2202,11111,2050,3628662016 items=0
[01:50:40.564] [HOST] INFO: [fac] AFFECT-EV me='200-gamedata.base' whom='1084-gamedata.base' event=0 mult=0.025 after=-5.86 skipped=22
[01:50:40.785] [HOST] INFO: [cam] center=-31711.6,1745.3,10922.8
[01:50:41.015] [HOST] INFO: [stats] RECV hand=1,2041992192 ok=1 str=33.9 dex=48.6 tough=43.2 stealth=1.3 athl=38.2 xp=0
[01:50:41.173] [HOST] INFO: [inv] APPLY hand=0,2202,11111,162,1678588928 items=0
[01:50:41.507] [HOST] INFO: [fac] AFFECT-EV me='1084-gamedata.base' whom='200-gamedata.base' event=1 mult=0.025 after=-10.23 skipped=16
[01:50:41.977] [HOST] INFO: [stats] RECV hand=1,2041992192 ok=1 str=33.9 dex=48.6 tough=43.2 stealth=1.3 athl=38.2 xp=0
[01:50:42.065] [HOST] INFO: [inv] APPLY hand=1,33,1114624000,1,2041992192 items=14
[01:50:42.073] [HOST] INFO: [stats] RECV hand=2,3921874944 ok=1 str=34.2 dex=24.2 tough=27.0 stealth=1.0 athl=39.9 xp=0
[01:50:42.074] [HOST] INFO: [inv] APPLY hand=0,2202,11111,162,1678588928 items=0
[01:50:42.074] [HOST] INFO: [inv] APPLY hand=1,32,1617431680,1,2796875008 items=11
[01:50:42.074] [HOST] INFO: [inv] APPLY hand=1,32,1617431680,2,3921874944 items=15
[01:50:42.262] [HOST] INFO: [inv] APPLY hand=1,33,1114624000,2,1846801792 items=18
[01:50:42.365] [HOST] INFO: [med] SEND hand=5,1438354432 npc=0 blood=69.5 bleed=0.00 fl=100.0,100.0,34.6,27.9 bd=0.0,0.0,65.4,72.2 flags=1 nparts=7 pmin=1.4 smin=0.0 ls=0,0,0,0
[01:50:42.445] [HOST] INFO: [ai] suspended=4 driven=4
[01:50:43.127] [HOST] INFO: [census] sent n=47 radius=2000 mid=18
[01:50:43.174] [HOST] INFO: [med] SEND hand=1,1051391616 npc=0 blood=95.5 bleed=0.00 fl=95.1,98.0,66.4,-47.6 bd=4.9,2.0,33.6,147.6 flags=1 nparts=7 pmin=66.4 smin=0.0 ls=0,0,0,0
[01:50:43.896] [HOST] INFO: [stats] RECV hand=1,2796875008 ok=1 str=35.4 dex=30.6 tough=30.9 stealth=1.0 athl=47.6 xp=0
[01:50:43.955] [HOST] INFO: [interp] lerp=127462 extrap=37120 clamp=0 seg=610 single=56 snapSq=214 snapNpc=0 reissueSq=942 reissueNpc=0 restFlip=0 delay=200 jit=163.6 starve=0 snapMid=0 restFlipMid=0
[01:50:43.955] [HOST] INFO: [interp] worstZero hand=1,2796875008 zero=450 active=2495 seg=76
[01:50:44.222] [HOST] INFO: [fac] AFFECT-EV me='1305-gamedata.base' whom='1084-gamedata.base' event=8 mult=0.025 after=-9.76 skipped=28
[01:50:45.076] [HOST] INFO: [stats] RECV hand=2,1846801792 ok=1 str=41.9 dex=44.9 tough=44.5 stealth=1.4 athl=57.4 xp=0
[01:50:45.393] [HOST] INFO: [inv] APPLY hand=0,2202,11111,2043,1412841856 items=1
[01:50:45.393] [HOST] INFO: [inv] APPLY hand=0,2202,11111,2044,298706048 items=1
[01:50:45.393] [HOST] INFO: [inv] APPLY hand=0,2202,11111,2050,3628662016 items=0
[01:50:45.393] [HOST] INFO: [cam] hints recv n=2 p1=-31663,10727 p2=-31558,10734
[01:50:45.447] [HOST] INFO: [ai] suspended=4 driven=4
[01:50:45.691] [HOST] INFO: [fac] AFFECT-EV me='200-gamedata.base' whom='1084-gamedata.base' event=0 mult=0.025 after=-5.86 skipped=11
[01:50:45.792] [HOST] INFO: [cam] center=-31567.2,1747.4,10771.9
[01:50:46.032] [HOST] INFO: [med] SEND hand=5,1438354432 npc=0 blood=69.7 bleed=0.00 fl=100.0,100.0,34.7,27.9 bd=0.0,0.0,65.3,72.1 flags=1 nparts=7 pmin=1.5 smin=0.0 ls=0,0,0,0
[01:50:46.131] [HOST] INFO: [inv] APPLY hand=1,32,1617431680,2,3921874944 items=15
[01:50:46.141] [HOST] INFO: [med] SEND hand=1,1051391616 npc=0 blood=95.5 bleed=0.00 fl=95.2,98.0,66.5,-47.5 bd=4.8,2.0,33.5,147.5 flags=1 nparts=7 pmin=66.5 smin=0.0 ls=0,0,0,0
[01:50:46.532] [HOST] INFO: [inv] APPLY hand=1,33,1114624000,1,2041992192 items=15
[01:50:46.634] [HOST] INFO: [stats] RECV hand=2,3921874944 ok=1 str=34.2 dex=24.2 tough=27.0 stealth=1.0 athl=39.9 xp=0
[01:50:46.635] [HOST] INFO: [inv] APPLY hand=1,32,1617431680,1,2796875008 items=11
[01:50:47.043] [HOST] INFO: [stats] RECV hand=1,2041992192 ok=1 str=33.9 dex=48.6 tough=43.2 stealth=1.3 athl=38.2 xp=0
[01:50:47.047] [HOST] INFO: [fac] AFFECT-EV me='1084-gamedata.base' whom='200-gamedata.base' event=1 mult=0.025 after=-10.50 skipped=16
[01:50:47.210] [HOST] INFO: [inv] APPLY hand=1,33,1114624000,1,2041992192 items=16
[01:50:47.210] [HOST] INFO: [inv] APPLY hand=1,33,1114624000,2,1846801792 items=18
[01:50:47.734] [HOST] INFO: [inv] APPLY hand=1,33,1114624000,1,2041992192 items=17
[01:50:48.170] [HOST] INFO: [med] SEND hand=1,1051391616 npc=0 blood=95.5 bleed=0.00 fl=95.2,98.1,66.5,-47.5 bd=4.8,1.9,33.5,147.5 flags=1 nparts=7 pmin=66.5 smin=0.0 ls=0,0,0,0
[01:50:48.449] [HOST] INFO: [ai] suspended=4 driven=4
[01:50:48.570] [HOST] INFO: [med] SEND hand=1,1051391616 npc=0 blood=95.5 bleed=0.00 fl=95.2,98.1,66.5,-47.5 bd=4.8,1.9,33.5,147.5 flags=1 nparts=7 pmin=66.5 smin=0.0 ls=0,0,0,0
[01:50:48.760] [HOST] INFO: [inv] APPLY hand=1,32,1617431680,2,3921874944 items=16
[01:50:48.958] [HOST] INFO: [interp] lerp=128958 extrap=37676 clamp=0 seg=610 single=56 snapSq=214 snapNpc=0 reissueSq=963 reissueNpc=0 restFlip=0 delay=200 jit=164.4 starve=0 snapMid=0 restFlipMid=0
[01:50:48.958] [HOST] INFO: [interp] worstZero hand=1,2796875008 zero=450 active=2495 seg=409
[01:50:49.103] [HOST] INFO: [stats] RECV hand=1,2796875008 ok=1 str=35.4 dex=30.6 tough=30.9 stealth=1.0 athl=47.6 xp=0
[01:50:49.404] [HOST] INFO: [fac] AFFECT-EV me='1305-gamedata.base' whom='1084-gamedata.base' event=8 mult=0.025 after=-9.76 skipped=23
[01:50:50.055] [HOST] INFO: [inv] APPLY hand=1,32,1617431680,2,3921874944 items=17
[01:50:50.063] [HOST] INFO: [stats] RECV hand=2,1846801792 ok=1 str=41.9 dex=44.9 tough=44.5 stealth=1.4 athl=57.4 xp=0
[01:50:50.169] [HOST] INFO: [inv] APPLY hand=0,2202,11111,2043,1412841856 items=1
[01:50:50.169] [HOST] INFO: [inv] APPLY hand=0,2202,11111,2044,298706048 items=1
[01:50:50.169] [HOST] INFO: [inv] APPLY hand=0,2202,11111,2050,3628662016 items=0
[01:50:50.723] [HOST] INFO: [inv] APPLY hand=0,2202,11111,2043,1412841856 items=1
[01:50:50.723] [HOST] INFO: [inv] APPLY hand=0,2202,11111,2044,298706048 items=1
[01:50:50.723] [HOST] INFO: [inv] APPLY hand=0,2202,11111,2050,3628662016 items=0
[01:50:50.723] [HOST] INFO: [cam] hints recv n=2 p1=-31663,10727 p2=-31676,10729
[01:50:50.781] [HOST] INFO: [cam] center=-31570.8,1782.1,10706.3
[01:50:51.041] [HOST] INFO: [fac] AFFECT-EV me='200-gamedata.base' whom='1084-gamedata.base' event=0 mult=0.025 after=-6.05 skipped=19
[01:50:51.454] [HOST] INFO: [ai] suspended=4 driven=4
[01:50:52.002] [HOST] INFO: [med] SEND hand=5,1438354432 npc=0 blood=70.0 bleed=0.00 fl=100.0,100.0,34.8,28.0 bd=0.0,0.0,65.2,72.0 flags=1 nparts=7 pmin=1.6 smin=0.0 ls=0,0,0,0
[01:50:52.002] [HOST] INFO: [stats] RECV hand=1,2041992192 ok=1 str=33.9 dex=48.6 tough=43.2 stealth=1.3 athl=38.3 xp=0
[01:50:52.118] [HOST] INFO: [inv] APPLY hand=1,33,1114624000,2,1846801792 items=18
[01:50:52.213] [HOST] INFO: [inv] APPLY hand=0,2202,11111,2045,1231811584 items=1
[01:50:52.267] [HOST] INFO: [fac] AFFECT-EV me='1084-gamedata.base' whom='200-gamedata.base' event=1 mult=0.025 after=-10.52 skipped=9
[01:50:52.504] [HOST] INFO: [med] SEND hand=5,1438354432 npc=0 blood=70.0 bleed=0.00 fl=100.0,100.0,34.8,28.0 bd=0.0,0.0,65.2,72.0 flags=1 nparts=7 pmin=1.6 smin=0.0 ls=0,0,0,0
[01:50:52.696] [HOST] INFO: [stats] RECV hand=2,3921874944 ok=1 str=34.2 dex=24.2 tough=27.0 stealth=1.0 athl=39.9 xp=0
[01:50:52.698] [HOST] INFO: [inv] APPLY hand=0,2202,11111,2045,1231811584 items=1
[01:50:52.698] [HOST] INFO: [inv] APPLY hand=1,32,1617431680,1,2796875008 items=11
[01:50:52.706] [HOST] INFO: [inv] APPLY hand=1,33,1114624000,1,2041992192 items=17
[01:50:52.908] [HOST] INFO: [med] SEND hand=5,1438354432 npc=0 blood=70.0 bleed=0.00 fl=100.0,100.0,34.8,28.0 bd=0.0,0.0,65.2,72.0 flags=1 nparts=7 pmin=1.6 smin=0.0 ls=0,0,0,0
[01:50:53.165] [HOST] INFO: [census] sent n=47 radius=2000 mid=20
[01:50:53.885] [HOST] INFO: [stats] RECV hand=1,2796875008 ok=1 str=35.4 dex=30.6 tough=30.9 stealth=1.0 athl=47.6 xp=0
[01:50:53.961] [HOST] INFO: [interp] lerp=130300 extrap=38518 clamp=0 seg=610 single=56 snapSq=214 snapNpc=0 reissueSq=1010 reissueNpc=0 restFlip=0 delay=200 jit=177.6 starve=0 snapMid=0 restFlipMid=0
[01:50:53.961] [HOST] INFO: [interp] worstZero hand=1,2796875008 zero=450 active=2495 seg=89
[01:50:54.460] [HOST] INFO: [ai] suspended=4 driven=4
[01:50:54.471] [HOST] INFO: [fac] AFFECT-EV me='1305-gamedata.base' whom='1084-gamedata.base' event=8 mult=0.025 after=-9.76 skipped=23
[01:50:54.715] [HOST] INFO: [inv] APPLY hand=1,32,1617431680,2,3921874944 items=17
[01:50:55.029] [HOST] INFO: [stats] RECV hand=2,1846801792 ok=1 str=41.9 dex=44.9 tough=44.5 stealth=1.4 athl=57.4 xp=0
[01:50:55.188] [HOST] INFO: [inv] APPLY hand=0,2202,11111,2043,1412841856 items=1
[01:50:55.188] [HOST] INFO: [inv] APPLY hand=0,2202,11111,2044,298706048 items=1
[01:50:55.188] [HOST] INFO: [inv] APPLY hand=0,2202,11111,2050,3628662016 items=0
[01:50:55.755] [HOST] INFO: [med] SEND hand=1,1051391616 npc=0 blood=95.5 bleed=0.00 fl=95.3,98.2,66.6,-47.4 bd=4.7,1.8,33.4,147.4 flags=1 nparts=7 pmin=66.6 smin=0.0 ls=0,0,0,0
[01:50:55.784] [HOST] INFO: [cam] center=-31695.4,1808.0,10760.1
[01:50:56.162] [HOST] INFO: [med] SEND hand=1,1051391616 npc=0 blood=95.5 bleed=0.00 fl=95.3,98.2,66.6,-47.4 bd=4.7,1.8,33.4,147.4 flags=1 nparts=7 pmin=66.6 smin=0.0 ls=0,0,0,0
[01:50:56.203] [HOST] INFO: [fac] AFFECT-EV me='1084-gamedata.base' whom='1084-gamedata.base' event=8 mult=0.025 after=100.00 skipped=0
[01:50:56.269] [HOST] INFO: [cam] hints recv n=2 p1=-31637,10743 p2=-31711,10760
[01:50:56.418] [HOST] INFO: [fac] AFFECT-EV me='200-gamedata.base' whom='1084-gamedata.base' event=0 mult=0.025 after=-6.11 skipped=19
[01:50:56.797] [HOST] INFO: [stats] RECV hand=2,3921874944 ok=1 str=34.2 dex=24.2 tough=27.0 stealth=1.0 athl=39.9 xp=0
[01:50:56.799] [HOST] INFO: [inv] APPLY hand=1,32,1617431680,1,2796875008 items=11
[01:50:56.995] [HOST] INFO: [stats] RECV hand=1,2041992192 ok=1 str=34.0 dex=48.6 tough=43.2 stealth=1.3 athl=38.3 xp=0
[01:50:57.100] [HOST] INFO: [inv] APPLY hand=1,33,1114624000,2,1846801792 items=18
[01:50:57.380] [HOST] INFO: [fac] AFFECT-EV me='1084-gamedata.base' whom='200-gamedata.base' event=1 mult=0.025 after=-10.77 skipped=6
[01:50:57.464] [HOST] INFO: [ai] suspended=4 driven=4
[01:50:57.757] [HOST] INFO: [inv] APPLY hand=1,33,1114624000,1,2041992192 items=17
[01:50:58.692] [HOST] INFO: [med] SEND hand=5,1438354432 npc=0 blood=70.3 bleed=0.00 fl=100.0,100.0,34.9,28.1 bd=0.0,0.0,65.1,71.9 flags=1 nparts=7 pmin=1.7 smin=0.0 ls=0,0,0,0
[01:50:58.967] [HOST] INFO: [interp] lerp=131790 extrap=39244 clamp=0 seg=610 single=56 snapSq=214 snapNpc=0 reissueSq=1021 reissueNpc=0 restFlip=0 delay=200 jit=173.0 starve=0 snapMid=0 restFlipMid=0
[01:50:58.967] [HOST] INFO: [interp] worstZero hand=1,2796875008 zero=450 active=2495 seg=1161
[01:50:59.100] [HOST] INFO: [med] SEND hand=5,1438354432 npc=0 blood=70.3 bleed=0.00 fl=100.0,100.0,34.9,28.1 bd=0.0,0.0,65.1,71.9 flags=1 nparts=7 pmin=1.7 smin=0.0 ls=0,0,0,0
[01:50:59.617] [HOST] INFO: [fac] AFFECT-EV me='1305-gamedata.base' whom='1084-gamedata.base' event=8 mult=0.025 after=-9.76 skipped=23
[01:51:00.031] [HOST] INFO: [stats] RECV hand=2,1846801792 ok=1 str=41.9 dex=44.9 tough=44.5 stealth=1.4 athl=57.4 xp=0
[01:51:00.059] [HOST] INFO: [stats] RECV hand=1,2796875008 ok=1 str=35.4 dex=30.6 tough=30.9 stealth=1.0 athl=47.6 xp=0
[01:51:00.061] [HOST] INFO: [inv] APPLY hand=1,32,1617431680,2,3921874944 items=17
[01:51:00.198] [HOST] INFO: [inv] APPLY hand=0,2202,11111,2043,1412841856 items=1
[01:51:00.198] [HOST] INFO: [inv] APPLY hand=0,2202,11111,2044,298706048 items=1
[01:51:00.198] [HOST] INFO: [inv] APPLY hand=0,2202,11111,2050,3628662016 items=0
[01:51:00.232] [HOST] INFO: [inv] APPLY hand=0,2202,11111,2043,1412841856 items=1
[01:51:00.232] [HOST] INFO: [inv] APPLY hand=0,2202,11111,2044,298706048 items=1
[01:51:00.232] [HOST] INFO: [inv] APPLY hand=0,2202,11111,2050,3628662016 items=0
[01:51:00.465] [HOST] INFO: [ai] suspended=4 driven=4
[01:51:00.786] [HOST] INFO: [cam] center=-31695.4,1794.7,10760.1
[01:51:01.204] [HOST] INFO: [fac] AFFECT-EV me='1084-gamedata.base' whom='1084-gamedata.base' event=8 mult=0.025 after=100.00 skipped=23
[01:51:01.441] [HOST] INFO: [cam] hints recv n=2 p1=-31637,10743 p2=-31729,10741
[01:51:02.010] [HOST] INFO: [stats] RECV hand=1,2041992192 ok=1 str=34.0 dex=48.6 tough=43.2 stealth=1.3 athl=38.3 xp=0
[01:51:02.102] [HOST] INFO: [inv] APPLY hand=1,33,1114624000,2,1846801792 items=18
[01:51:02.130] [HOST] INFO: [fac] AFFECT-EV me='200-gamedata.base' whom='1084-gamedata.base' event=0 mult=0.025 after=-6.11 skipped=20
[01:51:02.309] [HOST] INFO: [stats] RECV hand=2,3921874944 ok=1 str=34.2 dex=24.2 tough=27.0 stealth=1.0 athl=39.9 xp=0
[01:51:02.310] [HOST] INFO: [inv] APPLY hand=1,32,1617431680,1,2796875008 items=11
[01:51:02.735] [HOST] INFO: [fac] AFFECT-EV me='1084-gamedata.base' whom='200-gamedata.base' event=1 mult=0.025 after=-11.04 skipped=13
[01:51:02.763] [HOST] INFO: [inv] APPLY hand=1,33,1114624000,1,2041992192 items=17
[01:51:02.997] [HOST] INFO: [furn] SEND ENTER id=10 occ=2,427978528 furn=2138,1218505856 kind=1
[01:51:03.008] [HOST] INFO: [furn] SEND ENTER id=11 occ=3,3564331008 furn=2137,1300659200 kind=1
[01:51:03.183] [HOST] INFO: [med] SEND hand=5,1438354432 npc=0 blood=70.5 bleed=0.00 fl=100.0,100.0,34.9,28.2 bd=0.0,0.0,65.1,71.8 flags=1 nparts=7 pmin=1.8 smin=0.0 ls=0,0,0,0
[01:51:03.222] [HOST] INFO: [census] sent n=47 radius=2000 mid=19
[01:51:03.467] [HOST] INFO: [ai] suspended=4 driven=4
[01:51:03.972] [HOST] INFO: [interp] lerp=133120 extrap=40046 clamp=0 seg=610 single=56 snapSq=214 snapNpc=0 reissueSq=1043 reissueNpc=0 restFlip=0 delay=200 jit=189.6 starve=0 snapMid=0 restFlipMid=0
[01:51:03.972] [HOST] INFO: [interp] worstZero hand=1,2796875008 zero=450 active=2495 seg=612
[01:51:05.054] [HOST] INFO: [stats] RECV hand=2,1846801792 ok=1 str=41.9 dex=44.9 tough=44.5 stealth=1.4 athl=57.4 xp=0
[01:51:05.102] [HOST] INFO: [inv] APPLY hand=0,2202,11111,2043,1412841856 items=1
[01:51:05.102] [HOST] INFO: [inv] APPLY hand=0,2202,11111,2044,298706048 items=1
[01:51:05.102] [HOST] INFO: [inv] APPLY hand=0,2202,11111,2050,3628662016 items=0
[01:51:05.781] [HOST] INFO: [cam] center=-31696.5,1753.1,10757.9
[01:51:06.239] [HOST] INFO: [med] SEND hand=1,1051391616 npc=0 blood=95.5 bleed=0.00 fl=95.5,98.4,66.8,-47.2 bd=4.5,1.6,33.2,147.2 flags=1 nparts=7 pmin=66.8 smin=0.0 ls=0,0,0,0
[01:51:06.469] [HOST] INFO: [ai] suspended=4 driven=4
[01:51:06.641] [HOST] INFO: [med] SEND hand=1,1051391616 npc=0 blood=95.5 bleed=0.00 fl=95.5,98.4,66.8,-47.2 bd=4.5,1.6,33.2,147.2 flags=1 nparts=7 pmin=66.8 smin=0.0 ls=0,0,0,0
[01:51:07.005] [HOST] INFO: [stats] RECV hand=1,2041992192 ok=1 str=34.0 dex=48.6 tough=43.2 stealth=1.3 athl=38.3 xp=0
[01:51:07.083] [HOST] INFO: [inv] APPLY hand=1,33,1114624000,2,1846801792 items=18
[01:51:07.173] [HOST] INFO: [fac] AFFECT-EV me='200-gamedata.base' whom='1084-gamedata.base' event=0 mult=0.025 after=-6.11 skipped=11
[01:51:07.310] [HOST] INFO: [cam] hints recv n=2 p1=-31637,10743 p2=-31729,10741
[01:51:07.441] [HOST] INFO: [med] SEND hand=5,1438354432 npc=0 blood=70.7 bleed=0.00 fl=100.0,100.0,35.0,28.2 bd=0.0,0.0,65.0,71.8 flags=1 nparts=7 pmin=1.8 smin=0.0 ls=0,0,0,0
[01:51:07.705] [HOST] INFO: [inv] APPLY hand=1,33,1114624000,1,2041992192 items=17
[01:51:07.850] [HOST] INFO: [med] SEND hand=5,1438354432 npc=0 blood=70.7 bleed=0.00 fl=100.0,100.0,35.0,28.2 bd=0.0,0.0,65.0,71.8 flags=1 nparts=7 pmin=1.8 smin=0.0 ls=0,0,0,0
[01:51:08.099] [HOST] INFO: [fac] AFFECT-EV me='1084-gamedata.base' whom='200-gamedata.base' event=1 mult=0.025 after=-11.31 skipped=13
[01:51:08.238] [HOST] INFO: [stats] RECV hand=1,2796875008 ok=1 str=35.4 dex=30.6 tough=30.9 stealth=1.0 athl=47.6 xp=0
[01:51:08.238] [HOST] INFO: [stats] RECV hand=2,3921874944 ok=1 str=34.2 dex=24.2 tough=27.0 stealth=1.0 athl=39.9 xp=0
[01:51:08.239] [HOST] INFO: [inv] APPLY hand=0,2202,11111,2043,1412841856 items=1
[01:51:08.239] [HOST] INFO: [inv] APPLY hand=0,2202,11111,2044,298706048 items=1
[01:51:08.239] [HOST] INFO: [inv] APPLY hand=0,2202,11111,2050,3628662016 items=0
[01:51:08.239] [HOST] INFO: [inv] APPLY hand=1,32,1617431680,1,2796875008 items=11
[01:51:08.239] [HOST] INFO: [inv] APPLY hand=1,32,1617431680,2,3921874944 items=17
[01:51:08.975] [HOST] INFO: [interp] lerp=134220 extrap=40502 clamp=0 seg=610 single=56 snapSq=214 snapNpc=0 reissueSq=1043 reissueNpc=0 restFlip=0 delay=200 jit=176.3 starve=0 snapMid=0 restFlipMid=0
[01:51:08.975] [HOST] INFO: [interp] worstZero hand=1,2796875008 zero=450 active=2495 seg=251
[01:51:09.477] [HOST] INFO: [ai] suspended=4 driven=4
[01:51:09.973] [HOST] INFO: [stats] RECV hand=1,2796875008 ok=1 str=35.4 dex=30.6 tough=30.9 stealth=1.0 athl=47.6 xp=0
[01:51:09.975] [HOST] INFO: [inv] APPLY hand=1,32,1617431680,2,3921874944 items=17
[01:51:10.075] [HOST] INFO: [stats] RECV hand=2,1846801792 ok=1 str=41.9 dex=44.9 tough=44.5 stealth=1.4 athl=57.4 xp=0
[01:51:10.183] [HOST] INFO: [inv] APPLY hand=0,2202,11111,2043,1412841856 items=1
[01:51:10.183] [HOST] INFO: [inv] APPLY hand=0,2202,11111,2044,298706048 items=1
[01:51:10.183] [HOST] INFO: [inv] APPLY hand=0,2202,11111,2050,3628662016 items=0
[01:51:10.786] [HOST] INFO: [cam] center=-31696.5,1771.9,10757.9
[01:51:11.361] [HOST] INFO: [inv] APPLY hand=0,2202,11111,2043,1412841856 items=1
[01:51:11.361] [HOST] INFO: [inv] APPLY hand=0,2202,11111,2044,298706048 items=1
[01:51:11.361] [HOST] INFO: [inv] APPLY hand=0,2202,11111,2050,3628662016 items=0
[01:51:11.996] [HOST] INFO: [stats] RECV hand=1,2041992192 ok=1 str=34.0 dex=48.6 tough=43.2 stealth=1.3 athl=38.3 xp=0
[01:51:12.478] [HOST] INFO: [ai] suspended=4 driven=4
[01:51:12.802] [HOST] INFO: [inv] APPLY hand=1,33,1114624000,1,2041992192 items=17
[01:51:12.885] [HOST] INFO: [fac] AFFECT-EV me='200-gamedata.base' whom='1084-gamedata.base' event=0 mult=0.025 after=-6.11 skipped=17
[01:51:12.956] [HOST] INFO: [stats] RECV hand=2,3921874944 ok=1 str=34.2 dex=24.2 tough=27.0 stealth=1.0 athl=39.9 xp=0
[01:51:12.957] [HOST] INFO: [inv] APPLY hand=1,32,1617431680,1,2796875008 items=11
[01:51:12.958] [HOST] INFO: [cam] hints recv n=2 p1=-31648,10718 p2=-31729,10741
[01:51:13.123] [HOST] INFO: [fac] AFFECT-EV me='1084-gamedata.base' whom='200-gamedata.base' event=1 mult=0.025 after=-11.32 skipped=11
[01:51:13.266] [HOST] INFO: [census] sent n=47 radius=2000 mid=19
[01:51:13.440] [HOST] INFO: [med] SEND hand=1,1051391616 npc=0 blood=95.5 bleed=0.00 fl=95.6,98.5,66.9,-47.1 bd=4.4,1.5,33.1,147.1 flags=1 nparts=7 pmin=66.9 smin=0.0 ls=0,0,0,0
[01:51:13.598] [HOST] INFO: [med] SEND hand=5,1438354432 npc=0 blood=71.0 bleed=0.00 fl=100.0,100.0,35.1,28.3 bd=0.0,0.0,64.9,71.7 flags=1 nparts=7 pmin=1.9 smin=0.0 ls=0,0,0,0
[01:51:13.845] [HOST] INFO: [med] SEND hand=1,1051391616 npc=0 blood=95.5 bleed=0.00 fl=95.6,98.5,66.9,-47.1 bd=4.4,1.5,33.1,147.1 flags=1 nparts=7 pmin=66.9 smin=0.0 ls=0,0,0,0
[01:51:13.976] [HOST] INFO: [interp] lerp=135470 extrap=41332 clamp=0 seg=610 single=56 snapSq=214 snapNpc=0 reissueSq=1043 reissueNpc=0 restFlip=0 delay=200 jit=188.5 starve=0 snapMid=0 restFlipMid=0
[01:51:13.976] [HOST] INFO: [interp] worstZero hand=1,2796875008 zero=450 active=2495 seg=75
[01:51:14.351] [HOST] INFO: [stats] RECV hand=1,2796875008 ok=1 str=35.4 dex=30.6 tough=30.9 stealth=1.0 athl=47.6 xp=0
[01:51:15.007] [HOST] INFO: [inv] APPLY hand=1,32,1617431680,2,3921874944 items=17
[01:51:15.170] [HOST] INFO: [stats] RECV hand=2,1846801792 ok=1 str=41.9 dex=44.9 tough=44.5 stealth=1.4 athl=57.4 xp=0
[01:51:15.171] [HOST] INFO: [inv] APPLY hand=0,2202,11111,2043,1412841856 items=1
[01:51:15.171] [HOST] INFO: [inv] APPLY hand=0,2202,11111,2044,298706048 items=1
[01:51:15.171] [HOST] INFO: [inv] APPLY hand=0,2202,11111,2050,3628662016 items=0
[01:51:15.483] [HOST] INFO: [ai] suspended=4 driven=4
[01:51:15.786] [HOST] INFO: [cam] center=-31696.5,1808.0,10757.9
[01:51:16.258] [HOST] INFO: [inv] APPLY hand=0,2202,11111,2043,1412841856 items=1
[01:51:16.258] [HOST] INFO: [inv] APPLY hand=0,2202,11111,2044,298706048 items=1
[01:51:16.258] [HOST] INFO: [inv] APPLY hand=0,2202,11111,2050,3628662016 items=0
[01:51:16.424] [HOST] INFO: [med] SEND hand=1,1051391616 npc=0 blood=95.5 bleed=0.00 fl=95.7,98.5,67.0,-47.0 bd=4.3,1.5,33.0,147.0 flags=1 nparts=7 pmin=67.0 smin=0.0 ls=0,0,0,0
[01:51:16.829] [HOST] INFO: [med] SEND hand=1,1051391616 npc=0 blood=95.5 bleed=0.00 fl=95.7,98.6,67.0,-47.0 bd=4.3,1.4,33.0,147.0 flags=1 nparts=7 pmin=67.0 smin=0.0 ls=0,0,0,0
[01:51:17.040] [HOST] INFO: [stats] RECV hand=1,2041992192 ok=1 str=34.0 dex=48.6 tough=43.2 stealth=1.3 athl=38.3 xp=0
[01:51:17.744] [HOST] INFO: [inv] APPLY hand=1,33,1114624000,1,2041992192 items=17
[01:51:18.310] [HOST] INFO: [cam] hints recv n=2 p1=-31648,10718 p2=-31729,10741
[01:51:18.311] [HOST] INFO: [fac] AFFECT-EV me='1084-gamedata.base' whom='200-gamedata.base' event=1 mult=0.025 after=-11.34 skipped=16
[01:51:18.468] [HOST] INFO: [med] SEND hand=1,1051391616 npc=0 blood=95.5 bleed=0.00 fl=95.7,98.6,67.0,-47.0 bd=4.3,1.4,33.0,147.0 flags=1 nparts=7 pmin=67.0 smin=0.0 ls=0,0,0,0
[01:51:18.476] [HOST] INFO: [stats] RECV hand=2,3921874944 ok=1 str=34.2 dex=24.2 tough=27.0 stealth=1.0 athl=39.9 xp=0
[01:51:18.478] [HOST] INFO: [inv] APPLY hand=1,32,1617431680,1,2796875008 items=11
[01:51:18.487] [HOST] INFO: [ai] suspended=4 driven=4
[01:51:18.870] [HOST] INFO: [med] SEND hand=1,1051391616 npc=0 blood=95.5 bleed=0.00 fl=95.7,98.6,67.0,-47.0 bd=4.3,1.4,33.0,147.0 flags=1 nparts=7 pmin=67.0 smin=0.0 ls=0,0,0,0
[01:51:18.900] [HOST] INFO: [fac] AFFECT-EV me='200-gamedata.base' whom='1084-gamedata.base' event=0 mult=0.025 after=-6.17 skipped=12
[01:51:18.979] [HOST] INFO: [interp] lerp=136708 extrap=42302 clamp=0 seg=610 single=56 snapSq=214 snapNpc=0 reissueSq=1043 reissueNpc=0 restFlip=0 delay=200 jit=193.4 starve=0 snapMid=0 restFlipMid=0
[01:51:18.979] [HOST] INFO: [interp] worstZero hand=1,2796875008 zero=450 active=2495 seg=2218
[01:51:19.366] [HOST] INFO: [med] SEND hand=5,1438354432 npc=0 blood=71.3 bleed=0.00 fl=100.0,100.0,35.2,28.4 bd=0.0,0.0,64.8,71.6 flags=1 nparts=7 pmin=2.0 smin=0.0 ls=0,0,0,0
[01:51:20.076] [HOST] INFO: [stats] RECV hand=2,1846801792 ok=1 str=41.9 dex=44.9 tough=44.5 stealth=1.4 athl=57.4 xp=0
[01:51:20.078] [HOST] INFO: [inv] APPLY hand=1,33,1114624000,2,1846801792 items=12
[01:51:20.161] [HOST] INFO: [inv] APPLY hand=0,2202,11111,2043,1412841856 items=1
[01:51:20.161] [HOST] INFO: [inv] APPLY hand=0,2202,11111,2044,298706048 items=1
[01:51:20.161] [HOST] INFO: [inv] APPLY hand=0,2202,11111,2050,3628662016 items=0
[01:51:20.696] [HOST] INFO: [stats] RECV hand=1,2796875008 ok=1 str=35.4 dex=30.6 tough=30.9 stealth=1.0 athl=47.6 xp=0
[01:51:20.698] [HOST] INFO: [inv] APPLY hand=0,2202,11111,2043,1412841856 items=1
[01:51:20.698] [HOST] INFO: [inv] APPLY hand=0,2202,11111,2044,298706048 items=1
[01:51:20.698] [HOST] INFO: [inv] APPLY hand=0,2202,11111,2050,3628662016 items=0
[01:51:20.698] [HOST] INFO: [inv] APPLY hand=1,32,1617431680,2,3921874944 items=17
[01:51:20.790] [HOST] INFO: [cam] center=-31696.5,1795.2,10757.9
[01:51:21.492] [HOST] INFO: [ai] suspended=4 driven=4
[01:51:22.079] [HOST] INFO: [stats] RECV hand=1,2041992192 ok=1 str=34.0 dex=48.6 tough=43.2 stealth=1.3 athl=38.3 xp=0
[01:51:22.796] [HOST] INFO: [stats] RECV hand=2,3921874944 ok=1 str=34.2 dex=24.2 tough=27.0 stealth=1.0 athl=39.9 xp=0
[01:51:22.797] [HOST] INFO: [inv] APPLY hand=1,32,1617431680,1,2796875008 items=11
[01:51:23.308] [HOST] INFO: [census] sent n=47 radius=2000 mid=19
[01:51:23.326] [HOST] INFO: [cam] hints recv n=2 p1=-31691,10783 p2=-31729,10741
[01:51:23.809] [HOST] INFO: [fac] AFFECT-EV me='1084-gamedata.base' whom='200-gamedata.base' event=1 mult=0.025 after=-11.60 skipped=11
[01:51:23.980] [HOST] INFO: [interp] lerp=137914 extrap=43176 clamp=0 seg=610 single=56 snapSq=214 snapNpc=0 reissueSq=1043 reissueNpc=0 restFlip=0 delay=200 jit=182.9 starve=0 snapMid=0 restFlipMid=0
[01:51:23.980] [HOST] INFO: [interp] worstZero hand=1,2796875008 zero=450 active=2495 seg=593
[01:51:24.005] [HOST] INFO: [med] SEND hand=5,1438354432 npc=0 blood=71.5 bleed=0.00 fl=100.0,100.0,35.2,28.5 bd=0.0,0.0,64.8,71.5 flags=1 nparts=7 pmin=2.1 smin=0.0 ls=0,0,0,0
[01:51:24.187] [HOST] INFO: [stats] RECV hand=1,2796875008 ok=1 str=35.4 dex=30.6 tough=30.9 stealth=1.0 athl=47.6 xp=0
[01:51:24.493] [HOST] INFO: [ai] suspended=4 driven=4
[01:51:25.083] [HOST] INFO: [stats] RECV hand=2,1846801792 ok=1 str=41.9 dex=44.9 tough=44.5 stealth=1.4 athl=57.4 xp=0
[01:51:25.085] [HOST] INFO: [inv] APPLY hand=1,33,1114624000,1,2041992192 items=14
[01:51:25.085] [HOST] INFO: [inv] APPLY hand=1,33,1114624000,2,1846801792 items=12
[01:51:25.149] [HOST] INFO: [inv] APPLY hand=0,2202,11111,2043,1412841856 items=1
[01:51:25.149] [HOST] INFO: [inv] APPLY hand=0,2202,11111,2044,298706048 items=1
[01:51:25.149] [HOST] INFO: [inv] APPLY hand=0,2202,11111,2050,3628662016 items=0
[01:51:25.319] [HOST] INFO: [med] SEND hand=5,1438354432 npc=0 blood=71.6 bleed=0.00 fl=100.0,100.0,35.3,28.5 bd=0.0,0.0,64.7,71.5 flags=1 nparts=7 pmin=2.1 smin=0.0 ls=0,0,0,0
[01:51:25.783] [HOST] INFO: [cam] center=-31696.5,1753.1,10757.9
[01:51:25.818] [HOST] INFO: [med] SEND hand=5,1438354432 npc=0 blood=71.6 bleed=0.00 fl=100.0,100.0,35.3,28.5 bd=0.0,0.0,64.7,71.5 flags=1 nparts=7 pmin=2.1 smin=0.0 ls=0,0,0,0
[01:51:25.867] [HOST] INFO: [fac] AFFECT-EV me='200-gamedata.base' whom='1084-gamedata.base' event=0 mult=0.025 after=-6.23 skipped=5
[01:51:25.958] [HOST] INFO: [inv] APPLY hand=0,2202,11111,2043,1412841856 items=1
[01:51:25.958] [HOST] INFO: [inv] APPLY hand=0,2202,11111,2044,298706048 items=1
[01:51:25.958] [HOST] INFO: [inv] APPLY hand=0,2202,11111,2050,3628662016 items=0
[01:51:25.958] [HOST] INFO: [inv] APPLY hand=1,32,1617431680,1,2796875008 items=12
[01:51:25.958] [HOST] INFO: [inv] APPLY hand=1,32,1617431680,2,3921874944 items=17
[01:51:26.061] [HOST] INFO: [med] SEND hand=1,1051391616 npc=0 blood=95.5 bleed=0.00 fl=95.8,98.7,67.1,-46.9 bd=4.2,1.3,32.9,146.9 flags=1 nparts=7 pmin=67.1 smin=0.0 ls=0,0,0,0
[01:51:26.470] [HOST] INFO: [med] SEND hand=1,1051391616 npc=0 blood=95.5 bleed=0.00 fl=95.8,98.7,67.1,-46.9 bd=4.2,1.3,32.9,146.9 flags=1 nparts=7 pmin=67.1 smin=0.0 ls=0,0,0,0
[01:51:26.724] [HOST] INFO: [stats] RECV hand=2,3921874944 ok=1 str=34.2 dex=24.2 tough=27.0 stealth=1.0 athl=39.9 xp=0
[01:51:26.985] [HOST] INFO: [stats] RECV hand=1,2041992192 ok=1 str=34.0 dex=48.6 tough=43.2 stealth=1.3 athl=38.3 xp=0
[01:51:27.495] [HOST] INFO: [ai] suspended=4 driven=4
[01:51:28.356] [HOST] INFO: [cam] hints recv n=2 p1=-31688,10777 p2=-31729,10741
[01:51:28.983] [HOST] INFO: [interp] lerp=139170 extrap=44060 clamp=0 seg=610 single=56 snapSq=214 snapNpc=0 reissueSq=1043 reissueNpc=0 restFlip=0 delay=200 jit=160.8 starve=0 snapMid=0 restFlipMid=0
[01:51:28.983] [HOST] INFO: [interp] worstZero hand=1,2796875008 zero=450 active=2495 seg=800
[01:51:29.088] [HOST] INFO: [stats] RECV hand=1,2796875008 ok=1 str=35.4 dex=30.6 tough=30.9 stealth=1.0 athl=47.6 xp=0
[01:51:29.673] [HOST] INFO: [inv] APPLY hand=1,32,1617431680,2,3921874944 items=17
[01:51:30.053] [HOST] INFO: [stats] RECV hand=2,1846801792 ok=1 str=41.9 dex=44.9 tough=44.5 stealth=1.4 athl=57.4 xp=0
[01:51:30.147] [HOST] INFO: [inv] APPLY hand=0,2202,11111,2043,1412841856 items=1
[01:51:30.147] [HOST] INFO: [inv] APPLY hand=0,2202,11111,2044,298706048 items=1
[01:51:30.147] [HOST] INFO: [inv] APPLY hand=0,2202,11111,2050,3628662016 items=0
[01:51:30.147] [HOST] INFO: [inv] APPLY hand=1,33,1114624000,1,2041992192 items=14
[01:51:30.298] [HOST] INFO: [inv] APPLY hand=0,2202,11111,2043,1412841856 items=1
[01:51:30.298] [HOST] INFO: [inv] APPLY hand=0,2202,11111,2044,298706048 items=1
[01:51:30.298] [HOST] INFO: [inv] APPLY hand=0,2202,11111,2050,3628662016 items=0
[01:51:30.352] [HOST] INFO: [fac] AFFECT-EV me='1084-gamedata.base' whom='200-gamedata.base' event=1 mult=0.025 after=-12.11 skipped=8
[01:51:30.456] [HOST] INFO: [inv] APPLY hand=1,33,1114624000,2,1846801792 items=13
[01:51:30.499] [HOST] INFO: [ai] suspended=4 driven=4
[01:51:30.789] [HOST] INFO: [cam] center=-31696.5,1772.1,10757.9
[01:51:31.173] [HOST] INFO: [inv] APPLY hand=1,33,1114624000,2,1846801792 items=14
[01:51:31.406] [HOST] INFO: [inv] APPLY hand=1,32,1617431680,1,2796875008 items=11
[01:51:31.693] [HOST] INFO: [stats] RECV hand=2,3921874944 ok=1 str=34.2 dex=24.2 tough=27.0 stealth=1.0 athl=39.9 xp=0
[01:51:32.050] [HOST] INFO: [stats] RECV hand=1,2041992192 ok=1 str=34.0 dex=48.6 tough=43.2 stealth=1.3 athl=38.3 xp=0
[01:51:32.235] [HOST] INFO: [med] SEND hand=5,1438354432 npc=0 blood=71.9 bleed=0.00 fl=100.0,100.0,35.4,28.6 bd=0.0,0.0,64.6,71.4 flags=1 nparts=7 pmin=2.2 smin=0.0 ls=0,0,0,0
[01:51:33.354] [HOST] INFO: [census] sent n=47 radius=2000 mid=19
[01:51:33.502] [HOST] INFO: [ai] suspended=4 driven=4
[01:51:33.567] [HOST] INFO: [cam] hints recv n=2 p1=-31688,10777 p2=-31729,10741
[01:51:33.979] [HOST] INFO: [stats] RECV hand=1,2796875008 ok=1 str=35.4 dex=30.6 tough=30.9 stealth=1.0 athl=47.6 xp=0
[01:51:33.990] [HOST] INFO: [interp] lerp=140554 extrap=44732 clamp=0 seg=610 single=56 snapSq=214 snapNpc=0 reissueSq=1043 reissueNpc=0 restFlip=0 delay=200 jit=163.5 starve=0 snapMid=0 restFlipMid=0
[01:51:33.990] [HOST] INFO: [interp] worstZero hand=1,2796875008 zero=450 active=2495 seg=408
[01:51:34.432] [HOST] INFO: [med] SEND hand=5,1438354432 npc=0 blood=72.0 bleed=0.00 fl=100.0,100.0,35.4,28.6 bd=0.0,0.0,64.6,71.4 flags=1 nparts=7 pmin=2.2 smin=0.0 ls=0,0,0,0
[01:51:34.648] [HOST] INFO: [inv] APPLY hand=1,32,1617431680,2,3921874944 items=17
[01:51:35.049] [HOST] INFO: [stats] RECV hand=2,1846801792 ok=1 str=41.9 dex=44.9 tough=44.5 stealth=1.4 athl=57.4 xp=0
[01:51:35.051] [HOST] INFO: [inv] APPLY hand=1,33,1114624000,1,2041992192 items=14
[01:51:35.123] [HOST] INFO: [inv] APPLY hand=0,2202,11111,2043,1412841856 items=1
[01:51:35.123] [HOST] INFO: [inv] APPLY hand=0,2202,11111,2044,298706048 items=1
[01:51:35.123] [HOST] INFO: [inv] APPLY hand=0,2202,11111,2050,3628662016 items=0
[01:51:35.296] [HOST] INFO: [inv] APPLY hand=0,2202,11111,2043,1412841856 items=1
[01:51:35.296] [HOST] INFO: [inv] APPLY hand=0,2202,11111,2044,298706048 items=1
[01:51:35.296] [HOST] INFO: [inv] APPLY hand=0,2202,11111,2050,3628662016 items=0
[01:51:35.377] [HOST] INFO: [inv] APPLY hand=1,32,1617431680,1,2796875008 items=12
[01:51:35.720] [HOST] INFO: [fac] AFFECT-EV me='1084-gamedata.base' whom='200-gamedata.base' event=1 mult=0.025 after=-12.12 skipped=5
[01:51:35.788] [HOST] INFO: [cam] center=-31696.5,1808.0,10757.9
[01:51:36.291] [HOST] INFO: [inv] APPLY hand=1,33,1114624000,2,1846801792 items=15
[01:51:36.510] [HOST] INFO: [ai] suspended=4 driven=4
[01:51:36.569] [HOST] INFO: [med] SEND hand=1,1051391616 npc=0 blood=95.5 bleed=0.00 fl=96.0,98.9,67.3,-46.7 bd=4.0,1.1,32.7,146.7 flags=1 nparts=7 pmin=67.3 smin=0.0 ls=0,0,0,0
[01:51:36.979] [HOST] INFO: [stats] RECV hand=1,2041992192 ok=1 str=34.0 dex=48.6 tough=43.2 stealth=1.3 athl=38.3 xp=0
[01:51:37.349] [HOST] INFO: [stats] RECV hand=2,3921874944 ok=1 str=34.2 dex=24.2 tough=27.0 stealth=1.0 athl=39.9 xp=0
[01:51:38.990] [HOST] INFO: [interp] lerp=142184 extrap=45338 clamp=0 seg=610 single=56 snapSq=214 snapNpc=0 reissueSq=1043 reissueNpc=0 restFlip=0 delay=200 jit=148.6 starve=0 snapMid=0 restFlipMid=0
[01:51:38.990] [HOST] INFO: [interp] worstZero hand=1,2796875008 zero=450 active=2495 seg=66
[01:51:39.262] [HOST] INFO: [stats] RECV hand=1,2796875008 ok=1 str=35.4 dex=30.6 tough=30.9 stealth=1.0 athl=47.6 xp=0
[01:51:39.346] [HOST] INFO: [cam] hints recv n=2 p1=-31688,10777 p2=-31673,10752
[01:51:39.514] [HOST] INFO: [ai] suspended=4 driven=4
[01:51:39.901] [HOST] INFO: [inv] APPLY hand=1,32,1617431680,2,3921874944 items=17
[01:51:40.049] [HOST] INFO: [stats] RECV hand=2,1846801792 ok=1 str=41.9 dex=44.9 tough=44.5 stealth=1.4 athl=57.4 xp=0
[01:51:40.112] [HOST] INFO: [inv] APPLY hand=1,33,1114624000,1,2041992192 items=14
[01:51:40.197] [HOST] INFO: [inv] APPLY hand=0,2202,11111,2043,1412841856 items=1
[01:51:40.197] [HOST] INFO: [inv] APPLY hand=0,2202,11111,2044,298706048 items=1
[01:51:40.197] [HOST] INFO: [inv] APPLY hand=0,2202,11111,2050,3628662016 items=0
[01:51:40.789] [HOST] INFO: [cam] center=-31696.5,1795.2,10757.9
[01:51:40.849] [HOST] INFO: [med] SEND hand=5,1438354432 npc=0 blood=72.3 bleed=0.00 fl=100.0,100.0,35.5,28.7 bd=0.0,0.0,64.5,71.3 flags=1 nparts=7 pmin=2.3 smin=0.0 ls=0,0,0,0
[01:51:41.226] [HOST] INFO: [inv] APPLY hand=1,33,1114624000,2,1846801792 items=15
[01:51:41.253] [HOST] INFO: [med] SEND hand=5,1438354432 npc=0 blood=72.3 bleed=0.00 fl=100.0,100.0,35.5,28.7 bd=0.0,0.0,64.5,71.3 flags=1 nparts=7 pmin=2.3 smin=0.0 ls=0,0,0,0
[01:51:41.847] [HOST] INFO: [inv] APPLY hand=1,33,1114624000,1,2041992192 items=15
[01:51:42.072] [HOST] INFO: [stats] RECV hand=2,3921874944 ok=1 str=34.2 dex=24.2 tough=27.0 stealth=1.0 athl=39.9 xp=0
[01:51:42.074] [HOST] INFO: [inv] APPLY hand=0,2202,11111,2043,1412841856 items=1
[01:51:42.074] [HOST] INFO: [inv] APPLY hand=0,2202,11111,2044,298706048 items=1
[01:51:42.074] [HOST] INFO: [inv] APPLY hand=0,2202,11111,2050,3628662016 items=0
[01:51:42.074] [HOST] INFO: [inv] APPLY hand=1,32,1617431680,1,2796875008 items=12
[01:51:42.082] [HOST] INFO: [stats] RECV hand=1,2041992192 ok=1 str=34.0 dex=48.6 tough=43.2 stealth=1.3 athl=38.3 xp=0
[01:51:42.515] [HOST] INFO: [ai] suspended=4 driven=4
[01:51:42.740] [HOST] INFO: [fac] AFFECT-EV me='1305-gamedata.base' whom='200-gamedata.base' event=0 mult=0.025 after=-43.33 skipped=1
[01:51:43.400] [HOST] INFO: [census] sent n=47 radius=2000 mid=19
[01:51:43.618] [HOST] INFO: [med] SEND hand=1,1051391616 npc=0 blood=95.5 bleed=0.00 fl=96.1,99.0,67.4,-46.6 bd=3.9,1.0,32.6,146.6 flags=1 nparts=7 pmin=67.4 smin=0.0 ls=0,0,0,0
[01:51:43.994] [HOST] INFO: [interp] lerp=143408 extrap=46206 clamp=0 seg=610 single=56 snapSq=214 snapNpc=0 reissueSq=1044 reissueNpc=0 restFlip=0 delay=200 jit=175.4 starve=0 snapMid=0 restFlipMid=0
[01:51:43.994] [HOST] INFO: [interp] worstZero hand=1,2796875008 zero=450 active=2495 seg=97
[01:51:44.021] [HOST] INFO: [med] SEND hand=1,1051391616 npc=0 blood=95.5 bleed=0.00 fl=96.1,99.0,67.4,-46.6 bd=3.9,1.0,32.6,146.6 flags=1 nparts=7 pmin=67.4 smin=0.0 ls=0,0,0,0
[01:51:44.670] [HOST] INFO: [med] SEND hand=5,1438354432 npc=0 blood=72.5 bleed=0.00 fl=100.0,100.0,35.6,28.8 bd=0.0,0.0,64.4,71.2 flags=1 nparts=7 pmin=2.4 smin=0.0 ls=0,0,0,0
[01:51:45.079] [HOST] INFO: [stats] RECV hand=2,1846801792 ok=1 str=41.9 dex=44.9 tough=44.5 stealth=1.4 athl=57.4 xp=0
[01:51:45.090] [HOST] INFO: [stats] RECV hand=1,2796875008 ok=1 str=35.4 dex=30.6 tough=30.9 stealth=1.0 athl=47.6 xp=0
[01:51:45.091] [HOST] INFO: [inv] APPLY hand=1,32,1617431680,2,3921874944 items=17
[01:51:45.091] [HOST] INFO: [cam] hints recv n=2 p1=-31715,10772 p2=-31680,10751
[01:51:45.229] [HOST] INFO: [inv] APPLY hand=0,2202,11111,2043,1412841856 items=1
[01:51:45.229] [HOST] INFO: [inv] APPLY hand=0,2202,11111,2044,298706048 items=1
[01:51:45.229] [HOST] INFO: [inv] APPLY hand=0,2202,11111,2050,3628662016 items=0
[01:51:45.238] [HOST] INFO: [inv] APPLY hand=0,2202,11111,2043,1412841856 items=1
[01:51:45.238] [HOST] INFO: [inv] APPLY hand=0,2202,11111,2044,298706048 items=1
[01:51:45.238] [HOST] INFO: [inv] APPLY hand=0,2202,11111,2050,3628662016 items=0
[01:51:45.318] [HOST] INFO: [speed] REQ RECV owner=2 mult=0.00 paused=1 combat=0
[01:51:45.318] [HOST] INFO: [speed] SET mult=0.00 paused=1 combat=0 (my=1.00 p1=1.00 p2=0.00)
[01:51:45.517] [HOST] INFO: [ai] suspended=4 driven=4
[01:51:45.751] [HOST] INFO: [snap] squad hand=1,2041992192 name='ZACH' gap=28.8 gate=28.6 srcVel=0.0 cSpeed=0.0 mult=0.00 slew=1.00 dest=1 skipped=26
[01:51:45.788] [HOST] INFO: [cam] center=-31635.2,1759.2,10788.4
[01:51:46.004] [HOST] INFO: [snap] squad hand=1,2041992192 name='ZACH' gap=28.8 gate=21.6 srcVel=0.0 cSpeed=0.0 mult=0.00 slew=1.00 dest=0 skipped=26
[01:51:46.182] [HOST] INFO: [inv] APPLY hand=1,32,1617431680,1,2796875008 items=12
[01:51:46.257] [HOST] INFO: [snap] squad hand=1,2041992192 name='ZACH' gap=28.8 gate=18.0 srcVel=0.0 cSpeed=0.0 mult=0.00 slew=1.00 dest=0 skipped=26
[01:51:46.277] [HOST] INFO: [inv] APPLY hand=1,33,1114624000,2,1846801792 items=15
[01:51:46.511] [HOST] INFO: [snap] squad hand=1,2041992192 name='ZACH' gap=28.8 gate=12.7 srcVel=0.0 cSpeed=0.0 mult=0.00 slew=1.00 dest=0 skipped=26
[01:51:46.595] [HOST] INFO: [speed] REQ RECV owner=2 mult=1.00 paused=0 combat=0
[01:51:46.596] [HOST] INFO: [speed] SET mult=1.00 paused=0 combat=0 (my=1.00 p1=1.00 p2=1.00)
[01:51:46.817] [HOST] INFO: [inv] APPLY hand=1,33,1114624000,1,2041992192 items=15
[01:51:47.056] [HOST] INFO: [stats] RECV hand=1,2041992192 ok=1 str=34.0 dex=48.6 tough=43.2 stealth=1.3 athl=38.3 xp=0
[01:51:47.367] [HOST] INFO: [stats] RECV hand=2,3921874944 ok=1 str=34.2 dex=24.2 tough=27.0 stealth=1.0 athl=39.9 xp=0
[01:51:47.864] [HOST] INFO: [fac] AFFECT-EV me='1305-gamedata.base' whom='200-gamedata.base' event=0 mult=0.025 after=-43.33 skipped=11
[01:51:47.879] [HOST] INFO: [med] SEND hand=1,1051391616 npc=0 blood=95.5 bleed=0.00 fl=96.2,99.0,67.5,-46.5 bd=3.8,1.0,32.5,146.5 flags=1 nparts=7 pmin=67.5 smin=0.0 ls=0,0,0,0
[01:51:48.522] [HOST] INFO: [ai] suspended=4 driven=4
[01:51:48.616] [HOST] INFO: [fac] AFFECT-EV me='200-gamedata.base' whom='1305-gamedata.base' event=0 mult=0.025 after=-62.50 skipped=1
[01:51:48.999] [HOST] INFO: [interp] lerp=144648 extrap=47082 clamp=0 seg=610 single=56 snapSq=304 snapNpc=0 reissueSq=1068 reissueNpc=0 restFlip=0 delay=200 jit=194.8 starve=0 snapMid=0 restFlipMid=0
[01:51:48.999] [HOST] INFO: [interp] worstZero hand=1,2041992192 zero=499 active=9748 seg=67
[01:51:49.234] [HOST] INFO: [inv] APPLY hand=0,2202,11111,2045,1231811584 items=1
[01:51:49.888] [HOST] INFO: [med] SEND hand=1,1051391616 npc=0 blood=95.5 bleed=0.00 fl=96.2,99.1,67.5,-46.5 bd=3.8,0.9,32.5,146.5 flags=1 nparts=7 pmin=67.5 smin=0.0 ls=0,0,0,0
[01:51:49.917] [HOST] INFO: [stats] RECV hand=1,2796875008 ok=1 str=35.4 dex=30.6 tough=30.9 stealth=1.0 athl=47.6 xp=0
[01:51:49.918] [HOST] INFO: [inv] APPLY hand=1,32,1617431680,2,3921874944 items=17
[01:51:50.181] [HOST] INFO: [stats] RECV hand=2,1846801792 ok=1 str=41.9 dex=44.9 tough=44.5 stealth=1.4 athl=57.4 xp=0
[01:51:50.182] [HOST] INFO: [inv] APPLY hand=0,2202,11111,2043,1412841856 items=1
[01:51:50.182] [HOST] INFO: [inv] APPLY hand=0,2202,11111,2044,298706048 items=1
[01:51:50.182] [HOST] INFO: [inv] APPLY hand=0,2202,11111,2050,3628662016 items=0
[01:51:50.291] [HOST] INFO: [med] SEND hand=1,1051391616 npc=0 blood=95.5 bleed=0.00 fl=96.2,99.1,67.5,-46.5 bd=3.8,0.9,32.5,146.5 flags=1 nparts=7 pmin=67.5 smin=0.0 ls=0,0,0,0
[01:51:50.442] [HOST] INFO: [inv] APPLY hand=0,2202,11111,2043,1412841856 items=1
[01:51:50.442] [HOST] INFO: [inv] APPLY hand=0,2202,11111,2044,298706048 items=1
[01:51:50.442] [HOST] INFO: [inv] APPLY hand=0,2202,11111,2050,3628662016 items=0
[01:51:50.442] [HOST] INFO: [inv] APPLY hand=1,32,1617431680,1,2796875008 items=12
[01:51:50.442] [HOST] INFO: [cam] hints recv n=2 p1=-31653,10750 p2=-31647,10761
[01:51:50.711] [HOST] INFO: [speed] REQ RECV owner=2 mult=0.00 paused=1 combat=0
[01:51:50.711] [HOST] INFO: [speed] SET mult=0.00 paused=1 combat=0 (my=1.00 p1=1.00 p2=0.00)
[01:51:50.787] [HOST] INFO: [cam] center=-31647.4,1748.0,10761.0
[01:51:51.259] [HOST] INFO: [inv] APPLY hand=1,33,1114624000,2,1846801792 items=15
[01:51:51.449] [HOST] INFO: [snap] squad hand=2,1846801792 name='Old Soldier' gap=29.8 gate=29.6 srcVel=0.0 cSpeed=36.2 mult=0.00 slew=1.00 dest=1 skipped=8
[01:51:51.526] [HOST] INFO: [ai] suspended=4 driven=4
[01:51:51.561] [HOST] INFO: [speed] REQ RECV owner=2 mult=1.00 paused=0 combat=0
[01:51:51.561] [HOST] INFO: [speed] SET mult=1.00 paused=0 combat=0 (my=1.00 p1=1.00 p2=1.00)
[01:51:51.899] [HOST] INFO: [inv] APPLY hand=1,33,1114624000,1,2041992192 items=15
[01:51:52.012] [HOST] INFO: [stats] RECV hand=1,2041992192 ok=1 str=34.0 dex=48.6 tough=43.2 stealth=1.3 athl=38.3 xp=0
[01:51:52.971] [HOST] INFO: [stats] RECV hand=2,3921874944 ok=1 str=34.2 dex=24.2 tough=27.0 stealth=1.0 athl=39.9 xp=0
[01:51:53.403] [HOST] INFO: [fac] AFFECT-EV me='1305-gamedata.base' whom='200-gamedata.base' event=1 mult=0.025 after=-43.33 skipped=16
[01:51:53.457] [HOST] INFO: [census] sent n=47 radius=2000 mid=20
[01:51:53.730] [HOST] INFO: [inv] APPLY hand=1,33,1114624000,2,1846801792 items=16
[01:51:53.894] [HOST] INFO: [stats] RECV hand=1,2796875008 ok=1 str=35.4 dex=30.6 tough=30.9 stealth=1.0 athl=47.6 xp=0
[01:51:54.003] [HOST] INFO: [interp] lerp=145872 extrap=47886 clamp=0 seg=610 single=56 snapSq=316 snapNpc=0 reissueSq=1079 reissueNpc=0 restFlip=0 delay=200 jit=175.1 starve=0 snapMid=0 restFlipMid=0
[01:51:54.003] [HOST] INFO: [interp] worstZero hand=1,2796875008 zero=526 active=2699 seg=60
[01:51:54.531] [HOST] INFO: [ai] suspended=4 driven=4
[01:51:54.649] [HOST] INFO: [med] SEND hand=5,1438354432 npc=0 blood=72.9 bleed=0.00 fl=100.0,100.0,35.7,28.9 bd=0.0,0.0,64.3,71.1 flags=1 nparts=7 pmin=2.5 smin=0.0 ls=0,0,0,0
[01:51:55.117] [HOST] INFO: [stats] RECV hand=2,1846801792 ok=1 str=41.9 dex=44.9 tough=44.5 stealth=1.4 athl=57.4 xp=0
[01:51:55.119] [HOST] INFO: [inv] APPLY hand=0,2202,11111,2043,1412841856 items=1
[01:51:55.119] [HOST] INFO: [inv] APPLY hand=0,2202,11111,2044,298706048 items=1
[01:51:55.119] [HOST] INFO: [inv] APPLY hand=0,2202,11111,2050,3628662016 items=0
[01:51:55.661] [HOST] INFO: [inv] APPLY hand=0,2202,11111,2043,1412841856 items=1
[01:51:55.662] [HOST] INFO: [inv] APPLY hand=0,2202,11111,2044,298706048 items=1
[01:51:55.662] [HOST] INFO: [inv] APPLY hand=0,2202,11111,2050,3628662016 items=0
[01:51:55.662] [HOST] INFO: [inv] APPLY hand=1,32,1617431680,1,2796875008 items=12
[01:51:55.662] [HOST] INFO: [inv] APPLY hand=1,32,1617431680,2,3921874944 items=17
[01:51:55.662] [HOST] INFO: [cam] hints recv n=2 p1=-31653,10750 p2=-31652,10751
[01:51:55.785] [HOST] INFO: [cam] center=-31647.4,1809.2,10761.0
[01:51:56.850] [HOST] INFO: [inv] APPLY hand=1,33,1114624000,1,2041992192 items=15
[01:51:56.998] [HOST] INFO: [stats] RECV hand=1,2041992192 ok=1 str=34.0 dex=48.6 tough=43.2 stealth=1.3 athl=38.3 xp=0
[01:51:57.244] [HOST] INFO: [med] SEND hand=5,1438354432 npc=0 blood=73.0 bleed=0.00 fl=100.0,100.0,35.7,28.9 bd=0.0,0.0,64.3,71.1 flags=1 nparts=7 pmin=2.5 smin=0.0 ls=0,0,0,0
[01:51:57.534] [HOST] INFO: [ai] suspended=4 driven=4
[01:51:57.961] [HOST] INFO: [stats] RECV hand=2,3921874944 ok=1 str=34.2 dex=24.2 tough=27.0 stealth=1.0 athl=39.9 xp=0
[01:51:58.348] [HOST] INFO: [med] SEND hand=1,1051391616 npc=0 blood=95.5 bleed=0.00 fl=96.3,99.2,67.6,-46.4 bd=3.7,0.8,32.4,146.4 flags=1 nparts=7 pmin=67.6 smin=0.0 ls=0,0,0,0
[01:51:58.719] [HOST] INFO: [inv] APPLY hand=1,33,1114624000,2,1846801792 items=16
[01:51:58.755] [HOST] INFO: [med] SEND hand=1,1051391616 npc=0 blood=95.5 bleed=0.00 fl=96.3,99.2,67.6,-46.4 bd=3.7,0.8,32.4,146.4 flags=1 nparts=7 pmin=67.6 smin=0.0 ls=0,0,0,0
[01:51:58.960] [HOST] INFO: [stats] RECV hand=1,2796875008 ok=1 str=35.4 dex=30.6 tough=30.9 stealth=1.0 athl=47.6 xp=0
[01:51:59.006] [HOST] INFO: [interp] lerp=147230 extrap=48716 clamp=0 seg=610 single=56 snapSq=316 snapNpc=0 reissueSq=1079 reissueNpc=0 restFlip=0 delay=200 jit=169.9 starve=0 snapMid=0 restFlipMid=0
[01:51:59.006] [HOST] INFO: [interp] worstZero hand=1,2796875008 zero=526 active=2699 seg=348
[01:51:59.696] [HOST] INFO: [inv] APPLY hand=1,32,1617431680,2,3921874944 items=17
[01:52:00.117] [HOST] INFO: [stats] RECV hand=2,1846801792 ok=1 str=41.9 dex=44.9 tough=44.5 stealth=1.4 athl=57.4 xp=0
[01:52:00.118] [HOST] INFO: [inv] APPLY hand=0,2202,11111,2043,1412841856 items=1
[01:52:00.118] [HOST] INFO: [inv] APPLY hand=0,2202,11111,2044,298706048 items=1
[01:52:00.118] [HOST] INFO: [inv] APPLY hand=0,2202,11111,2050,3628662016 items=0
[01:52:00.488] [HOST] INFO: [inv] APPLY hand=0,2202,11111,2043,1412841856 items=1
[01:52:00.488] [HOST] INFO: [inv] APPLY hand=0,2202,11111,2044,298706048 items=1
[01:52:00.488] [HOST] INFO: [inv] APPLY hand=0,2202,11111,2050,3628662016 items=0
[01:52:00.488] [HOST] INFO: [inv] APPLY hand=1,32,1617431680,1,2796875008 items=12
[01:52:00.534] [HOST] INFO: [ai] suspended=4 driven=4
[01:52:00.652] [HOST] INFO: [med] SEND hand=5,1438354432 npc=0 blood=73.2 bleed=0.00 fl=100.0,100.0,35.8,29.0 bd=0.0,0.0,64.2,71.0 flags=1 nparts=7 pmin=2.6 smin=0.0 ls=0,0,0,0
[01:52:00.782] [HOST] INFO: [cam] center=-31647.4,1764.2,10761.0
[01:52:01.140] [HOST] INFO: [med] SEND hand=5,1438354432 npc=0 blood=73.2 bleed=0.00 fl=100.0,100.0,35.8,29.0 bd=0.0,0.0,64.2,71.0 flags=1 nparts=7 pmin=2.6 smin=0.0 ls=0,0,0,0
[01:52:01.367] [HOST] INFO: [cam] hints recv n=2 p1=-31653,10750 p2=-31652,10751
[01:52:01.848] [HOST] INFO: [stats] RECV hand=2,3921874944 ok=1 str=34.2 dex=24.2 tough=27.0 stealth=1.0 athl=39.9 xp=0
[01:52:01.950] [HOST] INFO: [inv] APPLY hand=1,33,1114624000,1,2041992192 items=15
[01:52:02.022] [HOST] INFO: [stats] RECV hand=1,2041992192 ok=1 str=34.0 dex=48.6 tough=43.2 stealth=1.3 athl=38.3 xp=0
[01:52:03.496] [HOST] INFO: [census] sent n=47 radius=2000 mid=20
[01:52:03.542] [HOST] INFO: [ai] suspended=4 driven=4
[01:52:03.870] [HOST] INFO: [inv] APPLY hand=1,33,1114624000,2,1846801792 items=16
[01:52:04.009] [HOST] INFO: [interp] lerp=148666 extrap=49440 clamp=0 seg=610 single=56 snapSq=316 snapNpc=0 reissueSq=1079 reissueNpc=0 restFlip=0 delay=200 jit=184.9 starve=0 snapMid=0 restFlipMid=0
[01:52:04.009] [HOST] INFO: [interp] worstZero hand=1,2796875008 zero=526 active=2699 seg=62
[01:52:04.317] [HOST] INFO: [inv] APPLY hand=1,33,1114624000,2,1846801792 items=17
[01:52:04.611] [HOST] INFO: [stats] RECV hand=1,2796875008 ok=1 str=35.4 dex=30.6 tough=30.9 stealth=1.0 athl=47.6 xp=0
[01:52:04.612] [HOST] INFO: [inv] APPLY hand=1,32,1617431680,2,3921874944 items=17
[01:52:05.075] [HOST] INFO: [stats] RECV hand=2,1846801792 ok=1 str=41.9 dex=44.9 tough=44.5 stealth=1.4 athl=57.4 xp=0
[01:52:05.242] [HOST] INFO: [inv] APPLY hand=0,2202,11111,2043,1412841856 items=1
[01:52:05.242] [HOST] INFO: [inv] APPLY hand=0,2202,11111,2044,298706048 items=1
[01:52:05.242] [HOST] INFO: [inv] APPLY hand=0,2202,11111,2050,3628662016 items=0
[01:52:05.388] [HOST] INFO: [inv] APPLY hand=0,2202,11111,2043,1412841856 items=1
[01:52:05.389] [HOST] INFO: [inv] APPLY hand=0,2202,11111,2044,298706048 items=1
[01:52:05.389] [HOST] INFO: [inv] APPLY hand=0,2202,11111,2050,3628662016 items=0
[01:52:05.445] [HOST] INFO: [inv] APPLY hand=1,32,1617431680,1,2796875008 items=12
[01:52:05.790] [HOST] INFO: [cam] center=-31647.4,1749.3,10761.0
[01:52:06.381] [HOST] INFO: [cam] hints recv n=2 p1=-31621,10701 p2=-31652,10751
[01:52:06.544] [HOST] INFO: [ai] suspended=4 driven=4
[01:52:06.874] [HOST] INFO: [inv] APPLY hand=1,33,1114624000,1,2041992192 items=15
[01:52:06.958] [HOST] INFO: [stats] RECV hand=2,3921874944 ok=1 str=34.2 dex=24.2 tough=27.0 stealth=1.0 athl=39.9 xp=0
[01:52:07.336] [HOST] INFO: [stats] RECV hand=1,2041992192 ok=1 str=34.0 dex=48.6 tough=43.2 stealth=1.3 athl=38.3 xp=0
[01:52:07.551] [HOST] INFO: [med] SEND hand=5,1438354432 npc=0 blood=73.5 bleed=0.00 fl=100.0,100.0,35.9,29.1 bd=0.0,0.0,64.1,70.9 flags=1 nparts=7 pmin=2.7 smin=0.0 ls=0,0,0,0
[01:52:07.956] [HOST] INFO: [med] SEND hand=5,1438354432 npc=0 blood=73.5 bleed=0.00 fl=100.0,100.0,35.9,29.1 bd=0.0,0.0,64.1,70.9 flags=1 nparts=7 pmin=2.7 smin=0.0 ls=0,0,0,0
[01:52:08.859] [HOST] INFO: [med] SEND hand=1,1051391616 npc=0 blood=95.5 bleed=0.00 fl=96.5,99.4,67.8,-46.2 bd=3.5,0.6,32.2,146.2 flags=1 nparts=7 pmin=67.8 smin=0.0 ls=0,0,0,0
[01:52:09.010] [HOST] INFO: [interp] lerp=149998 extrap=50208 clamp=0 seg=610 single=56 snapSq=316 snapNpc=0 reissueSq=1079 reissueNpc=0 restFlip=0 delay=200 jit=128.4 starve=0 snapMid=0 restFlipMid=0
[01:52:09.010] [HOST] INFO: [interp] worstZero hand=1,2796875008 zero=526 active=2699 seg=60
[01:52:09.520] [HOST] INFO: [stats] RECV hand=1,2796875008 ok=1 str=35.4 dex=30.6 tough=30.9 stealth=1.0 athl=47.6 xp=0
[01:52:09.521] [HOST] INFO: [inv] APPLY hand=1,32,1617431680,2,3921874944 items=17
[01:52:09.540] [HOST] INFO: [inv] APPLY hand=1,33,1114624000,2,1846801792 items=17
[01:52:09.550] [HOST] INFO: [ai] suspended=4 driven=4
[01:52:10.072] [HOST] INFO: [stats] RECV hand=2,1846801792 ok=1 str=41.9 dex=44.9 tough=44.5 stealth=1.4 athl=57.4 xp=0
[01:52:10.139] [HOST] INFO: [inv] APPLY hand=0,2202,11111,2043,1412841856 items=1
[01:52:10.139] [HOST] INFO: [inv] APPLY hand=0,2202,11111,2044,298706048 items=1
[01:52:10.139] [HOST] INFO: [inv] APPLY hand=0,2202,11111,2050,3628662016 items=0
[01:52:10.528] [HOST] INFO: [speed] REQ RECV owner=1 mult=0.00 paused=1 combat=0
[01:52:10.528] [HOST] INFO: [speed] SET mult=0.00 paused=1 combat=0 (my=1.00 p1=0.00 p2=1.00)
[01:52:10.529] [HOST] INFO: [inv] APPLY hand=0,2202,11111,2043,1412841856 items=1
[01:52:10.529] [HOST] INFO: [inv] APPLY hand=0,2202,11111,2044,298706048 items=1
[01:52:10.529] [HOST] INFO: [inv] APPLY hand=0,2202,11111,2050,3628662016 items=0
[01:52:10.530] [HOST] INFO: [inv] APPLY hand=1,32,1617431680,1,2796875008 items=12
[01:52:10.785] [HOST] INFO: [cam] center=-31647.4,1748.0,10761.0
[01:52:11.444] [HOST] INFO: [cam] hints recv n=2 p1=-31653,10744 p2=-31652,10751
[01:52:11.834] [HOST] INFO: [inv] APPLY hand=1,33,1114624000,1,2041992192 items=15
[01:52:11.992] [HOST] INFO: [stats] RECV hand=2,3921874944 ok=1 str=34.2 dex=24.2 tough=27.0 stealth=1.0 athl=39.9 xp=0
[01:52:12.277] [HOST] INFO: [stats] RECV hand=1,2041992192 ok=1 str=34.0 dex=48.6 tough=43.2 stealth=1.3 athl=38.3 xp=0
[01:52:12.429] [HOST] INFO: [speed] REQ RECV owner=1 mult=1.00 paused=0 combat=0
[01:52:12.429] [HOST] INFO: [speed] SET mult=1.00 paused=0 combat=0 (my=1.00 p1=1.00 p2=1.00)
[01:52:12.552] [HOST] INFO: [ai] suspended=4 driven=4
[01:52:13.526] [HOST] INFO: [census] sent n=47 radius=2000 mid=20
[01:52:14.019] [HOST] INFO: [interp] lerp=151420 extrap=50926 clamp=0 seg=610 single=56 snapSq=316 snapNpc=0 reissueSq=1082 reissueNpc=0 restFlip=0 delay=200 jit=109.1 starve=0 snapMid=0 restFlipMid=0
[01:52:14.019] [HOST] INFO: [interp] worstZero hand=1,2796875008 zero=546 active=2746 seg=50
[01:52:14.116] [HOST] INFO: [stats] RECV hand=1,2796875008 ok=1 str=35.4 dex=30.6 tough=30.9 stealth=1.0 athl=47.6 xp=0
[01:52:14.116] [HOST] INFO: [speed] REQ RECV owner=1 mult=0.00 paused=1 combat=0
[01:52:14.116] [HOST] INFO: [speed] SET mult=0.00 paused=1 combat=0 (my=1.00 p1=0.00 p2=1.00)
[01:52:14.523] [HOST] INFO: [inv] APPLY hand=1,32,1617431680,2,3921874944 items=17
[01:52:15.130] [HOST] INFO: [speed] REQ RECV owner=1 mult=1.00 paused=0 combat=0
[01:52:15.130] [HOST] INFO: [speed] SET mult=1.00 paused=0 combat=0 (my=1.00 p1=1.00 p2=1.00)
[01:52:15.353] [HOST] INFO: [inv] APPLY hand=0,2202,11111,2043,1412841856 items=1
[01:52:15.353] [HOST] INFO: [inv] APPLY hand=0,2202,11111,2044,298706048 items=1
[01:52:15.353] [HOST] INFO: [inv] APPLY hand=0,2202,11111,2050,3628662016 items=0
[01:52:15.433] [HOST] INFO: [inv] APPLY hand=1,32,1617431680,1,2796875008 items=12
[01:52:15.530] [HOST] INFO: [stats] RECV hand=2,1846801792 ok=1 str=41.9 dex=44.9 tough=44.5 stealth=1.4 athl=57.4 xp=0
[01:52:15.532] [HOST] INFO: [inv] APPLY hand=0,2202,11111,2043,1412841856 items=1
[01:52:15.532] [HOST] INFO: [inv] APPLY hand=0,2202,11111,2044,298706048 items=1
[01:52:15.532] [HOST] INFO: [inv] APPLY hand=0,2202,11111,2050,3628662016 items=0
[01:52:15.532] [HOST] INFO: [inv] APPLY hand=1,33,1114624000,2,1846801792 items=15
[01:52:15.558] [HOST] INFO: [ai] suspended=4 driven=4
[01:52:15.784] [HOST] INFO: [cam] center=-31647.4,1809.2,10761.0
[01:52:16.511] [HOST] INFO: [cam] hints recv n=2 p1=-31676,10749 p2=-31651,10753
[01:52:16.815] [HOST] INFO: [inv] APPLY hand=1,33,1114624000,1,2041992192 items=15
[01:52:17.323] [HOST] INFO: [stats] RECV hand=1,2041992192 ok=1 str=34.0 dex=48.6 tough=43.2 stealth=1.3 athl=38.3 xp=0
[01:52:17.324] [HOST] INFO: [inv] APPLY hand=1,33,1114624000,2,1846801792 items=14
[01:52:17.519] [HOST] INFO: [stats] RECV hand=2,3921874944 ok=1 str=34.2 dex=24.2 tough=27.0 stealth=1.0 athl=39.9 xp=0
[01:52:18.566] [HOST] INFO: [ai] suspended=4 driven=4
[01:52:18.949] [HOST] INFO: [med] SEND hand=1,1051391616 npc=0 blood=95.5 bleed=0.00 fl=96.6,99.5,67.9,-46.1 bd=3.4,0.5,32.1,146.1 flags=1 nparts=7 pmin=67.9 smin=0.0 ls=0,0,0,0
[01:52:18.994] [HOST] INFO: [med] SEND hand=5,1438354432 npc=0 blood=73.9 bleed=0.00 fl=100.0,100.0,36.0,29.2 bd=0.0,0.0,64.0,70.8 flags=1 nparts=7 pmin=2.8 smin=0.0 ls=0,0,0,0
[01:52:19.021] [HOST] INFO: [interp] lerp=152736 extrap=51814 clamp=0 seg=610 single=56 snapSq=316 snapNpc=0 reissueSq=1082 reissueNpc=0 restFlip=0 delay=200 jit=166.1 starve=0 snapMid=0 restFlipMid=0
[01:52:19.021] [HOST] INFO: [interp] worstZero hand=1,2796875008 zero=546 active=2746 seg=1020
[01:52:19.160] [HOST] INFO: [stats] RECV hand=1,2796875008 ok=1 str=35.4 dex=30.6 tough=30.9 stealth=1.0 athl=47.6 xp=0
[01:52:19.394] [HOST] INFO: [med] SEND hand=5,1438354432 npc=0 blood=73.9 bleed=0.00 fl=100.0,100.0,36.0,29.2 bd=0.0,0.0,64.0,70.8 flags=1 nparts=7 pmin=2.8 smin=0.0 ls=0,0,0,0
[01:52:19.830] [HOST] INFO: [inv] APPLY hand=1,32,1617431680,2,3921874944 items=17
[01:52:20.090] [HOST] INFO: [stats] RECV hand=2,1846801792 ok=1 str=41.9 dex=44.9 tough=44.5 stealth=1.4 athl=57.4 xp=0
[01:52:20.166] [HOST] INFO: [inv] APPLY hand=0,2202,11111,2043,1412841856 items=1
[01:52:20.166] [HOST] INFO: [inv] APPLY hand=0,2202,11111,2044,298706048 items=1
[01:52:20.166] [HOST] INFO: [inv] APPLY hand=0,2202,11111,2050,3628662016 items=0
[01:52:20.427] [HOST] INFO: [inv] APPLY hand=0,2202,11111,2043,1412841856 items=1
[01:52:20.427] [HOST] INFO: [inv] APPLY hand=0,2202,11111,2044,298706048 items=1
[01:52:20.427] [HOST] INFO: [inv] APPLY hand=0,2202,11111,2050,3628662016 items=0
[01:52:20.427] [HOST] INFO: [inv] APPLY hand=1,32,1617431680,1,2796875008 items=12
[01:52:20.788] [HOST] INFO: [cam] center=-31647.4,1764.2,10761.0
[01:52:20.989] [HOST] INFO: [med] SEND hand=5,1438354432 npc=0 blood=74.0 bleed=0.00 fl=100.0,100.0,36.0,29.3 bd=0.0,0.0,64.0,70.7 flags=1 nparts=7 pmin=2.9 smin=0.0 ls=0,0,0,0
[01:52:21.519] [HOST] INFO: [cam] hints recv n=2 p1=-31676,10749 p2=-31651,10753
[01:52:21.568] [HOST] INFO: [ai] suspended=4 driven=4
[01:52:21.877] [HOST] INFO: [inv] APPLY hand=1,33,1114624000,1,2041992192 items=15
[01:52:21.894] [HOST] INFO: [stats] RECV hand=2,3921874944 ok=1 str=34.2 dex=24.2 tough=27.0 stealth=1.0 athl=39.9 xp=0
[01:52:21.931] [HOST] INFO: [med] SEND hand=1,1051391616 npc=0 blood=95.5 bleed=0.00 fl=96.7,99.5,68.0,-46.0 bd=3.3,0.5,32.0,146.0 flags=1 nparts=7 pmin=68.0 smin=0.0 ls=0,0,0,0
[01:52:22.391] [HOST] INFO: [stats] RECV hand=1,2041992192 ok=1 str=34.0 dex=48.6 tough=43.2 stealth=1.3 athl=38.3 xp=0
[01:52:22.393] [HOST] INFO: [inv] APPLY hand=1,33,1114624000,2,1846801792 items=13
[01:52:23.561] [HOST] INFO: [census] sent n=47 radius=2000 mid=20
[01:52:23.943] [HOST] INFO: [med] SEND hand=1,1051391616 npc=0 blood=95.5 bleed=0.00 fl=96.7,99.6,68.0,-46.0 bd=3.3,0.4,32.0,146.0 flags=1 nparts=7 pmin=68.0 smin=0.0 ls=0,0,0,0
[01:52:24.028] [HOST] INFO: [interp] lerp=154168 extrap=52526 clamp=0 seg=610 single=56 snapSq=316 snapNpc=0 reissueSq=1082 reissueNpc=0 restFlip=0 delay=200 jit=163.1 starve=0 snapMid=0 restFlipMid=0
[01:52:24.028] [HOST] INFO: [interp] worstZero hand=1,2796875008 zero=546 active=2746 seg=403
[01:52:24.344] [HOST] INFO: [med] SEND hand=1,1051391616 npc=0 blood=95.5 bleed=0.00 fl=96.7,99.6,68.0,-46.0 bd=3.3,0.4,32.0,146.0 flags=1 nparts=7 pmin=68.0 smin=0.0 ls=0,0,0,0
[01:52:24.569] [HOST] INFO: [ai] suspended=4 driven=4
[01:52:25.106] [HOST] INFO: [stats] RECV hand=2,1846801792 ok=1 str=41.9 dex=44.9 tough=44.5 stealth=1.4 athl=57.4 xp=0
[01:52:25.191] [HOST] INFO: [inv] APPLY hand=0,2202,11111,2043,1412841856 items=1
[01:52:25.191] [HOST] INFO: [inv] APPLY hand=0,2202,11111,2044,298706048 items=1
[01:52:25.191] [HOST] INFO: [inv] APPLY hand=0,2202,11111,2050,3628662016 items=0
[01:52:25.782] [HOST] INFO: [cam] center=-31646.4,1749.1,10762.7
[01:52:25.836] [HOST] INFO: [stats] RECV hand=1,2796875008 ok=1 str=35.4 dex=30.6 tough=30.9 stealth=1.0 athl=47.6 xp=0
[01:52:25.838] [HOST] INFO: [inv] APPLY hand=0,2202,11111,2043,1412841856 items=1
[01:52:25.838] [HOST] INFO: [inv] APPLY hand=0,2202,11111,2044,298706048 items=1
[01:52:25.838] [HOST] INFO: [inv] APPLY hand=0,2202,11111,2050,3628662016 items=0
[01:52:25.838] [HOST] INFO: [inv] APPLY hand=1,32,1617431680,1,2796875008 items=12
[01:52:25.838] [HOST] INFO: [inv] APPLY hand=1,32,1617431680,2,3921874944 items=17
[01:52:26.026] [HOST] INFO: [inv] APPLY hand=1,33,1114624000,2,1846801792 items=12
[01:52:26.687] [HOST] INFO: [cam] hints recv n=2 p1=-31676,10749 p2=-31648,10757
[01:52:26.876] [HOST] INFO: [inv] APPLY hand=1,33,1114624000,1,2041992192 items=15
[01:52:27.018] [HOST] INFO: [stats] RECV hand=1,2041992192 ok=1 str=34.0 dex=48.6 tough=43.2 stealth=1.3 athl=38.3 xp=0
[01:52:27.491] [HOST] INFO: [stats] RECV hand=2,3921874944 ok=1 str=34.2 dex=24.2 tough=27.0 stealth=1.0 athl=39.9 xp=0
[01:52:27.576] [HOST] INFO: [ai] suspended=4 driven=4
[01:52:29.038] [HOST] INFO: [interp] lerp=155342 extrap=53372 clamp=0 seg=610 single=56 snapSq=316 snapNpc=0 reissueSq=1090 reissueNpc=0 restFlip=0 delay=200 jit=195.2 starve=0 snapMid=0 restFlipMid=0
[01:52:29.038] [HOST] INFO: [interp] worstZero hand=1,2796875008 zero=546 active=2746 seg=609
[01:52:29.984] [HOST] INFO: [inv] APPLY hand=1,33,1114624000,2,1846801792 items=11
[01:52:30.068] [HOST] INFO: [stats] RECV hand=2,1846801792 ok=1 str=41.9 dex=44.9 tough=44.5 stealth=1.4 athl=57.4 xp=0
[01:52:30.163] [HOST] INFO: [inv] APPLY hand=0,2202,11111,2043,1412841856 items=1
[01:52:30.163] [HOST] INFO: [inv] APPLY hand=0,2202,11111,2044,298706048 items=1
[01:52:30.163] [HOST] INFO: [inv] APPLY hand=0,2202,11111,2050,3628662016 items=0
[01:52:30.585] [HOST] INFO: [ai] suspended=4 driven=4
[01:52:30.781] [HOST] INFO: [cam] center=-31645.5,1748.0,10765.0
[01:52:30.891] [HOST] INFO: [med] SEND hand=5,1438354432 npc=0 blood=74.5 bleed=0.00 fl=100.0,100.0,36.2,29.4 bd=0.0,0.0,63.8,70.6 flags=1 nparts=7 pmin=3.0 smin=0.0 ls=0,0,0,0
[01:52:31.407] [HOST] INFO: [med] SEND hand=5,1438354432 npc=0 blood=74.5 bleed=0.00 fl=100.0,100.0,36.2,29.4 bd=0.0,0.0,63.8,70.6 flags=1 nparts=7 pmin=3.0 smin=0.0 ls=0,0,0,0
[01:52:31.550] [HOST] INFO: [med] SEND hand=1,1051391616 npc=0 blood=95.5 bleed=0.00 fl=96.8,99.7,68.1,-45.9 bd=3.2,0.3,31.9,145.9 flags=1 nparts=7 pmin=68.1 smin=0.0 ls=0,0,0,0
[01:52:31.956] [HOST] INFO: [med] SEND hand=1,1051391616 npc=0 blood=95.5 bleed=0.00 fl=96.8,99.7,68.1,-45.9 bd=3.2,0.3,31.9,145.9 flags=1 nparts=7 pmin=68.1 smin=0.0 ls=0,0,0,0
[01:52:32.300] [HOST] INFO: [stats] RECV hand=1,2041992192 ok=1 str=34.0 dex=48.6 tough=43.2 stealth=1.3 athl=38.3 xp=0
[01:52:32.301] [HOST] INFO: [inv] APPLY hand=1,33,1114624000,1,2041992192 items=15
[01:52:32.521] [HOST] INFO: [stats] RECV hand=1,2796875008 ok=1 str=35.4 dex=30.6 tough=30.9 stealth=1.0 athl=47.6 xp=0
[01:52:32.521] [HOST] INFO: [stats] RECV hand=2,3921874944 ok=1 str=34.2 dex=24.2 tough=27.0 stealth=1.0 athl=39.9 xp=0
[01:52:32.523] [HOST] INFO: [inv] APPLY hand=0,2202,11111,2043,1412841856 items=1
[01:52:32.523] [HOST] INFO: [inv] APPLY hand=0,2202,11111,2044,298706048 items=1
[01:52:32.523] [HOST] INFO: [inv] APPLY hand=0,2202,11111,2050,3628662016 items=0
[01:52:32.523] [HOST] INFO: [inv] APPLY hand=1,32,1617431680,1,2796875008 items=12
[01:52:32.523] [HOST] INFO: [inv] APPLY hand=1,32,1617431680,2,3921874944 items=17
[01:52:32.523] [HOST] INFO: [cam] hints recv n=2 p1=-31676,10749 p2=-31693,10750
[01:52:33.580] [HOST] INFO: [speed] REQ RECV owner=1 mult=0.00 paused=1 combat=0
[01:52:33.580] [HOST] INFO: [speed] SET mult=0.00 paused=1 combat=0 (my=1.00 p1=0.00 p2=1.00)
[01:52:33.590] [HOST] INFO: [ai] suspended=4 driven=4
[01:52:33.600] [HOST] INFO: [census] sent n=47 radius=2000 mid=20
[01:52:34.046] [HOST] INFO: [interp] lerp=156092 extrap=54354 clamp=0 seg=610 single=56 snapSq=316 snapNpc=0 reissueSq=1091 reissueNpc=0 restFlip=0 delay=200 jit=206.9 starve=0 snapMid=0 restFlipMid=0
[01:52:34.046] [HOST] INFO: [interp] worstZero hand=1,2796875008 zero=546 active=2746 seg=73
[01:52:34.924] [HOST] INFO: [inv] APPLY hand=1,33,1114624000,2,1846801792 items=11
[01:52:35.070] [HOST] INFO: [stats] RECV hand=2,1846801792 ok=1 str=41.9 dex=44.9 tough=44.5 stealth=1.4 athl=57.4 xp=0
[01:52:35.166] [HOST] INFO: [inv] APPLY hand=0,2202,11111,2043,1412841856 items=1
[01:52:35.166] [HOST] INFO: [inv] APPLY hand=0,2202,11111,2044,298706048 items=1
[01:52:35.166] [HOST] INFO: [inv] APPLY hand=0,2202,11111,2050,3628662016 items=0
[01:52:35.781] [HOST] INFO: [cam] center=-31642.5,1809.2,10767.7
[01:52:36.504] [HOST] INFO: [stats] RECV hand=1,2796875008 ok=1 str=35.4 dex=30.6 tough=30.9 stealth=1.0 athl=47.6 xp=0
[01:52:36.504] [HOST] INFO: [speed] REQ RECV owner=1 mult=1.00 paused=0 combat=0
[01:52:36.504] [HOST] INFO: [speed] SET mult=1.00 paused=0 combat=0 (my=1.00 p1=1.00 p2=1.00)
[01:52:36.507] [HOST] INFO: [inv] APPLY hand=0,2202,11111,2043,1412841856 items=1
[01:52:36.507] [HOST] INFO: [inv] APPLY hand=0,2202,11111,2044,298706048 items=1
[01:52:36.507] [HOST] INFO: [inv] APPLY hand=0,2202,11111,2050,3628662016 items=0
[01:52:36.507] [HOST] INFO: [inv] APPLY hand=1,32,1617431680,1,2796875008 items=12
[01:52:36.507] [HOST] INFO: [inv] APPLY hand=1,32,1617431680,2,3921874944 items=17
[01:52:36.600] [HOST] INFO: [ai] suspended=4 driven=4
[01:52:36.789] [HOST] INFO: [stats] RECV hand=2,3921874944 ok=1 str=34.2 dex=24.2 tough=27.0 stealth=1.0 athl=39.9 xp=0
[01:52:36.897] [HOST] INFO: [inv] APPLY hand=1,33,1114624000,1,2041992192 items=15
[01:52:37.038] [HOST] INFO: [stats] RECV hand=1,2041992192 ok=1 str=34.0 dex=48.6 tough=43.2 stealth=1.3 athl=38.3 xp=0
[01:52:38.149] [HOST] INFO: [cam] hints recv n=2 p1=-31676,10749 p2=-31547,10739
[01:52:39.050] [HOST] INFO: [interp] lerp=157170 extrap=55312 clamp=0 seg=610 single=56 snapSq=316 snapNpc=0 reissueSq=1114 reissueNpc=0 restFlip=0 delay=200 jit=181.0 starve=0 snapMid=0 restFlipMid=0
[01:52:39.050] [HOST] INFO: [interp] worstZero hand=1,2796875008 zero=546 active=2746 seg=93
[01:52:39.596] [HOST] INFO: [snap] squad hand=2,1846801792 name='Old Soldier' gap=49.0 gate=49.0 srcVel=6.2 cSpeed=12.5 mult=1.00 slew=1.00 dest=1 skipped=11
[01:52:39.605] [HOST] INFO: [ai] suspended=4 driven=4
[01:52:39.817] [HOST] INFO: [med] SEND hand=5,1438354432 npc=0 blood=74.8 bleed=0.00 fl=100.0,100.0,36.3,29.5 bd=0.0,0.0,63.7,70.5 flags=1 nparts=7 pmin=3.1 smin=0.0 ls=0,0,0,0
[01:52:39.979] [HOST] INFO: [inv] APPLY hand=1,33,1114624000,2,1846801792 items=11
[01:52:40.069] [HOST] INFO: [stats] RECV hand=2,1846801792 ok=1 str=41.9 dex=44.9 tough=44.5 stealth=1.4 athl=57.4 xp=0
[01:52:40.136] [HOST] INFO: [inv] APPLY hand=0,2202,11111,2043,1412841856 items=1
[01:52:40.136] [HOST] INFO: [inv] APPLY hand=0,2202,11111,2044,298706048 items=1
[01:52:40.136] [HOST] INFO: [inv] APPLY hand=0,2202,11111,2050,3628662016 items=0
[01:52:40.284] [HOST] INFO: [med] SEND hand=5,1438354432 npc=0 blood=74.8 bleed=0.00 fl=100.0,100.0,36.3,29.5 bd=0.0,0.0,63.7,70.5 flags=1 nparts=7 pmin=3.1 smin=0.0 ls=0,0,0,0
[01:52:40.399] [HOST] INFO: [stats] RECV hand=1,2796875008 ok=1 str=35.4 dex=30.6 tough=30.9 stealth=1.0 athl=47.6 xp=0
[01:52:40.400] [HOST] INFO: [inv] APPLY hand=0,2202,11111,2043,1412841856 items=1
[01:52:40.400] [HOST] INFO: [inv] APPLY hand=0,2202,11111,2044,298706048 items=1
[01:52:40.400] [HOST] INFO: [inv] APPLY hand=0,2202,11111,2050,3628662016 items=0
[01:52:40.400] [HOST] INFO: [inv] APPLY hand=1,32,1617431680,2,3921874944 items=17
[01:52:40.475] [HOST] INFO: [inv] APPLY hand=1,32,1617431680,1,2796875008 items=12
[01:52:40.782] [HOST] INFO: [cam] center=-31641.2,1757.7,10773.8
[01:52:41.787] [HOST] INFO: [stats] RECV hand=2,3921874944 ok=1 str=34.2 dex=24.2 tough=27.0 stealth=1.0 athl=39.9 xp=0
[01:52:42.303] [HOST] INFO: [inv] APPLY hand=1,33,1114624000,1,2041992192 items=15
[01:52:42.311] [HOST] INFO: [stats] RECV hand=1,2041992192 ok=1 str=34.0 dex=48.6 tough=43.2 stealth=1.3 athl=38.3 xp=0
[01:52:42.613] [HOST] INFO: [ai] suspended=4 driven=4
[01:52:43.509] [HOST] INFO: [cam] hints recv n=2 p1=-31666,10763 p2=-31608,10778
[01:52:43.642] [HOST] INFO: [census] sent n=47 radius=2000 mid=20
[01:52:44.034] [HOST] INFO: [stats] RECV hand=1,2796875008 ok=1 str=35.4 dex=30.6 tough=30.9 stealth=1.0 athl=47.6 xp=0
[01:52:44.054] [HOST] INFO: [interp] lerp=158496 extrap=56090 clamp=0 seg=610 single=56 snapSq=317 snapNpc=0 reissueSq=1162 reissueNpc=0 restFlip=0 delay=200 jit=125.1 starve=0 snapMid=0 restFlipMid=0
[01:52:44.054] [HOST] INFO: [interp] worstZero hand=1,2796875008 zero=548 active=2749 seg=97
[01:52:44.616] [HOST] INFO: [inv] APPLY hand=1,32,1617431680,2,3921874944 items=17
[01:52:44.726] [HOST] INFO: [med] SEND hand=5,1438354432 npc=0 blood=75.0 bleed=0.00 fl=100.0,100.0,36.3,29.6 bd=0.0,0.0,63.7,70.4 flags=1 nparts=7 pmin=3.2 smin=0.0 ls=0,0,0,0
[01:52:44.956] [HOST] INFO: [med] SEND hand=1,1051391616 npc=0 blood=95.5 bleed=0.00 fl=97.0,99.9,68.3,-45.7 bd=3.0,0.1,31.7,145.7 flags=1 nparts=7 pmin=68.3 smin=0.0 ls=0,0,0,0
[01:52:44.993] [HOST] INFO: [stats] RECV hand=1,2796875008 ok=1 str=35.4 dex=30.6 tough=30.9 stealth=1.0 athl=47.6 xp=0
[01:52:44.994] [HOST] INFO: [inv] APPLY hand=1,33,1114624000,2,1846801792 items=12
[01:52:45.086] [HOST] INFO: [stats] RECV hand=2,1846801792 ok=1 str=41.9 dex=44.9 tough=44.5 stealth=1.4 athl=57.5 xp=0
[01:52:45.150] [HOST] INFO: [inv] APPLY hand=0,2202,11111,2043,1412841856 items=1
[01:52:45.150] [HOST] INFO: [inv] APPLY hand=0,2202,11111,2044,298706048 items=1
[01:52:45.150] [HOST] INFO: [inv] APPLY hand=0,2202,11111,2050,3628662016 items=0
[01:52:45.364] [HOST] INFO: [med] SEND hand=1,1051391616 npc=0 blood=95.5 bleed=0.00 fl=97.0,99.9,68.3,-45.7 bd=3.0,0.1,31.7,145.7 flags=1 nparts=7 pmin=68.3 smin=0.0 ls=0,0,0,0
[01:52:45.476] [HOST] INFO: [inv] APPLY hand=0,2202,11111,2050,3628662016 items=0
[01:52:45.477] [HOST] INFO: [inv] APPLY hand=1,32,1617431680,1,2796875008 items=12
[01:52:45.616] [HOST] INFO: [ai] suspended=4 driven=4
[01:52:45.790] [HOST] INFO: [cam] center=-31640.0,1753.0,10775.6
[01:52:46.522] [HOST] INFO: [med] SEND hand=5,1438354432 npc=0 blood=75.1 bleed=0.00 fl=100.0,100.0,36.4,29.6 bd=0.0,0.0,63.6,70.4 flags=1 nparts=7 pmin=3.2 smin=0.0 ls=0,0,0,0
[01:52:46.730] [HOST] INFO: [inv] APPLY hand=1,33,1114624000,2,1846801792 items=14
[01:52:46.847] [HOST] INFO: [inv] APPLY hand=1,33,1114624000,1,2041992192 items=15
[01:52:47.069] [HOST] INFO: [stats] RECV hand=2,3921874944 ok=1 str=34.2 dex=24.2 tough=27.0 stealth=1.0 athl=39.9 xp=0
[01:52:47.376] [HOST] INFO: [stats] RECV hand=1,2041992192 ok=1 str=34.0 dex=48.6 tough=43.2 stealth=1.3 athl=38.3 xp=0
[01:52:48.609] [HOST] INFO: [cam] hints recv n=2 p1=-31605,10870 p2=-31608,10778
[01:52:48.619] [HOST] INFO: [ai] suspended=4 driven=4
[01:52:49.060] [HOST] INFO: [interp] lerp=159786 extrap=56912 clamp=0 seg=610 single=56 snapSq=317 snapNpc=0 reissueSq=1176 reissueNpc=0 restFlip=0 delay=200 jit=126.1 starve=0 snapMid=0 restFlipMid=0
[01:52:49.061] [HOST] INFO: [interp] worstZero hand=1,2796875008 zero=567 active=2895 seg=85
[01:52:49.212] [HOST] INFO: [inv] APPLY hand=0,2202,11111,162,1678588928 items=0
[01:52:49.569] [HOST] INFO: [inv] APPLY hand=1,32,1617431680,2,3921874944 items=17
[01:52:50.063] [HOST] INFO: [stats] RECV hand=2,1846801792 ok=1 str=41.9 dex=44.9 tough=44.5 stealth=1.4 athl=57.5 xp=0
[01:52:50.150] [HOST] INFO: [inv] APPLY hand=0,2202,11111,2050,3628662016 items=0
[01:52:50.243] [HOST] INFO: [stats] RECV hand=1,2796875008 ok=1 str=35.4 dex=30.6 tough=30.9 stealth=1.0 athl=47.6 xp=0
[01:52:50.309] [HOST] INFO: [inv] APPLY hand=0,2202,11111,2050,3628662016 items=0
[01:52:50.572] [HOST] INFO: [inv] APPLY hand=1,32,1617431680,1,2796875008 items=12
[01:52:50.788] [HOST] INFO: [cam] center=-31639.9,1748.1,10776.0
[01:52:51.629] [HOST] INFO: [ai] suspended=4 driven=4
[01:52:51.778] [HOST] INFO: [med] SEND hand=1,1051391616 npc=0 blood=95.5 bleed=0.00 fl=97.1,100.0,68.4,-45.6 bd=2.9,0.0,31.6,145.6 flags=1 nparts=7 pmin=68.4 smin=0.0 ls=0,0,0,0
[01:52:52.084] [HOST] INFO: [stats] RECV hand=2,3921874944 ok=1 str=34.2 dex=24.2 tough=27.0 stealth=1.0 athl=39.9 xp=0
[01:52:52.084] [HOST] INFO: [stats] RECV hand=1,2041992192 ok=1 str=34.0 dex=48.6 tough=43.2 stealth=1.3 athl=38.3 xp=0
[01:52:52.086] [HOST] INFO: [inv] APPLY hand=1,33,1114624000,1,2041992192 items=15
[01:52:52.086] [HOST] INFO: [inv] APPLY hand=1,33,1114624000,2,1846801792 items=14
[01:52:52.482] [HOST] INFO: [inv] APPLY hand=0,2202,11111,162,1678588928 items=0
[01:52:53.662] [HOST] INFO: [cam] hints recv n=2 p1=-31675,10915 p2=-31608,10778
[01:52:53.671] [HOST] INFO: [census] sent n=47 radius=2000 mid=17
[01:52:53.855] [HOST] INFO: [inv] APPLY hand=0,2202,11111,162,1678588928 items=0
[01:52:53.855] [HOST] INFO: [inv] APPLY hand=0,2202,11111,2161,1860961920 items=1
[01:52:53.855] [HOST] INFO: [inv] APPLY hand=0,2202,11111,2162,3447997952 items=1
[01:52:53.855] [HOST] INFO: [inv] APPLY hand=0,2202,11111,2179,3048217856 items=1
[01:52:53.855] [HOST] INFO: [inv] APPLY hand=0,2202,11111,2180,227783200 items=0
[01:52:53.855] [HOST] INFO: [inv] APPLY hand=0,2202,11111,2181,3168212992 items=0
[01:52:54.063] [HOST] INFO: [interp] lerp=160965 extrap=57784 clamp=0 seg=651 single=56 snapSq=317 snapNpc=0 reissueSq=1199 reissueNpc=0 restFlip=0 delay=200 jit=162.2 starve=0 snapMid=0 restFlipMid=0
[01:52:54.063] [HOST] INFO: [interp] worstZero hand=1,2796875008 zero=568 active=3380 seg=72
[01:52:54.408] [HOST] INFO: [inv] APPLY hand=0,2202,11111,2161,1860961920 items=1
[01:52:54.408] [HOST] INFO: [inv] APPLY hand=0,2202,11111,2162,3447997952 items=1
[01:52:54.408] [HOST] INFO: [inv] APPLY hand=0,2202,11111,2178,2270752000 items=1
[01:52:54.408] [HOST] INFO: [inv] APPLY hand=0,2202,11111,2179,3048217856 items=1
[01:52:54.408] [HOST] INFO: [inv] APPLY hand=0,2202,11111,2180,227783200 items=0
[01:52:54.408] [HOST] INFO: [inv] APPLY hand=0,2202,11111,2181,3168212992 items=0
[01:52:54.636] [HOST] INFO: [ai] suspended=4 driven=4
[01:52:54.646] [HOST] INFO: [inv] APPLY hand=1,32,1617431680,2,3921874944 items=17
[01:52:54.988] [HOST] INFO: [inv] APPLY hand=0,2202,11111,2178,2270752000 items=1
[01:52:55.142] [HOST] INFO: [med] SEND hand=5,1438354432 npc=0 blood=75.5 bleed=0.00 fl=100.0,100.0,36.5,29.7 bd=0.0,0.0,63.5,70.3 flags=1 nparts=7 pmin=3.3 smin=0.0 ls=0,0,0,0
[01:52:55.187] [HOST] INFO: [med] SEND hand=1,1051391616 npc=0 blood=95.5 bleed=0.00 fl=97.2,100.0,68.5,-45.5 bd=2.8,0.0,31.5,145.5 flags=1 nparts=7 pmin=68.5 smin=0.0 ls=0,0,0,0
[01:52:55.257] [HOST] INFO: [stats] RECV hand=2,1846801792 ok=1 str=41.9 dex=44.9 tough=44.5 stealth=1.4 athl=57.5 xp=0
[01:52:55.258] [HOST] INFO: [inv] APPLY hand=0,2202,11111,2050,3628662016 items=0
[01:52:55.537] [HOST] INFO: [stats] RECV hand=1,2796875008 ok=1 str=35.4 dex=30.6 tough=30.9 stealth=1.0 athl=47.7 xp=0
[01:52:55.538] [HOST] INFO: [inv] APPLY hand=0,2202,11111,2050,3628662016 items=0
[01:52:55.538] [HOST] INFO: [inv] APPLY hand=1,32,1617431680,1,2796875008 items=12
[01:52:55.546] [HOST] INFO: [med] SEND hand=5,1438354432 npc=0 blood=75.5 bleed=0.00 fl=100.0,100.0,36.5,29.7 bd=0.0,0.0,63.5,70.3 flags=1 nparts=7 pmin=3.3 smin=0.0 ls=0,0,0,0
[01:52:55.787] [HOST] INFO: [cam] center=-31638.3,1809.3,10776.3
[01:52:55.947] [HOST] INFO: [med] SEND hand=5,1438354432 npc=0 blood=75.5 bleed=0.00 fl=100.0,100.0,36.5,29.7 bd=0.0,0.0,63.5,70.3 flags=1 nparts=7 pmin=3.3 smin=0.0 ls=0,0,0,0
[01:52:56.458] [HOST] INFO: [inv] APPLY hand=1,33,1114624000,2,1846801792 items=14
[01:52:56.491] [HOST] INFO: [stats] RECV hand=2,3921874944 ok=1 str=34.2 dex=24.2 tough=27.0 stealth=1.0 athl=39.9 xp=0
[01:52:57.179] [HOST] INFO: [med] SEND hand=1,1051391616 npc=0 blood=95.5 bleed=0.00 fl=97.2,100.0,68.5,-45.5 bd=2.8,0.0,31.5,145.5 flags=1 nparts=7 pmin=68.5 smin=0.0 ls=0,0,0,0
[01:52:57.587] [HOST] INFO: [med] SEND hand=1,1051391616 npc=0 blood=95.5 bleed=0.00 fl=97.2,100.0,68.5,-45.5 bd=2.8,0.0,31.5,145.5 flags=1 nparts=7 pmin=68.5 smin=0.0 ls=0,0,0,0
[01:52:57.644] [HOST] INFO: [ai] suspended=4 driven=4
[01:52:57.699] [HOST] INFO: [stats] RECV hand=1,2041992192 ok=1 str=34.0 dex=48.6 tough=43.2 stealth=1.3 athl=38.3 xp=0
[01:52:57.700] [HOST] INFO: [inv] APPLY hand=1,33,1114624000,1,2041992192 items=15
[01:52:58.378] [HOST] INFO: [inv] APPLY hand=0,2202,11111,2167,530395520 items=18
[01:52:58.378] [HOST] INFO: [inv] APPLY hand=0,2202,11111,2168,802856448 items=0
[01:52:58.529] [HOST] INFO: [inv] APPLY hand=0,2202,11111,2167,530395520 items=18
[01:52:58.529] [HOST] INFO: [inv] APPLY hand=0,2202,11111,2168,802856448 items=0
[01:52:58.786] [HOST] INFO: [snap] squad hand=1,2796875008 name='Evan' gap=75.4 gate=75.4 srcVel=72.4 cSpeed=61.8 mult=1.00 slew=1.00 dest=1 skipped=0
[01:52:58.786] [HOST] INFO: [cam] hints recv n=2 p1=-31778,10865 p2=-31608,10778
[01:52:58.851] [HOST] INFO: [inv] APPLY hand=0,2202,11111,2161,1860961920 items=1
[01:52:58.851] [HOST] INFO: [inv] APPLY hand=0,2202,11111,2162,3447997952 items=1
[01:52:58.851] [HOST] INFO: [inv] APPLY hand=0,2202,11111,2179,3048217856 items=1
[01:52:58.851] [HOST] INFO: [inv] APPLY hand=0,2202,11111,2180,227783200 items=0
[01:52:58.851] [HOST] INFO: [inv] APPLY hand=0,2202,11111,2181,3168212992 items=0
[01:52:59.072] [HOST] INFO: [interp] lerp=161969 extrap=58878 clamp=0 seg=693 single=56 snapSq=319 snapNpc=0 reissueSq=1220 reissueNpc=0 restFlip=0 delay=200 jit=184.1 starve=0 snapMid=0 restFlipMid=0
[01:52:59.072] [HOST] INFO: [interp] worstZero hand=1,2796875008 zero=622 active=3640 seg=56
[01:52:59.098] [HOST] INFO: [speed] REQ RECV owner=1 mult=0.00 paused=1 combat=0
[01:52:59.098] [HOST] INFO: [speed] SET mult=0.00 paused=1 combat=0 (my=1.00 p1=0.00 p2=1.00)
[01:52:59.554] [HOST] INFO: [inv] APPLY hand=0,2202,11111,2161,1860961920 items=1
[01:52:59.554] [HOST] INFO: [inv] APPLY hand=0,2202,11111,2162,3447997952 items=1
[01:52:59.554] [HOST] INFO: [inv] APPLY hand=0,2202,11111,2178,2270752000 items=1
[01:52:59.554] [HOST] INFO: [inv] APPLY hand=0,2202,11111,2179,3048217856 items=1
[01:52:59.554] [HOST] INFO: [inv] APPLY hand=0,2202,11111,2180,227783200 items=0
[01:52:59.554] [HOST] INFO: [inv] APPLY hand=0,2202,11111,2181,3168212992 items=0
[01:52:59.846] [HOST] INFO: [inv] APPLY hand=1,32,1617431680,2,3921874944 items=17
[01:53:00.065] [HOST] INFO: [stats] RECV hand=1,2796875008 ok=1 str=35.4 dex=30.6 tough=30.9 stealth=1.0 athl=47.7 xp=0
[01:53:00.097] [HOST] INFO: [stats] RECV hand=2,1846801792 ok=1 str=41.9 dex=44.9 tough=44.5 stealth=1.4 athl=57.5 xp=0
[01:53:00.184] [HOST] INFO: [inv] APPLY hand=0,2202,11111,2050,3628662016 items=0
[01:53:00.646] [HOST] INFO: [ai] suspended=4 driven=4
[01:53:00.681] [HOST] INFO: [speed] REQ RECV owner=1 mult=1.00 paused=0 combat=0
[01:53:00.681] [HOST] INFO: [speed] SET mult=1.00 paused=0 combat=0 (my=1.00 p1=1.00 p2=1.00)
[01:53:00.683] [HOST] INFO: [inv] APPLY hand=0,2202,11111,2050,3628662016 items=0
[01:53:00.683] [HOST] INFO: [inv] APPLY hand=1,32,1617431680,1,2796875008 items=12
[01:53:00.786] [HOST] INFO: [cam] center=-31638.4,1755.1,10776.5
[01:53:01.450] [HOST] INFO: [inv] APPLY hand=1,33,1114624000,2,1846801792 items=14
[01:53:01.553] [HOST] INFO: [taskkey] key=116 desc='Getting out of bed' repro=0 subject=0
[01:53:01.553] [HOST] INFO: [furn] SEND EXIT id=12 occ=2,427978528 furn=2138,1218505856 kind=1
[01:53:01.562] [HOST] INFO: [furn] SEND EXIT id=13 occ=3,3564331008 furn=2137,1300659200 kind=1
[01:53:01.591] [HOST] INFO: [taskkey] key=28 desc='Standing' repro=0 subject=0
[01:53:01.601] [HOST] INFO: [taskkey] key=36 desc='Patrolling town' repro=0 subject=0
[01:53:01.871] [HOST] INFO: [inv] APPLY hand=1,33,1114624000,1,2041992192 items=15
[01:53:02.022] [HOST] INFO: [stats] RECV hand=1,2041992192 ok=1 str=34.0 dex=48.6 tough=43.2 stealth=1.3 athl=38.3 xp=0
[01:53:02.658] [HOST] INFO: [stats] RECV hand=2,3921874944 ok=1 str=34.2 dex=24.2 tough=27.0 stealth=1.0 athl=39.9 xp=0
[01:53:03.179] [HOST] INFO: [inv] APPLY hand=0,2202,11111,2167,530395520 items=18
[01:53:03.179] [HOST] INFO: [inv] APPLY hand=0,2202,11111,2168,802856448 items=0
[01:53:03.256] [HOST] INFO: [snap] squad hand=2,3921874944 name='Osafi' gap=70.6 gate=57.6 srcVel=61.2 cSpeed=59.9 mult=1.00 slew=1.00 dest=1 skipped=1
[01:53:03.524] [HOST] INFO: [inv] APPLY hand=0,2202,11111,2167,530395520 items=18
[01:53:03.524] [HOST] INFO: [inv] APPLY hand=0,2202,11111,2168,802856448 items=0
[01:53:03.650] [HOST] INFO: [ai] suspended=4 driven=4
[01:53:03.709] [HOST] INFO: [census] sent n=47 radius=2000 mid=17
[01:53:03.857] [HOST] INFO: [speed] REQ RECV owner=2 mult=0.00 paused=1 combat=0
[01:53:03.857] [HOST] INFO: [speed] SET mult=0.00 paused=1 combat=0 (my=1.00 p1=1.00 p2=0.00)
[01:53:04.003] [HOST] INFO: [inv] APPLY hand=0,2202,11111,2161,1860961920 items=1
[01:53:04.003] [HOST] INFO: [inv] APPLY hand=0,2202,11111,2162,3447997952 items=1
[01:53:04.003] [HOST] INFO: [inv] APPLY hand=0,2202,11111,2179,3048217856 items=1
[01:53:04.003] [HOST] INFO: [inv] APPLY hand=0,2202,11111,2180,227783200 items=0
[01:53:04.003] [HOST] INFO: [inv] APPLY hand=0,2202,11111,2181,3168212992 items=0
[01:53:04.003] [HOST] INFO: [cam] hints recv n=2 p1=-31836,10855 p2=-31608,10778
[01:53:04.079] [HOST] INFO: [interp] lerp=163093 extrap=59788 clamp=0 seg=715 single=56 snapSq=320 snapNpc=0 reissueSq=1244 reissueNpc=0 restFlip=0 delay=200 jit=162.8 starve=0 snapMid=0 restFlipMid=0
[01:53:04.079] [HOST] INFO: [interp] worstZero hand=1,2796875008 zero=784 active=3827 seg=57
[01:53:04.214] [HOST] INFO: [inv] APPLY hand=1,32,1617431680,1,2796875008 items=9
[01:53:04.758] [HOST] INFO: [inv] APPLY hand=0,2202,11111,2161,1860961920 items=1
[01:53:04.758] [HOST] INFO: [inv] APPLY hand=0,2202,11111,2162,3447997952 items=1
[01:53:04.758] [HOST] INFO: [inv] APPLY hand=0,2202,11111,2179,3048217856 items=1
[01:53:04.758] [HOST] INFO: [inv] APPLY hand=0,2202,11111,2180,227783200 items=0
[01:53:04.758] [HOST] INFO: [inv] APPLY hand=0,2202,11111,2181,3168212992 items=0
[01:53:05.138] [HOST] INFO: [stats] RECV hand=2,1846801792 ok=1 str=41.9 dex=44.9 tough=44.5 stealth=1.4 athl=57.5 xp=0
[01:53:05.140] [HOST] INFO: [inv] APPLY hand=0,2202,11111,2050,3628662016 items=0
[01:53:05.788] [HOST] INFO: [cam] center=-31638.2,1752.1,10776.5
[01:53:06.478] [HOST] INFO: [inv] APPLY hand=1,33,1114624000,2,1846801792 items=14
[01:53:06.661] [HOST] INFO: [ai] suspended=4 driven=4
[01:53:06.852] [HOST] INFO: [inv] APPLY hand=1,33,1114624000,1,2041992192 items=15
[01:53:07.017] [HOST] INFO: [stats] RECV hand=1,2041992192 ok=1 str=34.0 dex=48.6 tough=43.2 stealth=1.3 athl=38.3 xp=0
[01:53:07.419] [HOST] INFO: [stats] RECV hand=1,2796875008 ok=1 str=35.4 dex=30.6 tough=30.9 stealth=1.0 athl=47.7 xp=0
[01:53:07.419] [HOST] INFO: [stats] RECV hand=2,3921874944 ok=1 str=34.2 dex=24.2 tough=27.0 stealth=1.0 athl=39.9 xp=0
[01:53:07.420] [HOST] INFO: [inv] APPLY hand=0,2202,11111,2050,3628662016 items=0
[01:53:07.420] [HOST] INFO: [inv] APPLY hand=1,32,1617431680,2,3921874944 items=17
[01:53:08.223] [HOST] INFO: [inv] APPLY hand=0,2202,11111,2167,530395520 items=18
[01:53:08.223] [HOST] INFO: [inv] APPLY hand=0,2202,11111,2168,802856448 items=0
[01:53:08.393] [HOST] INFO: [inv] APPLY hand=0,2202,11111,2167,530395520 items=18
[01:53:08.393] [HOST] INFO: [inv] APPLY hand=0,2202,11111,2168,802856448 items=0
[01:53:08.852] [HOST] INFO: [inv] APPLY hand=0,2202,11111,2161,1860961920 items=1
[01:53:08.852] [HOST] INFO: [inv] APPLY hand=0,2202,11111,2162,3447997952 items=1
[01:53:08.852] [HOST] INFO: [inv] APPLY hand=0,2202,11111,2179,3048217856 items=1
[01:53:08.852] [HOST] INFO: [inv] APPLY hand=0,2202,11111,2180,227783200 items=0
[01:53:08.852] [HOST] INFO: [inv] APPLY hand=0,2202,11111,2181,3168212992 items=0
[01:53:09.081] [HOST] INFO: [interp] lerp=164075 extrap=60676 clamp=0 seg=715 single=56 snapSq=320 snapNpc=0 reissueSq=1244 reissueNpc=0 restFlip=0 delay=200 jit=185.0 starve=0 snapMid=0 restFlipMid=0
[01:53:09.081] [HOST] INFO: [interp] worstZero hand=1,2796875008 zero=784 active=3827 seg=78
[01:53:09.269] [HOST] INFO: [inv] APPLY hand=1,32,1617431680,1,2796875008 items=9
[01:53:09.383] [HOST] INFO: [inv] APPLY hand=0,2202,11111,2161,1860961920 items=1
[01:53:09.383] [HOST] INFO: [inv] APPLY hand=0,2202,11111,2162,3447997952 items=1
[01:53:09.383] [HOST] INFO: [inv] APPLY hand=0,2202,11111,2179,3048217856 items=1
[01:53:09.383] [HOST] INFO: [inv] APPLY hand=0,2202,11111,2180,227783200 items=0
[01:53:09.383] [HOST] INFO: [inv] APPLY hand=0,2202,11111,2181,3168212992 items=0
[01:53:09.668] [HOST] INFO: [ai] suspended=4 driven=4
[01:53:09.724] [HOST] INFO: [inv] APPLY hand=1,32,1617431680,2,3921874944 items=17
[01:53:09.724] [HOST] INFO: [cam] hints recv n=2 p1=-31836,10855 p2=-31608,10778
[01:53:10.129] [HOST] INFO: [stats] RECV hand=1,2796875008 ok=1 str=35.4 dex=30.6 tough=30.9 stealth=1.0 athl=47.7 xp=0
[01:53:10.139] [HOST] INFO: [stats] RECV hand=2,1846801792 ok=1 str=41.9 dex=44.9 tough=44.5 stealth=1.4 athl=57.5 xp=0
[01:53:10.141] [HOST] INFO: [inv] APPLY hand=0,2202,11111,2050,3628662016 items=0
[01:53:10.336] [HOST] INFO: [inv] APPLY hand=0,2202,11111,2050,3628662016 items=0
[01:53:10.786] [HOST] INFO: [cam] center=-31638.2,1748.1,10776.5
[01:53:11.445] [HOST] INFO: [stats] RECV hand=2,3921874944 ok=1 str=34.2 dex=24.2 tough=27.0 stealth=1.0 athl=39.9 xp=0
[01:53:12.366] [HOST] INFO: [stats] RECV hand=1,2041992192 ok=1 str=34.0 dex=48.6 tough=43.2 stealth=1.3 athl=38.3 xp=0
[01:53:12.368] [HOST] INFO: [inv] APPLY hand=1,33,1114624000,1,2041992192 items=15
[01:53:12.368] [HOST] INFO: [inv] APPLY hand=1,33,1114624000,2,1846801792 items=14
[01:53:12.677] [HOST] INFO: [ai] suspended=4 driven=4
[01:53:13.149] [HOST] INFO: [inv] APPLY hand=0,2202,11111,2167,530395520 items=18
[01:53:13.149] [HOST] INFO: [inv] APPLY hand=0,2202,11111,2168,802856448 items=0
[01:53:13.608] [HOST] INFO: [inv] APPLY hand=0,2202,11111,2167,530395520 items=18
[01:53:13.608] [HOST] INFO: [inv] APPLY hand=0,2202,11111,2168,802856448 items=0
[01:53:13.754] [HOST] INFO: [census] sent n=47 radius=2000 mid=17
[01:53:14.085] [HOST] INFO: [interp] lerp=165339 extrap=61528 clamp=0 seg=715 single=56 snapSq=320 snapNpc=0 reissueSq=1244 reissueNpc=0 restFlip=0 delay=200 jit=137.6 starve=0 snapMid=0 restFlipMid=0
[01:53:14.085] [HOST] INFO: [interp] worstZero hand=1,2796875008 zero=784 active=3827 seg=149
[01:53:14.252] [HOST] INFO: [inv] APPLY hand=0,2202,11111,2161,1860961920 items=1
[01:53:14.252] [HOST] INFO: [inv] APPLY hand=0,2202,11111,2162,3447997952 items=1
[01:53:14.252] [HOST] INFO: [inv] APPLY hand=0,2202,11111,2179,3048217856 items=1
[01:53:14.252] [HOST] INFO: [inv] APPLY hand=0,2202,11111,2180,227783200 items=0
[01:53:14.252] [HOST] INFO: [inv] APPLY hand=0,2202,11111,2181,3168212992 items=0
[01:53:14.252] [HOST] INFO: [inv] APPLY hand=1,32,1617431680,1,2796875008 items=9
[01:53:14.401] [HOST] INFO: [inv] APPLY hand=0,2202,11111,2161,1860961920 items=1
[01:53:14.401] [HOST] INFO: [inv] APPLY hand=0,2202,11111,2162,3447997952 items=1
[01:53:14.401] [HOST] INFO: [inv] APPLY hand=0,2202,11111,2179,3048217856 items=1
[01:53:14.401] [HOST] INFO: [inv] APPLY hand=0,2202,11111,2180,227783200 items=0
[01:53:14.401] [HOST] INFO: [inv] APPLY hand=0,2202,11111,2181,3168212992 items=0
[01:53:14.851] [HOST] INFO: [inv] APPLY hand=1,32,1617431680,2,3921874944 items=17
[01:53:14.851] [HOST] INFO: [cam] hints recv n=2 p1=-31836,10855 p2=-31608,10778
[01:53:15.054] [HOST] INFO: [stats] RECV hand=1,2796875008 ok=1 str=35.4 dex=30.6 tough=30.9 stealth=1.0 athl=47.7 xp=0
[01:53:15.099] [HOST] INFO: [stats] RECV hand=2,1846801792 ok=1 str=41.9 dex=44.9 tough=44.5 stealth=1.4 athl=57.5 xp=0
[01:53:15.225] [HOST] INFO: [inv] APPLY hand=0,2202,11111,2050,3628662016 items=0
[01:53:15.678] [HOST] INFO: [ai] suspended=4 driven=4
[01:53:15.787] [HOST] INFO: [cam] center=-31638.2,1809.3,10776.5
[01:53:16.445] [HOST] INFO: [inv] APPLY hand=1,33,1114624000,2,1846801792 items=14
[01:53:16.533] [HOST] INFO: [stats] RECV hand=2,3921874944 ok=1 str=34.2 dex=24.2 tough=27.0 stealth=1.0 athl=39.9 xp=0
[01:53:16.534] [HOST] INFO: [inv] APPLY hand=0,2202,11111,2050,3628662016 items=0
[01:53:16.971] [HOST] INFO: [speed] REQ RECV owner=2 mult=1.00 paused=0 combat=0
[01:53:16.971] [HOST] INFO: [speed] SET mult=1.00 paused=0 combat=0 (my=1.00 p1=1.00 p2=1.00)
[01:53:16.972] [HOST] INFO: [inv] APPLY hand=1,33,1114624000,1,2041992192 items=15
[01:53:17.060] [HOST] INFO: [stats] RECV hand=1,2041992192 ok=1 str=34.0 dex=48.6 tough=43.2 stealth=1.3 athl=38.3 xp=0
[01:53:17.847] [HOST] INFO: [inv] APPLY hand=0,2202,11111,2167,530395520 items=18
[01:53:17.847] [HOST] INFO: [inv] APPLY hand=0,2202,11111,2168,802856448 items=0
[01:53:18.680] [HOST] INFO: [ai] suspended=4 driven=4
[01:53:18.757] [HOST] INFO: [inv] APPLY hand=0,2202,11111,2167,530395520 items=18
[01:53:18.757] [HOST] INFO: [inv] APPLY hand=0,2202,11111,2168,802856448 items=0
[01:53:18.899] [HOST] INFO: [inv] APPLY hand=0,2202,11111,2161,1860961920 items=1
[01:53:18.899] [HOST] INFO: [inv] APPLY hand=0,2202,11111,2162,3447997952 items=1
[01:53:18.899] [HOST] INFO: [inv] APPLY hand=0,2202,11111,2179,3048217856 items=1
[01:53:18.899] [HOST] INFO: [inv] APPLY hand=0,2202,11111,2180,227783200 items=0
[01:53:18.899] [HOST] INFO: [inv] APPLY hand=0,2202,11111,2181,3168212992 items=0
[01:53:19.087] [HOST] INFO: [interp] lerp=166703 extrap=62296 clamp=0 seg=715 single=56 snapSq=320 snapNpc=0 reissueSq=1258 reissueNpc=0 restFlip=0 delay=200 jit=132.7 starve=0 snapMid=0 restFlipMid=0
[01:53:19.088] [HOST] INFO: [interp] worstZero hand=1,2796875008 zero=784 active=3827 seg=299
[01:53:19.370] [HOST] INFO: [inv] APPLY hand=0,2202,11111,2161,1860961920 items=1
[01:53:19.370] [HOST] INFO: [inv] APPLY hand=0,2202,11111,2162,3447997952 items=1
[01:53:19.370] [HOST] INFO: [inv] APPLY hand=0,2202,11111,2179,3048217856 items=1
[01:53:19.370] [HOST] INFO: [inv] APPLY hand=0,2202,11111,2180,227783200 items=0
[01:53:19.370] [HOST] INFO: [inv] APPLY hand=0,2202,11111,2181,3168212992 items=0
[01:53:19.492] [HOST] INFO: [med] SEND hand=1,1051391616 npc=0 blood=95.5 bleed=0.00 fl=97.3,100.0,68.6,-45.4 bd=2.7,0.0,31.4,145.4 flags=1 nparts=7 pmin=68.6 smin=0.0 ls=0,0,0,0
[01:53:19.893] [HOST] INFO: [med] SEND hand=1,1051391616 npc=0 blood=95.5 bleed=0.00 fl=97.3,100.0,68.6,-45.4 bd=2.7,0.0,31.4,145.4 flags=1 nparts=7 pmin=68.6 smin=0.0 ls=0,0,0,0
[01:53:20.148] [HOST] INFO: [stats] RECV hand=2,1846801792 ok=1 str=41.9 dex=44.9 tough=44.5 stealth=1.4 athl=57.5 xp=0
[01:53:20.149] [HOST] INFO: [inv] APPLY hand=0,2202,11111,2050,3628662016 items=0
[01:53:20.166] [HOST] INFO: [stats] RECV hand=1,2796875008 ok=1 str=35.4 dex=30.6 tough=30.9 stealth=1.0 athl=47.7 xp=0
[01:53:20.166] [HOST] INFO: [speed] REQ RECV owner=1 mult=0.00 paused=1 combat=0
[01:53:20.166] [HOST] INFO: [speed] SET mult=0.00 paused=1 combat=0 (my=1.00 p1=0.00 p2=1.00)
[01:53:20.168] [HOST] INFO: [inv] APPLY hand=1,32,1617431680,1,2796875008 items=9
[01:53:20.168] [HOST] INFO: [inv] APPLY hand=1,32,1617431680,2,3921874944 items=17
[01:53:20.168] [HOST] INFO: [cam] hints recv n=2 p1=-31844,10856 p2=-31608,10778
[01:53:20.519] [HOST] INFO: [speed] REQ RECV owner=1 mult=1.00 paused=0 combat=0
[01:53:20.519] [HOST] INFO: [speed] SET mult=1.00 paused=0 combat=0 (my=1.00 p1=1.00 p2=1.00)
[01:53:20.520] [HOST] INFO: [inv] APPLY hand=0,2202,11111,2050,3628662016 items=0
[01:53:20.602] [HOST] INFO: [med] SEND hand=5,1438354432 npc=0 blood=76.0 bleed=0.00 fl=100.0,100.0,36.7,29.9 bd=0.0,0.0,63.4,70.1 flags=1 nparts=7 pmin=3.5 smin=0.0 ls=0,0,0,0
[01:53:20.784] [HOST] INFO: [cam] center=-31638.2,1754.9,10776.5
[01:53:21.384] [HOST] INFO: [stats] RECV hand=2,3921874944 ok=1 str=34.2 dex=24.2 tough=27.0 stealth=1.0 athl=40.0 xp=0
[01:53:21.496] [HOST] INFO: [inv] APPLY hand=1,33,1114624000,2,1846801792 items=14
[01:53:21.685] [HOST] INFO: [ai] suspended=4 driven=4
[01:53:22.197] [HOST] INFO: [med] SEND hand=5,1438354432 npc=0 blood=76.1 bleed=0.00 fl=100.0,100.0,36.7,29.9 bd=0.0,0.0,63.3,70.1 flags=1 nparts=7 pmin=3.5 smin=0.0 ls=0,0,0,0
[01:53:22.522] [HOST] INFO: [stats] RECV hand=1,2041992192 ok=1 str=34.0 dex=48.6 tough=43.2 stealth=1.3 athl=38.3 xp=0
[01:53:22.524] [HOST] INFO: [inv] APPLY hand=1,33,1114624000,1,2041992192 items=15
[01:53:22.851] [HOST] INFO: [inv] APPLY hand=0,2202,11111,2167,530395520 items=18
[01:53:22.852] [HOST] INFO: [inv] APPLY hand=0,2202,11111,2168,802856448 items=0
[01:53:23.476] [HOST] INFO: [inv] APPLY hand=0,2202,11111,2167,530395520 items=18
[01:53:23.476] [HOST] INFO: [inv] APPLY hand=0,2202,11111,2168,802856448 items=0
[01:53:23.810] [HOST] INFO: [census] sent n=47 radius=2000 mid=16
[01:53:23.900] [HOST] INFO: [inv] APPLY hand=0,2202,11111,2161,1860961920 items=1
[01:53:23.900] [HOST] INFO: [inv] APPLY hand=0,2202,11111,2162,3447997952 items=1
[01:53:23.900] [HOST] INFO: [inv] APPLY hand=0,2202,11111,2179,3048217856 items=1
[01:53:23.900] [HOST] INFO: [inv] APPLY hand=0,2202,11111,2180,227783200 items=0
[01:53:23.900] [HOST] INFO: [inv] APPLY hand=0,2202,11111,2181,3168212992 items=0
[01:53:24.090] [HOST] INFO: [interp] lerp=167843 extrap=63168 clamp=0 seg=715 single=56 snapSq=320 snapNpc=0 reissueSq=1264 reissueNpc=0 restFlip=0 delay=200 jit=122.5 starve=0 snapMid=0 restFlipMid=0
[01:53:24.090] [HOST] INFO: [interp] worstZero hand=1,2796875008 zero=784 active=3827 seg=134
[01:53:24.197] [HOST] INFO: [seatres] HOST task=98 npc=6,1879760768 subj=2139,2138061568 ok=1 npcpos=-31627.2,10831.8 subjpos=-31629.4,10838.6 d=7.1
[01:53:24.374] [HOST] INFO: [inv] APPLY hand=0,2202,11111,2161,1860961920 items=1
[01:53:24.374] [HOST] INFO: [inv] APPLY hand=0,2202,11111,2162,3447997952 items=1
[01:53:24.374] [HOST] INFO: [inv] APPLY hand=0,2202,11111,2179,3048217856 items=1
[01:53:24.374] [HOST] INFO: [inv] APPLY hand=0,2202,11111,2180,227783200 items=0
[01:53:24.374] [HOST] INFO: [inv] APPLY hand=0,2202,11111,2181,3168212992 items=0
[01:53:24.474] [HOST] INFO: [inv] APPLY hand=1,32,1617431680,1,2796875008 items=9
[01:53:24.688] [HOST] INFO: [ai] suspended=4 driven=4
[01:53:25.384] [HOST] INFO: [stats] RECV hand=2,1846801792 ok=1 str=41.9 dex=44.9 tough=44.5 stealth=1.4 athl=57.5 xp=0
[01:53:25.386] [HOST] INFO: [inv] APPLY hand=0,2202,11111,2050,3628662016 items=0
[01:53:25.609] [HOST] INFO: [cam] hints recv n=2 p1=-31844,10856 p2=-31696,10743
[01:53:25.783] [HOST] INFO: [cam] center=-31641.3,1754.8,10777.2
[01:53:25.819] [HOST] INFO: [stats] RECV hand=1,2796875008 ok=1 str=35.4 dex=30.6 tough=30.9 stealth=1.0 athl=47.7 xp=0
[01:53:25.821] [HOST] INFO: [inv] APPLY hand=0,2202,11111,2050,3628662016 items=0
[01:53:26.594] [HOST] INFO: [inv] APPLY hand=1,33,1114624000,2,1846801792 items=14
[01:53:26.804] [HOST] INFO: [stats] RECV hand=2,3921874944 ok=1 str=34.2 dex=24.2 tough=27.0 stealth=1.0 athl=40.0 xp=0
[01:53:26.806] [HOST] INFO: [inv] APPLY hand=1,32,1617431680,2,3921874944 items=8
[01:53:27.239] [HOST] INFO: [stats] RECV hand=1,2041992192 ok=1 str=34.0 dex=48.6 tough=43.2 stealth=1.3 athl=38.3 xp=0
[01:53:27.241] [HOST] INFO: [inv] APPLY hand=1,33,1114624000,1,2041992192 items=15
[01:53:27.690] [HOST] INFO: [ai] suspended=4 driven=4
[01:53:28.120] [HOST] INFO: [inv] APPLY hand=0,2202,11111,2167,530395520 items=18
[01:53:28.120] [HOST] INFO: [inv] APPLY hand=0,2202,11111,2168,802856448 items=0
[01:53:28.183] [HOST] INFO: [med] SEND hand=5,1438354432 npc=0 blood=76.4 bleed=0.00 fl=100.0,100.0,36.8,30.0 bd=0.0,0.0,63.2,70.0 flags=1 nparts=7 pmin=3.6 smin=0.0 ls=0,0,0,0
[01:53:28.381] [HOST] INFO: [inv] APPLY hand=0,2202,11111,2167,530395520 items=18
[01:53:28.381] [HOST] INFO: [inv] APPLY hand=0,2202,11111,2168,802856448 items=0
[01:53:28.692] [HOST] INFO: [med] SEND hand=5,1438354432 npc=0 blood=76.4 bleed=0.00 fl=100.0,100.0,36.8,30.0 bd=0.0,0.0,63.2,70.0 flags=1 nparts=7 pmin=3.6 smin=0.0 ls=0,0,0,0
[01:53:28.946] [HOST] INFO: [inv] APPLY hand=0,2202,11111,2161,1860961920 items=1
[01:53:28.946] [HOST] INFO: [inv] APPLY hand=0,2202,11111,2162,3447997952 items=1
[01:53:28.946] [HOST] INFO: [inv] APPLY hand=0,2202,11111,2179,3048217856 items=1
[01:53:28.946] [HOST] INFO: [inv] APPLY hand=0,2202,11111,2180,227783200 items=0
[01:53:28.946] [HOST] INFO: [inv] APPLY hand=0,2202,11111,2181,3168212992 items=0
[01:53:29.097] [HOST] INFO: [interp] lerp=169137 extrap=63950 clamp=0 seg=715 single=56 snapSq=320 snapNpc=0 reissueSq=1276 reissueNpc=0 restFlip=0 delay=200 jit=151.0 starve=0 snapMid=0 restFlipMid=0
[01:53:29.097] [HOST] INFO: [interp] worstZero hand=1,2796875008 zero=784 active=3827 seg=103
[01:53:29.383] [HOST] INFO: [inv] APPLY hand=0,2202,11111,2161,1860961920 items=1
[01:53:29.383] [HOST] INFO: [inv] APPLY hand=0,2202,11111,2162,3447997952 items=1
[01:53:29.383] [HOST] INFO: [inv] APPLY hand=0,2202,11111,2179,3048217856 items=1
[01:53:29.383] [HOST] INFO: [inv] APPLY hand=0,2202,11111,2180,227783200 items=0
[01:53:29.383] [HOST] INFO: [inv] APPLY hand=0,2202,11111,2181,3168212992 items=0
[01:53:30.094] [HOST] INFO: [stats] RECV hand=2,1846801792 ok=1 str=41.9 dex=44.9 tough=44.5 stealth=1.4 athl=57.5 xp=0
[01:53:30.236] [HOST] INFO: [stats] RECV hand=1,2796875008 ok=1 str=35.4 dex=30.6 tough=30.9 stealth=1.0 athl=47.7 xp=0
[01:53:30.237] [HOST] INFO: [inv] APPLY hand=1,32,1617431680,1,2796875008 items=9
[01:53:30.329] [HOST] INFO: [med] SEND hand=1,1051391616 npc=0 blood=95.5 bleed=0.00 fl=97.5,100.0,68.8,-45.2 bd=2.5,0.0,31.2,145.2 flags=1 nparts=7 pmin=68.8 smin=0.0 ls=0,0,0,0
[01:53:30.340] [HOST] INFO: [inv] APPLY hand=0,2202,11111,2050,3628662016 items=0
[01:53:30.697] [HOST] INFO: [ai] suspended=4 driven=4
[01:53:30.781] [HOST] INFO: [cam] center=-31641.3,1748.1,10777.2
[01:53:30.817] [HOST] INFO: [speed] REQ RECV owner=1 mult=0.00 paused=1 combat=0
[01:53:30.817] [HOST] INFO: [speed] SET mult=0.00 paused=1 combat=0 (my=1.00 p1=0.00 p2=1.00)
[01:53:30.819] [HOST] INFO: [cam] hints recv n=2 p1=-31844,10856 p2=-31689,10727
[01:53:31.465] [HOST] INFO: [inv] APPLY hand=1,33,1114624000,2,1846801792 items=14
[01:53:31.904] [HOST] INFO: [inv] APPLY hand=1,33,1114624000,1,2041992192 items=15
[01:53:32.049] [HOST] INFO: [stats] RECV hand=1,2041992192 ok=1 str=34.0 dex=48.6 tough=43.2 stealth=1.3 athl=38.3 xp=0
[01:53:32.049] [HOST] INFO: [stats] RECV hand=2,3921874944 ok=1 str=34.2 dex=24.2 tough=27.0 stealth=1.0 athl=40.0 xp=0
[01:53:32.049] [HOST] INFO: [speed] REQ RECV owner=1 mult=1.00 paused=0 combat=0
[01:53:32.049] [HOST] INFO: [speed] SET mult=1.00 paused=0 combat=0 (my=1.00 p1=1.00 p2=1.00)
[01:53:32.051] [HOST] INFO: [inv] APPLY hand=1,32,1617431680,2,3921874944 items=8
[01:53:32.288] [HOST] INFO: [med] SEND hand=5,1438354432 npc=0 blood=76.5 bleed=0.00 fl=100.0,100.0,36.8,30.0 bd=0.0,0.0,63.2,70.0 flags=1 nparts=7 pmin=3.6 smin=0.0 ls=0,0,0,0
[01:53:33.137] [HOST] INFO: [inv] APPLY hand=0,2202,11111,2167,530395520 items=18
[01:53:33.137] [HOST] INFO: [inv] APPLY hand=0,2202,11111,2168,802856448 items=0
[01:53:33.388] [HOST] INFO: [inv] APPLY hand=0,2202,11111,2167,530395520 items=18
[01:53:33.388] [HOST] INFO: [inv] APPLY hand=0,2202,11111,2168,802856448 items=0
[01:53:33.704] [HOST] INFO: [ai] suspended=4 driven=4
[01:53:33.852] [HOST] INFO: [census] sent n=47 radius=2000 mid=16
[01:53:34.102] [HOST] INFO: [interp] lerp=170411 extrap=64764 clamp=0 seg=715 single=56 snapSq=320 snapNpc=0 reissueSq=1276 reissueNpc=0 restFlip=0 delay=200 jit=179.9 starve=0 snapMid=0 restFlipMid=0
[01:53:34.102] [HOST] INFO: [interp] worstZero hand=1,2796875008 zero=784 active=3827 seg=86
[01:53:34.428] [HOST] INFO: [inv] APPLY hand=0,2202,11111,2161,1860961920 items=1
[01:53:34.428] [HOST] INFO: [inv] APPLY hand=0,2202,11111,2162,3447997952 items=1
[01:53:34.428] [HOST] INFO: [inv] APPLY hand=0,2202,11111,2179,3048217856 items=1
[01:53:34.428] [HOST] INFO: [inv] APPLY hand=0,2202,11111,2180,227783200 items=0
[01:53:34.428] [HOST] INFO: [inv] APPLY hand=0,2202,11111,2181,3168212992 items=0
[01:53:34.893] [HOST] INFO: [inv] APPLY hand=0,2202,11111,2161,1860961920 items=1
[01:53:34.894] [HOST] INFO: [inv] APPLY hand=0,2202,11111,2162,3447997952 items=1
[01:53:34.894] [HOST] INFO: [inv] APPLY hand=0,2202,11111,2179,3048217856 items=1
[01:53:34.894] [HOST] INFO: [inv] APPLY hand=0,2202,11111,2180,227783200 items=0
[01:53:34.894] [HOST] INFO: [inv] APPLY hand=0,2202,11111,2181,3168212992 items=0
[01:53:34.894] [HOST] INFO: [inv] APPLY hand=1,32,1617431680,1,2796875008 items=9
[01:53:35.160] [HOST] INFO: [stats] RECV hand=2,1846801792 ok=1 str=41.9 dex=44.9 tough=44.5 stealth=1.4 athl=57.5 xp=0
[01:53:35.162] [HOST] INFO: [inv] APPLY hand=0,2202,11111,2050,3628662016 items=0
[01:53:35.489] [HOST] INFO: [stats] RECV hand=1,2796875008 ok=1 str=35.4 dex=30.6 tough=30.9 stealth=1.0 athl=47.7 xp=0
[01:53:35.491] [HOST] INFO: [inv] APPLY hand=0,2202,11111,2050,3628662016 items=0
[01:53:35.788] [HOST] INFO: [cam] center=-31641.3,1809.3,10777.2
[01:53:36.132] [HOST] INFO: [med] SEND hand=5,1438354432 npc=0 blood=76.7 bleed=0.00 fl=100.0,100.0,36.9,30.1 bd=0.0,0.0,63.1,69.9 flags=1 nparts=7 pmin=3.7 smin=0.0 ls=0,0,0,0
[01:53:36.491] [HOST] INFO: [inv] APPLY hand=1,33,1114624000,2,1846801792 items=14
[01:53:36.682] [HOST] INFO: [fac] AFFECT-EV me='1084-gamedata.base' whom='200-gamedata.base' event=0 mult=0.025 after=-12.37 skipped=3
[01:53:36.706] [HOST] INFO: [ai] suspended=4 driven=4
[01:53:36.759] [HOST] INFO: [cam] hints recv n=2 p1=-31844,10856 p2=-31689,10727
[01:53:36.888] [HOST] INFO: [inv] APPLY hand=1,33,1114624000,1,2041992192 items=15
[01:53:37.039] [HOST] INFO: [stats] RECV hand=1,2041992192 ok=1 str=34.0 dex=48.6 tough=43.2 stealth=1.3 athl=38.3 xp=0
[01:53:37.294] [HOST] INFO: [stats] RECV hand=2,3921874944 ok=1 str=34.2 dex=24.2 tough=27.0 stealth=1.0 athl=40.0 xp=0
[01:53:37.296] [HOST] INFO: [inv] APPLY hand=1,32,1617431680,2,3921874944 items=8
[01:53:38.363] [HOST] INFO: [inv] APPLY hand=0,2202,11111,2167,530395520 items=18
[01:53:38.363] [HOST] INFO: [inv] APPLY hand=0,2202,11111,2168,802856448 items=0
[01:53:39.110] [HOST] INFO: [interp] lerp=171577 extrap=65730 clamp=0 seg=715 single=56 snapSq=320 snapNpc=0 reissueSq=1291 reissueNpc=0 restFlip=0 delay=200 jit=173.4 starve=0 snapMid=0 restFlipMid=0
[01:53:39.110] [HOST] INFO: [interp] worstZero hand=1,2796875008 zero=784 active=3827 seg=343
[01:53:39.391] [HOST] INFO: [inv] APPLY hand=0,2202,11111,2161,1860961920 items=1
[01:53:39.391] [HOST] INFO: [inv] APPLY hand=0,2202,11111,2162,3447997952 items=1
[01:53:39.391] [HOST] INFO: [inv] APPLY hand=0,2202,11111,2179,3048217856 items=1
[01:53:39.391] [HOST] INFO: [inv] APPLY hand=0,2202,11111,2180,227783200 items=0
[01:53:39.391] [HOST] INFO: [inv] APPLY hand=0,2202,11111,2181,3168212992 items=0
[01:53:39.716] [HOST] INFO: [ai] suspended=4 driven=4
[01:53:39.900] [HOST] INFO: [inv] APPLY hand=0,2202,11111,2161,1860961920 items=1
[01:53:39.900] [HOST] INFO: [inv] APPLY hand=0,2202,11111,2162,3447997952 items=1
[01:53:39.900] [HOST] INFO: [inv] APPLY hand=0,2202,11111,2167,530395520 items=18
[01:53:39.900] [HOST] INFO: [inv] APPLY hand=0,2202,11111,2168,802856448 items=0
[01:53:39.900] [HOST] INFO: [inv] APPLY hand=0,2202,11111,2179,3048217856 items=1
[01:53:39.900] [HOST] INFO: [inv] APPLY hand=0,2202,11111,2180,227783200 items=0
[01:53:39.900] [HOST] INFO: [inv] APPLY hand=0,2202,11111,2181,3168212992 items=0
[01:53:39.900] [HOST] INFO: [inv] APPLY hand=1,32,1617431680,1,2796875008 items=9
[01:53:40.121] [HOST] INFO: [stats] RECV hand=2,1846801792 ok=1 str=41.9 dex=44.9 tough=44.5 stealth=1.4 athl=57.5 xp=0
[01:53:40.179] [HOST] INFO: [inv] APPLY hand=0,2202,11111,2050,3628662016 items=0
[01:53:40.235] [HOST] INFO: [inv] APPLY hand=1,33,1114624000,2,1846801792 items=15
[01:53:40.782] [HOST] INFO: [cam] center=-31641.3,1757.3,10777.2
[01:53:40.823] [HOST] INFO: [stats] RECV hand=1,2796875008 ok=1 str=35.4 dex=30.6 tough=30.9 stealth=1.0 athl=47.7 xp=0
[01:53:40.825] [HOST] INFO: [inv] APPLY hand=0,2202,11111,2050,3628662016 items=0
[01:53:41.699] [HOST] INFO: [med] SEND hand=1,1051391616 npc=0 blood=95.5 bleed=0.00 fl=97.7,100.0,69.0,-45.0 bd=2.3,0.0,31.0,145.0 flags=1 nparts=7 pmin=69.0 smin=0.0 ls=0,0,0,0
[01:53:41.891] [HOST] INFO: [inv] APPLY hand=1,33,1114624000,1,2041992192 items=15
[01:53:42.032] [HOST] INFO: [stats] RECV hand=1,2041992192 ok=1 str=34.0 dex=48.6 tough=43.2 stealth=1.3 athl=38.3 xp=0
[01:53:42.108] [HOST] INFO: [med] SEND hand=1,1051391616 npc=0 blood=95.5 bleed=0.00 fl=97.7,100.0,69.0,-45.0 bd=2.3,0.0,31.0,145.0 flags=1 nparts=7 pmin=69.0 smin=0.0 ls=0,0,0,0
[01:53:42.486] [HOST] INFO: [stats] RECV hand=2,3921874944 ok=1 str=34.2 dex=24.2 tough=27.0 stealth=1.0 athl=40.0 xp=0
[01:53:42.487] [HOST] INFO: [inv] APPLY hand=1,32,1617431680,2,3921874944 items=8
[01:53:42.487] [HOST] INFO: [cam] hints recv n=2 p1=-31844,10856 p2=-31689,10727
[01:53:42.693] [HOST] INFO: [med] SEND hand=5,1438354432 npc=0 blood=77.0 bleed=0.00 fl=100.0,100.0,37.0,30.2 bd=0.0,0.0,63.0,69.8 flags=1 nparts=7 pmin=3.8 smin=0.0 ls=0,0,0,0
[01:53:42.723] [HOST] INFO: [ai] suspended=4 driven=4
[01:53:42.958] [HOST] INFO: [inv] APPLY hand=0,2202,11111,2167,530395520 items=18
[01:53:42.958] [HOST] INFO: [inv] APPLY hand=0,2202,11111,2168,802856448 items=0
[01:53:43.436] [HOST] INFO: [inv] APPLY hand=0,2202,11111,2167,530395520 items=18
[01:53:43.436] [HOST] INFO: [inv] APPLY hand=0,2202,11111,2168,802856448 items=0
[01:53:43.732] [HOST] INFO: [med] SEND hand=1,1051391616 npc=0 blood=95.5 bleed=0.00 fl=97.7,100.0,69.0,-45.0 bd=2.3,0.0,31.0,145.0 flags=1 nparts=7 pmin=69.0 smin=0.0 ls=0,0,0,0
[01:53:43.894] [HOST] INFO: [census] sent n=47 radius=2000 mid=16
[01:53:44.117] [HOST] INFO: [interp] lerp=172815 extrap=66516 clamp=0 seg=715 single=56 snapSq=320 snapNpc=0 reissueSq=1307 reissueNpc=0 restFlip=0 delay=200 jit=136.3 starve=0 snapMid=0 restFlipMid=0
[01:53:44.117] [HOST] INFO: [interp] worstZero hand=1,2796875008 zero=784 active=3827 seg=263
[01:53:44.137] [HOST] INFO: [med] SEND hand=1,1051391616 npc=0 blood=95.5 bleed=0.00 fl=97.7,100.0,69.0,-45.0 bd=2.3,0.0,31.0,145.0 flags=1 nparts=7 pmin=69.0 smin=0.0 ls=0,0,0,0
[01:53:44.363] [HOST] INFO: [inv] APPLY hand=0,2202,11111,2161,1860961920 items=1
[01:53:44.363] [HOST] INFO: [inv] APPLY hand=0,2202,11111,2162,3447997952 items=1
[01:53:44.363] [HOST] INFO: [inv] APPLY hand=0,2202,11111,2179,3048217856 items=1
[01:53:44.363] [HOST] INFO: [inv] APPLY hand=0,2202,11111,2180,227783200 items=0
[01:53:44.363] [HOST] INFO: [inv] APPLY hand=0,2202,11111,2181,3168212992 items=0
[01:53:44.363] [HOST] INFO: [inv] APPLY hand=1,32,1617431680,1,2796875008 items=9
[01:53:44.901] [HOST] INFO: [med] SEND hand=5,1438354432 npc=0 blood=77.1 bleed=0.00 fl=100.0,100.0,37.0,30.2 bd=0.0,0.0,63.0,69.8 flags=1 nparts=7 pmin=3.8 smin=0.0 ls=0,0,0,0
[01:53:45.074] [HOST] INFO: [stats] RECV hand=1,2796875008 ok=1 str=35.4 dex=30.6 tough=30.9 stealth=1.0 athl=47.7 xp=0
[01:53:45.112] [HOST] INFO: [stats] RECV hand=2,1846801792 ok=1 str=41.9 dex=44.9 tough=44.5 stealth=1.4 athl=57.5 xp=0
[01:53:45.161] [HOST] INFO: [inv] APPLY hand=0,2202,11111,2050,3628662016 items=0
[01:53:45.276] [HOST] INFO: [inv] APPLY hand=1,33,1114624000,2,1846801792 items=15
[01:53:45.304] [HOST] INFO: [med] SEND hand=5,1438354432 npc=0 blood=77.1 bleed=0.00 fl=100.0,100.0,37.0,30.2 bd=0.0,0.0,63.0,69.8 flags=1 nparts=7 pmin=3.8 smin=0.0 ls=0,0,0,0
[01:53:45.618] [HOST] INFO: [inv] APPLY hand=0,2202,11111,2050,3628662016 items=0
[01:53:45.732] [HOST] INFO: [ai] suspended=4 driven=4
[01:53:45.781] [HOST] INFO: [cam] center=-31641.3,1754.7,10777.2
[01:53:46.350] [HOST] INFO: [stats] RECV hand=1,2041992192 ok=1 str=34.0 dex=48.6 tough=43.2 stealth=1.3 athl=38.3 xp=0
[01:53:46.869] [HOST] INFO: [inv] APPLY hand=1,33,1114624000,1,2041992192 items=15
[01:53:47.129] [HOST] INFO: [stats] RECV hand=2,1846801792 ok=1 str=41.9 dex=44.9 tough=44.5 stealth=1.4 athl=57.5 xp=0
[01:53:47.444] [HOST] INFO: [stats] RECV hand=2,3921874944 ok=1 str=34.2 dex=24.2 tough=27.0 stealth=1.0 athl=40.0 xp=0
[01:53:47.446] [HOST] INFO: [inv] APPLY hand=1,32,1617431680,2,3921874944 items=8
[01:53:47.604] [HOST] INFO: [cam] hints recv n=2 p1=-31844,10856 p2=-31663,10882
[01:53:48.391] [HOST] INFO: [inv] APPLY hand=0,2202,11111,2167,530395520 items=18
[01:53:48.391] [HOST] INFO: [inv] APPLY hand=0,2202,11111,2168,802856448 items=0
[01:53:48.514] [HOST] INFO: [inv] APPLY hand=0,2202,11111,162,1678588928 items=0
[01:53:48.736] [HOST] INFO: [ai] suspended=4 driven=4
[01:53:48.834] [HOST] INFO: [inv] APPLY hand=0,2202,11111,162,1678588928 items=0
[01:53:48.834] [HOST] INFO: [inv] APPLY hand=0,2202,11111,2167,530395520 items=18
[01:53:48.834] [HOST] INFO: [inv] APPLY hand=0,2202,11111,2168,802856448 items=0
[01:53:49.119] [HOST] INFO: [interp] lerp=174075 extrap=67312 clamp=0 seg=715 single=56 snapSq=320 snapNpc=0 reissueSq=1390 reissueNpc=0 restFlip=0 delay=200 jit=195.5 starve=0 snapMid=0 restFlipMid=0
[01:53:49.119] [HOST] INFO: [interp] worstZero hand=1,2796875008 zero=784 active=3827 seg=1391
[01:53:49.361] [HOST] INFO: [inv] APPLY hand=0,2202,11111,2161,1860961920 items=1
[01:53:49.362] [HOST] INFO: [inv] APPLY hand=0,2202,11111,2162,3447997952 items=1
[01:53:49.362] [HOST] INFO: [inv] APPLY hand=0,2202,11111,2179,3048217856 items=1
[01:53:49.362] [HOST] INFO: [inv] APPLY hand=0,2202,11111,2180,227783200 items=0
[01:53:49.362] [HOST] INFO: [inv] APPLY hand=0,2202,11111,2181,3168212992 items=0
[01:53:49.785] [HOST] INFO: [inv] APPLY hand=0,2202,11111,2161,1860961920 items=1
[01:53:49.785] [HOST] INFO: [inv] APPLY hand=0,2202,11111,2162,3447997952 items=1
[01:53:49.785] [HOST] INFO: [inv] APPLY hand=0,2202,11111,2179,3048217856 items=1
[01:53:49.785] [HOST] INFO: [inv] APPLY hand=0,2202,11111,2180,227783200 items=0
[01:53:49.785] [HOST] INFO: [inv] APPLY hand=0,2202,11111,2181,3168212992 items=0
[01:53:49.785] [HOST] INFO: [inv] APPLY hand=1,32,1617431680,1,2796875008 items=9
[01:53:50.243] [HOST] INFO: [stats] RECV hand=1,2796875008 ok=1 str=35.4 dex=30.6 tough=30.9 stealth=1.0 athl=47.7 xp=0
[01:53:50.254] [HOST] INFO: [inv] APPLY hand=1,33,1114624000,2,1846801792 items=15
[01:53:50.788] [HOST] INFO: [cam] center=-31661.6,1800.3,10917.1
[01:53:51.331] [HOST] INFO: [stats] RECV hand=1,2041992192 ok=1 str=34.0 dex=48.6 tough=43.2 stealth=1.3 athl=38.3 xp=0
[01:53:51.369] [HOST] INFO: [med] SEND hand=1,1051391616 npc=0 blood=95.5 bleed=0.00 fl=97.8,100.0,69.1,-44.9 bd=2.2,0.0,30.9,144.9 flags=1 nparts=7 pmin=69.1 smin=0.0 ls=0,0,0,0
[01:53:51.742] [HOST] INFO: [ai] suspended=4 driven=4
[01:53:51.774] [HOST] INFO: [med] SEND hand=1,1051391616 npc=0 blood=95.5 bleed=0.00 fl=97.8,100.0,69.1,-44.9 bd=2.2,0.0,30.9,144.9 flags=1 nparts=7 pmin=69.1 smin=0.0 ls=0,0,0,0
[01:53:51.774] [HOST] INFO: [stats] RECV hand=2,3921874944 ok=1 str=34.2 dex=24.2 tough=27.0 stealth=1.0 athl=40.0 xp=0
[01:53:51.776] [HOST] INFO: [inv] APPLY hand=1,32,1617431680,2,3921874944 items=8
[01:53:51.887] [HOST] INFO: [inv] APPLY hand=1,33,1114624000,1,2041992192 items=15
[01:53:52.062] [HOST] INFO: [seatres] HOST task=98 npc=7,2026611328 subj=2140,2747802624 ok=1 npcpos=-31618.0,10807.0 subjpos=-31620.9,10819.9 d=13.2
[01:53:52.116] [HOST] INFO: [stats] RECV hand=2,1846801792 ok=1 str=42.0 dex=44.9 tough=44.5 stealth=1.4 athl=57.5 xp=0
[01:53:52.127] [HOST] INFO: [inv] APPLY hand=0,2202,11111,2178,2270752000 items=1
[01:53:53.067] [HOST] INFO: [med] SEND hand=5,1438354432 npc=0 blood=77.5 bleed=0.00 fl=100.0,100.0,37.1,30.4 bd=0.0,0.0,62.9,69.7 flags=1 nparts=7 pmin=3.9 smin=0.0 ls=0,0,0,0
[01:53:53.424] [HOST] INFO: [inv] APPLY hand=0,2202,11111,2167,530395520 items=18
[01:53:53.424] [HOST] INFO: [inv] APPLY hand=0,2202,11111,2168,802856448 items=0
[01:53:53.484] [HOST] INFO: [inv] APPLY hand=0,2202,11111,162,1678588928 items=0
[01:53:53.484] [HOST] INFO: [inv] APPLY hand=0,2202,11111,2178,2270752000 items=1
[01:53:53.587] [HOST] INFO: [cam] hints recv n=2 p1=-31746,10905 p2=-31861,10906
[01:53:53.850] [HOST] INFO: [stats] RECV hand=1,2796875008 ok=1 str=35.4 dex=30.6 tough=30.9 stealth=1.0 athl=47.7 xp=0
[01:53:53.851] [HOST] INFO: [inv] APPLY hand=0,2202,11111,162,1678588928 items=0
[01:53:53.851] [HOST] INFO: [inv] APPLY hand=0,2202,11111,2167,530395520 items=18
[01:53:53.851] [HOST] INFO: [inv] APPLY hand=0,2202,11111,2168,802856448 items=0
[01:53:53.944] [HOST] INFO: [census] sent n=47 radius=2000 mid=21
[01:53:54.123] [HOST] INFO: [interp] lerp=175283 extrap=68118 clamp=0 seg=753 single=56 snapSq=320 snapNpc=0 reissueSq=1449 reissueNpc=0 restFlip=0 delay=200 jit=192.0 starve=0 snapMid=0 restFlipMid=0
[01:53:54.123] [HOST] INFO: [interp] worstZero hand=1,2796875008 zero=792 active=4058 seg=1645
[01:53:54.354] [HOST] INFO: [snap] squad hand=1,2796875008 name='Evan' gap=111.8 gate=111.1 srcVel=46.0 cSpeed=92.2 mult=1.00 slew=1.00 dest=1 skipped=0
[01:53:54.384] [HOST] INFO: [inv] APPLY hand=0,2202,11111,2161,1860961920 items=1
[01:53:54.384] [HOST] INFO: [inv] APPLY hand=0,2202,11111,2179,3048217856 items=1
[01:53:54.384] [HOST] INFO: [inv] APPLY hand=0,2202,11111,2180,227783200 items=0
[01:53:54.456] [HOST] INFO: [stats] RECV hand=1,2041992192 ok=1 str=34.0 dex=48.6 tough=43.2 stealth=1.3 athl=38.3 xp=0
[01:53:54.534] [HOST] INFO: [inv] APPLY hand=0,2202,11111,2162,3447997952 items=1
[01:53:54.534] [HOST] INFO: [inv] APPLY hand=0,2202,11111,2181,3168212992 items=0
[01:53:54.751] [HOST] INFO: [ai] suspended=4 driven=4
[01:53:55.287] [HOST] INFO: [inv] APPLY hand=1,33,1114624000,2,1846801792 items=15
[01:53:55.591] [HOST] INFO: [stats] RECV hand=2,3921874944 ok=1 str=34.2 dex=24.2 tough=27.0 stealth=1.0 athl=40.0 xp=0
[01:53:55.592] [HOST] INFO: [inv] APPLY hand=0,2202,11111,2161,1860961920 items=1
[01:53:55.592] [HOST] INFO: [inv] APPLY hand=0,2202,11111,2162,3447997952 items=1
[01:53:55.592] [HOST] INFO: [inv] APPLY hand=0,2202,11111,2179,3048217856 items=1
[01:53:55.592] [HOST] INFO: [inv] APPLY hand=0,2202,11111,2180,227783200 items=0
[01:53:55.592] [HOST] INFO: [inv] APPLY hand=0,2202,11111,2181,3168212992 items=0
[01:53:55.592] [HOST] INFO: [inv] APPLY hand=1,32,1617431680,1,2796875008 items=9
[01:53:55.784] [HOST] INFO: [cam] center=-31859.4,1741.0,10915.9
[01:53:55.931] [HOST] INFO: [snap] squad hand=2,1846801792 name='Old Soldier' gap=35.0 gate=34.9 srcVel=38.2 cSpeed=50.0 mult=1.00 slew=1.00 dest=1 skipped=0
[01:53:56.183] [HOST] INFO: [seatres] HOST task=98 npc=5,2706664960 subj=2137,1300659200 ok=1 npcpos=-31575.1,10856.3 subjpos=-31571.9,10866.7 d=10.9
[01:53:56.672] [HOST] INFO: [inv] APPLY hand=1,32,1617431680,2,3921874944 items=8
[01:53:56.758] [HOST] INFO: [med] SEND hand=5,1438354432 npc=0 blood=77.7 bleed=0.00 fl=100.0,100.0,37.2,30.4 bd=0.0,0.0,62.8,69.6 flags=1 nparts=7 pmin=4.0 smin=0.0 ls=0,0,0,0
[01:53:56.849] [HOST] INFO: [inv] APPLY hand=1,33,1114624000,1,2041992192 items=15
[01:53:57.082] [HOST] INFO: [stats] RECV hand=2,1846801792 ok=1 str=42.0 dex=44.9 tough=44.5 stealth=1.4 athl=57.5 xp=0
[01:53:57.755] [HOST] INFO: [ai] suspended=4 driven=4
[01:53:57.942] [HOST] INFO: [stats] RECV hand=1,2796875008 ok=1 str=35.4 dex=30.6 tough=30.9 stealth=1.0 athl=47.7 xp=0
[01:53:57.943] [HOST] INFO: [inv] APPLY hand=0,2202,11111,2167,530395520 items=18
[01:53:57.943] [HOST] INFO: [inv] APPLY hand=0,2202,11111,2168,802856448 items=0
[01:53:57.943] [HOST] INFO: [inv] APPLY hand=0,2202,11111,2178,2270752000 items=1
[01:53:57.959] [HOST] INFO: [speed] REQ RECV owner=2 mult=0.00 paused=1 combat=0
[01:53:57.959] [HOST] INFO: [speed] SET mult=0.00 paused=1 combat=0 (my=1.00 p1=1.00 p2=0.00)
[01:53:58.411] [HOST] INFO: [inv] APPLY hand=0,2202,11111,2167,530395520 items=18
[01:53:58.411] [HOST] INFO: [inv] APPLY hand=0,2202,11111,2168,802856448 items=0
[01:53:58.467] [HOST] INFO: [inv] APPLY hand=0,2202,11111,2178,2270752000 items=1
[01:53:58.653] [HOST] INFO: [cam] hints recv n=2 p1=-31746,10905 p2=-31844,10850
[01:53:59.048] [HOST] INFO: [inv] APPLY hand=0,2202,11111,2161,1860961920 items=1
[01:53:59.048] [HOST] INFO: [inv] APPLY hand=0,2202,11111,2162,3447997952 items=1
[01:53:59.048] [HOST] INFO: [inv] APPLY hand=0,2202,11111,2179,3048217856 items=1
[01:53:59.048] [HOST] INFO: [inv] APPLY hand=0,2202,11111,2180,227783200 items=0
[01:53:59.048] [HOST] INFO: [inv] APPLY hand=0,2202,11111,2181,3168212992 items=0
[01:53:59.128] [HOST] INFO: [interp] lerp=176485 extrap=69100 clamp=0 seg=793 single=56 snapSq=322 snapNpc=0 reissueSq=1519 reissueNpc=0 restFlip=0 delay=200 jit=189.0 starve=0 snapMid=0 restFlipMid=0
[01:53:59.128] [HOST] INFO: [interp] worstZero hand=1,2796875008 zero=792 active=4199 seg=1108
[01:53:59.359] [HOST] INFO: [speed] REQ RECV owner=2 mult=1.00 paused=0 combat=0
[01:53:59.359] [HOST] INFO: [speed] SET mult=1.00 paused=0 combat=0 (my=1.00 p1=1.00 p2=1.00)
[01:53:59.361] [HOST] INFO: [inv] APPLY hand=0,2202,11111,2161,1860961920 items=1
[01:53:59.361] [HOST] INFO: [inv] APPLY hand=0,2202,11111,2179,3048217856 items=1
[01:53:59.361] [HOST] INFO: [inv] APPLY hand=0,2202,11111,2180,227783200 items=0
[01:53:59.454] [HOST] INFO: [stats] RECV hand=1,2041992192 ok=1 str=34.0 dex=48.6 tough=43.2 stealth=1.3 athl=38.4 xp=0
[01:53:59.519] [HOST] INFO: [inv] APPLY hand=0,2202,11111,2162,3447997952 items=1
[01:53:59.519] [HOST] INFO: [inv] APPLY hand=0,2202,11111,2181,3168212992 items=0
[01:54:00.241] [HOST] INFO: [inv] APPLY hand=1,33,1114624000,2,1846801792 items=15
[01:54:00.390] [HOST] INFO: [stats] RECV hand=2,3921874944 ok=1 str=34.2 dex=24.2 tough=27.0 stealth=1.0 athl=40.0 xp=0
[01:54:00.391] [HOST] INFO: [inv] APPLY hand=1,32,1617431680,1,2796875008 items=9
[01:54:00.760] [HOST] INFO: [ai] suspended=4 driven=4
[01:54:00.783] [HOST] INFO: [cam] center=-31879.4,1806.9,10906.5
[01:54:01.860] [HOST] INFO: [inv] APPLY hand=1,32,1617431680,2,3921874944 items=8
[01:54:01.877] [HOST] INFO: [inv] APPLY hand=1,33,1114624000,1,2041992192 items=15
[01:54:02.237] [HOST] INFO: [stats] RECV hand=2,1846801792 ok=1 str=42.0 dex=44.9 tough=44.5 stealth=1.4 athl=57.5 xp=0
[01:54:02.305] [HOST] INFO: [inv] APPLY hand=1,33,1114624000,2,1846801792 items=14
[01:54:03.114] [HOST] INFO: [med] SEND hand=1,1051391616 npc=0 blood=95.5 bleed=0.00 fl=98.0,100.0,69.3,-44.7 bd=2.0,0.0,30.7,144.7 flags=1 nparts=7 pmin=69.3 smin=0.0 ls=0,0,0,0
[01:54:03.251] [HOST] INFO: [stats] RECV hand=1,2796875008 ok=1 str=35.4 dex=30.6 tough=30.9 stealth=1.0 athl=47.7 xp=0
[01:54:03.253] [HOST] INFO: [inv] APPLY hand=0,2202,11111,2167,530395520 items=18
[01:54:03.253] [HOST] INFO: [inv] APPLY hand=0,2202,11111,2168,802856448 items=0
[01:54:03.253] [HOST] INFO: [inv] APPLY hand=0,2202,11111,2178,2270752000 items=1
[01:54:03.458] [HOST] INFO: [inv] APPLY hand=0,2202,11111,2167,530395520 items=18
[01:54:03.458] [HOST] INFO: [inv] APPLY hand=0,2202,11111,2168,802856448 items=0
[01:54:03.517] [HOST] INFO: [med] SEND hand=1,1051391616 npc=0 blood=95.5 bleed=0.00 fl=98.0,100.0,69.3,-44.7 bd=2.0,0.0,30.7,144.7 flags=1 nparts=7 pmin=69.3 smin=0.0 ls=0,0,0,0
[01:54:03.518] [HOST] INFO: [inv] APPLY hand=0,2202,11111,2178,2270752000 items=1
[01:54:03.669] [HOST] INFO: [cam] hints recv n=2 p1=-31752,10901 p2=-31844,10850
[01:54:03.763] [HOST] INFO: [ai] suspended=4 driven=4
[01:54:03.982] [HOST] INFO: [census] sent n=47 radius=2000 mid=19
[01:54:04.063] [HOST] INFO: [med] SEND hand=5,1438354432 npc=0 blood=78.0 bleed=0.00 fl=100.0,100.0,37.3,30.5 bd=0.0,0.0,62.7,69.5 flags=1 nparts=7 pmin=4.1 smin=0.0 ls=0,0,0,0
[01:54:04.135] [HOST] INFO: [interp] lerp=178087 extrap=70070 clamp=0 seg=793 single=56 snapSq=322 snapNpc=0 reissueSq=1519 reissueNpc=0 restFlip=0 delay=200 jit=196.6 starve=0 snapMid=0 restFlipMid=0
[01:54:04.135] [HOST] INFO: [interp] worstZero hand=1,2796875008 zero=792 active=4199 seg=611
[01:54:04.386] [HOST] INFO: [inv] APPLY hand=0,2202,11111,2161,1860961920 items=1
[01:54:04.387] [HOST] INFO: [inv] APPLY hand=0,2202,11111,2179,3048217856 items=1
[01:54:04.387] [HOST] INFO: [inv] APPLY hand=0,2202,11111,2180,227783200 items=0
[01:54:04.507] [HOST] INFO: [stats] RECV hand=1,2041992192 ok=1 str=34.0 dex=48.6 tough=43.2 stealth=1.3 athl=38.4 xp=0
[01:54:04.509] [HOST] INFO: [inv] APPLY hand=0,2202,11111,2162,3447997952 items=1
[01:54:04.509] [HOST] INFO: [inv] APPLY hand=0,2202,11111,2181,3168212992 items=0
[01:54:04.529] [HOST] INFO: [med] SEND hand=5,1438354432 npc=0 blood=78.0 bleed=0.00 fl=100.0,100.0,37.3,30.5 bd=0.0,0.0,62.7,69.5 flags=1 nparts=7 pmin=4.1 smin=0.0 ls=0,0,0,0
[01:54:04.801] [HOST] INFO: [inv] APPLY hand=0,2202,11111,2161,1860961920 items=1
[01:54:04.801] [HOST] INFO: [inv] APPLY hand=0,2202,11111,2162,3447997952 items=1
[01:54:04.801] [HOST] INFO: [inv] APPLY hand=0,2202,11111,2179,3048217856 items=1
[01:54:04.801] [HOST] INFO: [inv] APPLY hand=0,2202,11111,2180,227783200 items=0
[01:54:04.801] [HOST] INFO: [inv] APPLY hand=0,2202,11111,2181,3168212992 items=0
[01:54:04.801] [HOST] INFO: [inv] APPLY hand=1,32,1617431680,1,2796875008 items=9
[01:54:04.865] [HOST] INFO: [stats] RECV hand=2,3921874944 ok=1 str=34.2 dex=24.2 tough=27.0 stealth=1.0 athl=40.0 xp=0
[01:54:04.934] [HOST] INFO: [med] SEND hand=5,1438354432 npc=0 blood=78.0 bleed=0.00 fl=100.0,100.0,37.3,30.5 bd=0.0,0.0,62.7,69.5 flags=1 nparts=7 pmin=4.1 smin=0.0 ls=0,0,0,0
[01:54:05.181] [HOST] INFO: [fac] AFFECT-EV me='1084-gamedata.base' whom='200-gamedata.base' event=0 mult=0.025 after=-12.63 skipped=11
[01:54:05.517] [HOST] INFO: [fac] AFFECT-EV me='200-gamedata.base' whom='1084-gamedata.base' event=0 mult=0.025 after=-6.23 skipped=5
[01:54:05.722] [HOST] INFO: [seatres] HOST task=98 npc=4,1473998976 subj=2138,1218505856 ok=1 npcpos=-31634.8,10848.6 subjpos=-31638.4,10859.6 d=11.6
[01:54:05.786] [HOST] INFO: [cam] center=-31879.4,1741.2,10906.5
[01:54:06.766] [HOST] INFO: [ai] suspended=4 driven=4
[01:54:06.869] [HOST] INFO: [inv] APPLY hand=1,33,1114624000,1,2041992192 items=15
[01:54:07.095] [HOST] INFO: [stats] RECV hand=2,1846801792 ok=1 str=42.0 dex=44.9 tough=44.5 stealth=1.4 athl=57.5 xp=0
[01:54:07.380] [HOST] INFO: [stats] RECV hand=1,2796875008 ok=1 str=35.4 dex=30.6 tough=30.9 stealth=1.0 athl=47.7 xp=0
[01:54:07.381] [HOST] INFO: [inv] APPLY hand=0,2202,11111,2178,2270752000 items=1
[01:54:07.381] [HOST] INFO: [inv] APPLY hand=1,32,1617431680,2,3921874944 items=8
[01:54:07.397] [HOST] INFO: [inv] APPLY hand=1,33,1114624000,2,1846801792 items=14
[01:54:08.414] [HOST] INFO: [inv] APPLY hand=0,2202,11111,2167,530395520 items=18
[01:54:08.414] [HOST] INFO: [inv] APPLY hand=0,2202,11111,2168,802856448 items=0
[01:54:08.489] [HOST] INFO: [inv] APPLY hand=0,2202,11111,2178,2270752000 items=1
[01:54:09.020] [HOST] INFO: [inv] APPLY hand=0,2202,11111,2161,1860961920 items=1
[01:54:09.020] [HOST] INFO: [inv] APPLY hand=0,2202,11111,2162,3447997952 items=1
[01:54:09.020] [HOST] INFO: [inv] APPLY hand=0,2202,11111,2167,530395520 items=18
[01:54:09.020] [HOST] INFO: [inv] APPLY hand=0,2202,11111,2168,802856448 items=0
[01:54:09.020] [HOST] INFO: [inv] APPLY hand=0,2202,11111,2179,3048217856 items=1
[01:54:09.020] [HOST] INFO: [inv] APPLY hand=0,2202,11111,2180,227783200 items=0
[01:54:09.020] [HOST] INFO: [inv] APPLY hand=0,2202,11111,2181,3168212992 items=0
[01:54:09.020] [HOST] INFO: [cam] hints recv n=2 p1=-31752,10901 p2=-31844,10850
[01:54:09.136] [HOST] INFO: [interp] lerp=179623 extrap=71050 clamp=0 seg=793 single=56 snapSq=322 snapNpc=0 reissueSq=1519 reissueNpc=0 restFlip=0 delay=200 jit=177.4 starve=0 snapMid=0 restFlipMid=0
[01:54:09.136] [HOST] INFO: [interp] worstZero hand=1,2796875008 zero=792 active=4199 seg=1327
[01:54:09.316] [HOST] INFO: [inv] APPLY hand=1,32,1617431680,1,2796875008 items=9
[01:54:09.415] [HOST] INFO: [inv] APPLY hand=0,2202,11111,2161,1860961920 items=1
[01:54:09.415] [HOST] INFO: [inv] APPLY hand=0,2202,11111,2179,3048217856 items=1
[01:54:09.415] [HOST] INFO: [inv] APPLY hand=0,2202,11111,2180,227783200 items=0
[01:54:09.477] [HOST] INFO: [stats] RECV hand=1,2041992192 ok=1 str=34.0 dex=48.6 tough=43.2 stealth=1.3 athl=38.4 xp=0
[01:54:09.479] [HOST] INFO: [inv] APPLY hand=0,2202,11111,2162,3447997952 items=1
[01:54:09.479] [HOST] INFO: [inv] APPLY hand=0,2202,11111,2181,3168212992 items=0
[01:54:09.767] [HOST] INFO: [ai] suspended=4 driven=4
[01:54:10.270] [HOST] INFO: [stats] RECV hand=2,3921874944 ok=1 str=34.2 dex=24.2 tough=27.0 stealth=1.0 athl=40.0 xp=0
[01:54:10.540] [HOST] INFO: [fac] AFFECT-EV me='1084-gamedata.base' whom='200-gamedata.base' event=1 mult=0.025 after=-12.64 skipped=23
[01:54:10.584] [HOST] INFO: [med] SEND hand=5,1438354432 npc=0 blood=78.3 bleed=0.00 fl=100.0,100.0,37.4,30.6 bd=0.0,0.0,62.6,69.4 flags=1 nparts=7 pmin=4.2 smin=0.0 ls=0,0,0,0
[01:54:10.788] [HOST] INFO: [cam] center=-31879.4,1778.9,10906.5
[01:54:10.989] [HOST] INFO: [med] SEND hand=5,1438354432 npc=0 blood=78.3 bleed=0.00 fl=100.0,100.0,37.4,30.6 bd=0.0,0.0,62.6,69.4 flags=1 nparts=7 pmin=4.2 smin=0.0 ls=0,0,0,0
[01:54:11.067] [HOST] INFO: [fac] AFFECT-EV me='200-gamedata.base' whom='1084-gamedata.base' event=0 mult=0.025 after=-6.23 skipped=11
[01:54:11.866] [HOST] INFO: [inv] APPLY hand=1,33,1114624000,1,2041992192 items=15
[01:54:12.197] [HOST] INFO: [stats] RECV hand=2,1846801792 ok=1 str=42.0 dex=44.9 tough=44.5 stealth=1.4 athl=57.5 xp=0
[01:54:12.426] [HOST] INFO: [inv] APPLY hand=1,33,1114624000,2,1846801792 items=14
[01:54:12.768] [HOST] INFO: [ai] suspended=4 driven=4
[01:54:13.153] [HOST] INFO: [stats] RECV hand=1,2796875008 ok=1 str=35.4 dex=30.6 tough=30.9 stealth=1.0 athl=47.7 xp=0
[01:54:13.154] [HOST] INFO: [inv] APPLY hand=0,2202,11111,2167,530395520 items=18
[01:54:13.154] [HOST] INFO: [inv] APPLY hand=0,2202,11111,2168,802856448 items=0
[01:54:13.154] [HOST] INFO: [inv] APPLY hand=0,2202,11111,2178,2270752000 items=1
[01:54:13.155] [HOST] INFO: [inv] APPLY hand=1,32,1617431680,2,3921874944 items=8
[01:54:13.170] [HOST] INFO: [med] SEND hand=1,1051391616 npc=0 blood=95.5 bleed=0.00 fl=98.2,100.0,69.5,-44.5 bd=1.8,0.0,30.5,144.5 flags=1 nparts=7 pmin=69.5 smin=0.0 ls=0,0,0,0
[01:54:13.416] [HOST] INFO: [inv] APPLY hand=0,2202,11111,2167,530395520 items=18
[01:54:13.417] [HOST] INFO: [inv] APPLY hand=0,2202,11111,2168,802856448 items=0
[01:54:13.483] [HOST] INFO: [inv] APPLY hand=0,2202,11111,2178,2270752000 items=1
[01:54:13.570] [HOST] INFO: [med] SEND hand=1,1051391616 npc=0 blood=95.5 bleed=0.00 fl=98.2,100.0,69.5,-44.5 bd=1.8,0.0,30.5,144.5 flags=1 nparts=7 pmin=69.5 smin=0.0 ls=0,0,0,0
[01:54:14.018] [HOST] INFO: [census] sent n=47 radius=2000 mid=20
[01:54:14.067] [HOST] INFO: [inv] APPLY hand=0,2202,11111,2161,1860961920 items=1
[01:54:14.067] [HOST] INFO: [inv] APPLY hand=0,2202,11111,2162,3447997952 items=1
[01:54:14.067] [HOST] INFO: [inv] APPLY hand=0,2202,11111,2179,3048217856 items=1
[01:54:14.067] [HOST] INFO: [inv] APPLY hand=0,2202,11111,2180,227783200 items=0
[01:54:14.067] [HOST] INFO: [inv] APPLY hand=0,2202,11111,2181,3168212992 items=0
[01:54:14.067] [HOST] INFO: [cam] hints recv n=2 p1=-31754,10922 p2=-31844,10850
[01:54:14.142] [HOST] INFO: [interp] lerp=180941 extrap=71898 clamp=0 seg=793 single=56 snapSq=322 snapNpc=0 reissueSq=1519 reissueNpc=0 restFlip=0 delay=200 jit=190.2 starve=0 snapMid=0 restFlipMid=0
[01:54:14.142] [HOST] INFO: [interp] worstZero hand=1,2796875008 zero=792 active=4199 seg=919
[01:54:14.442] [HOST] INFO: [inv] APPLY hand=0,2202,11111,2161,1860961920 items=1
[01:54:14.442] [HOST] INFO: [inv] APPLY hand=0,2202,11111,2179,3048217856 items=1
[01:54:14.442] [HOST] INFO: [inv] APPLY hand=0,2202,11111,2180,227783200 items=0
[01:54:14.499] [HOST] INFO: [stats] RECV hand=1,2041992192 ok=1 str=34.0 dex=48.6 tough=43.2 stealth=1.3 athl=38.4 xp=0
[01:54:14.500] [HOST] INFO: [inv] APPLY hand=0,2202,11111,2162,3447997952 items=1
[01:54:14.500] [HOST] INFO: [inv] APPLY hand=0,2202,11111,2181,3168212992 items=0
[01:54:14.594] [HOST] INFO: [fac] AFFECT-EV me='1305-gamedata.base' whom='200-gamedata.base' event=1 mult=0.025 after=-43.58 skipped=2
[01:54:15.099] [HOST] INFO: [med] SEND hand=5,1438354432 npc=0 blood=78.5 bleed=0.00 fl=100.0,100.0,37.4,30.7 bd=0.0,0.0,62.6,69.3 flags=1 nparts=7 pmin=4.3 smin=0.0 ls=0,0,0,0
[01:54:15.226] [HOST] INFO: [med] SEND hand=1,1051391616 npc=0 blood=95.5 bleed=0.00 fl=98.2,100.0,69.5,-44.5 bd=1.8,0.0,30.5,144.5 flags=1 nparts=7 pmin=69.5 smin=0.0 ls=0,0,0,0
[01:54:15.514] [HOST] INFO: [stats] RECV hand=2,3921874944 ok=1 str=34.2 dex=24.2 tough=27.0 stealth=1.0 athl=40.0 xp=0
[01:54:15.515] [HOST] INFO: [inv] APPLY hand=1,32,1617431680,1,2796875008 items=9
[01:54:15.585] [HOST] INFO: [fac] AFFECT-EV me='1084-gamedata.base' whom='200-gamedata.base' event=1 mult=0.025 after=-12.91 skipped=14
[01:54:15.628] [HOST] INFO: [med] SEND hand=1,1051391616 npc=0 blood=95.5 bleed=0.00 fl=98.2,100.0,69.5,-44.5 bd=1.8,0.0,30.5,144.5 flags=1 nparts=7 pmin=69.5 smin=0.0 ls=0,0,0,0
[01:54:15.772] [HOST] INFO: [ai] suspended=4 driven=4
[01:54:15.782] [HOST] INFO: [cam] center=-31879.4,1741.2,10906.5
[01:54:16.079] [HOST] INFO: [fac] AFFECT-EV me='200-gamedata.base' whom='1084-gamedata.base' event=0 mult=0.025 after=-6.23 skipped=11
[01:54:16.851] [HOST] INFO: [inv] APPLY hand=1,33,1114624000,1,2041992192 items=15
[01:54:17.106] [HOST] INFO: [stats] RECV hand=2,1846801792 ok=1 str=42.0 dex=44.9 tough=44.5 stealth=1.4 athl=57.5 xp=0
[01:54:17.350] [HOST] INFO: [inv] APPLY hand=1,33,1114624000,2,1846801792 items=14
[01:54:18.386] [HOST] INFO: [inv] APPLY hand=0,2202,11111,2167,530395520 items=18
[01:54:18.386] [HOST] INFO: [inv] APPLY hand=0,2202,11111,2168,802856448 items=0
[01:54:18.393] [HOST] INFO: [stats] RECV hand=1,2796875008 ok=1 str=35.4 dex=30.6 tough=30.9 stealth=1.0 athl=47.7 xp=0
[01:54:18.393] [HOST] INFO: [speed] REQ RECV owner=1 mult=0.00 paused=1 combat=0
[01:54:18.393] [HOST] INFO: [speed] SET mult=0.00 paused=1 combat=0 (my=1.00 p1=0.00 p2=1.00)
[01:54:18.394] [HOST] INFO: [inv] APPLY hand=0,2202,11111,2167,530395520 items=18
[01:54:18.394] [HOST] INFO: [inv] APPLY hand=0,2202,11111,2168,802856448 items=0
[01:54:18.394] [HOST] INFO: [inv] APPLY hand=0,2202,11111,2178,2270752000 items=1
[01:54:18.394] [HOST] INFO: [inv] APPLY hand=1,32,1617431680,2,3921874944 items=8
[01:54:18.513] [HOST] INFO: [inv] APPLY hand=0,2202,11111,2178,2270752000 items=1
[01:54:18.777] [HOST] INFO: [ai] suspended=4 driven=4
[01:54:19.005] [HOST] INFO: [inv] APPLY hand=0,2202,11111,2161,1860961920 items=1
[01:54:19.005] [HOST] INFO: [inv] APPLY hand=0,2202,11111,2162,3447997952 items=1
[01:54:19.005] [HOST] INFO: [inv] APPLY hand=0,2202,11111,2179,3048217856 items=1
[01:54:19.005] [HOST] INFO: [inv] APPLY hand=0,2202,11111,2180,227783200 items=0
[01:54:19.005] [HOST] INFO: [inv] APPLY hand=0,2202,11111,2181,3168212992 items=0
[01:54:19.143] [HOST] INFO: [interp] lerp=182529 extrap=72890 clamp=0 seg=793 single=56 snapSq=322 snapNpc=0 reissueSq=1519 reissueNpc=0 restFlip=0 delay=200 jit=192.5 starve=0 snapMid=0 restFlipMid=0
[01:54:19.143] [HOST] INFO: [interp] worstZero hand=1,2796875008 zero=792 active=4199 seg=67
[01:54:19.208] [HOST] INFO: [inv] APPLY hand=1,32,1617431680,1,2796875008 items=9
[01:54:19.282] [HOST] INFO: [speed] REQ RECV owner=1 mult=1.00 paused=0 combat=0
[01:54:19.282] [HOST] INFO: [speed] SET mult=1.00 paused=0 combat=0 (my=1.00 p1=1.00 p2=1.00)
[01:54:19.746] [HOST] INFO: [stats] RECV hand=1,2041992192 ok=1 str=34.0 dex=48.6 tough=43.2 stealth=1.3 athl=38.4 xp=0
[01:54:19.747] [HOST] INFO: [inv] APPLY hand=0,2202,11111,2161,1860961920 items=1
[01:54:19.747] [HOST] INFO: [inv] APPLY hand=0,2202,11111,2162,3447997952 items=1
[01:54:19.747] [HOST] INFO: [inv] APPLY hand=0,2202,11111,2179,3048217856 items=1
[01:54:19.747] [HOST] INFO: [inv] APPLY hand=0,2202,11111,2180,227783200 items=0
[01:54:19.747] [HOST] INFO: [inv] APPLY hand=0,2202,11111,2181,3168212992 items=0
[01:54:19.747] [HOST] INFO: [cam] hints recv n=2 p1=-31758,10921 p2=-31844,10850
[01:54:20.084] [HOST] INFO: [med] SEND hand=5,1438354432 npc=0 blood=78.7 bleed=0.00 fl=100.0,100.0,37.5,30.7 bd=0.0,0.0,62.5,69.3 flags=1 nparts=7 pmin=4.3 smin=0.0 ls=0,0,0,0
[01:54:20.490] [HOST] INFO: [med] SEND hand=5,1438354432 npc=0 blood=78.7 bleed=0.00 fl=100.0,100.0,37.5,30.7 bd=0.0,0.0,62.5,69.3 flags=1 nparts=7 pmin=4.3 smin=0.0 ls=0,0,0,0
[01:54:20.577] [HOST] INFO: [stats] RECV hand=2,3921874944 ok=1 str=34.2 dex=24.2 tough=27.0 stealth=1.0 athl=40.0 xp=0
[01:54:20.783] [HOST] INFO: [cam] center=-31879.4,1806.9,10906.5
[01:54:20.931] [HOST] INFO: [fac] AFFECT-EV me='1084-gamedata.base' whom='200-gamedata.base' event=1 mult=0.025 after=-12.92 skipped=13
[01:54:21.325] [HOST] INFO: [fac] AFFECT-EV me='200-gamedata.base' whom='1084-gamedata.base' event=0 mult=0.025 after=-6.23 skipped=6
[01:54:21.782] [HOST] INFO: [ai] suspended=4 driven=4
[01:54:21.867] [HOST] INFO: [inv] APPLY hand=1,33,1114624000,1,2041992192 items=15
[01:54:22.202] [HOST] INFO: [stats] RECV hand=2,1846801792 ok=1 str=42.0 dex=44.9 tough=44.5 stealth=1.4 athl=57.5 xp=0
[01:54:22.412] [HOST] INFO: [stats] RECV hand=1,2796875008 ok=1 str=35.4 dex=30.6 tough=30.9 stealth=1.0 athl=47.7 xp=0
[01:54:22.414] [HOST] INFO: [inv] APPLY hand=0,2202,11111,2178,2270752000 items=1
[01:54:22.414] [HOST] INFO: [inv] APPLY hand=1,32,1617431680,2,3921874944 items=8
[01:54:22.414] [HOST] INFO: [inv] APPLY hand=1,33,1114624000,2,1846801792 items=14
[01:54:23.034] [HOST] INFO: [inv] APPLY hand=0,2202,11111,2167,530395520 items=18
[01:54:23.034] [HOST] INFO: [inv] APPLY hand=0,2202,11111,2168,802856448 items=0
[01:54:23.409] [HOST] INFO: [inv] APPLY hand=0,2202,11111,2167,530395520 items=18
[01:54:23.409] [HOST] INFO: [inv] APPLY hand=0,2202,11111,2168,802856448 items=0
[01:54:23.492] [HOST] INFO: [inv] APPLY hand=0,2202,11111,2178,2270752000 items=1
[01:54:23.580] [HOST] INFO: [med] SEND hand=1,1051391616 npc=0 blood=95.5 bleed=0.00 fl=98.3,100.0,69.6,-44.4 bd=1.7,0.0,30.4,144.4 flags=1 nparts=7 pmin=69.6 smin=0.0 ls=0,0,0,0
[01:54:23.976] [HOST] INFO: [inv] APPLY hand=0,2202,11111,2161,1860961920 items=1
[01:54:23.976] [HOST] INFO: [inv] APPLY hand=0,2202,11111,2162,3447997952 items=1
[01:54:23.976] [HOST] INFO: [inv] APPLY hand=0,2202,11111,2179,3048217856 items=1
[01:54:23.976] [HOST] INFO: [inv] APPLY hand=0,2202,11111,2180,227783200 items=0
[01:54:23.977] [HOST] INFO: [inv] APPLY hand=0,2202,11111,2181,3168212992 items=0
[01:54:23.982] [HOST] INFO: [med] SEND hand=1,1051391616 npc=0 blood=95.5 bleed=0.00 fl=98.3,100.0,69.6,-44.4 bd=1.7,0.0,30.4,144.4 flags=1 nparts=7 pmin=69.6 smin=0.0 ls=0,0,0,0
[01:54:24.056] [HOST] INFO: [census] sent n=47 radius=2000 mid=21
[01:54:24.145] [HOST] INFO: [interp] lerp=184355 extrap=73692 clamp=0 seg=793 single=56 snapSq=322 snapNpc=0 reissueSq=1519 reissueNpc=0 restFlip=0 delay=200 jit=134.6 starve=0 snapMid=0 restFlipMid=0
[01:54:24.145] [HOST] INFO: [interp] worstZero hand=1,2796875008 zero=792 active=4199 seg=82
[01:54:24.197] [HOST] INFO: [inv] APPLY hand=1,32,1617431680,1,2796875008 items=9
[01:54:24.372] [HOST] INFO: [inv] APPLY hand=0,2202,11111,2161,1860961920 items=1
[01:54:24.372] [HOST] INFO: [inv] APPLY hand=0,2202,11111,2179,3048217856 items=1
[01:54:24.372] [HOST] INFO: [inv] APPLY hand=0,2202,11111,2180,227783200 items=0
[01:54:24.444] [HOST] INFO: [stats] RECV hand=1,2041992192 ok=1 str=34.0 dex=48.6 tough=43.2 stealth=1.3 athl=38.4 xp=0
[01:54:24.538] [HOST] INFO: [inv] APPLY hand=0,2202,11111,2162,3447997952 items=1
[01:54:24.538] [HOST] INFO: [inv] APPLY hand=0,2202,11111,2181,3168212992 items=0
[01:54:24.767] [HOST] INFO: [cam] hints recv n=2 p1=-31753,10922 p2=-31844,10850
[01:54:24.788] [HOST] INFO: [ai] suspended=4 driven=4
[01:54:25.404] [HOST] INFO: [inv] APPLY hand=1,33,1114624000,2,1846801792 items=15
[01:54:25.769] [HOST] INFO: [stats] RECV hand=2,3921874944 ok=1 str=34.2 dex=24.2 tough=27.0 stealth=1.0 athl=40.0 xp=0
[01:54:25.786] [HOST] INFO: [cam] center=-31879.4,1741.2,10906.5
[01:54:26.150] [HOST] INFO: [fac] AFFECT-EV me='1084-gamedata.base' whom='200-gamedata.base' event=1 mult=0.000 after=-13.18 skipped=16
[01:54:26.163] [HOST] INFO: [med] SEND hand=5,1438354432 npc=0 blood=79.0 bleed=0.00 fl=100.0,100.0,37.6,30.8 bd=0.0,0.0,62.4,69.2 flags=1 nparts=7 pmin=4.4 smin=0.0 ls=0,0,0,0
[01:54:26.395] [HOST] INFO: [fac] AFFECT-EV me='200-gamedata.base' whom='1084-gamedata.base' event=0 mult=0.025 after=-6.23 skipped=10
[01:54:26.656] [HOST] INFO: [inv] APPLY hand=1,32,1617431680,2,3921874944 items=8
[01:54:26.928] [HOST] INFO: [inv] APPLY hand=1,33,1114624000,1,2041992192 items=15
[01:54:27.143] [HOST] INFO: [stats] RECV hand=2,1846801792 ok=1 str=42.0 dex=44.9 tough=44.5 stealth=1.4 athl=57.5 xp=0
[01:54:27.219] [HOST] INFO: [inv] APPLY hand=1,33,1114624000,2,1846801792 items=14
[01:54:27.359] [HOST] INFO: [stats] RECV hand=1,2796875008 ok=1 str=35.4 dex=30.6 tough=30.9 stealth=1.0 athl=47.7 xp=0
[01:54:27.361] [HOST] INFO: [inv] APPLY hand=0,2202,11111,2178,2270752000 items=1
[01:54:27.796] [HOST] INFO: [ai] suspended=4 driven=4
[01:54:27.924] [HOST] INFO: [inv] APPLY hand=0,2202,11111,2167,530395520 items=18
[01:54:27.925] [HOST] INFO: [inv] APPLY hand=0,2202,11111,2168,802856448 items=0
[01:54:28.392] [HOST] INFO: [inv] APPLY hand=0,2202,11111,2167,530395520 items=18
[01:54:28.392] [HOST] INFO: [inv] APPLY hand=0,2202,11111,2168,802856448 items=0
[01:54:28.483] [HOST] INFO: [inv] APPLY hand=0,2202,11111,2178,2270752000 items=1
[01:54:29.149] [HOST] INFO: [interp] lerp=186049 extrap=74626 clamp=0 seg=793 single=56 snapSq=322 snapNpc=0 reissueSq=1519 reissueNpc=0 restFlip=0 delay=200 jit=129.2 starve=0 snapMid=0 restFlipMid=0
[01:54:29.149] [HOST] INFO: [interp] worstZero hand=1,2796875008 zero=792 active=4199 seg=89
[01:54:29.267] [HOST] INFO: [inv] APPLY hand=0,2202,11111,2161,1860961920 items=1
[01:54:29.267] [HOST] INFO: [inv] APPLY hand=0,2202,11111,2162,3447997952 items=1
[01:54:29.267] [HOST] INFO: [inv] APPLY hand=0,2202,11111,2179,3048217856 items=1
[01:54:29.267] [HOST] INFO: [inv] APPLY hand=0,2202,11111,2180,227783200 items=0
[01:54:29.267] [HOST] INFO: [inv] APPLY hand=0,2202,11111,2181,3168212992 items=0
[01:54:29.267] [HOST] INFO: [inv] APPLY hand=1,32,1617431680,1,2796875008 items=9
[01:54:29.435] [HOST] INFO: [inv] APPLY hand=0,2202,11111,2161,1860961920 items=1
[01:54:29.435] [HOST] INFO: [inv] APPLY hand=0,2202,11111,2179,3048217856 items=1
[01:54:29.435] [HOST] INFO: [inv] APPLY hand=0,2202,11111,2180,227783200 items=0
[01:54:29.513] [HOST] INFO: [stats] RECV hand=1,2041992192 ok=1 str=34.0 dex=48.6 tough=43.2 stealth=1.3 athl=38.4 xp=0
[01:54:29.523] [HOST] INFO: [inv] APPLY hand=0,2202,11111,2162,3447997952 items=1
[01:54:29.523] [HOST] INFO: [inv] APPLY hand=0,2202,11111,2181,3168212992 items=0
[01:54:29.829] [HOST] INFO: [inv] APPLY hand=1,33,1114624000,2,1846801792 items=15
[01:54:29.990] [HOST] INFO: [stats] RECV hand=2,3921874944 ok=1 str=34.2 dex=24.2 tough=27.0 stealth=1.0 athl=40.0 xp=0
[01:54:30.390] [HOST] INFO: [cam] hints recv n=2 p1=-31742,10931 p2=-31844,10850
[01:54:30.780] [HOST] INFO: [cam] center=-31879.4,1779.0,10906.5
[01:54:30.797] [HOST] INFO: [ai] suspended=4 driven=4
[01:54:31.454] [HOST] INFO: [fac] AFFECT-EV me='1084-gamedata.base' whom='200-gamedata.base' event=1 mult=0.000 after=-13.19 skipped=5
[01:54:31.489] [HOST] INFO: [fac] AFFECT-EV me='200-gamedata.base' whom='1084-gamedata.base' event=0 mult=0.025 after=-6.30 skipped=11
[01:54:31.867] [HOST] INFO: [med] SEND hand=5,1438354432 npc=0 blood=79.3 bleed=0.00 fl=100.0,100.0,37.7,30.9 bd=0.0,0.0,62.3,69.1 flags=1 nparts=7 pmin=4.5 smin=0.0 ls=0,0,0,0
[01:54:31.896] [HOST] INFO: [inv] APPLY hand=1,33,1114624000,1,2041992192 items=15
[01:54:32.174] [HOST] INFO: [inv] APPLY hand=0,2202,11111,162,1678588928 items=0
[01:54:32.174] [HOST] INFO: [inv] APPLY hand=0,2202,11111,2178,2270752000 items=1
[01:54:32.174] [HOST] INFO: [inv] APPLY hand=1,32,1617431680,2,3921874944 items=8
[01:54:32.282] [HOST] INFO: [stats] RECV hand=2,1846801792 ok=1 str=42.0 dex=44.9 tough=44.5 stealth=1.4 athl=57.5 xp=0
[01:54:33.387] [HOST] INFO: [inv] APPLY hand=0,2202,11111,2167,530395520 items=18
[01:54:33.387] [HOST] INFO: [inv] APPLY hand=0,2202,11111,2168,802856448 items=0
[01:54:33.413] [HOST] INFO: [stats] RECV hand=1,2796875008 ok=1 str=35.4 dex=30.6 tough=30.9 stealth=1.0 athl=47.7 xp=0
[01:54:33.414] [HOST] INFO: [inv] APPLY hand=0,2202,11111,2167,530395520 items=18
[01:54:33.414] [HOST] INFO: [inv] APPLY hand=0,2202,11111,2168,802856448 items=0
[01:54:33.713] [HOST] INFO: [inv] APPLY hand=0,2202,11111,2178,2270752000 items=1
[01:54:33.805] [HOST] INFO: [ai] suspended=4 driven=4
[01:54:33.889] [HOST] INFO: [med] SEND hand=1,1051391616 npc=0 blood=95.5 bleed=0.00 fl=98.5,100.0,69.8,-44.2 bd=1.5,0.0,30.2,144.2 flags=1 nparts=7 pmin=69.8 smin=0.0 ls=0,0,0,0
[01:54:33.995] [HOST] INFO: [inv] APPLY hand=0,2202,11111,2161,1860961920 items=1
[01:54:33.996] [HOST] INFO: [inv] APPLY hand=0,2202,11111,2162,3447997952 items=1
[01:54:33.996] [HOST] INFO: [inv] APPLY hand=0,2202,11111,2179,3048217856 items=1
[01:54:33.996] [HOST] INFO: [inv] APPLY hand=0,2202,11111,2180,227783200 items=0
[01:54:33.996] [HOST] INFO: [inv] APPLY hand=0,2202,11111,2181,3168212992 items=0
[01:54:34.093] [HOST] INFO: [census] sent n=47 radius=2000 mid=16
[01:54:34.150] [HOST] INFO: [interp] lerp=187413 extrap=75510 clamp=0 seg=793 single=56 snapSq=322 snapNpc=0 reissueSq=1519 reissueNpc=0 restFlip=0 delay=200 jit=174.2 starve=0 snapMid=0 restFlipMid=0
[01:54:34.150] [HOST] INFO: [interp] worstZero hand=1,2796875008 zero=792 active=4199 seg=85
[01:54:34.191] [HOST] INFO: [inv] APPLY hand=1,32,1617431680,1,2796875008 items=9
[01:54:34.287] [HOST] INFO: [med] SEND hand=1,1051391616 npc=0 blood=95.5 bleed=0.00 fl=98.5,100.0,69.8,-44.2 bd=1.5,0.0,30.2,144.2 flags=1 nparts=7 pmin=69.8 smin=0.0 ls=0,0,0,0
[01:54:34.405] [HOST] INFO: [inv] APPLY hand=0,2202,11111,2161,1860961920 items=1
[01:54:34.405] [HOST] INFO: [inv] APPLY hand=0,2202,11111,2179,3048217856 items=1
[01:54:34.405] [HOST] INFO: [inv] APPLY hand=0,2202,11111,2180,227783200 items=0
[01:54:34.502] [HOST] INFO: [stats] RECV hand=1,2041992192 ok=1 str=34.0 dex=48.6 tough=43.2 stealth=1.3 athl=38.4 xp=0
[01:54:34.504] [HOST] INFO: [inv] APPLY hand=0,2202,11111,2162,3447997952 items=1
[01:54:34.504] [HOST] INFO: [inv] APPLY hand=0,2202,11111,2181,3168212992 items=0
[01:54:34.854] [HOST] INFO: [inv] APPLY hand=1,33,1114624000,2,1846801792 items=15
[01:54:35.122] [HOST] INFO: [stats] RECV hand=2,3921874944 ok=1 str=34.2 dex=24.2 tough=27.0 stealth=1.0 athl=40.0 xp=0
[01:54:35.595] [HOST] INFO: [fac] AFFECT-EV me='1305-gamedata.base' whom='1084-gamedata.base' event=0 mult=0.025 after=-9.76 skipped=23
[01:54:35.650] [HOST] INFO: [cam] hints recv n=2 p1=-31630,10929 p2=-31844,10850
[01:54:35.784] [HOST] INFO: [cam] center=-31879.4,1741.2,10906.5
[01:54:36.482] [HOST] INFO: [med] SEND hand=5,1438354432 npc=0 blood=79.5 bleed=0.00 fl=100.0,100.0,37.7,31.0 bd=0.0,0.0,62.3,69.0 flags=1 nparts=7 pmin=4.6 smin=0.0 ls=0,0,0,0
[01:54:36.720] [HOST] INFO: [inv] APPLY hand=1,32,1617431680,2,3921874944 items=8
[01:54:36.814] [HOST] INFO: [ai] suspended=4 driven=4
[01:54:36.939] [HOST] INFO: [fac] AFFECT-EV me='1084-gamedata.base' whom='200-gamedata.base' event=1 mult=0.000 after=-13.19 skipped=7
[01:54:37.086] [HOST] INFO: [inv] APPLY hand=1,33,1114624000,1,2041992192 items=15
[01:54:37.171] [HOST] INFO: [stats] RECV hand=2,1846801792 ok=1 str=42.0 dex=44.9 tough=44.5 stealth=1.4 athl=57.5 xp=0
[01:54:37.275] [HOST] INFO: [inv] APPLY hand=0,2202,11111,2178,2270752000 items=1
[01:54:37.336] [HOST] INFO: [fac] AFFECT-EV me='1084-gamedata.base' whom='1084-gamedata.base' event=8 mult=0.025 after=100.00 skipped=2
[01:54:37.379] [HOST] INFO: [fac] AFFECT-EV me='200-gamedata.base' whom='1084-gamedata.base' event=0 mult=0.025 after=-6.42 skipped=8
[01:54:37.753] [HOST] INFO: [med] SEND hand=5,1438354432 npc=0 blood=79.6 bleed=0.00 fl=100.0,100.0,37.8,31.0 bd=0.0,0.0,62.2,69.0 flags=1 nparts=7 pmin=4.6 smin=0.0 ls=0,0,0,0
[01:54:37.989] [HOST] INFO: [stats] RECV hand=1,2796875008 ok=1 str=35.4 dex=30.6 tough=30.9 stealth=1.0 athl=47.7 xp=0
[01:54:37.990] [HOST] INFO: [inv] APPLY hand=0,2202,11111,2050,3628662016 items=0
[01:54:37.990] [HOST] INFO: [inv] APPLY hand=0,2202,11111,2167,530395520 items=18
[01:54:37.990] [HOST] INFO: [inv] APPLY hand=0,2202,11111,2168,802856448 items=0
[01:54:37.990] [HOST] INFO: [inv] APPLY hand=1,33,1114624000,2,1846801792 items=12
[01:54:38.204] [HOST] INFO: [med] SEND hand=5,1438354432 npc=0 blood=79.6 bleed=0.00 fl=100.0,100.0,37.8,31.0 bd=0.0,0.0,62.2,69.0 flags=1 nparts=7 pmin=4.6 smin=0.0 ls=0,0,0,0
[01:54:38.444] [HOST] INFO: [inv] APPLY hand=0,2202,11111,2167,530395520 items=18
[01:54:38.444] [HOST] INFO: [inv] APPLY hand=0,2202,11111,2168,802856448 items=0
[01:54:38.498] [HOST] INFO: [inv] APPLY hand=0,2202,11111,2178,2270752000 items=1
[01:54:39.152] [HOST] INFO: [interp] lerp=189045 extrap=76342 clamp=0 seg=793 single=56 snapSq=322 snapNpc=0 reissueSq=1519 reissueNpc=0 restFlip=0 delay=200 jit=182.8 starve=0 snapMid=0 restFlipMid=0
[01:54:39.152] [HOST] INFO: [interp] worstZero hand=1,2796875008 zero=792 active=4199 seg=935
[01:54:39.188] [HOST] INFO: [inv] APPLY hand=0,2202,11111,2161,1860961920 items=1
[01:54:39.188] [HOST] INFO: [inv] APPLY hand=0,2202,11111,2162,3447997952 items=1
[01:54:39.188] [HOST] INFO: [inv] APPLY hand=0,2202,11111,2179,3048217856 items=1
[01:54:39.188] [HOST] INFO: [inv] APPLY hand=0,2202,11111,2180,227783200 items=0
[01:54:39.188] [HOST] INFO: [inv] APPLY hand=0,2202,11111,2181,3168212992 items=0
[01:54:39.254] [HOST] INFO: [inv] APPLY hand=1,32,1617431680,1,2796875008 items=9
[01:54:39.445] [HOST] INFO: [inv] APPLY hand=0,2202,11111,2161,1860961920 items=1
[01:54:39.445] [HOST] INFO: [inv] APPLY hand=0,2202,11111,2179,3048217856 items=1
[01:54:39.445] [HOST] INFO: [inv] APPLY hand=0,2202,11111,2180,227783200 items=0
[01:54:39.496] [HOST] INFO: [stats] RECV hand=1,2041992192 ok=1 str=34.0 dex=48.6 tough=43.2 stealth=1.3 athl=38.4 xp=0
[01:54:39.498] [HOST] INFO: [inv] APPLY hand=0,2202,11111,2162,3447997952 items=1
[01:54:39.498] [HOST] INFO: [inv] APPLY hand=0,2202,11111,2181,3168212992 items=0
[01:54:39.817] [HOST] INFO: [ai] suspended=4 driven=4
[01:54:40.567] [HOST] INFO: [stats] RECV hand=2,3921874944 ok=1 str=34.2 dex=24.2 tough=27.0 stealth=1.0 athl=40.0 xp=0
[01:54:40.785] [HOST] INFO: [cam] center=-31879.4,1806.9,10906.5
[01:54:40.831] [HOST] INFO: [cam] hints recv n=2 p1=-31642,10873 p2=-31844,10850
[01:54:41.948] [HOST] INFO: [inv] APPLY hand=1,33,1114624000,1,2041992192 items=15
[01:54:42.099] [HOST] INFO: [stats] RECV hand=2,1846801792 ok=1 str=42.0 dex=44.9 tough=44.5 stealth=1.4 athl=57.5 xp=0
[01:54:42.456] [HOST] INFO: [fac] AFFECT-EV me='1084-gamedata.base' whom='200-gamedata.base' event=1 mult=0.025 after=-13.19 skipped=7
[01:54:42.607] [HOST] INFO: [stats] RECV hand=1,2796875008 ok=1 str=35.4 dex=30.6 tough=30.9 stealth=1.0 athl=47.7 xp=0
[01:54:42.615] [HOST] INFO: [inv] APPLY hand=0,2202,11111,2178,2270752000 items=1
[01:54:42.615] [HOST] INFO: [inv] APPLY hand=1,32,1617431680,2,3921874944 items=8
[01:54:42.823] [HOST] INFO: [ai] suspended=4 driven=4
[01:54:42.932] [HOST] INFO: [fac] AFFECT-EV me='200-gamedata.base' whom='1084-gamedata.base' event=0 mult=0.025 after=-6.42 skipped=10
[01:54:43.032] [HOST] INFO: [inv] APPLY hand=1,33,1114624000,2,1846801792 items=12
[01:54:43.398] [HOST] INFO: [inv] APPLY hand=0,2202,11111,2167,530395520 items=18
[01:54:43.398] [HOST] INFO: [inv] APPLY hand=0,2202,11111,2168,802856448 items=0
[01:54:43.514] [HOST] INFO: [inv] APPLY hand=0,2202,11111,2178,2270752000 items=1
[01:54:43.866] [HOST] INFO: [inv] APPLY hand=0,2202,11111,2167,530395520 items=18
[01:54:43.866] [HOST] INFO: [inv] APPLY hand=0,2202,11111,2168,802856448 items=0
[01:54:43.887] [HOST] INFO: [med] SEND hand=1,1051391616 npc=0 blood=95.5 bleed=0.00 fl=98.7,100.0,70.0,-44.0 bd=1.3,0.0,30.0,144.0 flags=1 nparts=7 pmin=70.0 smin=0.0 ls=0,0,0,0
[01:54:44.137] [HOST] INFO: [census] sent n=47 radius=2000 mid=16
[01:54:44.158] [HOST] INFO: [interp] lerp=190819 extrap=77328 clamp=0 seg=793 single=56 snapSq=322 snapNpc=0 reissueSq=1519 reissueNpc=0 restFlip=0 delay=200 jit=168.7 starve=0 snapMid=0 restFlipMid=0
[01:54:44.158] [HOST] INFO: [interp] worstZero hand=1,2796875008 zero=792 active=4199 seg=1243
[01:54:44.289] [HOST] INFO: [med] SEND hand=1,1051391616 npc=0 blood=95.5 bleed=0.00 fl=98.7,100.0,70.0,-44.0 bd=1.3,0.0,30.0,144.0 flags=1 nparts=7 pmin=70.0 smin=0.0 ls=0,0,0,0
[01:54:44.437] [HOST] INFO: [inv] APPLY hand=0,2202,11111,2161,1860961920 items=1
[01:54:44.437] [HOST] INFO: [inv] APPLY hand=0,2202,11111,2179,3048217856 items=1
[01:54:44.437] [HOST] INFO: [inv] APPLY hand=0,2202,11111,2180,227783200 items=0
[01:54:44.500] [HOST] INFO: [stats] RECV hand=1,2041992192 ok=1 str=34.0 dex=48.6 tough=43.2 stealth=1.3 athl=38.4 xp=0
[01:54:44.501] [HOST] INFO: [inv] APPLY hand=0,2202,11111,2162,3447997952 items=1
[01:54:44.501] [HOST] INFO: [inv] APPLY hand=0,2202,11111,2181,3168212992 items=0
[01:54:44.609] [HOST] INFO: [med] SEND hand=5,1438354432 npc=0 blood=79.9 bleed=0.00 fl=100.0,100.0,37.9,31.1 bd=0.0,0.0,62.1,68.9 flags=1 nparts=7 pmin=4.7 smin=0.0 ls=0,0,0,0
[01:54:44.986] [HOST] INFO: [stats] RECV hand=2,3921874944 ok=1 str=34.2 dex=24.2 tough=27.0 stealth=1.0 athl=40.0 xp=0
[01:54:44.988] [HOST] INFO: [inv] APPLY hand=0,2202,11111,162,1678588928 items=0
[01:54:44.988] [HOST] INFO: [inv] APPLY hand=0,2202,11111,2161,1860961920 items=1
[01:54:44.988] [HOST] INFO: [inv] APPLY hand=0,2202,11111,2162,3447997952 items=1
[01:54:44.988] [HOST] INFO: [inv] APPLY hand=0,2202,11111,2179,3048217856 items=1
[01:54:44.988] [HOST] INFO: [inv] APPLY hand=0,2202,11111,2180,227783200 items=0
[01:54:44.988] [HOST] INFO: [inv] APPLY hand=0,2202,11111,2181,3168212992 items=0
[01:54:44.988] [HOST] INFO: [inv] APPLY hand=1,32,1617431680,1,2796875008 items=9
[01:54:45.786] [HOST] INFO: [cam] center=-31879.4,1741.2,10906.5
[01:54:45.830] [HOST] INFO: [ai] suspended=4 driven=4
[01:54:45.865] [HOST] INFO: [med] SEND hand=1,1051391616 npc=0 blood=95.5 bleed=0.00 fl=98.7,100.0,70.0,-44.0 bd=1.3,0.0,30.0,144.0 flags=1 nparts=7 pmin=70.0 smin=0.0 ls=0,0,0,0
[01:54:46.269] [HOST] INFO: [med] SEND hand=1,1051391616 npc=0 blood=95.5 bleed=0.00 fl=98.7,100.0,70.0,-44.0 bd=1.3,0.0,30.0,144.0 flags=1 nparts=7 pmin=70.0 smin=0.0 ls=0,0,0,0
[01:54:46.359] [HOST] INFO: [cam] hints recv n=2 p1=-31588,10977 p2=-31844,10850
[01:54:46.644] [HOST] INFO: [med] SEND hand=5,1438354432 npc=0 blood=80.0 bleed=0.00 fl=100.0,100.0,37.9,31.1 bd=0.0,0.0,62.1,68.9 flags=1 nparts=7 pmin=4.7 smin=0.0 ls=0,0,0,0
[01:54:47.079] [HOST] INFO: [inv] APPLY hand=1,33,1114624000,1,2041992192 items=15
[01:54:47.136] [HOST] INFO: [stats] RECV hand=2,1846801792 ok=1 str=42.0 dex=44.9 tough=44.5 stealth=1.4 athl=57.5 xp=0
[01:54:47.492] [HOST] INFO: [fac] AFFECT-EV me='1084-gamedata.base' whom='200-gamedata.base' event=1 mult=0.000 after=-13.44 skipped=8
[01:54:47.518] [HOST] INFO: [stats] RECV hand=1,2796875008 ok=1 str=35.4 dex=30.6 tough=30.9 stealth=1.0 athl=47.8 xp=0
[01:54:47.520] [HOST] INFO: [inv] APPLY hand=0,2202,11111,2178,2270752000 items=1
[01:54:47.520] [HOST] INFO: [inv] APPLY hand=1,32,1617431680,2,3921874944 items=8
[01:54:47.789] [HOST] INFO: [snap] squad hand=1,2796875008 name='Evan' gap=106.1 gate=84.3 srcVel=80.8 cSpeed=60.7 mult=1.00 slew=1.00 dest=1 skipped=0
[01:54:48.013] [HOST] INFO: [inv] APPLY hand=1,33,1114624000,2,1846801792 items=12
[01:54:48.108] [HOST] INFO: [fac] AFFECT-EV me='200-gamedata.base' whom='1084-gamedata.base' event=2 mult=0.025 after=-6.48 skipped=12
[01:54:48.397] [HOST] INFO: [inv] APPLY hand=0,2202,11111,2167,530395520 items=18
[01:54:48.397] [HOST] INFO: [inv] APPLY hand=0,2202,11111,2168,802856448 items=0
[01:54:48.526] [HOST] INFO: [inv] APPLY hand=0,2202,11111,2178,2270752000 items=1
[01:54:48.604] [HOST] INFO: [inv] APPLY hand=0,2202,11111,162,1678588928 items=0
[01:54:48.830] [HOST] INFO: [ai] suspended=4 driven=4
[01:54:49.167] [HOST] INFO: [interp] lerp=192309 extrap=78374 clamp=0 seg=845 single=56 snapSq=324 snapNpc=0 reissueSq=1525 reissueNpc=0 restFlip=0 delay=200 jit=182.3 starve=0 snapMid=0 restFlipMid=0
[01:54:49.167] [HOST] INFO: [interp] worstZero hand=1,2796875008 zero=938 active=4556 seg=270
[01:54:49.408] [HOST] INFO: [inv] APPLY hand=0,2202,11111,2161,1860961920 items=1
[01:54:49.408] [HOST] INFO: [inv] APPLY hand=0,2202,11111,2179,3048217856 items=1
[01:54:49.408] [HOST] INFO: [inv] APPLY hand=0,2202,11111,2180,227783200 items=0
[01:54:49.495] [HOST] INFO: [stats] RECV hand=1,2041992192 ok=1 str=34.0 dex=48.6 tough=43.2 stealth=1.3 athl=38.4 xp=0
[01:54:49.497] [HOST] INFO: [inv] APPLY hand=0,2202,11111,2162,3447997952 items=1
[01:54:49.497] [HOST] INFO: [inv] APPLY hand=0,2202,11111,2181,3168212992 items=0
[01:54:49.586] [HOST] INFO: [inv] APPLY hand=0,2202,11111,162,1678588928 items=0
[01:54:49.586] [HOST] INFO: [inv] APPLY hand=0,2202,11111,2050,3628662016 items=0
[01:54:49.586] [HOST] INFO: [inv] APPLY hand=0,2202,11111,2161,1860961920 items=1
[01:54:49.586] [HOST] INFO: [inv] APPLY hand=0,2202,11111,2162,3447997952 items=1
[01:54:49.586] [HOST] INFO: [inv] APPLY hand=0,2202,11111,2167,530395520 items=18
[01:54:49.586] [HOST] INFO: [inv] APPLY hand=0,2202,11111,2168,802856448 items=0
[01:54:49.586] [HOST] INFO: [inv] APPLY hand=0,2202,11111,2179,3048217856 items=1
[01:54:49.586] [HOST] INFO: [inv] APPLY hand=0,2202,11111,2180,227783200 items=0
[01:54:49.586] [HOST] INFO: [inv] APPLY hand=0,2202,11111,2181,3168212992 items=0
[01:54:49.586] [HOST] INFO: [inv] APPLY hand=1,32,1617431680,1,2796875008 items=9
[01:54:49.926] [HOST] INFO: [stats] RECV hand=2,3921874944 ok=1 str=34.2 dex=24.2 tough=27.0 stealth=1.0 athl=40.0 xp=0
[01:54:50.784] [HOST] INFO: [cam] center=-31879.4,1779.0,10906.5
[01:54:51.673] [HOST] INFO: [cam] hints recv n=2 p1=-31595,10741 p2=-31844,10850
[01:54:51.838] [HOST] INFO: [ai] suspended=4 driven=4
[01:54:51.912] [HOST] INFO: [inv] APPLY hand=1,33,1114624000,1,2041992192 items=15
[01:54:52.140] [HOST] INFO: [stats] RECV hand=2,1846801792 ok=1 str=42.0 dex=44.9 tough=44.5 stealth=1.4 athl=57.5 xp=0
[01:54:52.315] [HOST] INFO: [inv] APPLY hand=0,2202,11111,2178,2270752000 items=1
[01:54:52.315] [HOST] INFO: [inv] APPLY hand=1,32,1617431680,2,3921874944 items=8
[01:54:52.697] [HOST] INFO: [fac] AFFECT-EV me='1084-gamedata.base' whom='200-gamedata.base' event=1 mult=0.000 after=-13.44 skipped=6
[01:54:52.835] [HOST] INFO: [stats] RECV hand=1,2796875008 ok=1 str=35.4 dex=30.6 tough=30.9 stealth=1.0 athl=47.8 xp=0
[01:54:53.030] [HOST] INFO: [inv] APPLY hand=1,33,1114624000,2,1846801792 items=12
[01:54:53.060] [HOST] INFO: [med] SEND hand=5,1438354432 npc=0 blood=80.3 bleed=0.00 fl=100.0,100.0,38.0,31.2 bd=0.0,0.0,62.0,68.8 flags=1 nparts=7 pmin=4.8 smin=0.0 ls=0,0,0,0
[01:54:53.399] [HOST] INFO: [med] SEND hand=1,1051391616 npc=0 blood=95.5 bleed=0.00 fl=98.8,100.0,70.1,-43.9 bd=1.2,0.0,29.9,143.9 flags=1 nparts=7 pmin=70.1 smin=0.0 ls=0,0,0,0
[01:54:53.432] [HOST] INFO: [fac] AFFECT-EV me='200-gamedata.base' whom='1084-gamedata.base' event=0 mult=0.025 after=-6.55 skipped=5
[01:54:53.462] [HOST] INFO: [med] SEND hand=5,1438354432 npc=0 blood=80.3 bleed=0.00 fl=100.0,100.0,38.0,31.2 bd=0.0,0.0,62.0,68.8 flags=1 nparts=7 pmin=4.8 smin=0.0 ls=0,0,0,0
[01:54:53.483] [HOST] INFO: [inv] APPLY hand=0,2202,11111,2167,530395520 items=18
[01:54:53.483] [HOST] INFO: [inv] APPLY hand=0,2202,11111,2168,802856448 items=0
[01:54:53.584] [HOST] INFO: [inv] APPLY hand=0,2202,11111,162,1678588928 items=0
[01:54:53.584] [HOST] INFO: [inv] APPLY hand=0,2202,11111,2167,530395520 items=18
[01:54:53.584] [HOST] INFO: [inv] APPLY hand=0,2202,11111,2168,802856448 items=0
[01:54:53.584] [HOST] INFO: [inv] APPLY hand=0,2202,11111,2178,2270752000 items=1
[01:54:53.805] [HOST] INFO: [med] SEND hand=1,1051391616 npc=0 blood=95.5 bleed=0.00 fl=98.8,100.0,70.1,-43.9 bd=1.2,0.0,29.9,143.9 flags=1 nparts=7 pmin=70.1 smin=0.0 ls=0,0,0,0
[01:54:54.170] [HOST] INFO: [interp] lerp=193556 extrap=79256 clamp=0 seg=868 single=56 snapSq=324 snapNpc=0 reissueSq=1525 reissueNpc=0 restFlip=0 delay=200 jit=199.6 starve=0 snapMid=0 restFlipMid=0
[01:54:54.170] [HOST] INFO: [interp] worstZero hand=1,2796875008 zero=938 active=4603 seg=80
[01:54:54.170] [HOST] INFO: [census] sent n=47 radius=2000 mid=16
[01:54:54.414] [HOST] INFO: [inv] APPLY hand=0,2202,11111,2161,1860961920 items=1
[01:54:54.414] [HOST] INFO: [inv] APPLY hand=0,2202,11111,2179,3048217856 items=1
[01:54:54.414] [HOST] INFO: [inv] APPLY hand=0,2202,11111,2180,227783200 items=0
[01:54:54.468] [HOST] INFO: [stats] RECV hand=1,2041992192 ok=1 str=34.0 dex=48.6 tough=43.2 stealth=1.3 athl=38.4 xp=0
[01:54:54.469] [HOST] INFO: [inv] APPLY hand=0,2202,11111,2162,3447997952 items=1
[01:54:54.469] [HOST] INFO: [inv] APPLY hand=0,2202,11111,2181,3168212992 items=0
[01:54:54.847] [HOST] INFO: [ai] suspended=4 driven=4
[01:54:54.864] [HOST] INFO: [inv] APPLY hand=0,2202,11111,162,1678588928 items=0
[01:54:54.864] [HOST] INFO: [inv] APPLY hand=0,2202,11111,2161,1860961920 items=1
[01:54:54.864] [HOST] INFO: [inv] APPLY hand=0,2202,11111,2162,3447997952 items=1
[01:54:54.864] [HOST] INFO: [inv] APPLY hand=0,2202,11111,2179,3048217856 items=1
[01:54:54.864] [HOST] INFO: [inv] APPLY hand=0,2202,11111,2180,227783200 items=0
[01:54:54.864] [HOST] INFO: [inv] APPLY hand=0,2202,11111,2181,3168212992 items=0
[01:54:54.864] [HOST] INFO: [inv] APPLY hand=1,32,1617431680,1,2796875008 items=9
[01:54:55.122] [HOST] INFO: [stats] RECV hand=2,3921874944 ok=1 str=34.2 dex=24.2 tough=27.0 stealth=1.0 athl=40.0 xp=0
[01:54:55.461] [HOST] INFO: [inv] APPLY hand=0,2202,11111,2045,1231811584 items=1
[01:54:55.461] [HOST] INFO: [inv] APPLY hand=0,2202,11111,2050,3628662016 items=0
[01:54:55.783] [HOST] INFO: [cam] center=-31879.4,1741.2,10906.5
[01:54:56.032] [HOST] INFO: [inv] APPLY hand=0,2202,11111,2043,1412841856 items=1
[01:54:56.416] [HOST] INFO: [inv] SEND hand=0,2202,11111,2043,1412841856 kind=0 key=0,2202,11111,2043,1412841856 items=1 hash=3835578321
[01:54:56.416] [HOST] INFO: [inv] SEND hand=0,2202,11111,2044,298706048 kind=0 key=0,2202,11111,2044,298706048 items=1 hash=3835578321
[01:54:56.943] [HOST] INFO: [inv] APPLY hand=1,33,1114624000,1,2041992192 items=15
[01:54:56.977] [HOST] INFO: [med] SEND hand=5,1438354432 npc=0 blood=80.5 bleed=0.00 fl=100.0,100.0,38.1,31.3 bd=0.0,0.0,61.9,68.7 flags=1 nparts=7 pmin=4.9 smin=0.0 ls=0,0,0,0
[01:54:57.147] [HOST] INFO: [stats] RECV hand=2,1846801792 ok=1 str=42.0 dex=44.9 tough=44.5 stealth=1.4 athl=57.5 xp=0
[01:54:57.854] [HOST] INFO: [ai] suspended=4 driven=4
[01:54:58.036] [HOST] INFO: [inv] APPLY hand=1,33,1114624000,2,1846801792 items=12
[01:54:58.248] [HOST] INFO: [stats] RECV hand=1,2796875008 ok=1 str=35.4 dex=30.6 tough=30.9 stealth=1.0 athl=47.8 xp=0
[01:54:58.249] [HOST] INFO: [inv] APPLY hand=0,2202,11111,2044,298706048 items=1
[01:54:58.249] [HOST] INFO: [inv] APPLY hand=0,2202,11111,2167,530395520 items=18
[01:54:58.249] [HOST] INFO: [inv] APPLY hand=0,2202,11111,2168,802856448 items=0
[01:54:58.249] [HOST] INFO: [inv] APPLY hand=0,2202,11111,2178,2270752000 items=1
[01:54:58.249] [HOST] INFO: [inv] APPLY hand=1,32,1617431680,2,3921874944 items=8
[01:54:58.249] [HOST] INFO: [cam] hints recv n=2 p1=-31631,10696 p2=-31844,10850
[01:54:58.418] [HOST] INFO: [inv] APPLY hand=0,2202,11111,2167,530395520 items=18
[01:54:58.418] [HOST] INFO: [inv] APPLY hand=0,2202,11111,2168,802856448 items=0
[01:54:58.532] [HOST] INFO: [inv] APPLY hand=0,2202,11111,2178,2270752000 items=1
[01:54:58.612] [HOST] INFO: [inv] APPLY hand=0,2202,11111,162,1678588928 items=0
[01:54:58.912] [HOST] INFO: [fac] AFFECT-EV me='200-gamedata.base' whom='1084-gamedata.base' event=0 mult=0.025 after=-6.61 skipped=8
[01:54:59.172] [HOST] INFO: [interp] lerp=195068 extrap=80300 clamp=0 seg=868 single=56 snapSq=324 snapNpc=0 reissueSq=1525 reissueNpc=0 restFlip=0 delay=200 jit=154.4 starve=0 snapMid=0 restFlipMid=0
[01:54:59.172] [HOST] INFO: [interp] worstZero hand=1,2796875008 zero=938 active=4603 seg=1842
[01:54:59.442] [HOST] INFO: [inv] APPLY hand=0,2202,11111,2161,1860961920 items=1
[01:54:59.442] [HOST] INFO: [inv] APPLY hand=0,2202,11111,2179,3048217856 items=1
[01:54:59.442] [HOST] INFO: [inv] APPLY hand=0,2202,11111,2180,227783200 items=0
[01:54:59.523] [HOST] INFO: [stats] RECV hand=1,2041992192 ok=1 str=34.0 dex=48.6 tough=43.2 stealth=1.3 athl=38.4 xp=0
[01:54:59.524] [HOST] INFO: [inv] APPLY hand=0,2202,11111,2162,3447997952 items=1
[01:54:59.524] [HOST] INFO: [inv] APPLY hand=0,2202,11111,2181,3168212992 items=0
[01:55:00.044] [HOST] INFO: [fac] AFFECT-EV me='1084-gamedata.base' whom='200-gamedata.base' event=0 mult=0.000 after=-13.44 skipped=5
[01:55:00.078] [HOST] INFO: [stats] RECV hand=2,3921874944 ok=1 str=34.2 dex=24.2 tough=27.0 stealth=1.0 athl=40.0 xp=0
[01:55:00.079] [HOST] INFO: [inv] APPLY hand=0,2202,11111,162,1678588928 items=0
[01:55:00.079] [HOST] INFO: [inv] APPLY hand=0,2202,11111,2161,1860961920 items=1
[01:55:00.079] [HOST] INFO: [inv] APPLY hand=0,2202,11111,2162,3447997952 items=1
[01:55:00.079] [HOST] INFO: [inv] APPLY hand=0,2202,11111,2179,3048217856 items=1
[01:55:00.079] [HOST] INFO: [inv] APPLY hand=0,2202,11111,2180,227783200 items=0
[01:55:00.079] [HOST] INFO: [inv] APPLY hand=0,2202,11111,2181,3168212992 items=0
[01:55:00.079] [HOST] INFO: [inv] APPLY hand=1,32,1617431680,1,2796875008 items=9
[01:55:00.781] [HOST] INFO: [cam] center=-31879.3,1806.9,10906.2
[01:55:00.860] [HOST] INFO: [ai] suspended=4 driven=4
[01:55:01.888] [HOST] INFO: [inv] APPLY hand=0,2202,11111,2045,1231811584 items=1
[01:55:01.888] [HOST] INFO: [inv] APPLY hand=1,32,1617431680,2,3921874944 items=8
[01:55:01.903] [HOST] INFO: [inv] APPLY hand=1,33,1114624000,1,2041992192 items=15
[01:55:02.005] [HOST] INFO: [fac] AFFECT-EV me='1084-gamedata.base' whom='1084-gamedata.base' event=8 mult=0.025 after=100.00 skipped=1
[01:55:02.251] [HOST] INFO: [stats] RECV hand=2,1846801792 ok=1 str=42.0 dex=44.9 tough=44.5 stealth=1.4 athl=57.5 xp=0
[01:55:03.029] [HOST] INFO: [inv] APPLY hand=1,33,1114624000,2,1846801792 items=12
[01:55:03.113] [HOST] INFO: [stats] RECV hand=1,2796875008 ok=1 str=35.4 dex=30.6 tough=30.9 stealth=1.0 athl=47.8 xp=0
[01:55:03.114] [HOST] INFO: [inv] APPLY hand=0,2202,11111,2178,2270752000 items=1
[01:55:03.260] [HOST] INFO: [cam] hints recv n=2 p1=-31658,10806 p2=-31720,11007
[01:55:03.583] [HOST] INFO: [inv] APPLY hand=0,2202,11111,162,1678588928 items=0
[01:55:03.744] [HOST] INFO: [med] SEND hand=1,1051391616 npc=0 blood=95.5 bleed=0.00 fl=99.0,100.0,70.3,-43.7 bd=1.0,0.0,29.7,143.7 flags=1 nparts=7 pmin=70.3 smin=0.0 ls=0,0,0,0
[01:55:03.769] [HOST] INFO: [inv] APPLY hand=0,2202,11111,2043,1412841856 items=1
[01:55:03.769] [HOST] INFO: [inv] APPLY hand=0,2202,11111,2050,3628662016 items=0
[01:55:03.862] [HOST] INFO: [ai] suspended=4 driven=4
[01:55:03.985] [HOST] INFO: [fac] AFFECT-EV me='200-gamedata.base' whom='1084-gamedata.base' event=0 mult=0.025 after=-6.61 skipped=9
[01:55:04.174] [HOST] INFO: [interp] lerp=196496 extrap=81580 clamp=0 seg=868 single=56 snapSq=324 snapNpc=0 reissueSq=1596 reissueNpc=0 restFlip=0 delay=200 jit=190.4 starve=0 snapMid=0 restFlipMid=0
[01:55:04.174] [HOST] INFO: [interp] worstZero hand=1,2796875008 zero=938 active=4603 seg=66
[01:55:04.212] [HOST] INFO: [census] sent n=47 radius=2000 mid=17
[01:55:04.506] [HOST] INFO: [stats] RECV hand=1,2041992192 ok=1 str=34.0 dex=48.6 tough=43.2 stealth=1.3 athl=38.4 xp=0
[01:55:04.507] [HOST] INFO: [inv] APPLY hand=0,2202,11111,2162,3447997952 items=1
[01:55:04.507] [HOST] INFO: [inv] APPLY hand=0,2202,11111,2181,3168212992 items=0
[01:55:04.678] [HOST] INFO: [med] SEND hand=5,1438354432 npc=0 blood=80.9 bleed=0.00 fl=100.0,100.0,38.2,31.4 bd=0.0,0.0,61.8,68.6 flags=1 nparts=7 pmin=5.0 smin=0.0 ls=0,0,0,0
[01:55:05.424] [HOST] INFO: [stats] RECV hand=2,3921874944 ok=1 str=34.2 dex=24.2 tough=27.0 stealth=1.0 athl=40.0 xp=0
[01:55:05.426] [HOST] INFO: [inv] APPLY hand=0,2202,11111,162,1678588928 items=0
[01:55:05.426] [HOST] INFO: [inv] APPLY hand=0,2202,11111,2044,298706048 items=1
[01:55:05.426] [HOST] INFO: [inv] APPLY hand=0,2202,11111,2162,3447997952 items=1
[01:55:05.426] [HOST] INFO: [inv] APPLY hand=0,2202,11111,2181,3168212992 items=0
[01:55:05.426] [HOST] INFO: [inv] APPLY hand=1,32,1617431680,1,2796875008 items=9
[01:55:05.786] [HOST] INFO: [cam] center=-31736.1,1807.8,11004.6
[01:55:06.688] [HOST] INFO: [inv] APPLY hand=1,32,1617431680,2,3921874944 items=8
[01:55:06.857] [HOST] INFO: [inv] APPLY hand=1,33,1114624000,1,2041992192 items=15
[01:55:06.865] [HOST] INFO: [ai] suspended=4 driven=4
[01:55:07.139] [HOST] INFO: [fac] AFFECT-EV me='1084-gamedata.base' whom='1084-gamedata.base' event=8 mult=0.025 after=100.00 skipped=33
[01:55:07.149] [HOST] INFO: [med] SEND hand=5,1438354432 npc=0 blood=81.0 bleed=0.00 fl=100.0,100.0,38.2,31.4 bd=0.0,0.0,61.8,68.6 flags=1 nparts=7 pmin=5.0 smin=0.0 ls=0,0,0,0
[01:55:07.172] [HOST] INFO: [stats] RECV hand=2,1846801792 ok=1 str=42.0 dex=44.9 tough=44.5 stealth=1.4 athl=57.6 xp=0
[01:55:07.419] [HOST] INFO: [stats] RECV hand=1,2796875008 ok=1 str=35.4 dex=30.6 tough=30.9 stealth=1.0 athl=47.8 xp=0
[01:55:08.121] [HOST] INFO: [inv] APPLY hand=1,33,1114624000,2,1846801792 items=12
[01:55:08.127] [HOST] INFO: [speed] REQ RECV owner=1 mult=5.00 paused=0 combat=0
[01:55:08.589] [HOST] INFO: [inv] APPLY hand=0,2202,11111,162,1678588928 items=0
[01:55:08.731] [HOST] INFO: [cam] hints recv n=2 p1=-31711,10753 p2=-31734,10967
[01:55:08.772] [HOST] INFO: [inv] APPLY hand=0,2202,11111,2043,1412841856 items=1
[01:55:08.772] [HOST] INFO: [inv] APPLY hand=0,2202,11111,2050,3628662016 items=0
[01:55:09.178] [HOST] INFO: [interp] lerp=198350 extrap=82434 clamp=0 seg=868 single=56 snapSq=324 snapNpc=0 reissueSq=1607 reissueNpc=0 restFlip=0 delay=200 jit=153.0 starve=0 snapMid=0 restFlipMid=0
[01:55:09.178] [HOST] INFO: [interp] worstZero hand=1,2796875008 zero=938 active=4603 seg=63
[01:55:09.363] [HOST] INFO: [inv] APPLY hand=0,2202,11111,162,1678588928 items=0
[01:55:09.363] [HOST] INFO: [inv] APPLY hand=1,32,1617431680,1,2796875008 items=9
[01:55:09.698] [HOST] INFO: [stats] RECV hand=1,2041992192 ok=1 str=34.0 dex=48.6 tough=43.2 stealth=1.3 athl=38.4 xp=0
[01:55:09.870] [HOST] INFO: [ai] suspended=4 driven=4
[01:55:10.396] [HOST] INFO: [stats] RECV hand=2,3921874944 ok=1 str=34.2 dex=24.2 tough=27.0 stealth=1.0 athl=40.0 xp=0
[01:55:10.552] [HOST] INFO: [med] SEND hand=5,1438354432 npc=0 blood=81.2 bleed=0.00 fl=100.0,100.0,38.3,31.5 bd=0.0,0.0,61.7,68.5 flags=1 nparts=7 pmin=5.1 smin=0.0 ls=0,0,0,0
[01:55:10.786] [HOST] INFO: [cam] center=-31736.1,1791.4,11004.6
[01:55:10.995] [HOST] INFO: [med] SEND hand=5,1438354432 npc=0 blood=81.2 bleed=0.00 fl=100.0,100.0,38.3,31.5 bd=0.0,0.0,61.7,68.5 flags=1 nparts=7 pmin=5.1 smin=0.0 ls=0,0,0,0
[01:55:11.684] [HOST] INFO: [carry] RECV DROP id=3 carrier=1,2041992192 carried=1,1051391616 ok=1
[01:55:11.684] [HOST] INFO: [event] RECV id=3 ev=7 owner=2 hand=1,1,912109376,1,1051391616 actor=1,2041992192
[01:55:11.913] [HOST] INFO: [inv] APPLY hand=1,33,1114624000,1,2041992192 items=15
[01:55:12.130] [HOST] INFO: [stats] RECV hand=2,1846801792 ok=1 str=42.0 dex=44.9 tough=44.5 stealth=1.4 athl=57.6 xp=0
[01:55:12.234] [HOST] INFO: [inv] APPLY hand=1,32,1617431680,2,3921874944 items=8
[01:55:12.282] [HOST] INFO: [fac] AFFECT-EV me='1084-gamedata.base' whom='1084-gamedata.base' event=8 mult=0.025 after=100.00 skipped=27
[01:55:12.749] [HOST] INFO: [stats] RECV hand=1,2796875008 ok=1 str=35.4 dex=30.6 tough=30.9 stealth=1.0 athl=47.8 xp=0
[01:55:12.871] [HOST] INFO: [ai] suspended=4 driven=4
[01:55:13.173] [HOST] INFO: [inv] APPLY hand=1,33,1114624000,2,1846801792 items=12
[01:55:13.331] [HOST] INFO: [stats] RECV hand=2,3921874944 ok=1 str=34.2 dex=24.2 tough=27.0 stealth=1.0 athl=40.0 xp=0
[01:55:13.545] [HOST] INFO: [inv] APPLY hand=0,2202,11111,162,1678588928 items=0
[01:55:13.645] [HOST] INFO: [speed] REQ RECV owner=1 mult=2.00 paused=0 combat=0
[01:55:13.700] [HOST] INFO: [med] SEND hand=1,1051391616 npc=0 blood=95.5 bleed=0.00 fl=99.2,100.0,70.5,-43.5 bd=0.8,0.0,29.5,143.5 flags=1 nparts=7 pmin=70.5 smin=0.0 ls=0,0,0,0
[01:55:13.794] [HOST] INFO: [cam] hints recv n=2 p1=-31729,10972 p2=-31734,10967
[01:55:14.106] [HOST] INFO: [med] SEND hand=1,1051391616 npc=0 blood=95.5 bleed=0.00 fl=99.2,100.0,70.5,-43.5 bd=0.8,0.0,29.5,143.5 flags=1 nparts=7 pmin=70.5 smin=0.0 ls=0,0,0,0
[01:55:14.183] [HOST] INFO: [interp] lerp=199966 extrap=83110 clamp=0 seg=868 single=56 snapSq=324 snapNpc=0 reissueSq=1636 reissueNpc=0 restFlip=0 delay=200 jit=143.2 starve=0 snapMid=0 restFlipMid=0
[01:55:14.183] [HOST] INFO: [interp] worstZero hand=1,2796875008 zero=939 active=4772 seg=61
[01:55:14.256] [HOST] INFO: [census] sent n=47 radius=2000 mid=24
[01:55:14.514] [HOST] INFO: [stats] RECV hand=1,2041992192 ok=1 str=34.0 dex=48.6 tough=43.2 stealth=1.3 athl=38.4 xp=0
[01:55:15.756] [HOST] INFO: [med] SEND hand=1,1051391616 npc=0 blood=95.5 bleed=0.00 fl=99.2,100.0,70.5,-43.5 bd=0.8,0.0,29.5,143.5 flags=1 nparts=7 pmin=70.5 smin=0.0 ls=0,0,0,0
[01:55:15.786] [HOST] INFO: [cam] center=-31735.8,1743.4,11000.7
[01:55:15.866] [HOST] INFO: [speed] REQ RECV owner=2 mult=5.00 paused=0 combat=0
[01:55:15.876] [HOST] INFO: [ai] suspended=4 driven=4
[01:55:16.159] [HOST] INFO: [med] SEND hand=1,1051391616 npc=0 blood=95.5 bleed=0.00 fl=99.2,100.0,70.5,-43.5 bd=0.8,0.0,29.5,143.5 flags=1 nparts=7 pmin=70.5 smin=0.0 ls=0,0,0,0
[01:55:16.478] [HOST] INFO: [inv] APPLY hand=0,2202,11111,162,1678588928 items=0
[01:55:16.478] [HOST] INFO: [inv] APPLY hand=1,32,1617431680,1,2796875008 items=9
[01:55:16.675] [HOST] INFO: [inv] APPLY hand=1,32,1617431680,2,3921874944 items=8
[01:55:17.014] [HOST] INFO: [inv] APPLY hand=1,33,1114624000,1,2041992192 items=15
[01:55:17.164] [HOST] INFO: [stats] RECV hand=2,1846801792 ok=1 str=42.0 dex=44.9 tough=44.5 stealth=1.4 athl=57.6 xp=0
[01:55:17.301] [HOST] INFO: [fac] AFFECT-EV me='1084-gamedata.base' whom='1084-gamedata.base' event=8 mult=0.025 after=100.00 skipped=25
[01:55:17.395] [HOST] INFO: [med] SEND hand=5,1438354432 npc=0 blood=81.5 bleed=0.00 fl=100.0,100.0,38.4,31.6 bd=0.0,0.0,61.6,68.4 flags=1 nparts=7 pmin=5.2 smin=0.0 ls=0,0,0,0
[01:55:17.798] [HOST] INFO: [med] SEND hand=5,1438354432 npc=0 blood=81.5 bleed=0.00 fl=100.0,100.0,38.4,31.6 bd=0.0,0.0,61.6,68.4 flags=1 nparts=7 pmin=5.2 smin=0.0 ls=0,0,0,0
[01:55:17.798] [HOST] INFO: [stats] RECV hand=1,2796875008 ok=1 str=35.4 dex=30.6 tough=30.9 stealth=1.0 athl=47.8 xp=0
[01:55:17.798] [HOST] INFO: [speed] REQ RECV owner=1 mult=5.00 paused=0 combat=0
[01:55:18.084] [HOST] INFO: [inv] APPLY hand=1,33,1114624000,2,1846801792 items=12
[01:55:18.328] [HOST] INFO: [stats] RECV hand=2,3921874944 ok=1 str=34.2 dex=24.2 tough=27.0 stealth=1.0 athl=40.1 xp=0
[01:55:18.653] [HOST] INFO: [inv] APPLY hand=0,2202,11111,162,1678588928 items=0
[01:55:18.870] [HOST] INFO: [cam] hints recv n=2 p1=-31704,11049 p2=-31734,10967
[01:55:18.878] [HOST] INFO: [ai] suspended=4 driven=4
[01:55:19.190] [HOST] INFO: [interp] lerp=201342 extrap=83832 clamp=0 seg=868 single=56 snapSq=324 snapNpc=0 reissueSq=1636 reissueNpc=0 restFlip=0 delay=200 jit=124.9 starve=0 snapMid=0 restFlipMid=0
[01:55:19.190] [HOST] INFO: [interp] worstZero hand=1,2796875008 zero=939 active=4772 seg=79
[01:55:19.468] [HOST] INFO: [stats] RECV hand=1,2041992192 ok=1 str=34.0 dex=48.6 tough=43.2 stealth=1.3 athl=38.4 xp=0
[01:55:19.485] [HOST] INFO: [inv] APPLY hand=0,2202,11111,162,1678588928 items=0
[01:55:19.485] [HOST] INFO: [inv] APPLY hand=1,32,1617431680,1,2796875008 items=9
[01:55:20.786] [HOST] INFO: [cam] center=-31735.8,1798.8,11000.7
[01:55:21.881] [HOST] INFO: [ai] suspended=4 driven=4
[01:55:21.950] [HOST] INFO: [inv] APPLY hand=1,33,1114624000,1,2041992192 items=15
[01:55:22.164] [HOST] INFO: [stats] RECV hand=2,1846801792 ok=1 str=42.0 dex=44.9 tough=44.5 stealth=1.4 athl=57.6 xp=0
[01:55:22.327] [HOST] INFO: [fac] AFFECT-EV me='1084-gamedata.base' whom='1084-gamedata.base' event=8 mult=0.025 after=100.00 skipped=25
[01:55:22.614] [HOST] INFO: [stats] RECV hand=1,2796875008 ok=1 str=35.4 dex=30.6 tough=30.9 stealth=1.0 athl=47.8 xp=0
[01:55:22.616] [HOST] INFO: [inv] APPLY hand=1,32,1617431680,2,3921874944 items=8
[01:55:23.031] [HOST] INFO: [inv] APPLY hand=1,33,1114624000,2,1846801792 items=12
[01:55:23.188] [HOST] INFO: [med] SEND hand=1,1051391616 npc=0 blood=95.5 bleed=0.00 fl=99.3,100.0,70.6,-43.4 bd=0.7,0.0,29.4,143.4 flags=1 nparts=7 pmin=70.6 smin=0.0 ls=0,0,0,0
[01:55:23.395] [HOST] INFO: [stats] RECV hand=2,3921874944 ok=1 str=34.2 dex=24.2 tough=27.0 stealth=1.0 athl=40.1 xp=0
[01:55:23.595] [HOST] INFO: [med] SEND hand=1,1051391616 npc=0 blood=95.5 bleed=0.00 fl=99.3,100.0,70.6,-43.4 bd=0.7,0.0,29.4,143.4 flags=1 nparts=7 pmin=70.6 smin=0.0 ls=0,0,0,0
[01:55:23.846] [HOST] INFO: [inv] APPLY hand=0,2202,11111,162,1678588928 items=0
[01:55:24.178] [HOST] INFO: [fac] AFFECT-EV me='1084-gamedata.base' whom='200-gamedata.base' event=1 mult=0.025 after=-13.44 skipped=4
[01:55:24.198] [HOST] INFO: [interp] lerp=202894 extrap=84804 clamp=0 seg=868 single=56 snapSq=324 snapNpc=0 reissueSq=1636 reissueNpc=0 restFlip=0 delay=200 jit=134.1 starve=0 snapMid=0 restFlipMid=0
[01:55:24.198] [HOST] INFO: [interp] worstZero hand=1,2796875008 zero=939 active=4772 seg=57
[01:55:24.288] [HOST] INFO: [census] sent n=47 radius=2000 mid=25
[01:55:24.420] [HOST] INFO: [inv] APPLY hand=0,2202,11111,162,1678588928 items=0
[01:55:24.420] [HOST] INFO: [inv] APPLY hand=1,32,1617431680,1,2796875008 items=9
[01:55:24.420] [HOST] INFO: [cam] hints recv n=2 p1=-31706,11044 p2=-31751,10981
[01:55:24.813] [HOST] INFO: [stats] RECV hand=1,2041992192 ok=1 str=34.0 dex=48.6 tough=43.2 stealth=1.3 athl=38.4 xp=0
[01:55:24.881] [HOST] INFO: [ai] suspended=4 driven=4
[01:55:25.687] [HOST] INFO: [med] SEND hand=5,1438354432 npc=0 blood=81.9 bleed=0.00 fl=100.0,100.0,38.5,31.7 bd=0.0,0.0,61.5,68.3 flags=1 nparts=7 pmin=5.3 smin=0.0 ls=0,0,0,0
[01:55:25.787] [HOST] INFO: [cam] center=-31735.8,1793.3,11000.7
[01:55:26.092] [HOST] INFO: [med] SEND hand=5,1438354432 npc=0 blood=81.9 bleed=0.00 fl=100.0,100.0,38.5,31.7 bd=0.0,0.0,61.5,68.3 flags=1 nparts=7 pmin=5.3 smin=0.0 ls=0,0,0,0
[01:55:26.933] [HOST] INFO: [inv] APPLY hand=1,33,1114624000,1,2041992192 items=15
[01:55:27.109] [HOST] INFO: [inv] APPLY hand=1,32,1617431680,2,3921874944 items=8
[01:55:27.241] [HOST] INFO: [speed] REQ mult=5.00 paused=0 combat=0
[01:55:27.241] [HOST] INFO: [speed] SET mult=5.00 paused=0 combat=0 (my=5.00 p1=5.00 p2=5.00)
[01:55:27.263] [HOST] INFO: [stats] RECV hand=2,1846801792 ok=1 str=42.0 dex=44.9 tough=44.5 stealth=1.4 athl=57.6 xp=0
[01:55:27.315] [HOST] INFO: [med] SEND hand=5,1438354432 npc=0 blood=82.0 bleed=0.00 fl=100.0,100.0,38.5,31.8 bd=0.0,0.0,61.5,68.2 flags=1 nparts=7 pmin=5.4 smin=0.0 ls=0,0,0,0
[01:55:27.413] [HOST] INFO: [fac] AFFECT-EV me='1084-gamedata.base' whom='1084-gamedata.base' event=8 mult=0.025 after=100.00 skipped=26
[01:55:27.422] [HOST] INFO: [stats] RECV hand=1,2796875008 ok=1 str=35.4 dex=30.6 tough=30.9 stealth=1.0 athl=47.8 xp=0
[01:55:27.885] [HOST] INFO: [ai] suspended=4 driven=4
[01:55:28.188] [HOST] INFO: [inv] APPLY hand=1,33,1114624000,2,1846801792 items=12
[01:55:28.513] [HOST] INFO: [med] SEND hand=1,1051391616 npc=0 blood=95.5 bleed=0.00 fl=99.5,100.0,70.8,-43.2 bd=0.5,0.0,29.2,143.2 flags=1 nparts=7 pmin=70.8 smin=0.0 ls=0,0,0,0
[01:55:28.580] [HOST] INFO: [inv] APPLY hand=0,2202,11111,162,1678588928 items=0
[01:55:29.189] [HOST] INFO: [fac] AFFECT-EV me='200-gamedata.base' whom='1084-gamedata.base' event=0 mult=0.025 after=-6.61 skipped=1
[01:55:29.206] [HOST] INFO: [interp] lerp=204506 extrap=85720 clamp=0 seg=868 single=56 snapSq=324 snapNpc=0 reissueSq=1636 reissueNpc=0 restFlip=0 delay=200 jit=144.3 starve=0 snapMid=0 restFlipMid=0
[01:55:29.206] [HOST] INFO: [interp] worstZero hand=1,2796875008 zero=939 active=4772 seg=315
[01:55:29.257] [HOST] INFO: [med] SEND hand=5,1438354432 npc=0 blood=82.5 bleed=0.00 fl=100.0,100.0,38.7,31.9 bd=0.0,0.0,61.3,68.1 flags=1 nparts=7 pmin=5.5 smin=0.0 ls=0,0,0,0
[01:55:29.459] [HOST] INFO: [stats] RECV hand=1,2041992192 ok=1 str=34.0 dex=48.6 tough=43.2 stealth=1.3 athl=38.4 xp=0
[01:55:29.657] [HOST] INFO: [med] SEND hand=5,1438354432 npc=0 blood=82.6 bleed=0.00 fl=100.0,100.0,38.7,31.9 bd=0.0,0.0,61.3,68.1 flags=1 nparts=7 pmin=5.5 smin=0.0 ls=0,0,0,0
[01:55:29.657] [HOST] INFO: [stats] RECV hand=2,3921874944 ok=1 str=34.2 dex=24.2 tough=27.0 stealth=1.0 athl=40.1 xp=0
[01:55:29.658] [HOST] INFO: [inv] APPLY hand=0,2202,11111,162,1678588928 items=0
[01:55:29.659] [HOST] INFO: [inv] APPLY hand=1,32,1617431680,1,2796875008 items=9
[01:55:29.659] [HOST] INFO: [cam] hints recv n=2 p1=-31676,11014 p2=-32358,11459
[01:55:29.843] [HOST] INFO: [fac] AFFECT-EV me='1084-gamedata.base' whom='200-gamedata.base' event=1 mult=0.025 after=-13.44 skipped=1
[01:55:30.052] [HOST] INFO: [fac] AFFECT-EV me='1305-gamedata.base' whom='200-gamedata.base' event=1 mult=0.025 after=-43.58 skipped=3
[01:55:30.418] [HOST] INFO: [med] SEND hand=5,1438354432 npc=0 blood=82.8 bleed=0.00 fl=100.0,100.0,38.8,32.0 bd=0.0,0.0,61.2,68.0 flags=1 nparts=7 pmin=5.6 smin=0.0 ls=0,0,0,0
[01:55:30.446] [HOST] INFO: [med] SEND hand=1,1051391616 npc=0 blood=95.5 bleed=0.00 fl=99.7,100.0,71.0,-43.0 bd=0.3,0.0,29.0,143.0 flags=1 nparts=7 pmin=71.0 smin=0.0 ls=0,0,0,0
[01:55:30.786] [HOST] INFO: [cam] center=-31735.8,1743.4,11000.7
[01:55:30.820] [HOST] INFO: [med] SEND hand=5,1438354432 npc=0 blood=82.9 bleed=0.00 fl=100.0,100.0,38.8,32.0 bd=0.0,0.0,61.2,68.0 flags=1 nparts=7 pmin=5.6 smin=0.0 ls=0,0,0,0
[01:55:30.849] [HOST] INFO: [med] SEND hand=1,1051391616 npc=0 blood=95.5 bleed=0.00 fl=99.7,100.0,71.0,-43.0 bd=0.3,0.0,29.0,143.0 flags=1 nparts=7 pmin=71.0 smin=0.0 ls=0,0,0,0
[01:55:30.886] [HOST] INFO: [ai] suspended=4 driven=4
[01:55:31.252] [HOST] INFO: [med] SEND hand=1,1051391616 npc=0 blood=95.5 bleed=0.00 fl=99.7,100.0,71.0,-43.0 bd=0.3,0.0,29.0,143.0 flags=1 nparts=7 pmin=71.0 smin=0.0 ls=0,0,0,0
[01:55:31.345] [HOST] INFO: [med] SEND hand=5,1438354432 npc=0 blood=83.0 bleed=0.00 fl=100.0,100.0,38.8,32.1 bd=0.0,0.0,61.2,67.9 flags=1 nparts=7 pmin=5.7 smin=0.0 ls=0,0,0,0
[01:55:31.750] [HOST] INFO: [med] SEND hand=5,1438354432 npc=0 blood=83.1 bleed=0.00 fl=100.0,100.0,38.9,32.1 bd=0.0,0.0,61.1,67.9 flags=1 nparts=7 pmin=5.7 smin=0.0 ls=0,0,0,0
[01:55:31.794] [HOST] INFO: [inv] APPLY hand=1,32,1617431680,2,3921874944 items=8
[01:55:32.295] [HOST] INFO: [med] SEND hand=1,1051391616 npc=0 blood=95.5 bleed=0.00 fl=99.8,100.0,71.1,-42.9 bd=0.2,0.0,28.9,142.9 flags=1 nparts=7 pmin=71.1 smin=0.0 ls=0,0,0,0
[01:55:32.374] [HOST] INFO: [stats] RECV hand=2,1846801792 ok=1 str=42.0 dex=44.9 tough=44.5 stealth=1.4 athl=57.6 xp=0
[01:55:32.376] [HOST] INFO: [inv] APPLY hand=1,33,1114624000,1,2041992192 items=15
[01:55:32.627] [HOST] INFO: [stats] RECV hand=1,2796875008 ok=1 str=35.4 dex=30.6 tough=30.9 stealth=1.0 athl=47.8 xp=0
[01:55:33.023] [HOST] INFO: [inv] APPLY hand=1,33,1114624000,2,1846801792 items=12
[01:55:33.359] [HOST] INFO: [med] SEND hand=5,1438354432 npc=0 blood=83.5 bleed=0.00 fl=100.0,100.0,39.0,32.2 bd=0.0,0.0,61.0,67.8 flags=1 nparts=7 pmin=5.8 smin=0.0 ls=0,0,0,0
[01:55:33.558] [HOST] INFO: [inv] APPLY hand=0,2202,11111,162,1678588928 items=0
[01:55:33.761] [HOST] INFO: [med] SEND hand=5,1438354432 npc=0 blood=83.6 bleed=0.00 fl=100.0,100.0,39.0,32.3 bd=0.0,0.0,61.0,67.7 flags=1 nparts=7 pmin=5.9 smin=0.0 ls=0,0,0,0
[01:55:33.822] [HOST] INFO: [stats] RECV hand=2,3921874944 ok=1 str=34.2 dex=24.2 tough=27.0 stealth=1.0 athl=40.1 xp=0
[01:55:33.890] [HOST] INFO: [ai] suspended=4 driven=4
[01:55:34.054] [HOST] INFO: [fac] AFFECT-EV me='1084-gamedata.base' whom='1305-gamedata.base' event=1 mult=0.025 after=-10.16 skipped=0
[01:55:34.182] [HOST] INFO: [med] SEND hand=1,1051391616 npc=0 blood=95.5 bleed=0.00 fl=100.0,100.0,71.3,-42.7 bd=0.0,0.0,28.7,142.7 flags=1 nparts=7 pmin=71.3 smin=0.0 ls=0,0,0,0
[01:55:34.196] [HOST] INFO: [fac] AFFECT-EV me='1305-gamedata.base' whom='1084-gamedata.base' event=0 mult=0.025 after=-9.82 skipped=1
[01:55:34.210] [HOST] INFO: [interp] lerp=206292 extrap=86646 clamp=0 seg=868 single=56 snapSq=324 snapNpc=0 reissueSq=1636 reissueNpc=0 restFlip=0 delay=200 jit=130.3 starve=0 snapMid=0 restFlipMid=0
[01:55:34.210] [HOST] INFO: [interp] worstZero hand=1,2796875008 zero=939 active=4772 seg=68
[01:55:34.324] [HOST] INFO: [census] sent n=47 radius=2000 mid=24
[01:55:34.329] [HOST] INFO: [fac] AFFECT-EV me='200-gamedata.base' whom='1084-gamedata.base' event=0 mult=0.025 after=-6.61 skipped=15
[01:55:34.482] [HOST] INFO: [stats] RECV hand=1,2041992192 ok=1 str=34.0 dex=48.6 tough=43.2 stealth=1.3 athl=38.4 xp=0
[01:55:34.664] [HOST] INFO: [inv] APPLY hand=0,2202,11111,162,1678588928 items=0
[01:55:34.664] [HOST] INFO: [inv] APPLY hand=1,32,1617431680,1,2796875008 items=9
[01:55:34.664] [HOST] INFO: [cam] hints recv n=2 p1=-31673,11024 p2=-32979,11950
[01:55:34.881] [HOST] INFO: [fac] AFFECT-EV me='1084-gamedata.base' whom='200-gamedata.base' event=0 mult=0.025 after=-13.47 skipped=25
[01:55:35.360] [HOST] INFO: [med] SEND hand=5,1438354432 npc=0 blood=84.0 bleed=0.00 fl=100.0,100.0,39.2,32.4 bd=0.0,0.0,60.8,67.6 flags=1 nparts=7 pmin=6.0 smin=0.0 ls=0,0,0,0
[01:55:35.764] [HOST] INFO: [med] SEND hand=5,1438354432 npc=0 blood=84.1 bleed=0.00 fl=100.0,100.0,39.2,32.4 bd=0.0,0.0,60.8,67.6 flags=1 nparts=7 pmin=6.0 smin=0.0 ls=0,0,0,0
[01:55:35.785] [HOST] INFO: [cam] center=-31735.8,1743.4,11000.7
[01:55:36.257] [HOST] INFO: [med] SEND hand=1,1051391616 npc=0 blood=95.5 bleed=0.00 fl=100.0,100.0,71.5,-42.5 bd=0.0,0.0,28.5,142.5 flags=1 nparts=7 pmin=71.5 smin=0.0 ls=0,0,0,0
[01:55:36.663] [HOST] INFO: [med] SEND hand=1,1051391616 npc=0 blood=95.5 bleed=0.00 fl=100.0,100.0,71.5,-42.5 bd=0.0,0.0,28.5,142.5 flags=1 nparts=7 pmin=71.5 smin=0.0 ls=0,0,0,0
[01:55:36.816] [HOST] INFO: [med] SEND hand=5,1438354432 npc=0 blood=84.4 bleed=0.00 fl=100.0,100.0,39.3,32.5 bd=0.0,0.0,60.7,67.5 flags=1 nparts=7 pmin=6.1 smin=0.0 ls=0,0,0,0
[01:55:36.890] [HOST] INFO: [inv] APPLY hand=1,33,1114624000,1,2041992192 items=15
[01:55:36.900] [HOST] INFO: [ai] suspended=4 driven=4
[01:55:37.070] [HOST] INFO: [med] SEND hand=1,1051391616 npc=0 blood=95.5 bleed=0.00 fl=100.0,100.0,71.5,-42.5 bd=0.0,0.0,28.5,142.5 flags=1 nparts=7 pmin=71.5 smin=0.0 ls=0,0,0,0
[01:55:37.175] [HOST] INFO: [stats] RECV hand=2,1846801792 ok=1 str=42.0 dex=44.9 tough=44.5 stealth=1.4 athl=57.6 xp=0
[01:55:37.222] [HOST] INFO: [med] SEND hand=5,1438354432 npc=0 blood=84.5 bleed=0.00 fl=100.0,100.0,39.3,32.5 bd=0.0,0.0,60.7,67.5 flags=1 nparts=7 pmin=6.1 smin=0.0 ls=0,0,0,0
[01:55:37.629] [HOST] INFO: [med] SEND hand=5,1438354432 npc=0 blood=84.6 bleed=0.00 fl=100.0,100.0,39.3,32.6 bd=0.0,0.0,60.7,67.4 flags=1 nparts=7 pmin=6.2 smin=0.0 ls=0,0,0,0
[01:55:37.896] [HOST] INFO: [stats] RECV hand=1,2796875008 ok=1 str=35.4 dex=30.6 tough=30.9 stealth=1.0 athl=47.8 xp=0
[01:55:37.898] [HOST] INFO: [inv] APPLY hand=1,32,1617431680,2,3921874944 items=8
[01:55:38.083] [HOST] INFO: [med] SEND hand=5,1438354432 npc=0 blood=84.7 bleed=0.00 fl=100.0,100.0,39.4,32.6 bd=0.0,0.0,60.6,67.4 flags=1 nparts=7 pmin=6.2 smin=0.0 ls=0,0,0,0
[01:55:38.084] [HOST] INFO: [inv] APPLY hand=1,33,1114624000,2,1846801792 items=12
[01:55:38.118] [HOST] INFO: [med] SEND hand=1,1051391616 npc=0 blood=95.5 bleed=0.00 fl=100.0,100.0,71.6,-42.4 bd=0.0,0.0,28.4,142.4 flags=1 nparts=7 pmin=71.6 smin=0.0 ls=0,0,0,0
[01:55:38.375] [HOST] INFO: [stats] RECV hand=2,3921874944 ok=1 str=34.2 dex=24.2 tough=27.0 stealth=1.0 athl=40.1 xp=0
[01:55:38.488] [HOST] INFO: [med] SEND hand=5,1438354432 npc=0 blood=84.8 bleed=0.00 fl=100.0,100.0,39.4,32.6 bd=0.0,0.0,60.6,67.4 flags=1 nparts=7 pmin=6.2 smin=0.0 ls=0,0,0,0
[01:55:38.606] [HOST] INFO: [inv] APPLY hand=0,2202,11111,162,1678588928 items=0
[01:55:39.216] [HOST] INFO: [interp] lerp=207662 extrap=87460 clamp=0 seg=868 single=56 snapSq=324 snapNpc=0 reissueSq=1636 reissueNpc=0 restFlip=0 delay=200 jit=145.6 starve=0 snapMid=0 restFlipMid=0
[01:55:39.216] [HOST] INFO: [interp] worstZero hand=1,2796875008 zero=939 active=4772 seg=70
[01:55:39.285] [HOST] INFO: [inv] APPLY hand=1,32,1617431680,1,2796875008 items=9
[01:55:39.336] [HOST] INFO: [fac] AFFECT-EV me='200-gamedata.base' whom='1084-gamedata.base' event=0 mult=0.025 after=-6.67 skipped=38
[01:55:39.371] [HOST] INFO: [med] SEND hand=5,1438354432 npc=0 blood=85.0 bleed=0.00 fl=100.0,100.0,39.5,32.7 bd=0.0,0.0,60.5,67.3 flags=1 nparts=7 pmin=6.3 smin=0.0 ls=0,0,0,0
[01:55:39.419] [HOST] INFO: [inv] APPLY hand=0,2202,11111,162,1678588928 items=0
[01:55:39.774] [HOST] INFO: [med] SEND hand=5,1438354432 npc=0 blood=85.1 bleed=0.00 fl=100.0,100.0,39.5,32.7 bd=0.0,0.0,60.5,67.3 flags=1 nparts=7 pmin=6.3 smin=0.0 ls=0,0,0,0
[01:55:39.906] [HOST] INFO: [ai] suspended=4 driven=4
[01:55:40.021] [HOST] INFO: [stats] RECV hand=1,2041992192 ok=1 str=34.0 dex=48.6 tough=43.2 stealth=1.3 athl=38.4 xp=0
[01:55:40.023] [HOST] INFO: [cam] hints recv n=2 p1=-31579,11309 p2=-33511,12376
[01:55:40.081] [HOST] INFO: [fac] AFFECT-EV me='1084-gamedata.base' whom='200-gamedata.base' event=1 mult=0.025 after=-13.48 skipped=10
[01:55:40.181] [HOST] INFO: [med] SEND hand=5,1438354432 npc=0 blood=85.2 bleed=0.00 fl=100.0,100.0,39.5,32.8 bd=0.0,0.0,60.5,67.2 flags=1 nparts=7 pmin=6.4 smin=0.0 ls=0,0,0,0
[01:55:40.787] [HOST] INFO: [cam] center=-31735.8,1743.4,11000.7
[01:55:41.319] [HOST] INFO: [save] LOCAL-SAVE name='autosave0' autosave=1 suppressed=0
[01:55:41.329] [HOST] INFO: [save] WATCH armed folder='C:\Users\marsh\AppData\Local\kenshi\save\autosave0' baseFiles=51 baseBytes=5181388
[01:55:41.716] [HOST] INFO: [spawn] INFO send hand=1,28,1001464832,1,3089477632 found=1 dead=0 age=1.00 sid='1301-gamedata.base' fac='200-gamedata.base'
[01:55:41.716] [HOST] INFO: [spawn] INFO send hand=1,28,1001464832,2,3659179776 found=1 dead=0 age=1.00 sid='510-gamedata.base' fac='200-gamedata.base'
[01:55:41.716] [HOST] INFO: [spawn] INFO send hand=1,28,1001464832,3,1787719680 found=1 dead=0 age=1.00 sid='510-gamedata.base' fac='200-gamedata.base'
[01:55:41.716] [HOST] INFO: [spawn] INFO send hand=1,28,1001464832,4,3361938432 found=1 dead=0 age=1.00 sid='510-gamedata.base' fac='200-gamedata.base'
[01:55:41.716] [HOST] INFO: [spawn] INFO send hand=1,28,1001464832,5,462280288 found=1 dead=0 age=1.00 sid='510-gamedata.base' fac='200-gamedata.base'
[01:55:41.716] [HOST] INFO: [spawn] INFO send hand=1,28,1001464832,6,641113280 found=1 dead=0 age=1.00 sid='510-gamedata.base' fac='200-gamedata.base'
[01:55:41.716] [HOST] INFO: [spawn] INFO send hand=1,28,1001464832,7,3842163200 found=1 dead=0 age=1.00 sid='510-gamedata.base' fac='200-gamedata.base'
[01:55:41.716] [HOST] INFO: [spawn] INFO send hand=1,28,1001464832,8,794921856 found=1 dead=0 age=1.00 sid='510-gamedata.base' fac='200-gamedata.base'
[01:55:41.716] [HOST] INFO: [spawn] INFO send hand=1,28,1001464832,9,816162112 found=1 dead=0 age=1.00 sid='510-gamedata.base' fac='200-gamedata.base'
[01:55:41.716] [HOST] INFO: [spawn] INFO send hand=1,28,1001464832,10,1402587904 found=1 dead=0 age=1.00 sid='97247-rebirth.mod' fac='200-gamedata.base'
[01:55:41.716] [HOST] INFO: [spawn] INFO send hand=1,28,1001464832,11,1538940416 found=1 dead=0 age=1.00 sid='97247-rebirth.mod' fac='200-gamedata.base'
[01:55:41.716] [HOST] INFO: [spawn] INFO send hand=1,28,1001464832,12,1673950208 found=1 dead=0 age=1.00 sid='97247-rebirth.mod' fac='200-gamedata.base'
[01:55:41.718] [HOST] INFO: [inv] APPLY hand=1,32,1617431680,2,3921874944 items=8
[01:55:41.757] [HOST] INFO: [med] SEND hand=5,1438354432 npc=0 blood=85.5 bleed=0.00 fl=100.0,100.0,39.6,32.9 bd=0.0,0.0,60.4,67.1 flags=1 nparts=7 pmin=6.5 smin=0.0 ls=0,0,0,0
[01:55:42.036] [HOST] INFO: [inv] APPLY hand=1,33,1114624000,1,2041992192 items=15
[01:55:42.121] [HOST] INFO: [stats] RECV hand=2,1846801792 ok=1 str=42.0 dex=44.9 tough=44.5 stealth=1.4 athl=57.6 xp=0
[01:55:42.327] [HOST] INFO: [med] SEND hand=1,1051391616 npc=0 blood=95.5 bleed=0.00 fl=100.0,100.0,72.0,-42.0 bd=0.0,0.0,28.0,142.0 flags=1 nparts=7 pmin=72.0 smin=0.0 ls=0,0,0,0
[01:55:42.327] [HOST] INFO: [med] SEND hand=5,1438354432 npc=0 blood=85.7 bleed=0.00 fl=100.0,100.0,39.7,32.9 bd=0.0,0.0,60.3,67.1 flags=1 nparts=7 pmin=6.5 smin=0.0 ls=0,0,0,0
[01:55:42.730] [HOST] INFO: [med] SEND hand=1,1051391616 npc=0 blood=95.5 bleed=0.00 fl=100.0,100.0,72.0,-42.0 bd=0.0,0.0,28.0,142.0 flags=1 nparts=7 pmin=72.0 smin=0.0 ls=0,0,0,0
[01:55:42.878] [HOST] INFO: [taskkey] key=264 desc='Equipping crossbow' repro=0 subject=1
[01:55:42.908] [HOST] INFO: [ai] suspended=4 driven=4
[01:55:43.079] [HOST] INFO: [inv] APPLY hand=1,33,1114624000,2,1846801792 items=12
[01:55:43.131] [HOST] INFO: [med] SEND hand=1,1051391616 npc=0 blood=95.5 bleed=0.00 fl=100.0,100.0,72.0,-42.0 bd=0.0,0.0,28.0,142.0 flags=1 nparts=7 pmin=72.0 smin=0.0 ls=0,0,0,0
[01:55:43.378] [HOST] INFO: [save] QUIESCED kind=settled name='autosave0' files=53 bytes=5337838 waitMs=2047
[01:55:43.378] [HOST] INFO: [save] XFER-BEGIN id=4 name='autosave0' files=53 bytes=5337838
[01:55:43.442] [HOST] INFO: [stats] RECV hand=1,2796875008 ok=1 str=35.4 dex=30.6 tough=30.9 stealth=1.0 athl=47.8 xp=0
[01:55:43.442] [HOST] INFO: [stats] RECV hand=2,3921874944 ok=1 str=34.2 dex=24.2 tough=27.0 stealth=1.0 athl=40.1 xp=0
[01:55:43.455] [HOST] INFO: [taskkey] key=262 desc='Shooting' repro=0 subject=1
[01:55:43.464] [HOST] INFO: [med] SEND hand=5,1438354432 npc=0 blood=86.0 bleed=0.00 fl=100.0,100.0,39.8,33.0 bd=0.0,0.0,60.2,67.0 flags=1 nparts=7 pmin=6.6 smin=0.0 ls=0,0,0,0
[01:55:43.868] [HOST] INFO: [med] SEND hand=5,1438354432 npc=0 blood=86.1 bleed=0.00 fl=100.0,100.0,39.8,33.0 bd=0.0,0.0,60.2,67.0 flags=1 nparts=7 pmin=6.6 smin=0.0 ls=0,0,0,0
[01:55:44.207] [HOST] INFO: [med] SEND hand=1,1051391616 npc=0 blood=95.5 bleed=0.00 fl=100.0,100.0,72.1,-41.9 bd=0.0,0.0,27.9,141.9 flags=1 nparts=7 pmin=72.1 smin=0.0 ls=0,0,0,0
[01:55:44.219] [HOST] INFO: [interp] lerp=208874 extrap=88316 clamp=0 seg=868 single=56 snapSq=324 snapNpc=0 reissueSq=1636 reissueNpc=0 restFlip=0 delay=200 jit=120.5 starve=0 snapMid=0 restFlipMid=0
[01:55:44.219] [HOST] INFO: [interp] worstZero hand=1,2796875008 zero=939 active=4772 seg=84
[01:55:44.449] [HOST] INFO: [fac] AFFECT-EV me='200-gamedata.base' whom='1084-gamedata.base' event=0 mult=0.025 after=-6.67 skipped=42
[01:55:44.620] [HOST] INFO: [census] sent n=58 radius=2000 mid=36
[01:55:44.725] [HOST] INFO: [fac] AFFECT-EV me='1084-gamedata.base' whom='1084-gamedata.base' event=8 mult=0.025 after=100.00 skipped=5
[01:55:44.753] [HOST] INFO: [med] SEND hand=5,1438354432 npc=0 blood=86.3 bleed=0.00 fl=100.0,100.0,39.9,33.1 bd=0.0,0.0,60.1,66.9 flags=1 nparts=7 pmin=6.7 smin=0.0 ls=0,0,0,0
[01:55:45.249] [HOST] INFO: [fac] AFFECT-EV me='1084-gamedata.base' whom='200-gamedata.base' event=1 mult=0.025 after=-13.49 skipped=13
[01:55:45.538] [HOST] INFO: [med] SEND hand=5,1438354432 npc=0 blood=86.5 bleed=0.00 fl=100.0,100.0,39.9,33.2 bd=0.0,0.0,60.1,66.8 flags=1 nparts=7 pmin=6.8 smin=0.0 ls=0,0,0,0
[01:55:45.786] [HOST] INFO: [cam] center=-31703.4,1736.3,11046.3
[01:55:45.914] [HOST] INFO: [ai] suspended=4 driven=4
[01:55:45.949] [HOST] INFO: [save] XFER-SENT id=4 files=53 bytes=5337838 ms=2562
[01:55:46.313] [HOST] INFO: [med] SEND hand=5,1438354432 npc=0 blood=86.7 bleed=0.00 fl=100.0,100.0,40.0,33.2 bd=0.0,0.0,60.0,66.8 flags=1 nparts=7 pmin=6.8 smin=0.0 ls=0,0,0,0
[01:55:46.713] [HOST] INFO: [med] SEND hand=5,1438354432 npc=0 blood=86.8 bleed=0.00 fl=100.0,100.0,40.0,33.3 bd=0.0,0.0,60.0,66.7 flags=1 nparts=7 pmin=6.9 smin=0.0 ls=0,0,0,0
[01:55:47.261] [HOST] INFO: [stats] RECV hand=1,2041992192 ok=1 str=34.0 dex=48.6 tough=43.2 stealth=1.3 athl=38.4 xp=0
[01:55:47.261] [HOST] INFO: [stats] RECV hand=2,1846801792 ok=1 str=42.0 dex=44.9 tough=44.5 stealth=1.4 athl=57.6 xp=0
[01:55:47.264] [HOST] INFO: [inv] APPLY hand=0,2202,11111,162,1678588928 items=0
[01:55:47.264] [HOST] INFO: [inv] APPLY hand=1,33,1114624000,1,2041992192 items=15
[01:55:47.264] [HOST] INFO: [cam] hints recv n=2 p1=-31684,10986 p2=-33507,12381
[01:55:47.431] [HOST] INFO: [med] SEND hand=5,1438354432 npc=0 blood=87.0 bleed=0.00 fl=100.0,100.0,40.1,33.3 bd=0.0,0.0,59.9,66.7 flags=1 nparts=7 pmin=6.9 smin=0.0 ls=0,0,0,0
[01:55:47.466] [HOST] INFO: [stats] RECV hand=1,2796875008 ok=1 str=35.4 dex=30.6 tough=30.9 stealth=1.0 athl=47.8 xp=0
[01:55:47.466] [HOST] INFO: [save] XFER-ACK owner=1 id=4 ok=1 files=53 bytes=5337838 (1/2 joins)
[01:55:47.468] [HOST] INFO: [inv] APPLY hand=0,2202,11111,162,1678588928 items=0
[01:55:47.468] [HOST] INFO: [inv] APPLY hand=1,32,1617431680,1,2796875008 items=9
[01:55:47.468] [HOST] INFO: [inv] APPLY hand=1,32,1617431680,2,3921874944 items=8
[01:55:47.635] [HOST] INFO: [taskkey] key=7 desc='Sheathing weapon' repro=0 subject=0
[01:55:47.933] [HOST] INFO: [med] SEND hand=1,1051391616 npc=0 blood=95.5 bleed=0.00 fl=100.0,100.0,72.5,-41.5 bd=0.0,0.0,27.5,141.5 flags=1 nparts=7 pmin=72.5 smin=0.0 ls=0,0,0,0
[01:55:48.302] [HOST] INFO: [spawn] INFO send hand=1,28,1001464832,1,3089477632 found=1 dead=0 age=1.00 sid='1301-gamedata.base' fac='200-gamedata.base'
[01:55:48.302] [HOST] INFO: [spawn] INFO send hand=1,28,1001464832,2,3659179776 found=1 dead=0 age=1.00 sid='510-gamedata.base' fac='200-gamedata.base'
[01:55:48.302] [HOST] INFO: [spawn] INFO send hand=1,28,1001464832,3,1787719680 found=1 dead=0 age=1.00 sid='510-gamedata.base' fac='200-gamedata.base'
[01:55:48.302] [HOST] INFO: [spawn] INFO send hand=1,28,1001464832,4,3361938432 found=1 dead=0 age=1.00 sid='510-gamedata.base' fac='200-gamedata.base'
[01:55:48.302] [HOST] INFO: [spawn] INFO send hand=1,28,1001464832,5,462280288 found=1 dead=0 age=1.00 sid='510-gamedata.base' fac='200-gamedata.base'
[01:55:48.302] [HOST] INFO: [spawn] INFO send hand=1,28,1001464832,6,641113280 found=1 dead=0 age=1.00 sid='510-gamedata.base' fac='200-gamedata.base'
[01:55:48.302] [HOST] INFO: [spawn] INFO send hand=1,28,1001464832,7,3842163200 found=1 dead=0 age=1.00 sid='510-gamedata.base' fac='200-gamedata.base'
[01:55:48.302] [HOST] INFO: [spawn] INFO send hand=1,28,1001464832,8,794921856 found=1 dead=0 age=1.00 sid='510-gamedata.base' fac='200-gamedata.base'
[01:55:48.302] [HOST] INFO: [spawn] INFO send hand=1,28,1001464832,9,816162112 found=1 dead=0 age=1.00 sid='510-gamedata.base' fac='200-gamedata.base'
[01:55:48.302] [HOST] INFO: [spawn] INFO send hand=1,28,1001464832,10,1402587904 found=1 dead=0 age=1.00 sid='97247-rebirth.mod' fac='200-gamedata.base'
[01:55:48.302] [HOST] INFO: [spawn] INFO send hand=1,28,1001464832,11,1538940416 found=1 dead=0 age=1.00 sid='97247-rebirth.mod' fac='200-gamedata.base'
[01:55:48.302] [HOST] INFO: [spawn] INFO send hand=1,28,1001464832,12,1673950208 found=1 dead=0 age=1.00 sid='97247-rebirth.mod' fac='200-gamedata.base'
[01:55:48.303] [HOST] INFO: [inv] APPLY hand=1,33,1114624000,2,1846801792 items=12
[01:55:48.336] [HOST] INFO: [med] SEND hand=1,1051391616 npc=0 blood=95.5 bleed=0.00 fl=100.0,100.0,72.5,-41.5 bd=0.0,0.0,27.5,141.5 flags=1 nparts=7 pmin=72.5 smin=0.0 ls=0,0,0,0
[01:55:48.392] [HOST] INFO: [stats] RECV hand=2,3921874944 ok=1 str=34.2 dex=24.2 tough=27.0 stealth=1.0 athl=40.1 xp=0
[01:55:48.455] [HOST] INFO: [med] SEND hand=5,1438354432 npc=0 blood=87.3 bleed=0.00 fl=100.0,100.0,40.2,33.4 bd=0.0,0.0,59.8,66.6 flags=1 nparts=7 pmin=7.0 smin=0.0 ls=0,0,0,0
[01:55:48.919] [HOST] INFO: [ai] suspended=4 driven=4
[01:55:49.222] [HOST] INFO: [interp] lerp=209464 extrap=89392 clamp=0 seg=868 single=56 snapSq=324 snapNpc=0 reissueSq=1636 reissueNpc=0 restFlip=0 delay=200 jit=126.4 starve=0 snapMid=0 restFlipMid=0
[01:55:49.222] [HOST] INFO: [interp] worstZero hand=1,2796875008 zero=939 active=4772 seg=60
[01:55:49.292] [HOST] INFO: [med] SEND hand=5,1438354432 npc=0 blood=87.5 bleed=0.00 fl=100.0,100.0,40.2,33.5 bd=0.0,0.0,59.8,66.5 flags=1 nparts=7 pmin=7.1 smin=0.0 ls=0,0,0,0
[01:55:49.307] [HOST] INFO: [inv] APPLY hand=0,2202,11111,162,1678588928 items=0
[01:55:49.313] [HOST] INFO: [save] XFER-ACK owner=2 id=4 ok=1 files=53 bytes=5337838 (2/2 joins)
[01:55:49.313] [HOST] INFO: [save] all joins hold this save - world is shared
[01:55:49.480] [HOST] INFO: [stats] RECV hand=1,2041992192 ok=1 str=34.0 dex=48.6 tough=43.2 stealth=1.3 athl=38.4 xp=0
[01:55:49.670] [HOST] INFO: [med] SEND hand=1,1051391616 npc=0 blood=95.5 bleed=0.00 fl=100.0,100.0,72.6,-41.4 bd=0.0,0.0,27.4,141.4 flags=1 nparts=7 pmin=72.6 smin=0.0 ls=0,0,0,0
[01:55:49.691] [HOST] INFO: [med] SEND hand=5,1438354432 npc=0 blood=87.6 bleed=0.00 fl=100.0,100.0,40.3,33.5 bd=0.0,0.0,59.7,66.5 flags=1 nparts=7 pmin=7.1 smin=0.0 ls=0,0,0,0
[01:55:49.693] [HOST] INFO: [inv] APPLY hand=0,2202,11111,162,1678588928 items=0
[01:55:49.693] [HOST] INFO: [inv] APPLY hand=1,32,1617431680,1,2796875008 items=9
[01:55:49.841] [HOST] INFO: [fac] AFFECT-EV me='200-gamedata.base' whom='1084-gamedata.base' event=0 mult=0.025 after=-6.67 skipped=50
[01:55:50.615] [HOST] INFO: [fac] AFFECT-EV me='1084-gamedata.base' whom='200-gamedata.base' event=1 mult=0.025 after=-13.52 skipped=21
[01:55:50.723] [HOST] INFO: [med] SEND hand=5,1438354432 npc=0 blood=87.9 bleed=0.00 fl=100.0,100.0,40.4,33.6 bd=0.0,0.0,59.6,66.4 flags=1 nparts=7 pmin=7.2 smin=0.0 ls=0,0,0,0
[01:55:50.782] [HOST] INFO: [cam] center=-31724.0,1736.3,11020.2
[01:55:51.126] [HOST] INFO: [med] SEND hand=5,1438354432 npc=0 blood=88.0 bleed=0.00 fl=100.0,100.0,40.4,33.6 bd=0.0,0.0,59.6,66.4 flags=1 nparts=7 pmin=7.2 smin=0.0 ls=0,0,0,0
[01:55:51.527] [HOST] INFO: [fac] AFFECT-EV me='42097-rebirth.mod' whom='200-gamedata.base' event=1 mult=0.025 after=-14.18 skipped=0
[01:55:51.532] [HOST] INFO: [taskkey] key=4 desc='Attacking' repro=0 subject=1
[01:55:51.532] [HOST] INFO: [med] SEND hand=5,1438354432 npc=0 blood=88.1 bleed=0.00 fl=100.0,100.0,40.4,33.7 bd=0.0,0.0,59.6,66.3 flags=1 nparts=7 pmin=7.3 smin=0.0 ls=0,0,0,0
[01:55:51.532] [HOST] INFO: [med] SEND hand=1,3089477632 npc=1 blood=78.2 bleed=0.00 fl=100.0,100.0,100.0,100.0 bd=0.0,0.0,0.0,0.0 flags=0 nparts=7 pmin=100.0 smin=0.0 ls=0,0,0,0
[01:55:51.920] [HOST] INFO: [ai] suspended=4 driven=4
[01:55:51.955] [HOST] INFO: [inv] APPLY hand=1,32,1617431680,2,3921874944 items=8
[01:55:51.955] [HOST] INFO: [inv] APPLY hand=1,33,1114624000,1,2041992192 items=15
[01:55:52.216] [HOST] INFO: [stats] RECV hand=2,1846801792 ok=1 str=42.0 dex=44.9 tough=44.5 stealth=1.4 athl=57.6 xp=0
[01:55:52.307] [HOST] INFO: [med] SEND hand=5,1438354432 npc=0 blood=88.3 bleed=0.00 fl=100.0,100.0,40.5,33.7 bd=0.0,0.0,59.5,66.3 flags=1 nparts=7 pmin=7.3 smin=0.0 ls=0,0,0,0
[01:55:52.532] [HOST] INFO: [med] SEND hand=1,3089477632 npc=1 blood=78.4 bleed=0.00 fl=100.0,100.0,100.0,100.0 bd=0.0,0.0,0.0,0.0 flags=0 nparts=7 pmin=100.0 smin=0.0 ls=0,0,0,0
[01:55:52.707] [HOST] INFO: [med] SEND hand=5,1438354432 npc=0 blood=88.4 bleed=0.00 fl=100.0,100.0,40.5,33.8 bd=0.0,0.0,59.5,66.2 flags=1 nparts=7 pmin=7.4 smin=0.0 ls=0,0,0,0
[01:55:52.778] [HOST] INFO: [cam] hints recv n=2 p1=-31684,10986 p2=-33501,12389
[01:55:52.875] [HOST] INFO: [stats] RECV hand=1,2796875008 ok=1 str=35.4 dex=30.6 tough=30.9 stealth=1.0 athl=47.8 xp=0
[01:55:53.044] [HOST] INFO: [inv] APPLY hand=1,33,1114624000,2,1846801792 items=12
[01:55:53.112] [HOST] INFO: [med] SEND hand=5,1438354432 npc=0 blood=88.5 bleed=0.00 fl=100.0,100.0,40.6,33.8 bd=0.0,0.0,59.4,66.2 flags=1 nparts=7 pmin=7.4 smin=0.0 ls=0,0,0,0
[01:55:53.378] [HOST] INFO: [med] SEND hand=1,1051391616 npc=0 blood=95.5 bleed=0.00 fl=100.0,100.0,73.0,-41.0 bd=0.0,0.0,27.0,141.0 flags=1 nparts=7 pmin=73.0 smin=0.0 ls=0,0,0,0
[01:55:53.520] [HOST] INFO: [stats] RECV hand=2,3921874944 ok=1 str=34.2 dex=24.2 tough=27.0 stealth=1.0 athl=40.1 xp=0
[01:55:53.534] [HOST] INFO: [med] SEND hand=1,3089477632 npc=1 blood=78.6 bleed=0.00 fl=100.0,100.0,100.0,100.0 bd=0.0,0.0,0.0,0.0 flags=0 nparts=7 pmin=100.0 smin=0.0 ls=0,0,0,0
[01:55:53.737] [HOST] INFO: [inv] APPLY hand=0,2202,11111,162,1678588928 items=0
[01:55:53.785] [HOST] INFO: [med] SEND hand=1,1051391616 npc=0 blood=95.5 bleed=0.00 fl=100.0,100.0,73.0,-41.0 bd=0.0,0.0,27.0,141.0 flags=1 nparts=7 pmin=73.0 smin=0.0 ls=0,0,0,0
[01:55:54.225] [HOST] INFO: [interp] lerp=211186 extrap=90518 clamp=0 seg=868 single=56 snapSq=324 snapNpc=0 reissueSq=1636 reissueNpc=0 restFlip=0 delay=200 jit=190.3 starve=0 snapMid=0 restFlipMid=0
[01:55:54.225] [HOST] INFO: [interp] worstZero hand=1,2796875008 zero=939 active=4772 seg=72
[01:55:54.280] [HOST] INFO: [spawn] INFO send hand=1,28,1001464832,3,1787719680 found=1 dead=0 age=1.00 sid='510-gamedata.base' fac='200-gamedata.base'
[01:55:54.280] [HOST] INFO: [spawn] INFO send hand=1,28,1001464832,8,794921856 found=1 dead=0 age=1.00 sid='510-gamedata.base' fac='200-gamedata.base'
[01:55:54.280] [HOST] INFO: [spawn] INFO send hand=1,28,1001464832,10,1402587904 found=1 dead=0 age=1.00 sid='97247-rebirth.mod' fac='200-gamedata.base'
[01:55:54.280] [HOST] INFO: [spawn] INFO send hand=1,28,1001464832,11,1538940416 found=1 dead=0 age=1.00 sid='97247-rebirth.mod' fac='200-gamedata.base'
[01:55:54.280] [HOST] INFO: [spawn] INFO send hand=1,28,1001464832,12,1673950208 found=1 dead=0 age=1.00 sid='97247-rebirth.mod' fac='200-gamedata.base'
[01:55:54.457] [HOST] INFO: [med] SEND hand=5,1438354432 npc=0 blood=88.9 bleed=0.00 fl=100.0,100.0,40.7,33.9 bd=0.0,0.0,59.3,66.1 flags=1 nparts=7 pmin=7.5 smin=0.0 ls=0,0,0,0
[01:55:54.482] [HOST] INFO: [fac] AFFECT-EV me='1084-gamedata.base' whom='1084-gamedata.base' event=8 mult=0.000 after=100.00 skipped=5
[01:55:54.536] [HOST] INFO: [med] SEND hand=1,3089477632 npc=1 blood=78.8 bleed=0.00 fl=100.0,100.0,100.0,100.0 bd=0.0,0.0,0.0,0.0 flags=0 nparts=7 pmin=100.0 smin=0.0 ls=0,0,0,0
[01:55:54.536] [HOST] INFO: [stats] RECV hand=1,2041992192 ok=1 str=34.0 dex=48.6 tough=43.2 stealth=1.3 athl=38.4 xp=0
[01:55:54.655] [HOST] INFO: [census] sent n=61 radius=2000 mid=39
[01:55:54.853] [HOST] INFO: [fac] AFFECT-EV me='200-gamedata.base' whom='1084-gamedata.base' event=0 mult=0.025 after=-6.67 skipped=41
[01:55:54.921] [HOST] INFO: [med] SEND hand=5,1438354432 npc=0 blood=89.0 bleed=0.00 fl=100.0,100.0,40.7,33.9 bd=0.0,0.0,59.3,66.1 flags=1 nparts=7 pmin=7.5 smin=0.0 ls=0,0,0,0
[01:55:54.922] [HOST] INFO: [ai] suspended=4 driven=4
[01:55:55.033] [HOST] INFO: [spawn] INFO send hand=1,24,3565185536,1,387939456 found=1 dead=0 age=1.00 sid='1304-gamedata.base' fac='1305-gamedata.base'
[01:55:55.033] [HOST] INFO: [spawn] INFO send hand=1,24,3565185536,2,2046875008 found=1 dead=0 age=1.00 sid='1304-gamedata.base' fac='1305-gamedata.base'
[01:55:55.033] [HOST] INFO: [spawn] INFO send hand=1,24,3565185536,3,3703491328 found=1 dead=0 age=1.00 sid='1304-gamedata.base' fac='1305-gamedata.base'
[01:55:55.033] [HOST] INFO: [spawn] INFO send hand=1,24,3565185536,4,3568115200 found=1 dead=0 age=1.00 sid='1304-gamedata.base' fac='1305-gamedata.base'
[01:55:55.033] [HOST] INFO: [spawn] INFO send hand=1,24,3565185536,5,2924072192 found=1 dead=0 age=1.00 sid='1304-gamedata.base' fac='1305-gamedata.base'
[01:55:55.033] [HOST] INFO: [spawn] INFO send hand=1,24,3565185536,6,1948486272 found=1 dead=0 age=1.00 sid='1304-gamedata.base' fac='1305-gamedata.base'
[01:55:55.033] [HOST] INFO: [spawn] INFO send hand=1,24,3565185536,7,1875976576 found=1 dead=0 age=1.00 sid='1304-gamedata.base' fac='1305-gamedata.base'
[01:55:55.033] [HOST] INFO: [spawn] INFO send hand=1,24,3565185536,8,740844736 found=1 dead=0 age=1.00 sid='1304-gamedata.base' fac='1305-gamedata.base'
[01:55:55.033] [HOST] INFO: [spawn] INFO send hand=1,24,3565185536,9,1300659200 found=1 dead=0 age=1.00 sid='1304-gamedata.base' fac='1305-gamedata.base'
[01:55:55.033] [HOST] INFO: [spawn] INFO send hand=1,24,3565185536,10,2148559616 found=1 dead=0 age=1.00 sid='1304-gamedata.base' fac='1305-gamedata.base'
[01:55:55.035] [HOST] INFO: [inv] APPLY hand=0,2202,11111,162,1678588928 items=0
[01:55:55.035] [HOST] INFO: [inv] APPLY hand=1,32,1617431680,1,2796875008 items=9
[01:55:55.110] [HOST] INFO: [med] SEND hand=1,1051391616 npc=0 blood=95.5 bleed=0.00 fl=100.0,100.0,73.1,-40.9 bd=0.0,0.0,26.9,140.9 flags=1 nparts=7 pmin=73.1 smin=0.0 ls=0,0,0,0
[01:55:55.515] [HOST] INFO: [med] SEND hand=1,1051391616 npc=0 blood=95.5 bleed=0.00 fl=100.0,100.0,73.2,-40.8 bd=0.0,0.0,26.8,140.8 flags=1 nparts=7 pmin=73.2 smin=0.0 ls=0,0,0,0
[01:55:55.528] [HOST] INFO: [med] SEND hand=5,1438354432 npc=0 blood=89.2 bleed=0.00 fl=100.0,100.0,40.8,34.0 bd=0.0,0.0,59.2,66.0 flags=1 nparts=7 pmin=7.6 smin=0.0 ls=0,0,0,0
[01:55:55.614] [HOST] INFO: [med] SEND hand=1,3089477632 npc=1 blood=79.0 bleed=0.00 fl=100.0,100.0,100.0,100.0 bd=0.0,0.0,0.0,0.0 flags=0 nparts=7 pmin=100.0 smin=0.0 ls=0,0,0,0
[01:55:55.745] [HOST] INFO: [fac] AFFECT-EV me='1084-gamedata.base' whom='200-gamedata.base' event=1 mult=0.025 after=-13.56 skipped=26
[01:55:55.786] [HOST] INFO: [cam] center=-31724.0,1736.3,11020.2
[01:55:55.931] [HOST] INFO: [med] SEND hand=5,1438354432 npc=0 blood=89.3 bleed=0.00 fl=100.0,100.0,40.8,34.0 bd=0.0,0.0,59.2,66.0 flags=1 nparts=7 pmin=7.6 smin=0.0 ls=0,0,0,0
[01:55:56.613] [HOST] INFO: [med] SEND hand=1,3089477632 npc=1 blood=79.2 bleed=0.00 fl=100.0,100.0,100.0,100.0 bd=0.0,0.0,0.0,0.0 flags=0 nparts=7 pmin=100.0 smin=0.0 ls=0,0,0,0
[01:55:56.693] [HOST] INFO: [inv] APPLY hand=1,32,1617431680,2,3921874944 items=8
[01:55:56.742] [HOST] INFO: [med] SEND hand=5,1438354432 npc=0 blood=89.5 bleed=0.00 fl=100.0,100.0,40.9,34.1 bd=0.0,0.0,59.1,65.9 flags=1 nparts=7 pmin=7.7 smin=0.0 ls=0,0,0,0
[01:55:56.885] [HOST] INFO: [inv] APPLY hand=1,33,1114624000,1,2041992192 items=15
[01:55:57.147] [HOST] INFO: [med] SEND hand=5,1438354432 npc=0 blood=89.6 bleed=0.00 fl=100.0,100.0,40.9,34.1 bd=0.0,0.0,59.1,65.9 flags=1 nparts=7 pmin=7.7 smin=0.0 ls=0,0,0,0
[01:55:57.238] [HOST] INFO: [stats] RECV hand=2,1846801792 ok=1 str=42.0 dex=44.9 tough=44.5 stealth=1.4 athl=57.6 xp=0
[01:55:57.638] [HOST] INFO: [med] SEND hand=1,3089477632 npc=1 blood=79.4 bleed=0.00 fl=100.0,100.0,100.0,100.0 bd=0.0,0.0,0.0,0.0 flags=0 nparts=7 pmin=100.0 smin=0.0 ls=0,0,0,0
[01:55:57.861] [HOST] INFO: [cam] hints recv n=2 p1=-31684,10986 p2=-33497,12393
[01:55:57.923] [HOST] INFO: [ai] suspended=4 driven=4
[01:55:58.022] [HOST] INFO: [stats] RECV hand=1,2796875008 ok=1 str=35.4 dex=30.6 tough=30.9 stealth=1.0 athl=47.8 xp=0
[01:55:58.037] [HOST] INFO: [inv] APPLY hand=1,33,1114624000,2,1846801792 items=12
[01:55:58.314] [HOST] INFO: [med] SEND hand=5,1438354432 npc=0 blood=89.9 bleed=0.00 fl=100.0,100.0,41.0,34.2 bd=0.0,0.0,59.0,65.8 flags=1 nparts=7 pmin=7.8 smin=0.0 ls=0,0,0,0
[01:55:58.566] [HOST] INFO: [stats] RECV hand=2,3921874944 ok=1 str=34.2 dex=24.2 tough=27.0 stealth=1.0 athl=40.1 xp=0
[01:55:58.641] [HOST] INFO: [med] SEND hand=1,3089477632 npc=1 blood=79.6 bleed=0.00 fl=100.0,100.0,100.0,100.0 bd=0.0,0.0,0.0,0.0 flags=0 nparts=7 pmin=100.0 smin=0.0 ls=0,0,0,0
[01:55:58.717] [HOST] INFO: [med] SEND hand=5,1438354432 npc=0 blood=90.0 bleed=0.00 fl=100.0,100.0,41.0,34.3 bd=0.0,0.0,59.0,65.7 flags=1 nparts=7 pmin=7.9 smin=0.0 ls=0,0,0,0
[01:55:58.775] [HOST] INFO: [inv] APPLY hand=0,2202,11111,162,1678588928 items=0
[01:55:58.916] [HOST] INFO: [med] SEND hand=1,1051391616 npc=0 blood=95.5 bleed=0.00 fl=100.0,100.0,73.5,-40.5 bd=0.0,0.0,26.5,140.5 flags=1 nparts=7 pmin=73.5 smin=0.0 ls=0,0,0,0
[01:55:59.227] [HOST] INFO: [interp] lerp=213326 extrap=91202 clamp=0 seg=868 single=56 snapSq=324 snapNpc=0 reissueSq=1636 reissueNpc=0 restFlip=0 delay=200 jit=148.6 starve=0 snapMid=0 restFlipMid=0
[01:55:59.227] [HOST] INFO: [interp] worstZero hand=1,2796875008 zero=939 active=4772 seg=41
[01:55:59.320] [HOST] INFO: [med] SEND hand=1,1051391616 npc=0 blood=95.5 bleed=0.00 fl=100.0,100.0,73.5,-40.5 bd=0.0,0.0,26.5,140.5 flags=1 nparts=7 pmin=73.5 smin=0.0 ls=0,0,0,0
[01:55:59.556] [HOST] INFO: [stats] RECV hand=1,2041992192 ok=1 str=34.0 dex=48.6 tough=43.2 stealth=1.3 athl=38.4 xp=0
[01:55:59.684] [HOST] INFO: [med] SEND hand=1,3089477632 npc=1 blood=79.8 bleed=0.00 fl=100.0,100.0,100.0,100.0 bd=0.0,0.0,0.0,0.0 flags=0 nparts=7 pmin=100.0 smin=0.0 ls=0,0,0,0
[01:56:00.032] [HOST] INFO: [fac] AFFECT-EV me='200-gamedata.base' whom='1084-gamedata.base' event=0 mult=0.025 after=-6.67 skipped=23
[01:56:00.203] [HOST] INFO: [spawn] INFO send hand=1,28,1001464832,3,1787719680 found=1 dead=0 age=1.00 sid='510-gamedata.base' fac='200-gamedata.base'
[01:56:00.203] [HOST] INFO: [spawn] INFO send hand=1,28,1001464832,8,794921856 found=1 dead=0 age=1.00 sid='510-gamedata.base' fac='200-gamedata.base'
[01:56:00.203] [HOST] INFO: [spawn] INFO send hand=1,28,1001464832,10,1402587904 found=1 dead=0 age=1.00 sid='97247-rebirth.mod' fac='200-gamedata.base'
[01:56:00.203] [HOST] INFO: [spawn] INFO send hand=1,28,1001464832,11,1538940416 found=1 dead=0 age=1.00 sid='97247-rebirth.mod' fac='200-gamedata.base'
[01:56:00.203] [HOST] INFO: [spawn] INFO send hand=1,28,1001464832,12,1673950208 found=1 dead=0 age=1.00 sid='97247-rebirth.mod' fac='200-gamedata.base'
[01:56:00.205] [HOST] INFO: [inv] APPLY hand=0,2202,11111,162,1678588928 items=0
[01:56:00.205] [HOST] INFO: [inv] APPLY hand=1,32,1617431680,1,2796875008 items=9
[01:56:00.450] [HOST] INFO: [med] SEND hand=5,1438354432 npc=0 blood=90.5 bleed=0.00 fl=100.0,100.0,41.2,34.4 bd=0.0,0.0,58.8,65.6 flags=1 nparts=7 pmin=8.0 smin=0.0 ls=0,0,0,0
[01:56:00.584] [HOST] INFO: [med] SEND hand=1,1051391616 npc=0 blood=95.5 bleed=0.00 fl=100.0,100.0,73.6,-40.4 bd=0.0,0.0,26.4,140.4 flags=1 nparts=7 pmin=73.6 smin=0.0 ls=0,0,0,0
[01:56:00.687] [HOST] INFO: [med] SEND hand=1,3089477632 npc=1 blood=80.1 bleed=0.00 fl=100.0,100.0,100.0,100.0 bd=0.0,0.0,0.0,0.0 flags=0 nparts=7 pmin=100.0 smin=0.0 ls=0,0,0,0
[01:56:00.781] [HOST] INFO: [cam] center=-31724.0,1736.3,11020.2
[01:56:00.930] [HOST] INFO: [ai] suspended=4 driven=4
[01:56:00.955] [HOST] INFO: [fac] AFFECT-EV me='1084-gamedata.base' whom='200-gamedata.base' event=1 mult=0.025 after=-13.59 skipped=24
[01:56:01.529] [HOST] INFO: [med] SEND hand=5,1438354432 npc=0 blood=90.5 bleed=0.00 fl=100.0,100.0,41.3,34.5 bd=0.0,0.0,58.7,65.5 flags=1 nparts=7 pmin=8.1 smin=0.0 ls=0,0,0,0
[01:56:01.658] [HOST] INFO: [spawn] INFO send hand=1,24,3565185536,1,387939456 found=1 dead=0 age=1.00 sid='1304-gamedata.base' fac='1305-gamedata.base'
[01:56:01.658] [HOST] INFO: [spawn] INFO send hand=1,24,3565185536,2,2046875008 found=1 dead=0 age=1.00 sid='1304-gamedata.base' fac='1305-gamedata.base'
[01:56:01.658] [HOST] INFO: [spawn] INFO send hand=1,24,3565185536,3,3703491328 found=1 dead=0 age=1.00 sid='1304-gamedata.base' fac='1305-gamedata.base'
[01:56:01.658] [HOST] INFO: [spawn] INFO send hand=1,24,3565185536,4,3568115200 found=1 dead=0 age=1.00 sid='1304-gamedata.base' fac='1305-gamedata.base'
[01:56:01.658] [HOST] INFO: [spawn] INFO send hand=1,24,3565185536,5,2924072192 found=1 dead=0 age=1.00 sid='1304-gamedata.base' fac='1305-gamedata.base'
[01:56:01.658] [HOST] INFO: [spawn] INFO send hand=1,24,3565185536,6,1948486272 found=1 dead=0 age=1.00 sid='1304-gamedata.base' fac='1305-gamedata.base'
[01:56:01.658] [HOST] INFO: [spawn] INFO send hand=1,24,3565185536,7,1875976576 found=1 dead=0 age=1.00 sid='1304-gamedata.base' fac='1305-gamedata.base'
[01:56:01.658] [HOST] INFO: [spawn] INFO send hand=1,24,3565185536,8,740844736 found=1 dead=0 age=1.00 sid='1304-gamedata.base' fac='1305-gamedata.base'
[01:56:01.658] [HOST] INFO: [spawn] INFO send hand=1,24,3565185536,9,1300659200 found=1 dead=0 age=1.00 sid='1304-gamedata.base' fac='1305-gamedata.base'
[01:56:01.658] [HOST] INFO: [spawn] INFO send hand=1,24,3565185536,10,2148559616 found=1 dead=0 age=1.00 sid='1304-gamedata.base' fac='1305-gamedata.base'
[01:56:01.933] [HOST] INFO: [med] SEND hand=5,1438354432 npc=0 blood=90.5 bleed=0.00 fl=100.0,100.0,41.3,34.5 bd=0.0,0.0,58.7,65.5 flags=1 nparts=7 pmin=8.1 smin=0.0 ls=0,0,0,0
[01:56:01.975] [HOST] INFO: [inv] APPLY hand=1,33,1114624000,1,2041992192 items=15
[01:56:02.142] [HOST] INFO: [stats] RECV hand=2,1846801792 ok=1 str=42.0 dex=44.9 tough=44.5 stealth=1.4 athl=57.6 xp=0
[01:56:02.172] [HOST] INFO: [inv] APPLY hand=1,32,1617431680,2,3921874944 items=8
[01:56:02.483] [HOST] INFO: [stats] RECV hand=1,2796875008 ok=1 str=35.4 dex=30.6 tough=30.9 stealth=1.0 athl=47.8 xp=0
[01:56:02.739] [HOST] INFO: [med] SEND hand=5,1438354432 npc=0 blood=90.5 bleed=0.00 fl=100.0,100.0,41.4,34.6 bd=0.0,0.0,58.6,65.4 flags=1 nparts=7 pmin=8.2 smin=0.0 ls=0,0,0,0
[01:56:02.992] [HOST] INFO: [cam] hints recv n=2 p1=-31684,10986 p2=-33495,12396
[01:56:03.069] [HOST] INFO: [inv] APPLY hand=1,33,1114624000,2,1846801792 items=12
[01:56:03.453] [HOST] INFO: [stats] RECV hand=2,3921874944 ok=1 str=34.2 dex=24.2 tough=27.0 stealth=1.0 athl=40.1 xp=0
[01:56:03.653] [HOST] INFO: [inv] APPLY hand=0,2202,11111,162,1678588928 items=0
[01:56:03.935] [HOST] INFO: [ai] suspended=4 driven=4
[01:56:04.230] [HOST] INFO: [interp] lerp=215180 extrap=92180 clamp=0 seg=868 single=56 snapSq=324 snapNpc=0 reissueSq=1636 reissueNpc=0 restFlip=0 delay=200 jit=98.6 starve=0 snapMid=0 restFlipMid=0
[01:56:04.230] [HOST] INFO: [interp] worstZero hand=1,2796875008 zero=939 active=4772 seg=60
[01:56:04.291] [HOST] INFO: [med] SEND hand=1,1051391616 npc=0 blood=95.5 bleed=0.00 fl=100.0,100.0,74.0,-40.0 bd=0.0,0.0,26.0,140.0 flags=1 nparts=7 pmin=74.0 smin=0.0 ls=0,0,0,0
[01:56:04.326] [HOST] INFO: [med] SEND hand=5,1438354432 npc=0 blood=90.5 bleed=0.00 fl=100.0,100.0,41.5,34.7 bd=0.0,0.0,58.5,65.3 flags=1 nparts=7 pmin=8.3 smin=0.0 ls=0,0,0,0
[01:56:04.466] [HOST] INFO: [stats] RECV hand=1,2041992192 ok=1 str=34.0 dex=48.6 tough=43.2 stealth=1.3 athl=38.4 xp=0
[01:56:04.683] [HOST] INFO: [census] sent n=61 radius=2000 mid=39
[01:56:04.695] [HOST] INFO: [med] SEND hand=1,1051391616 npc=0 blood=95.5 bleed=0.00 fl=100.0,100.0,74.0,-40.0 bd=0.0,0.0,26.0,140.0 flags=1 nparts=7 pmin=74.0 smin=0.0 ls=0,0,0,0
[01:56:04.731] [HOST] INFO: [med] SEND hand=5,1438354432 npc=0 blood=90.5 bleed=0.00 fl=100.0,100.0,41.5,34.8 bd=0.0,0.0,58.5,65.2 flags=1 nparts=7 pmin=8.4 smin=0.0 ls=0,0,0,0
[01:56:05.030] [HOST] INFO: [inv] APPLY hand=0,2202,11111,162,1678588928 items=0
[01:56:05.030] [HOST] INFO: [inv] APPLY hand=1,32,1617431680,1,2796875008 items=9
[01:56:05.513] [HOST] INFO: [fac] AFFECT-EV me='200-gamedata.base' whom='1084-gamedata.base' event=0 mult=0.025 after=-6.67 skipped=27
[01:56:05.786] [HOST] INFO: [cam] center=-31724.0,1736.3,11020.2
[01:56:05.863] [HOST] INFO: [spawn] INFO send hand=1,28,1001464832,3,1787719680 found=1 dead=0 age=1.00 sid='510-gamedata.base' fac='200-gamedata.base'
[01:56:05.863] [HOST] INFO: [spawn] INFO send hand=1,28,1001464832,8,794921856 found=1 dead=0 age=1.00 sid='510-gamedata.base' fac='200-gamedata.base'
[01:56:05.863] [HOST] INFO: [spawn] INFO send hand=1,28,1001464832,10,1402587904 found=1 dead=0 age=1.00 sid='97247-rebirth.mod' fac='200-gamedata.base'
[01:56:05.863] [HOST] INFO: [spawn] INFO send hand=1,28,1001464832,11,1538940416 found=1 dead=0 age=1.00 sid='97247-rebirth.mod' fac='200-gamedata.base'
[01:56:05.863] [HOST] INFO: [spawn] INFO send hand=1,28,1001464832,12,1673950208 found=1 dead=0 age=1.00 sid='97247-rebirth.mod' fac='200-gamedata.base'
[01:56:05.863] [HOST] INFO: [spawn] INFO send hand=1,35,3260864256,33,1677734400 found=1 dead=1 age=1.00 sid='1301-gamedata.base' fac='200-gamedata.base'
[01:56:06.021] [HOST] INFO: [med] SEND hand=1,1051391616 npc=0 blood=95.5 bleed=0.00 fl=100.0,100.0,74.1,-39.9 bd=0.0,0.0,25.9,139.9 flags=1 nparts=7 pmin=74.1 smin=0.0 ls=0,0,0,0
[01:56:06.052] [HOST] INFO: [fac] AFFECT-EV me='1084-gamedata.base' whom='200-gamedata.base' event=1 mult=0.025 after=-13.86 skipped=19
[01:56:06.420] [HOST] INFO: [med] SEND hand=1,1051391616 npc=0 blood=95.5 bleed=0.00 fl=100.0,100.0,74.2,-39.8 bd=0.0,0.0,25.8,139.8 flags=1 nparts=7 pmin=74.2 smin=0.0 ls=0,0,0,0
[01:56:06.462] [HOST] INFO: [med] SEND hand=5,1438354432 npc=0 blood=90.5 bleed=0.00 fl=100.0,100.0,41.7,34.9 bd=0.0,0.0,58.3,65.1 flags=1 nparts=7 pmin=8.5 smin=0.0 ls=0,0,0,0
[01:56:06.912] [HOST] INFO: [inv] APPLY hand=1,33,1114624000,1,2041992192 items=15
[01:56:06.940] [HOST] INFO: [ai] suspended=4 driven=4
[01:56:07.129] [HOST] INFO: [stats] RECV hand=2,1846801792 ok=1 str=42.0 dex=44.9 tough=44.5 stealth=1.4 athl=57.6 xp=0
[01:56:07.239] [HOST] INFO: [inv] APPLY hand=1,32,1617431680,2,3921874944 items=8
[01:56:07.486] [HOST] INFO: [stats] RECV hand=1,2796875008 ok=1 str=35.4 dex=30.6 tough=30.9 stealth=1.0 athl=47.8 xp=0
[01:56:07.542] [HOST] INFO: [med] SEND hand=5,1438354432 npc=0 blood=90.5 bleed=0.00 fl=100.0,100.0,41.8,35.0 bd=0.0,0.0,58.2,65.0 flags=1 nparts=7 pmin=8.6 smin=0.0 ls=0,0,0,0
[01:56:07.735] [HOST] INFO: [fac] AFFECT-EV me='1084-gamedata.base' whom='1084-gamedata.base' event=8 mult=0.025 after=100.00 skipped=4
[01:56:07.921] [HOST] INFO: [spawn] INFO send hand=1,24,3565185536,1,387939456 found=1 dead=0 age=1.00 sid='1304-gamedata.base' fac='1305-gamedata.base'
[01:56:07.921] [HOST] INFO: [spawn] INFO send hand=1,24,3565185536,2,2046875008 found=1 dead=0 age=1.00 sid='1304-gamedata.base' fac='1305-gamedata.base'
[01:56:07.921] [HOST] INFO: [spawn] INFO send hand=1,24,3565185536,3,3703491328 found=1 dead=0 age=1.00 sid='1304-gamedata.base' fac='1305-gamedata.base'
[01:56:07.921] [HOST] INFO: [spawn] INFO send hand=1,24,3565185536,4,3568115200 found=1 dead=0 age=1.00 sid='1304-gamedata.base' fac='1305-gamedata.base'
[01:56:07.921] [HOST] INFO: [spawn] INFO send hand=1,24,3565185536,5,2924072192 found=1 dead=0 age=1.00 sid='1304-gamedata.base' fac='1305-gamedata.base'
[01:56:07.921] [HOST] INFO: [spawn] INFO send hand=1,24,3565185536,6,1948486272 found=1 dead=0 age=1.00 sid='1304-gamedata.base' fac='1305-gamedata.base'
[01:56:07.921] [HOST] INFO: [spawn] INFO send hand=1,24,3565185536,7,1875976576 found=1 dead=0 age=1.00 sid='1304-gamedata.base' fac='1305-gamedata.base'
[01:56:07.921] [HOST] INFO: [spawn] INFO send hand=1,24,3565185536,8,740844736 found=1 dead=0 age=1.00 sid='1304-gamedata.base' fac='1305-gamedata.base'
[01:56:07.921] [HOST] INFO: [spawn] INFO send hand=1,24,3565185536,9,1300659200 found=1 dead=0 age=1.00 sid='1304-gamedata.base' fac='1305-gamedata.base'
[01:56:07.921] [HOST] INFO: [spawn] INFO send hand=1,24,3565185536,10,2148559616 found=1 dead=0 age=1.00 sid='1304-gamedata.base' fac='1305-gamedata.base'
[01:56:07.942] [HOST] INFO: [med] SEND hand=5,1438354432 npc=0 blood=90.5 bleed=0.00 fl=100.0,100.0,41.8,35.0 bd=0.0,0.0,58.2,65.0 flags=1 nparts=7 pmin=8.6 smin=0.0 ls=0,0,0,0
[01:56:08.376] [HOST] INFO: [stats] RECV hand=2,3921874944 ok=1 str=34.2 dex=24.2 tough=27.0 stealth=1.0 athl=40.1 xp=0
[01:56:08.531] [HOST] INFO: [cam] hints recv n=2 p1=-31684,10986 p2=-33493,12398
[01:56:08.638] [HOST] INFO: [inv] APPLY hand=0,2202,11111,162,1678588928 items=0
[01:56:08.638] [HOST] INFO: [inv] APPLY hand=1,33,1114624000,2,1846801792 items=12
[01:56:08.741] [HOST] INFO: [med] SEND hand=5,1438354432 npc=0 blood=90.5 bleed=0.00 fl=100.0,100.0,41.9,35.1 bd=0.0,0.0,58.1,64.9 flags=1 nparts=7 pmin=8.7 smin=0.0 ls=0,0,0,0
[01:56:09.231] [HOST] INFO: [interp] lerp=216914 extrap=93274 clamp=0 seg=868 single=56 snapSq=324 snapNpc=0 reissueSq=1636 reissueNpc=0 restFlip=0 delay=200 jit=95.2 starve=0 snapMid=0 restFlipMid=0
[01:56:09.231] [HOST] INFO: [interp] worstZero hand=1,2796875008 zero=939 active=4772 seg=76
[01:56:09.280] [HOST] INFO: [inv] APPLY hand=1,32,1617431680,1,2796875008 items=9
[01:56:09.537] [HOST] INFO: [stats] RECV hand=1,2041992192 ok=1 str=34.0 dex=48.6 tough=43.2 stealth=1.3 athl=38.4 xp=0
[01:56:09.720] [HOST] INFO: [inv] APPLY hand=0,2202,11111,162,1678588928 items=0
[01:56:09.828] [HOST] INFO: [med] SEND hand=1,1051391616 npc=0 blood=95.5 bleed=0.00 fl=100.0,100.0,74.5,-39.5 bd=0.0,0.0,25.5,139.5 flags=1 nparts=7 pmin=74.5 smin=0.0 ls=0,0,0,0
[01:56:09.946] [HOST] INFO: [ai] suspended=4 driven=4
[01:56:10.232] [HOST] INFO: [med] SEND hand=1,1051391616 npc=0 blood=95.5 bleed=0.00 fl=100.0,100.0,74.5,-39.5 bd=0.0,0.0,25.5,139.5 flags=1 nparts=7 pmin=74.5 smin=0.0 ls=0,0,0,0
[01:56:10.317] [HOST] INFO: [med] SEND hand=5,1438354432 npc=0 blood=90.5 bleed=0.00 fl=100.0,100.0,42.0,35.2 bd=0.0,0.0,58.0,64.8 flags=1 nparts=7 pmin=8.8 smin=0.0 ls=0,0,0,0
[01:56:10.519] [HOST] INFO: [fac] AFFECT-EV me='200-gamedata.base' whom='1084-gamedata.base' event=0 mult=0.025 after=-6.67 skipped=60
[01:56:10.716] [HOST] INFO: [med] SEND hand=5,1438354432 npc=0 blood=90.5 bleed=0.00 fl=100.0,100.0,42.0,35.3 bd=0.0,0.0,58.0,64.7 flags=1 nparts=7 pmin=8.9 smin=0.0 ls=0,0,0,0
[01:56:10.781] [HOST] INFO: [cam] center=-31724.0,1736.3,11020.2
[01:56:11.182] [HOST] INFO: [fac] AFFECT-EV me='1084-gamedata.base' whom='200-gamedata.base' event=1 mult=0.025 after=-13.89 skipped=19
[01:56:11.488] [HOST] INFO: [med] SEND hand=1,1051391616 npc=0 blood=95.5 bleed=0.00 fl=100.0,100.0,74.6,-39.4 bd=0.0,0.0,25.4,139.4 flags=1 nparts=7 pmin=74.6 smin=0.0 ls=0,0,0,0
[01:56:11.686] [HOST] INFO: [spawn] INFO send hand=1,24,3565185536,5,2924072192 found=1 dead=0 age=1.00 sid='1304-gamedata.base' fac='1305-gamedata.base'
[01:56:11.687] [HOST] INFO: [spawn] INFO send hand=1,24,3565185536,6,1948486272 found=1 dead=0 age=1.00 sid='1304-gamedata.base' fac='1305-gamedata.base'
[01:56:11.687] [HOST] INFO: [spawn] INFO send hand=1,24,3565185536,7,1875976576 found=1 dead=0 age=1.00 sid='1304-gamedata.base' fac='1305-gamedata.base'
[01:56:11.687] [HOST] INFO: [spawn] INFO send hand=1,24,3565185536,8,740844736 found=1 dead=0 age=1.00 sid='1304-gamedata.base' fac='1305-gamedata.base'
[01:56:11.687] [HOST] INFO: [spawn] INFO send hand=1,24,3565185536,9,1300659200 found=1 dead=0 age=1.00 sid='1304-gamedata.base' fac='1305-gamedata.base'
[01:56:11.687] [HOST] INFO: [spawn] INFO send hand=1,24,3565185536,10,2148559616 found=1 dead=0 age=1.00 sid='1304-gamedata.base' fac='1305-gamedata.base'
[01:56:11.687] [HOST] INFO: [spawn] INFO send hand=1,35,3260864256,33,1677734400 found=1 dead=1 age=1.00 sid='1301-gamedata.base' fac='200-gamedata.base'
[01:56:11.758] [HOST] INFO: [inv] APPLY hand=1,32,1617431680,2,3921874944 items=8
[01:56:12.123] [HOST] INFO: [inv] APPLY hand=1,33,1114624000,1,2041992192 items=15
[01:56:12.465] [HOST] INFO: [med] SEND hand=5,1438354432 npc=0 blood=90.5 bleed=0.00 fl=100.0,100.0,42.2,35.4 bd=0.0,0.0,57.8,64.6 flags=1 nparts=7 pmin=9.0 smin=0.0 ls=0,0,0,0
[01:56:12.717] [HOST] INFO: [stats] RECV hand=1,2796875008 ok=1 str=35.4 dex=30.6 tough=30.9 stealth=1.0 athl=47.8 xp=0
[01:56:12.894] [HOST] INFO: [stats] RECV hand=2,1846801792 ok=1 str=42.0 dex=44.9 tough=44.5 stealth=1.4 athl=57.6 xp=0
[01:56:12.952] [HOST] INFO: [ai] suspended=4 driven=4
[01:56:13.134] [HOST] INFO: [inv] APPLY hand=1,33,1114624000,2,1846801792 items=12
[01:56:13.538] [HOST] INFO: [med] SEND hand=5,1438354432 npc=0 blood=90.5 bleed=0.00 fl=100.0,100.0,42.3,35.5 bd=0.0,0.0,57.7,64.5 flags=1 nparts=7 pmin=9.1 smin=0.0 ls=0,0,0,0
[01:56:13.665] [HOST] INFO: [inv] APPLY hand=0,2202,11111,162,1678588928 items=0
[01:56:13.832] [HOST] INFO: [cam] hints recv n=2 p1=-31684,10986 p2=-31699,10968
[01:56:13.942] [HOST] INFO: [med] SEND hand=5,1438354432 npc=0 blood=90.5 bleed=0.00 fl=100.0,100.0,42.3,35.5 bd=0.0,0.0,57.7,64.5 flags=1 nparts=7 pmin=9.1 smin=0.0 ls=0,0,0,0
[01:56:14.205] [HOST] INFO: [spawn] INFO send hand=1,28,1001464832,3,1787719680 found=1 dead=0 age=1.00 sid='510-gamedata.base' fac='200-gamedata.base'
[01:56:14.235] [HOST] INFO: [interp] lerp=218734 extrap=94278 clamp=0 seg=868 single=56 snapSq=324 snapNpc=0 reissueSq=1636 reissueNpc=0 restFlip=0 delay=200 jit=114.0 starve=0 snapMid=0 restFlipMid=0
[01:56:14.235] [HOST] INFO: [interp] worstZero hand=1,2796875008 zero=939 active=4772 seg=157
[01:56:14.491] [HOST] INFO: [stats] RECV hand=1,2041992192 ok=1 str=34.0 dex=48.6 tough=43.2 stealth=1.3 athl=38.4 xp=0
[01:56:14.707] [HOST] INFO: [census] sent n=57 radius=2000 mid=34
[01:56:14.734] [HOST] INFO: [stats] RECV hand=2,3921874944 ok=1 str=34.2 dex=24.2 tough=27.0 stealth=1.0 athl=40.1 xp=0
[01:56:14.734] [HOST] INFO: [spawn] INFO send hand=1,24,3565185536,9,1300659200 found=1 dead=0 age=1.00 sid='1304-gamedata.base' fac='1305-gamedata.base'
[01:56:14.734] [HOST] INFO: [spawn] INFO send hand=1,24,3565185536,10,2148559616 found=1 dead=0 age=1.00 sid='1304-gamedata.base' fac='1305-gamedata.base'
[01:56:14.735] [HOST] INFO: [inv] APPLY hand=0,2202,11111,162,1678588928 items=0
[01:56:14.735] [HOST] INFO: [inv] APPLY hand=1,32,1617431680,1,2796875008 items=9
[01:56:14.748] [HOST] INFO: [med] SEND hand=5,1438354432 npc=0 blood=90.5 bleed=0.00 fl=100.0,100.0,42.4,35.6 bd=0.0,0.0,57.6,64.4 flags=1 nparts=7 pmin=9.2 smin=0.0 ls=0,0,0,0
[01:56:15.206] [HOST] INFO: [med] SEND hand=1,1051391616 npc=0 blood=95.5 bleed=0.00 fl=100.0,100.0,75.0,-39.0 bd=0.0,0.0,25.0,139.0 flags=1 nparts=7 pmin=75.0 smin=0.0 ls=0,0,0,0
[01:56:15.542] [HOST] INFO: [fac] AFFECT-EV me='1084-gamedata.base' whom='1305-gamedata.base' event=1 mult=0.025 after=-10.17 skipped=1
[01:56:15.609] [HOST] INFO: [med] SEND hand=1,1051391616 npc=0 blood=95.5 bleed=0.00 fl=100.0,100.0,75.0,-39.0 bd=0.0,0.0,25.0,139.0 flags=1 nparts=7 pmin=75.0 smin=0.0 ls=0,0,0,0
[01:56:15.723] [HOST] INFO: [stats] RECV hand=1,2041992192 ok=1 str=34.0 dex=48.6 tough=43.2 stealth=1.3 athl=38.4 xp=0
[01:56:15.782] [HOST] INFO: [cam] center=-31724.0,1736.3,11020.2
[01:56:15.805] [HOST] INFO: [fac] AFFECT-EV me='200-gamedata.base' whom='1084-gamedata.base' event=0 mult=0.025 after=-6.67 skipped=56
[01:56:15.891] [HOST] INFO: [carry] RECV PICKUP id=4 carrier=1,2041992192 carried=1,1051391616 ok=1
[01:56:15.891] [HOST] INFO: [event] RECV id=4 ev=6 owner=2 hand=1,1,912109376,1,1051391616 actor=1,2041992192
[01:56:15.955] [HOST] INFO: [ai] suspended=4 driven=4
[01:56:16.286] [HOST] INFO: [fac] AFFECT-EV me='1084-gamedata.base' whom='200-gamedata.base' event=1 mult=0.025 after=-13.91 skipped=22
[01:56:16.323] [HOST] INFO: [med] SEND hand=5,1438354432 npc=0 blood=90.5 bleed=0.00 fl=100.0,100.0,42.5,35.7 bd=0.0,0.0,57.5,64.3 flags=1 nparts=7 pmin=9.3 smin=0.0 ls=0,0,0,0
[01:56:16.461] [HOST] INFO: [fac] AFFECT-EV me='1305-gamedata.base' whom='1084-gamedata.base' event=0 mult=0.025 after=-9.88 skipped=4
[01:56:16.730] [HOST] INFO: [med] SEND hand=5,1438354432 npc=0 blood=90.5 bleed=0.00 fl=100.0,100.0,42.5,35.8 bd=0.0,0.0,57.5,64.2 flags=1 nparts=7 pmin=9.4 smin=0.0 ls=0,0,0,0
[01:56:16.863] [HOST] INFO: [inv] APPLY hand=1,32,1617431680,2,3921874944 items=8
[01:56:16.932] [HOST] INFO: [med] SEND hand=1,1051391616 npc=0 blood=95.5 bleed=0.00 fl=100.0,100.0,75.1,-38.9 bd=0.0,0.0,24.9,138.9 flags=1 nparts=7 pmin=75.1 smin=0.0 ls=0,0,0,0
[01:56:17.335] [HOST] INFO: [med] SEND hand=1,1051391616 npc=0 blood=95.5 bleed=0.00 fl=100.0,100.0,75.2,-38.8 bd=0.0,0.0,24.8,138.8 flags=1 nparts=7 pmin=75.2 smin=0.0 ls=0,0,0,0
[01:56:17.335] [HOST] INFO: [stats] RECV hand=2,1846801792 ok=1 str=42.0 dex=44.9 tough=44.5 stealth=1.4 athl=57.6 xp=0
[01:56:17.336] [HOST] INFO: [inv] APPLY hand=1,33,1114624000,1,2041992192 items=15
[01:56:17.940] [HOST] INFO: [stats] RECV hand=1,2796875008 ok=1 str=35.4 dex=30.6 tough=30.9 stealth=1.0 athl=47.8 xp=0
[01:56:17.940] [HOST] INFO: [spawn] INFO send hand=1,35,3260864256,33,1677734400 found=0 dead=0 age=0.00 sid='' fac=''
[01:56:18.238] [HOST] INFO: [inv] APPLY hand=1,33,1114624000,2,1846801792 items=12
[01:56:18.467] [HOST] INFO: [med] SEND hand=5,1438354432 npc=0 blood=90.5 bleed=0.00 fl=100.0,100.0,42.7,35.9 bd=0.0,0.0,57.3,64.1 flags=1 nparts=7 pmin=9.5 smin=0.0 ls=0,0,0,0
[01:56:18.737] [HOST] INFO: [inv] APPLY hand=0,2202,11111,162,1678588928 items=0
[01:56:18.751] [HOST] INFO: [stats] RECV hand=2,3921874944 ok=1 str=34.2 dex=24.2 tough=27.0 stealth=1.0 athl=40.1 xp=0
[01:56:18.956] [HOST] INFO: [ai] suspended=4 driven=4
[01:56:19.095] [HOST] INFO: [cam] hints recv n=2 p1=-31642,10986 p2=-31538,11146
[01:56:19.237] [HOST] INFO: [interp] lerp=220191 extrap=95616 clamp=0 seg=917 single=56 snapSq=324 snapNpc=0 reissueSq=1645 reissueNpc=0 restFlip=0 delay=200 jit=160.6 starve=0 snapMid=0 restFlipMid=0
[01:56:19.237] [HOST] INFO: [interp] worstZero hand=1,2796875008 zero=939 active=4772 seg=57
[01:56:19.609] [HOST] INFO: [med] SEND hand=5,1438354432 npc=0 blood=90.5 bleed=0.00 fl=100.0,100.0,42.8,36.0 bd=0.0,0.0,57.2,64.0 flags=1 nparts=7 pmin=9.6 smin=0.0 ls=0,0,0,0
[01:56:19.901] [HOST] INFO: [stats] RECV hand=1,2796875008 ok=1 str=35.4 dex=30.6 tough=30.9 stealth=1.0 athl=47.8 xp=0
[01:56:19.903] [HOST] INFO: [inv] APPLY hand=0,2202,11111,162,1678588928 items=0
[01:56:19.903] [HOST] INFO: [inv] APPLY hand=1,32,1617431680,1,2796875008 items=9
[01:56:20.009] [HOST] INFO: [med] SEND hand=5,1438354432 npc=0 blood=90.5 bleed=0.00 fl=100.0,100.0,42.8,36.0 bd=0.0,0.0,57.2,64.0 flags=1 nparts=7 pmin=9.6 smin=0.0 ls=0,0,0,0
[01:56:20.588] [HOST] INFO: [fac] AFFECT-EV me='1084-gamedata.base' whom='1305-gamedata.base' event=1 mult=0.025 after=-10.17 skipped=5
[01:56:20.760] [HOST] INFO: [stats] RECV hand=1,2041992192 ok=1 str=34.1 dex=48.6 tough=43.2 stealth=1.3 athl=38.4 xp=0
[01:56:20.783] [HOST] INFO: [cam] center=-31724.0,1735.7,11020.2
[01:56:20.810] [HOST] INFO: [med] SEND hand=1,1051391616 npc=0 blood=95.5 bleed=0.00 fl=100.0,100.0,75.5,-38.5 bd=0.0,0.0,24.5,138.5 flags=1 nparts=7 pmin=75.5 smin=0.0 ls=0,0,0,0
[01:56:20.876] [HOST] INFO: [fac] AFFECT-EV me='200-gamedata.base' whom='1084-gamedata.base' event=0 mult=0.025 after=-6.67 skipped=32
[01:56:20.893] [HOST] INFO: [med] SEND hand=5,1438354432 npc=0 blood=90.5 bleed=0.00 fl=100.0,100.0,42.9,36.1 bd=0.0,0.0,57.1,63.9 flags=1 nparts=7 pmin=9.7 smin=0.0 ls=0,0,0,0
[01:56:21.214] [HOST] INFO: [med] SEND hand=1,1051391616 npc=0 blood=95.5 bleed=0.00 fl=100.0,100.0,75.5,-38.5 bd=0.0,0.0,24.5,138.5 flags=1 nparts=7 pmin=75.5 smin=0.0 ls=0,0,0,0
[01:56:21.295] [HOST] INFO: [med] SEND hand=5,1438354432 npc=0 blood=90.5 bleed=0.00 fl=100.0,100.0,42.9,36.1 bd=0.0,0.0,57.1,63.9 flags=1 nparts=7 pmin=9.7 smin=0.0 ls=0,0,0,0
[01:56:21.317] [HOST] INFO: [fac] AFFECT-EV me='1084-gamedata.base' whom='200-gamedata.base' event=1 mult=0.025 after=-13.94 skipped=22
[01:56:21.616] [HOST] INFO: [med] SEND hand=1,1051391616 npc=0 blood=95.5 bleed=0.00 fl=100.0,100.0,75.5,-38.5 bd=0.0,0.0,24.5,138.5 flags=1 nparts=7 pmin=75.5 smin=0.0 ls=0,0,0,0
[01:56:21.936] [HOST] INFO: [inv] APPLY hand=1,32,1617431680,2,3921874944 items=8
[01:56:21.936] [HOST] INFO: [inv] APPLY hand=1,33,1114624000,1,2041992192 items=15
[01:56:21.961] [HOST] INFO: [ai] suspended=4 driven=4
[01:56:22.283] [HOST] INFO: [stats] RECV hand=2,1846801792 ok=1 str=42.0 dex=44.9 tough=44.5 stealth=1.4 athl=57.6 xp=0
[01:56:22.657] [HOST] INFO: [med] SEND hand=5,1438354432 npc=0 blood=90.5 bleed=0.00 fl=100.0,100.0,43.0,36.2 bd=0.0,0.0,57.0,63.8 flags=1 nparts=7 pmin=9.8 smin=0.0 ls=0,0,0,0
[01:56:22.733] [HOST] INFO: [med] SEND hand=1,1051391616 npc=0 blood=95.5 bleed=0.00 fl=100.0,100.0,75.6,-38.4 bd=0.0,0.0,24.4,138.4 flags=1 nparts=7 pmin=75.6 smin=0.0 ls=0,0,0,0
[01:56:23.058] [HOST] INFO: [med] SEND hand=5,1438354432 npc=0 blood=90.5 bleed=0.00 fl=100.0,100.0,43.0,36.3 bd=0.0,0.0,57.0,63.7 flags=1 nparts=7 pmin=9.9 smin=0.0 ls=0,0,0,0
[01:56:23.270] [HOST] INFO: [inv] APPLY hand=1,33,1114624000,2,1846801792 items=12
[01:56:23.436] [HOST] INFO: [stats] RECV hand=2,3921874944 ok=1 str=34.2 dex=24.2 tough=27.0 stealth=1.0 athl=40.1 xp=0
[01:56:23.608] [HOST] INFO: [fac] AFFECT-EV me='1084-gamedata.base' whom='1084-gamedata.base' event=8 mult=0.025 after=100.00 skipped=7
[01:56:23.969] [HOST] INFO: [inv] APPLY hand=0,2202,11111,162,1678588928 items=0
[01:56:24.223] [HOST] INFO: [cam] hints recv n=2 p1=-31577,10756 p2=-31499,11349
[01:56:24.244] [HOST] INFO: [interp] lerp=221496 extrap=96900 clamp=0 seg=976 single=56 snapSq=324 snapNpc=0 reissueSq=1660 reissueNpc=0 restFlip=0 delay=200 jit=177.2 starve=0 snapMid=0 restFlipMid=0
[01:56:24.244] [HOST] INFO: [interp] worstZero hand=1,2796875008 zero=941 active=4793 seg=782
[01:56:24.508] [HOST] INFO: [stats] RECV hand=2,1846801792 ok=1 str=42.0 dex=44.9 tough=44.5 stealth=1.4 athl=57.6 xp=0
[01:56:24.739] [HOST] INFO: [census] sent n=56 radius=2000 mid=26
[01:56:24.927] [HOST] INFO: [med] SEND hand=5,1438354432 npc=0 blood=90.5 bleed=0.00 fl=100.0,100.0,43.2,36.4 bd=0.0,0.0,56.8,63.6 flags=1 nparts=7 pmin=10.0 smin=0.0 ls=0,0,0,0
[01:56:24.968] [HOST] INFO: [ai] suspended=4 driven=4
[01:56:25.297] [HOST] INFO: [stats] RECV hand=1,2796875008 ok=1 str=35.4 dex=30.6 tough=30.9 stealth=1.0 athl=47.8 xp=0
[01:56:25.298] [HOST] INFO: [inv] APPLY hand=0,2202,11111,162,1678588928 items=0
[01:56:25.298] [HOST] INFO: [inv] APPLY hand=1,32,1617431680,1,2796875008 items=9
[01:56:25.334] [HOST] INFO: [med] SEND hand=5,1438354432 npc=0 blood=90.5 bleed=0.00 fl=100.0,100.0,43.2,36.4 bd=0.0,0.0,56.8,63.6 flags=1 nparts=7 pmin=10.0 smin=0.0 ls=0,0,0,0
[01:56:25.580] [HOST] INFO: [stats] RECV hand=1,2041992192 ok=1 str=34.1 dex=48.6 tough=43.2 stealth=1.3 athl=38.5 xp=0
[01:56:25.742] [HOST] INFO: [stats] RECV hand=2,1846801792 ok=1 str=42.0 dex=44.9 tough=44.5 stealth=1.4 athl=57.6 xp=0
[01:56:25.785] [HOST] INFO: [cam] center=-32206.0,1348.8,11241.2
[01:56:25.890] [HOST] INFO: [med] SEND hand=5,1438354432 npc=0 blood=90.5 bleed=0.00 fl=100.0,100.0,43.3,36.5 bd=0.0,0.0,56.7,63.5 flags=1 nparts=7 pmin=10.1 smin=0.0 ls=0,0,0,0
[01:56:26.051] [HOST] INFO: [fac] AFFECT-EV me='200-gamedata.base' whom='1084-gamedata.base' event=0 mult=0.025 after=-6.67 skipped=53
[01:56:26.298] [HOST] INFO: [med] SEND hand=5,1438354432 npc=0 blood=90.5 bleed=0.00 fl=100.0,100.0,43.3,36.5 bd=0.0,0.0,56.7,63.5 flags=1 nparts=7 pmin=10.1 smin=0.0 ls=0,0,0,0
[01:56:26.330] [HOST] INFO: [fac] AFFECT-EV me='1084-gamedata.base' whom='200-gamedata.base' event=1 mult=0.025 after=-13.97 skipped=20
[01:56:26.407] [HOST] INFO: [med] SEND hand=1,1051391616 npc=0 blood=95.5 bleed=0.00 fl=100.0,100.0,76.0,-38.0 bd=0.0,0.0,24.0,138.0 flags=1 nparts=7 pmin=76.0 smin=0.0 ls=0,0,0,0
[01:56:26.463] [HOST] INFO: [stats] RECV hand=1,2041992192 ok=1 str=34.1 dex=48.6 tough=43.2 stealth=1.3 athl=38.5 xp=0
[01:56:26.715] [HOST] INFO: [inv] APPLY hand=1,32,1617431680,2,3921874944 items=8
[01:56:26.811] [HOST] INFO: [med] SEND hand=1,1051391616 npc=0 blood=95.5 bleed=0.00 fl=100.0,100.0,76.0,-38.0 bd=0.0,0.0,24.0,138.0 flags=1 nparts=7 pmin=76.0 smin=0.0 ls=0,0,0,0
[01:56:26.962] [HOST] INFO: [med] SEND hand=5,1438354432 npc=0 blood=90.5 bleed=0.00 fl=100.0,100.0,43.4,36.6 bd=0.0,0.0,56.6,63.4 flags=1 nparts=7 pmin=10.2 smin=0.0 ls=0,0,0,0
[01:56:27.676] [HOST] INFO: [inv] APPLY hand=1,33,1114624000,1,2041992192 items=15
[01:56:27.973] [HOST] INFO: [med] SEND hand=1,1051391616 npc=0 blood=95.5 bleed=0.00 fl=100.0,100.0,76.1,-37.9 bd=0.0,0.0,23.9,137.9 flags=1 nparts=7 pmin=76.1 smin=0.0 ls=0,0,0,0
[01:56:27.975] [HOST] INFO: [ai] suspended=4 driven=4
[01:56:28.176] [HOST] INFO: [inv] APPLY hand=1,33,1114624000,2,1846801792 items=12
[01:56:28.479] [HOST] INFO: [med] SEND hand=5,1438354432 npc=0 blood=90.5 bleed=0.00 fl=100.0,100.0,43.5,36.7 bd=0.0,0.0,56.5,63.3 flags=1 nparts=7 pmin=10.3 smin=0.0 ls=0,0,0,0
[01:56:28.622] [HOST] INFO: [inv] APPLY hand=0,2202,11111,162,1678588928 items=0
[01:56:28.627] [HOST] INFO: [stats] RECV hand=2,3921874944 ok=1 str=34.2 dex=24.2 tough=27.0 stealth=1.0 athl=40.1 xp=0
[01:56:28.673] [HOST] INFO: [fac] AFFECT-EV me='1084-gamedata.base' whom='1084-gamedata.base' event=8 mult=0.025 after=100.00 skipped=6
[01:56:28.839] [HOST] INFO: [stats] RECV hand=1,2041992192 ok=1 str=34.2 dex=48.6 tough=43.2 stealth=1.3 athl=38.6 xp=0
[01:56:28.880] [HOST] INFO: [med] SEND hand=5,1438354432 npc=0 blood=90.5 bleed=0.00 fl=100.0,100.0,43.5,36.8 bd=0.0,0.0,56.5,63.2 flags=1 nparts=7 pmin=10.4 smin=0.0 ls=0,0,0,0
[01:56:29.254] [HOST] INFO: [interp] lerp=223013 extrap=97908 clamp=0 seg=1219 single=56 snapSq=324 snapNpc=0 reissueSq=1706 reissueNpc=0 restFlip=0 delay=200 jit=128.2 starve=0 snapMid=0 restFlipMid=0
[01:56:29.254] [HOST] INFO: [interp] worstZero hand=1,2796875008 zero=941 active=4793 seg=85
[01:56:29.331] [HOST] INFO: [inv] APPLY hand=1,32,1617431680,1,2796875008 items=9
[01:56:29.486] [HOST] INFO: [inv] APPLY hand=0,2202,11111,162,1678588928 items=0
[01:56:29.623] [HOST] INFO: [cam] hints recv n=2 p1=-31613,10785 p2=-31484,11878
[01:56:30.238] [HOST] INFO: [stats] RECV hand=1,2796875008 ok=1 str=35.4 dex=30.6 tough=30.9 stealth=1.0 athl=47.8 xp=0
[01:56:30.787] [HOST] INFO: [cam] center=-31627.1,1745.3,12101.4
[01:56:30.793] [HOST] INFO: [stats] RECV hand=2,1846801792 ok=1 str=42.0 dex=44.9 tough=44.5 stealth=1.4 athl=57.6 xp=0
[01:56:30.873] [HOST] INFO: [med] SEND hand=5,1438354432 npc=0 blood=90.5 bleed=0.00 fl=100.0,100.0,43.7,36.9 bd=0.0,0.0,56.3,63.1 flags=1 nparts=7 pmin=10.5 smin=0.0 ls=0,0,0,0
[01:56:30.978] [HOST] INFO: [ai] suspended=4 driven=4
[01:56:31.125] [HOST] INFO: [fac] AFFECT-EV me='200-gamedata.base' whom='1084-gamedata.base' event=0 mult=0.025 after=-6.67 skipped=38
[01:56:31.469] [HOST] INFO: [fac] AFFECT-EV me='1084-gamedata.base' whom='200-gamedata.base' event=1 mult=0.025 after=-13.99 skipped=19
[01:56:31.850] [HOST] INFO: [inv] APPLY hand=1,32,1617431680,2,3921874944 items=8
[01:56:32.082] [HOST] INFO: [med] SEND hand=1,1051391616 npc=0 blood=95.5 bleed=0.00 fl=100.0,100.0,76.5,-37.5 bd=0.0,0.0,23.5,137.5 flags=1 nparts=7 pmin=76.5 smin=0.0 ls=0,0,0,0
[01:56:32.082] [HOST] INFO: [med] SEND hand=5,1438354432 npc=0 blood=90.5 bleed=0.00 fl=100.0,100.0,43.8,37.0 bd=0.0,0.0,56.2,63.0 flags=1 nparts=7 pmin=10.6 smin=0.0 ls=0,0,0,0
[01:56:32.432] [HOST] INFO: [inv] APPLY hand=1,33,1114624000,1,2041992192 items=15
[01:56:32.484] [HOST] INFO: [med] SEND hand=5,1438354432 npc=0 blood=90.5 bleed=0.00 fl=100.0,100.0,43.8,37.0 bd=0.0,0.0,56.2,63.0 flags=1 nparts=7 pmin=10.6 smin=0.0 ls=0,0,0,0
[01:56:32.517] [HOST] INFO: [med] SEND hand=1,1051391616 npc=0 blood=95.5 bleed=0.00 fl=100.0,100.0,76.5,-37.5 bd=0.0,0.0,23.5,137.5 flags=1 nparts=7 pmin=76.5 smin=0.0 ls=0,0,0,0
[01:56:33.373] [HOST] INFO: [stats] RECV hand=2,3921874944 ok=1 str=34.2 dex=24.2 tough=27.0 stealth=1.0 athl=40.1 xp=0
[01:56:33.389] [HOST] INFO: [med] SEND hand=5,1438354432 npc=0 blood=90.5 bleed=0.00 fl=100.0,100.0,43.9,37.1 bd=0.0,0.0,56.1,62.9 flags=1 nparts=7 pmin=10.7 smin=0.0 ls=0,0,0,0
[01:56:33.566] [HOST] INFO: [inv] APPLY hand=0,2202,11111,162,1678588928 items=0
[01:56:33.566] [HOST] INFO: [inv] APPLY hand=1,33,1114624000,2,1846801792 items=12
[01:56:33.741] [HOST] INFO: [fac] AFFECT-EV me='1084-gamedata.base' whom='1084-gamedata.base' event=8 mult=0.025 after=100.00 skipped=9
[01:56:33.789] [HOST] INFO: [med] SEND hand=5,1438354432 npc=0 blood=90.5 bleed=0.00 fl=100.0,100.0,43.9,37.1 bd=0.0,0.0,56.1,62.9 flags=1 nparts=7 pmin=10.7 smin=0.0 ls=0,0,0,0
[01:56:33.804] [HOST] INFO: [stats] RECV hand=1,2041992192 ok=1 str=34.2 dex=48.6 tough=43.2 stealth=1.3 athl=38.6 xp=0
[01:56:33.984] [HOST] INFO: [ai] suspended=4 driven=4
[01:56:34.037] [HOST] INFO: [med] SEND hand=1,1051391616 npc=0 blood=95.5 bleed=0.00 fl=100.0,100.0,76.6,-37.4 bd=0.0,0.0,23.4,137.4 flags=1 nparts=7 pmin=76.6 smin=0.0 ls=0,0,0,0
[01:56:34.255] [HOST] INFO: [interp] lerp=224614 extrap=98846 clamp=0 seg=1244 single=56 snapSq=324 snapNpc=0 reissueSq=1706 reissueNpc=0 restFlip=0 delay=200 jit=128.5 starve=0 snapMid=0 restFlipMid=0
[01:56:34.255] [HOST] INFO: [interp] worstZero hand=1,2796875008 zero=941 active=4793 seg=83
[01:56:34.308] [HOST] INFO: [inv] APPLY hand=1,32,1617431680,1,2796875008 items=9
[01:56:34.455] [HOST] INFO: [inv] APPLY hand=0,2202,11111,162,1678588928 items=0
[01:56:34.676] [HOST] INFO: [cam] hints recv n=2 p1=-31611,11938 p2=-31494,11968
[01:56:34.767] [HOST] INFO: [census] sent n=56 radius=2000 mid=29
[01:56:34.935] [HOST] INFO: [stats] RECV hand=1,2796875008 ok=1 str=35.4 dex=30.6 tough=30.9 stealth=1.0 athl=47.9 xp=0
[01:56:35.155] [HOST] INFO: [med] SEND hand=5,1438354432 npc=0 blood=90.5 bleed=0.00 fl=100.0,100.0,44.0,37.2 bd=0.0,0.0,56.0,62.8 flags=1 nparts=7 pmin=10.8 smin=0.0 ls=0,0,0,0
[01:56:35.202] [HOST] INFO: [stats] RECV hand=2,3921874944 ok=1 str=34.2 dex=24.2 tough=27.0 stealth=1.0 athl=40.1 xp=0
[01:56:35.558] [HOST] INFO: [med] SEND hand=5,1438354432 npc=0 blood=90.5 bleed=0.00 fl=100.0,100.0,44.0,37.3 bd=0.0,0.0,56.0,62.7 flags=1 nparts=7 pmin=10.9 smin=0.0 ls=0,0,0,0
[01:56:35.721] [HOST] INFO: [stats] RECV hand=1,2796875008 ok=1 str=35.4 dex=30.6 tough=30.9 stealth=1.0 athl=48.0 xp=0
[01:56:35.781] [HOST] INFO: [cam] center=-31627.1,1745.3,12101.4
[01:56:35.794] [HOST] INFO: [spawn] INFO send hand=1,28,1001464832,10,1402587904 found=1 dead=0 age=1.00 sid='97247-rebirth.mod' fac='200-gamedata.base'
[01:56:36.137] [HOST] INFO: [fac] AFFECT-EV me='200-gamedata.base' whom='1084-gamedata.base' event=0 mult=0.025 after=-6.67 skipped=41
[01:56:36.474] [HOST] INFO: [fac] AFFECT-EV me='1084-gamedata.base' whom='200-gamedata.base' event=1 mult=0.025 after=-14.02 skipped=20
[01:56:36.542] [HOST] INFO: [stats] RECV hand=2,1846801792 ok=1 str=42.0 dex=44.9 tough=44.5 stealth=1.4 athl=57.6 xp=0
[01:56:36.911] [HOST] INFO: [inv] APPLY hand=1,33,1114624000,1,2041992192 items=15
[01:56:36.987] [HOST] INFO: [ai] suspended=4 driven=4
[01:56:37.282] [HOST] INFO: [stats] RECV hand=1,2796875008 ok=1 str=35.4 dex=30.6 tough=30.9 stealth=1.0 athl=48.0 xp=0
[01:56:37.282] [HOST] INFO: [stats] RECV hand=2,3921874944 ok=1 str=34.2 dex=24.2 tough=27.0 stealth=1.0 athl=40.2 xp=0
[01:56:37.283] [HOST] INFO: [inv] APPLY hand=1,32,1617431680,2,3921874944 items=8
[01:56:37.525] [HOST] INFO: [med] SEND hand=5,1438354432 npc=0 blood=90.5 bleed=0.00 fl=100.0,100.0,44.2,37.4 bd=0.0,0.0,55.8,62.6 flags=1 nparts=7 pmin=11.0 smin=0.0 ls=0,0,0,0
[01:56:38.143] [HOST] INFO: [med] SEND hand=1,1051391616 npc=0 blood=95.5 bleed=0.00 fl=100.0,100.0,77.0,-37.0 bd=0.0,0.0,23.0,137.0 flags=1 nparts=7 pmin=77.0 smin=0.0 ls=0,0,0,0
[01:56:38.554] [HOST] INFO: [med] SEND hand=1,1051391616 npc=0 blood=95.5 bleed=0.00 fl=100.0,100.0,77.0,-37.0 bd=0.0,0.0,23.0,137.0 flags=1 nparts=7 pmin=77.0 smin=0.0 ls=0,0,0,0
[01:56:38.750] [HOST] INFO: [med] SEND hand=5,1438354432 npc=0 blood=90.5 bleed=0.00 fl=100.0,100.0,44.3,37.5 bd=0.0,0.0,55.7,62.5 flags=1 nparts=7 pmin=11.1 smin=0.0 ls=0,0,0,0
[01:56:38.795] [HOST] INFO: [stats] RECV hand=1,2796875008 ok=1 str=35.4 dex=30.6 tough=30.9 stealth=1.0 athl=48.1 xp=0
[01:56:38.961] [HOST] INFO: [med] SEND hand=1,1051391616 npc=0 blood=95.5 bleed=0.00 fl=100.0,100.0,77.0,-37.0 bd=0.0,0.0,23.0,137.0 flags=1 nparts=7 pmin=77.0 smin=0.0 ls=0,0,0,0
[01:56:39.154] [HOST] INFO: [med] SEND hand=5,1438354432 npc=0 blood=90.5 bleed=0.00 fl=100.0,100.0,44.3,37.5 bd=0.0,0.0,55.7,62.5 flags=1 nparts=7 pmin=11.1 smin=0.0 ls=0,0,0,0
[01:56:39.201] [HOST] INFO: [stats] RECV hand=1,2041992192 ok=1 str=34.2 dex=48.6 tough=43.2 stealth=1.3 athl=38.6 xp=0
[01:56:39.202] [HOST] INFO: [inv] APPLY hand=1,33,1114624000,2,1846801792 items=12
[01:56:39.259] [HOST] INFO: [interp] lerp=225418 extrap=100176 clamp=0 seg=1486 single=56 snapSq=324 snapNpc=0 reissueSq=1777 reissueNpc=0 restFlip=0 delay=200 jit=155.0 starve=0 snapMid=0 restFlipMid=0
[01:56:39.259] [HOST] INFO: [interp] worstZero hand=1,2796875008 zero=1049 active=5377 seg=72
[01:56:39.518] [HOST] INFO: [inv] APPLY hand=1,32,1617431680,1,2796875008 items=9
[01:56:39.864] [HOST] INFO: [cam] hints recv n=2 p1=-31519,12176 p2=-31494,11968
[01:56:39.990] [HOST] INFO: [ai] suspended=4 driven=4
[01:56:40.062] [HOST] INFO: [med] SEND hand=5,1438354432 npc=0 blood=90.5 bleed=0.00 fl=100.0,100.0,44.4,37.6 bd=0.0,0.0,55.6,62.4 flags=1 nparts=7 pmin=11.2 smin=0.0 ls=0,0,0,0
[01:56:40.101] [HOST] INFO: [med] SEND hand=1,1051391616 npc=0 blood=95.5 bleed=0.00 fl=100.0,100.0,77.1,-36.9 bd=0.0,0.0,22.9,136.9 flags=1 nparts=7 pmin=77.1 smin=0.0 ls=0,0,0,0
[01:56:40.758] [HOST] INFO: [stats] RECV hand=2,1846801792 ok=1 str=42.0 dex=44.9 tough=44.5 stealth=1.4 athl=57.6 xp=0
[01:56:40.783] [HOST] INFO: [cam] center=-31627.1,1745.3,12101.5
[01:56:41.175] [HOST] INFO: [fac] AFFECT-EV me='200-gamedata.base' whom='1084-gamedata.base' event=0 mult=0.025 after=-6.67 skipped=60
[01:56:41.646] [HOST] INFO: [fac] AFFECT-EV me='1084-gamedata.base' whom='200-gamedata.base' event=1 mult=0.025 after=-14.05 skipped=22
[01:56:41.835] [HOST] INFO: [med] SEND hand=5,1438354432 npc=0 blood=90.5 bleed=0.00 fl=100.0,100.0,44.5,37.7 bd=0.0,0.0,55.5,62.3 flags=1 nparts=7 pmin=11.3 smin=0.0 ls=0,0,0,0
[01:56:41.937] [HOST] INFO: [stats] RECV hand=2,3921874944 ok=1 str=34.2 dex=24.2 tough=27.0 stealth=1.0 athl=40.3 xp=0
[01:56:41.938] [HOST] INFO: [inv] APPLY hand=1,32,1617431680,2,3921874944 items=8
[01:56:42.084] [HOST] INFO: [inv] APPLY hand=1,33,1114624000,1,2041992192 items=15
[01:56:42.239] [HOST] INFO: [med] SEND hand=5,1438354432 npc=0 blood=90.5 bleed=0.00 fl=100.0,100.0,44.5,37.8 bd=0.0,0.0,55.5,62.2 flags=1 nparts=7 pmin=11.4 smin=0.0 ls=0,0,0,0
[01:56:42.831] [HOST] INFO: [stats] RECV hand=1,2041992192 ok=1 str=34.2 dex=48.6 tough=43.2 stealth=1.3 athl=38.6 xp=0
[01:56:42.998] [HOST] INFO: [ai] suspended=4 driven=4
[01:56:43.547] [HOST] INFO: [inv] APPLY hand=1,33,1114624000,2,1846801792 items=12
[01:56:43.749] [HOST] INFO: [stats] RECV hand=2,3921874944 ok=1 str=34.2 dex=24.2 tough=27.0 stealth=1.0 athl=40.3 xp=0
[01:56:43.749] [HOST] INFO: [stats] RECV hand=1,2796875008 ok=1 str=35.4 dex=30.6 tough=30.9 stealth=1.0 athl=48.1 xp=0
[01:56:44.195] [HOST] INFO: [med] SEND hand=5,1438354432 npc=0 blood=90.5 bleed=0.00 fl=100.0,100.0,44.7,37.9 bd=0.0,0.0,55.3,62.1 flags=1 nparts=7 pmin=11.5 smin=0.0 ls=0,0,0,0
[01:56:44.233] [HOST] INFO: [med] SEND hand=1,1051391616 npc=0 blood=95.5 bleed=0.00 fl=100.0,100.0,77.5,-36.5 bd=0.0,0.0,22.5,136.5 flags=1 nparts=7 pmin=77.5 smin=0.0 ls=0,0,0,0
[01:56:44.265] [HOST] INFO: [interp] lerp=226784 extrap=101346 clamp=0 seg=1642 single=56 snapSq=324 snapNpc=0 reissueSq=1804 reissueNpc=0 restFlip=0 delay=200 jit=166.2 starve=0 snapMid=0 restFlipMid=0
[01:56:44.265] [HOST] INFO: [interp] worstZero hand=1,2796875008 zero=1051 active=5440 seg=80
[01:56:44.418] [HOST] INFO: [stats] RECV hand=1,2041992192 ok=1 str=34.3 dex=48.6 tough=43.2 stealth=1.3 athl=38.7 xp=0
[01:56:44.636] [HOST] INFO: [med] SEND hand=1,1051391616 npc=0 blood=95.5 bleed=0.00 fl=100.0,100.0,77.5,-36.5 bd=0.0,0.0,22.5,136.5 flags=1 nparts=7 pmin=77.5 smin=0.0 ls=0,0,0,0
[01:56:44.638] [HOST] INFO: [inv] APPLY hand=1,32,1617431680,1,2796875008 items=9
[01:56:44.734] [HOST] INFO: [stats] RECV hand=2,1846801792 ok=1 str=42.0 dex=44.9 tough=44.5 stealth=1.4 athl=57.7 xp=0
[01:56:44.807] [HOST] INFO: [census] sent n=54 radius=2000 mid=48
[01:56:45.230] [HOST] INFO: [med] SEND hand=5,1438354432 npc=0 blood=90.5 bleed=0.00 fl=100.0,100.0,44.8,38.0 bd=0.0,0.0,55.2,62.0 flags=1 nparts=7 pmin=11.6 smin=0.0 ls=0,0,0,0
[01:56:45.399] [HOST] INFO: [cam] hints recv n=2 p1=-31564,12411 p2=-30790,13335
[01:56:45.635] [HOST] INFO: [med] SEND hand=5,1438354432 npc=0 blood=90.5 bleed=0.00 fl=100.0,100.0,44.8,38.0 bd=0.0,0.0,55.2,62.0 flags=1 nparts=7 pmin=11.6 smin=0.0 ls=0,0,0,0
[01:56:45.785] [HOST] INFO: [cam] center=-31170.2,1599.1,12958.8
[01:56:45.832] [HOST] INFO: [med] SEND hand=1,1051391616 npc=0 blood=95.5 bleed=0.00 fl=100.0,100.0,77.6,-36.4 bd=0.0,0.0,22.4,136.4 flags=1 nparts=7 pmin=77.6 smin=0.0 ls=0,0,0,0
[01:56:46.001] [HOST] INFO: [ai] suspended=4 driven=4
[01:56:46.232] [HOST] INFO: [med] SEND hand=1,1051391616 npc=0 blood=95.5 bleed=0.00 fl=100.0,100.0,77.7,-36.3 bd=0.0,0.0,22.3,136.3 flags=1 nparts=7 pmin=77.7 smin=0.0 ls=0,0,0,0
[01:56:46.284] [HOST] INFO: [fac] AFFECT-EV me='200-gamedata.base' whom='1084-gamedata.base' event=0 mult=0.025 after=-6.67 skipped=27
[01:56:46.294] [HOST] INFO: [med] SEND hand=5,1438354432 npc=0 blood=90.5 bleed=0.00 fl=100.0,100.0,44.9,38.1 bd=0.0,0.0,55.1,61.9 flags=1 nparts=7 pmin=11.7 smin=0.0 ls=0,0,0,0
[01:56:46.392] [HOST] INFO: [stats] RECV hand=1,2796875008 ok=1 str=35.4 dex=30.6 tough=30.9 stealth=1.0 athl=48.2 xp=0
[01:56:46.640] [HOST] INFO: [fac] AFFECT-EV me='1084-gamedata.base' whom='200-gamedata.base' event=1 mult=0.025 after=-14.09 skipped=29
[01:56:46.644] [HOST] INFO: [stats] RECV hand=1,2041992192 ok=1 str=34.3 dex=48.6 tough=43.2 stealth=1.3 athl=38.8 xp=0
[01:56:46.699] [HOST] INFO: [med] SEND hand=5,1438354432 npc=0 blood=90.5 bleed=0.00 fl=100.0,100.0,44.9,38.1 bd=0.0,0.0,55.1,61.9 flags=1 nparts=7 pmin=11.7 smin=0.0 ls=0,0,0,0
[01:56:46.860] [HOST] INFO: [stats] RECV hand=2,3921874944 ok=1 str=34.2 dex=24.2 tough=27.0 stealth=1.0 athl=40.4 xp=0
[01:56:46.860] [HOST] INFO: [stats] RECV hand=1,2041992192 ok=1 str=34.3 dex=48.6 tough=43.2 stealth=1.3 athl=38.8 xp=0
[01:56:46.861] [HOST] INFO: [inv] APPLY hand=1,32,1617431680,2,3921874944 items=8
[01:56:47.520] [HOST] INFO: [stats] RECV hand=1,2796875008 ok=1 str=35.4 dex=30.6 tough=30.9 stealth=1.0 athl=48.3 xp=0
[01:56:47.706] [HOST] INFO: [med] SEND hand=5,1438354432 npc=0 blood=90.5 bleed=0.00 fl=100.0,100.0,45.0,38.2 bd=0.0,0.0,55.0,61.8 flags=1 nparts=7 pmin=11.8 smin=0.0 ls=0,0,0,0
[01:56:47.728] [HOST] INFO: [inv] APPLY hand=1,33,1114624000,1,2041992192 items=15
[01:56:48.110] [HOST] INFO: [med] SEND hand=5,1438354432 npc=0 blood=90.5 bleed=0.00 fl=100.0,100.0,45.0,38.3 bd=0.0,0.0,55.0,61.7 flags=1 nparts=7 pmin=11.9 smin=0.0 ls=0,0,0,0
[01:56:48.275] [HOST] INFO: [inv] APPLY hand=1,33,1114624000,2,1846801792 items=12
[01:56:49.006] [HOST] INFO: [ai] suspended=4 driven=4
[01:56:49.137] [HOST] INFO: [med] SEND hand=1,1051391616 npc=0 blood=95.5 bleed=0.00 fl=100.0,100.0,78.0,-36.0 bd=0.0,0.0,22.0,136.0 flags=1 nparts=7 pmin=78.0 smin=0.0 ls=0,0,0,0
[01:56:49.144] [HOST] INFO: [stats] RECV hand=1,2041992192 ok=1 str=34.4 dex=48.6 tough=43.2 stealth=1.3 athl=38.9 xp=0
[01:56:49.144] [HOST] INFO: [stats] RECV hand=2,1846801792 ok=1 str=42.1 dex=44.9 tough=44.5 stealth=1.4 athl=57.8 xp=0
[01:56:49.271] [HOST] INFO: [interp] lerp=227628 extrap=102532 clamp=0 seg=2416 single=56 snapSq=324 snapNpc=0 reissueSq=1895 reissueNpc=0 restFlip=0 delay=200 jit=169.6 starve=0 snapMid=0 restFlipMid=0
[01:56:49.271] [HOST] INFO: [interp] worstZero hand=1,2796875008 zero=1053 active=5797 seg=638
[01:56:49.488] [HOST] INFO: [inv] APPLY hand=1,32,1617431680,1,2796875008 items=9
[01:56:49.537] [HOST] INFO: [med] SEND hand=1,1051391616 npc=0 blood=95.5 bleed=0.00 fl=100.0,100.0,78.0,-36.0 bd=0.0,0.0,22.0,136.0 flags=1 nparts=7 pmin=78.0 smin=0.0 ls=0,0,0,0
[01:56:49.609] [HOST] INFO: [med] SEND hand=5,1438354432 npc=0 blood=90.5 bleed=0.00 fl=100.0,100.0,45.2,38.4 bd=0.0,0.0,54.8,61.6 flags=1 nparts=7 pmin=12.0 smin=0.0 ls=0,0,0,0
[01:56:49.822] [HOST] INFO: [stats] RECV hand=1,2041992192 ok=1 str=34.4 dex=48.6 tough=43.2 stealth=1.3 athl=38.9 xp=0
[01:56:50.156] [HOST] INFO: [stats] RECV hand=1,2796875008 ok=1 str=35.4 dex=30.6 tough=30.9 stealth=1.0 athl=48.4 xp=0
[01:56:50.569] [HOST] INFO: [med] SEND hand=5,1438354432 npc=0 blood=90.5 bleed=0.00 fl=100.0,100.0,45.3,38.5 bd=0.0,0.0,54.7,61.5 flags=1 nparts=7 pmin=12.1 smin=0.0 ls=0,0,0,0
[01:56:50.683] [HOST] INFO: [med] SEND hand=1,1051391616 npc=0 blood=95.5 bleed=0.00 fl=100.0,100.0,78.1,-35.9 bd=0.0,0.0,21.9,135.9 flags=1 nparts=7 pmin=78.1 smin=0.0 ls=0,0,0,0
[01:56:50.765] [HOST] INFO: [stats] RECV hand=2,1846801792 ok=1 str=42.1 dex=44.9 tough=44.5 stealth=1.4 athl=57.8 xp=0
[01:56:50.787] [HOST] INFO: [cam] center=-30308.2,1679.9,14023.4
[01:56:50.876] [HOST] INFO: [stats] RECV hand=1,2041992192 ok=1 str=34.5 dex=48.6 tough=43.2 stealth=1.3 athl=39.0 xp=0
[01:56:50.927] [HOST] INFO: [cam] hints recv n=2 p1=-30644,13643 p2=-29957,14391
[01:56:50.974] [HOST] INFO: [med] SEND hand=5,1438354432 npc=0 blood=90.5 bleed=0.00 fl=100.0,100.0,45.3,38.5 bd=0.0,0.0,54.7,61.5 flags=1 nparts=7 pmin=12.1 smin=0.0 ls=0,0,0,0
[01:56:51.087] [HOST] INFO: [med] SEND hand=1,1051391616 npc=0 blood=95.5 bleed=0.00 fl=100.0,100.0,78.2,-35.8 bd=0.0,0.0,21.8,135.8 flags=1 nparts=7 pmin=78.2 smin=0.0 ls=0,0,0,0
[01:56:51.351] [HOST] INFO: [fac] AFFECT-EV me='200-gamedata.base' whom='1084-gamedata.base' event=0 mult=0.025 after=-6.67 skipped=52
[01:56:51.641] [HOST] INFO: [med] SEND hand=5,1438354432 npc=0 blood=90.5 bleed=0.00 fl=100.0,100.0,45.4,38.6 bd=0.0,0.0,54.6,61.4 flags=1 nparts=7 pmin=12.2 smin=0.0 ls=0,0,0,0
[01:56:51.903] [HOST] INFO: [fac] AFFECT-EV me='1084-gamedata.base' whom='200-gamedata.base' event=1 mult=0.025 after=-14.12 skipped=24
[01:56:51.962] [HOST] INFO: [stats] RECV hand=2,3921874944 ok=1 str=34.2 dex=24.2 tough=27.0 stealth=1.0 athl=40.5 xp=0
[01:56:51.963] [HOST] INFO: [inv] APPLY hand=1,32,1617431680,2,3921874944 items=8
[01:56:52.013] [HOST] INFO: [ai] suspended=4 driven=4
[01:56:52.697] [HOST] INFO: [stats] RECV hand=1,2041992192 ok=1 str=34.5 dex=48.6 tough=43.2 stealth=1.3 athl=39.1 xp=0
[01:56:52.698] [HOST] INFO: [inv] APPLY hand=1,33,1114624000,1,2041992192 items=15
[01:56:53.042] [HOST] INFO: [med] SEND hand=5,1438354432 npc=0 blood=90.5 bleed=0.00 fl=100.0,100.0,45.5,38.7 bd=0.0,0.0,54.5,61.3 flags=1 nparts=7 pmin=12.3 smin=0.0 ls=0,0,0,0
[01:56:53.051] [HOST] INFO: [inv] APPLY hand=1,33,1114624000,2,1846801792 items=12
[01:56:53.120] [HOST] INFO: [stats] RECV hand=1,2041992192 ok=1 str=34.5 dex=48.6 tough=43.2 stealth=1.3 athl=39.1 xp=0
[01:56:53.277] [HOST] INFO: [stats] RECV hand=2,1846801792 ok=1 str=42.1 dex=44.9 tough=44.5 stealth=1.4 athl=57.9 xp=0
[01:56:53.447] [HOST] INFO: [med] SEND hand=5,1438354432 npc=0 blood=90.5 bleed=0.00 fl=100.0,100.0,45.5,38.8 bd=0.0,0.0,54.5,61.2 flags=1 nparts=7 pmin=12.4 smin=0.0 ls=0,0,0,0
[01:56:53.770] [HOST] INFO: [stats] RECV hand=2,3921874944 ok=1 str=34.2 dex=24.2 tough=27.0 stealth=1.0 athl=40.5 xp=0
[01:56:53.924] [HOST] INFO: [spawn] INFO send hand=1,29,2520263680,1,2330932736 found=1 dead=0 age=0.86 sid='3993-gamedata.base' fac='40544-rebirth.mod'
[01:56:53.924] [HOST] INFO: [spawn] INFO send hand=1,29,2520263680,2,230346672 found=1 dead=0 age=0.81 sid='3993-gamedata.base' fac='40544-rebirth.mod'
[01:56:53.924] [HOST] INFO: [spawn] INFO send hand=1,29,2520263680,3,3783813376 found=1 dead=0 age=0.35 sid='3993-gamedata.base' fac='40544-rebirth.mod'
[01:56:53.986] [HOST] INFO: [med] SEND hand=1,1051391616 npc=0 blood=95.5 bleed=0.00 fl=100.0,100.0,78.5,-35.5 bd=0.0,0.0,21.5,135.5 flags=1 nparts=7 pmin=78.5 smin=0.0 ls=0,0,0,0
[01:56:54.273] [HOST] INFO: [interp] lerp=228708 extrap=103826 clamp=0 seg=2826 single=56 snapSq=324 snapNpc=0 reissueSq=1974 reissueNpc=0 restFlip=0 delay=200 jit=98.0 starve=0 snapMid=0 restFlipMid=0
[01:56:54.273] [HOST] INFO: [interp] worstZero hand=1,2796875008 zero=1054 active=6036 seg=97
[01:56:54.345] [HOST] INFO: [stats] RECV hand=1,2796875008 ok=1 str=35.4 dex=30.6 tough=30.9 stealth=1.0 athl=48.5 xp=0
[01:56:54.346] [HOST] INFO: [inv] APPLY hand=1,32,1617431680,1,2796875008 items=9
[01:56:54.388] [HOST] INFO: [med] SEND hand=1,1051391616 npc=0 blood=95.5 bleed=0.00 fl=100.0,100.0,78.5,-35.5 bd=0.0,0.0,21.5,135.5 flags=1 nparts=7 pmin=78.5 smin=0.0 ls=0,0,0,0
[01:56:54.482] [HOST] INFO: [stats] RECV hand=2,3921874944 ok=1 str=34.2 dex=24.2 tough=27.0 stealth=1.0 athl=40.6 xp=0
[01:56:54.834] [HOST] INFO: [census] sent n=15 radius=2000 mid=15
[01:56:54.956] [HOST] INFO: [med] SEND hand=5,1438354432 npc=0 blood=90.5 bleed=0.00 fl=100.0,100.0,45.7,38.9 bd=0.0,0.0,54.3,61.1 flags=1 nparts=7 pmin=12.5 smin=0.0 ls=0,0,0,0
[01:56:55.014] [HOST] INFO: [ai] suspended=4 driven=4
[01:56:55.090] [HOST] INFO: [stats] RECV hand=1,2041992192 ok=1 str=34.6 dex=48.6 tough=43.2 stealth=1.3 athl=39.2 xp=0
[01:56:55.540] [HOST] INFO: [med] SEND hand=1,1051391616 npc=0 blood=95.5 bleed=0.00 fl=100.0,100.0,78.6,-35.4 bd=0.0,0.0,21.4,135.4 flags=1 nparts=7 pmin=78.6 smin=0.0 ls=0,0,0,0
[01:56:55.547] [HOST] INFO: [stats] RECV hand=1,2796875008 ok=1 str=35.4 dex=30.6 tough=30.9 stealth=1.0 athl=48.6 xp=0
[01:56:55.781] [HOST] INFO: [cam] center=-31812.2,1622.4,14121.3
[01:56:55.911] [HOST] INFO: [med] SEND hand=5,1438354432 npc=0 blood=90.5 bleed=0.00 fl=100.0,100.0,45.8,39.0 bd=0.0,0.0,54.2,61.0 flags=1 nparts=7 pmin=12.6 smin=0.0 ls=0,0,0,0
[01:56:55.969] [HOST] INFO: [cam] hints recv n=2 p1=-31635,13796 p2=-29957,14391
[01:56:56.190] [HOST] INFO: [stats] RECV hand=1,2041992192 ok=1 str=34.6 dex=48.6 tough=43.2 stealth=1.3 athl=39.2 xp=0
[01:56:56.315] [HOST] INFO: [med] SEND hand=5,1438354432 npc=0 blood=90.5 bleed=0.00 fl=100.0,100.0,45.8,39.0 bd=0.0,0.0,54.2,61.0 flags=1 nparts=7 pmin=12.6 smin=0.0 ls=0,0,0,0
[01:56:56.463] [HOST] INFO: [fac] AFFECT-EV me='200-gamedata.base' whom='1084-gamedata.base' event=0 mult=0.025 after=-6.67 skipped=52
[01:56:56.828] [HOST] INFO: [stats] RECV hand=2,3921874944 ok=1 str=34.2 dex=24.2 tough=27.0 stealth=1.0 athl=40.7 xp=0
[01:56:56.830] [HOST] INFO: [inv] APPLY hand=1,32,1617431680,2,3921874944 items=8
[01:56:56.969] [HOST] INFO: [med] SEND hand=5,1438354432 npc=0 blood=90.5 bleed=0.00 fl=100.0,100.0,45.9,39.1 bd=0.0,0.0,54.1,60.9 flags=1 nparts=7 pmin=12.7 smin=0.0 ls=0,0,0,0
[01:56:56.980] [HOST] INFO: [fac] AFFECT-EV me='1084-gamedata.base' whom='200-gamedata.base' event=1 mult=0.025 after=-14.15 skipped=24
[01:56:56.983] [HOST] INFO: [stats] RECV hand=1,2796875008 ok=1 str=35.4 dex=30.6 tough=30.9 stealth=1.0 athl=48.7 xp=0
[01:56:56.992] [HOST] INFO: [inv] APPLY hand=1,33,1114624000,1,2041992192 items=15
[01:56:57.151] [HOST] INFO: [stats] RECV hand=2,1846801792 ok=1 str=42.2 dex=44.9 tough=44.5 stealth=1.4 athl=58.0 xp=0
[01:56:57.368] [HOST] INFO: [med] SEND hand=5,1438354432 npc=0 blood=90.5 bleed=0.00 fl=100.0,100.0,45.9,39.1 bd=0.0,0.0,54.1,60.9 flags=1 nparts=7 pmin=12.7 smin=0.0 ls=0,0,0,0
[01:56:58.020] [HOST] INFO: [ai] suspended=4 driven=4
[01:56:58.270] [HOST] INFO: [stats] RECV hand=2,3921874944 ok=1 str=34.3 dex=24.2 tough=27.0 stealth=1.0 athl=40.8 xp=0
[01:56:58.381] [HOST] INFO: [med] SEND hand=5,1438354432 npc=0 blood=90.5 bleed=0.00 fl=100.0,100.0,46.0,39.2 bd=0.0,0.0,54.0,60.8 flags=1 nparts=7 pmin=12.8 smin=0.0 ls=0,0,0,0
[01:56:58.416] [HOST] INFO: [stats] RECV hand=1,2041992192 ok=1 str=34.7 dex=48.6 tough=43.2 stealth=1.3 athl=39.3 xp=0
[01:56:58.418] [HOST] INFO: [inv] APPLY hand=1,33,1114624000,2,1846801792 items=12
[01:56:58.782] [HOST] INFO: [med] SEND hand=5,1438354432 npc=0 blood=90.5 bleed=0.00 fl=100.0,100.0,46.0,39.3 bd=0.0,0.0,54.0,60.7 flags=1 nparts=7 pmin=12.9 smin=0.0 ls=0,0,0,0
[01:56:58.941] [HOST] INFO: [med] SEND hand=1,1051391616 npc=0 blood=95.5 bleed=0.00 fl=100.0,100.0,79.0,-35.0 bd=0.0,0.0,21.0,135.0 flags=1 nparts=7 pmin=79.0 smin=0.0 ls=0,0,0,0
[01:56:58.969] [HOST] INFO: [stats] RECV hand=1,2796875008 ok=1 str=35.4 dex=30.6 tough=30.9 stealth=1.0 athl=48.8 xp=0
[01:56:59.209] [HOST] INFO: [spawn] INFO send hand=1,29,2520263680,1,2330932736 found=1 dead=0 age=0.86 sid='3993-gamedata.base' fac='40544-rebirth.mod'
[01:56:59.209] [HOST] INFO: [spawn] INFO send hand=1,29,2520263680,2,230346672 found=1 dead=0 age=0.81 sid='3993-gamedata.base' fac='40544-rebirth.mod'
[01:56:59.209] [HOST] INFO: [spawn] INFO send hand=1,29,2520263680,3,3783813376 found=1 dead=0 age=0.35 sid='3993-gamedata.base' fac='40544-rebirth.mod'
[01:56:59.281] [HOST] INFO: [interp] lerp=229615 extrap=105062 clamp=0 seg=3463 single=56 snapSq=324 snapNpc=0 reissueSq=2080 reissueNpc=0 restFlip=0 delay=200 jit=137.1 starve=0 snapMid=0 restFlipMid=0
[01:56:59.281] [HOST] INFO: [interp] worstZero hand=1,2796875008 zero=1065 active=6632 seg=80
[01:56:59.283] [HOST] INFO: [fac] AFFECT-EV me='1084-gamedata.base' whom='1084-gamedata.base' event=8 mult=0.025 after=100.00 skipped=1
[01:56:59.345] [HOST] INFO: [med] SEND hand=1,1051391616 npc=0 blood=95.5 bleed=0.00 fl=100.0,100.0,79.0,-35.0 bd=0.0,0.0,21.0,135.0 flags=1 nparts=7 pmin=79.0 smin=0.0 ls=0,0,0,0
[01:56:59.373] [HOST] INFO: [stats] RECV hand=1,2041992192 ok=1 str=34.7 dex=48.6 tough=43.2 stealth=1.3 athl=39.3 xp=0
[01:56:59.375] [HOST] INFO: [inv] APPLY hand=1,32,1617431680,1,2796875008 items=9
[01:56:59.871] [HOST] INFO: [stats] RECV hand=1,2041992192 ok=1 str=34.7 dex=48.6 tough=43.2 stealth=1.3 athl=39.4 xp=0
[01:57:00.011] [HOST] INFO: [stats] RECV hand=2,3921874944 ok=1 str=34.3 dex=24.2 tough=27.0 stealth=1.0 athl=40.9 xp=0
[01:57:00.285] [HOST] INFO: [med] SEND hand=5,1438354432 npc=0 blood=90.5 bleed=0.00 fl=100.0,100.0,46.2,39.4 bd=0.0,0.0,53.8,60.6 flags=1 nparts=7 pmin=13.0 smin=0.0 ls=0,0,0,0
[01:57:00.406] [HOST] INFO: [med] SEND hand=1,1051391616 npc=0 blood=95.5 bleed=0.00 fl=100.0,100.0,79.1,-34.9 bd=0.0,0.0,20.9,134.9 flags=1 nparts=7 pmin=79.1 smin=0.0 ls=0,0,0,0
[01:57:00.786] [HOST] INFO: [cam] center=-33094.4,1508.1,14611.9
[01:57:00.813] [HOST] INFO: [med] SEND hand=1,1051391616 npc=0 blood=95.5 bleed=0.00 fl=100.0,100.0,79.2,-34.8 bd=0.0,0.0,20.8,134.8 flags=1 nparts=7 pmin=79.2 smin=0.0 ls=0,0,0,0
[01:57:00.834] [HOST] INFO: [stats] RECV hand=2,1846801792 ok=1 str=42.2 dex=44.9 tough=44.5 stealth=1.4 athl=58.1 xp=0
[01:57:00.863] [HOST] INFO: [stats] RECV hand=1,2796875008 ok=1 str=35.4 dex=30.6 tough=30.9 stealth=1.0 athl=48.9 xp=0
[01:57:01.028] [HOST] INFO: [ai] suspended=4 driven=4
[01:57:01.035] [HOST] INFO: [cam] hints recv n=2 p1=-32894,14312 p2=-33109,14636
[01:57:01.480] [HOST] INFO: [med] SEND hand=5,1438354432 npc=0 blood=90.5 bleed=0.00 fl=100.0,100.0,46.3,39.5 bd=0.0,0.0,53.7,60.5 flags=1 nparts=7 pmin=13.1 smin=0.0 ls=0,0,0,0
[01:57:01.583] [HOST] INFO: [fac] AFFECT-EV me='200-gamedata.base' whom='1084-gamedata.base' event=0 mult=0.025 after=-6.67 skipped=51
[01:57:01.800] [HOST] INFO: [inv] APPLY hand=1,32,1617431680,2,3921874944 items=8
[01:57:01.833] [HOST] INFO: [stats] RECV hand=1,2041992192 ok=1 str=34.8 dex=48.6 tough=43.2 stealth=1.3 athl=39.5 xp=0
[01:57:01.883] [HOST] INFO: [med] SEND hand=5,1438354432 npc=0 blood=90.5 bleed=0.00 fl=100.0,100.0,46.3,39.5 bd=0.0,0.0,53.7,60.5 flags=1 nparts=7 pmin=13.1 smin=0.0 ls=0,0,0,0
[01:57:01.910] [HOST] INFO: [stats] RECV hand=2,1846801792 ok=1 str=42.2 dex=44.9 tough=44.5 stealth=1.4 athl=58.1 xp=0
[01:57:01.911] [HOST] INFO: [inv] APPLY hand=1,33,1114624000,1,2041992192 items=15
[01:57:02.016] [HOST] INFO: [stats] RECV hand=2,3921874944 ok=1 str=34.3 dex=24.2 tough=27.0 stealth=1.0 athl=41.0 xp=0
[01:57:02.109] [HOST] INFO: [stats] RECV hand=1,2796875008 ok=1 str=35.4 dex=30.6 tough=30.9 stealth=1.0 athl=49.0 xp=0
[01:57:02.191] [HOST] INFO: [fac] AFFECT-EV me='1084-gamedata.base' whom='200-gamedata.base' event=1 mult=0.025 after=-14.17 skipped=19
[01:57:02.805] [HOST] INFO: [med] SEND hand=5,1438354432 npc=0 blood=90.5 bleed=0.00 fl=100.0,100.0,46.4,39.6 bd=0.0,0.0,53.6,60.4 flags=1 nparts=7 pmin=13.2 smin=0.0 ls=0,0,0,0
[01:57:03.137] [HOST] INFO: [stats] RECV hand=1,2041992192 ok=1 str=34.8 dex=48.6 tough=43.2 stealth=1.3 athl=39.5 xp=0
[01:57:03.139] [HOST] INFO: [inv] APPLY hand=1,33,1114624000,2,1846801792 items=12
[01:57:03.563] [HOST] INFO: [speed] REQ RECV owner=2 mult=0.00 paused=1 combat=0
[01:57:03.563] [HOST] INFO: [speed] SET mult=0.00 paused=1 combat=0 (my=5.00 p1=5.00 p2=0.00)
[01:57:03.747] [HOST] INFO: [stats] RECV hand=1,2796875008 ok=1 str=35.4 dex=30.6 tough=30.9 stealth=1.0 athl=49.1 xp=0
[01:57:04.029] [HOST] INFO: [ai] suspended=4 driven=4
[01:57:04.259] [HOST] INFO: [snap] squad hand=2,1846801792 name='Old Soldier' gap=124.9 gate=124.5 srcVel=0.0 cSpeed=71.6 mult=0.00 slew=1.00 dest=1 skipped=1
[01:57:04.282] [HOST] INFO: [interp] lerp=230564 extrap=105946 clamp=0 seg=4402 single=56 snapSq=328 snapNpc=0 reissueSq=2187 reissueNpc=0 restFlip=0 delay=200 jit=153.2 starve=0 snapMid=0 restFlipMid=0
[01:57:04.282] [HOST] INFO: [interp] worstZero hand=1,2041992192 zero=1237 active=15364 seg=91
[01:57:04.395] [HOST] INFO: [speed] REQ RECV owner=2 mult=5.00 paused=0 combat=0
[01:57:04.395] [HOST] INFO: [speed] SET mult=5.00 paused=0 combat=0 (my=5.00 p1=5.00 p2=5.00)
[01:57:04.485] [HOST] INFO: [inv] APPLY hand=1,32,1617431680,1,2796875008 items=9
[01:57:04.634] [HOST] INFO: [stats] RECV hand=2,3921874944 ok=1 str=34.3 dex=24.2 tough=27.0 stealth=1.0 athl=41.1 xp=0
[01:57:04.880] [HOST] INFO: [census] sent n=13 radius=2000 mid=13
[01:57:05.351] [HOST] INFO: [med] SEND hand=1,1051391616 npc=0 blood=95.5 bleed=0.00 fl=100.0,100.0,79.5,-34.5 bd=0.0,0.0,20.5,134.5 flags=1 nparts=7 pmin=79.5 smin=0.0 ls=0,0,0,0
[01:57:05.388] [HOST] INFO: [med] SEND hand=5,1438354432 npc=0 blood=90.5 bleed=0.00 fl=100.0,100.0,46.5,39.7 bd=0.0,0.0,53.5,60.3 flags=1 nparts=7 pmin=13.3 smin=0.0 ls=0,0,0,0
[01:57:05.756] [HOST] INFO: [med] SEND hand=1,1051391616 npc=0 blood=95.5 bleed=0.00 fl=100.0,100.0,79.5,-34.5 bd=0.0,0.0,20.5,134.5 flags=1 nparts=7 pmin=79.5 smin=0.0 ls=0,0,0,0
[01:57:05.786] [HOST] INFO: [cam] center=-33445.4,1246.3,15346.5
[01:57:05.791] [HOST] INFO: [med] SEND hand=5,1438354432 npc=0 blood=90.5 bleed=0.00 fl=100.0,100.0,46.5,39.8 bd=0.0,0.0,53.5,60.2 flags=1 nparts=7 pmin=13.4 smin=0.0 ls=0,0,0,0
[01:57:06.140] [HOST] INFO: [cam] hints recv n=2 p1=-33458,14956 p2=-31213,17775
[01:57:06.160] [HOST] INFO: [med] SEND hand=1,1051391616 npc=0 blood=95.5 bleed=0.00 fl=100.0,100.0,79.5,-34.5 bd=0.0,0.0,20.5,134.5 flags=1 nparts=7 pmin=79.5 smin=0.0 ls=0,0,0,0
[01:57:06.395] [HOST] INFO: [stats] RECV hand=1,2041992192 ok=1 str=34.9 dex=48.6 tough=43.2 stealth=1.3 athl=39.6 xp=0
[01:57:06.395] [HOST] INFO: [stats] RECV hand=2,1846801792 ok=1 str=42.2 dex=44.9 tough=44.5 stealth=1.4 athl=58.2 xp=0
[01:57:06.609] [HOST] INFO: [fac] AFFECT-EV me='200-gamedata.base' whom='1084-gamedata.base' event=0 mult=0.025 after=-6.67 skipped=48
[01:57:06.712] [HOST] INFO: [stats] RECV hand=1,2041992192 ok=1 str=34.9 dex=48.6 tough=43.2 stealth=1.3 athl=39.6 xp=0
[01:57:07.038] [HOST] INFO: [ai] suspended=4 driven=4
[01:57:07.056] [HOST] INFO: [speed] REQ mult=5.00 paused=0 combat=0
[01:57:07.091] [HOST] INFO: [speed] REQ mult=5.00 paused=0 combat=0
[01:57:07.202] [HOST] INFO: [fac] AFFECT-EV me='1084-gamedata.base' whom='200-gamedata.base' event=1 mult=0.025 after=-14.19 skipped=15
[01:57:07.287] [HOST] INFO: [inv] APPLY hand=1,32,1617431680,2,3921874944 items=8
[01:57:07.342] [HOST] INFO: [med] SEND hand=1,1051391616 npc=0 blood=95.5 bleed=0.00 fl=100.0,100.0,79.6,-34.4 bd=0.0,0.0,20.4,134.4 flags=1 nparts=7 pmin=79.6 smin=0.0 ls=0,0,0,0
[01:57:07.545] [HOST] INFO: [inv] APPLY hand=1,33,1114624000,1,2041992192 items=15
[01:57:07.762] [HOST] INFO: [med] SEND hand=5,1438354432 npc=0 blood=90.5 bleed=0.00 fl=100.0,100.0,46.7,39.9 bd=0.0,0.0,53.3,60.1 flags=1 nparts=7 pmin=13.5 smin=0.0 ls=0,0,0,0
[01:57:07.845] [HOST] INFO: [stats] RECV hand=1,2041992192 ok=1 str=35.0 dex=48.6 tough=43.2 stealth=1.3 athl=39.7 xp=0
[01:57:08.023] [HOST] INFO: [stats] RECV hand=1,2796875008 ok=1 str=35.4 dex=30.6 tough=30.9 stealth=1.0 athl=49.2 xp=0
[01:57:08.040] [HOST] INFO: [speed] REQ mult=5.00 paused=0 combat=0
[01:57:08.099] [HOST] INFO: [speed] REQ mult=5.00 paused=0 combat=0
[01:57:08.369] [HOST] INFO: [stats] RECV hand=2,3921874944 ok=1 str=34.3 dex=24.2 tough=27.0 stealth=1.0 athl=41.2 xp=0
[01:57:08.729] [HOST] INFO: [med] SEND hand=5,1438354432 npc=0 blood=90.5 bleed=0.00 fl=100.0,100.0,46.8,40.0 bd=0.0,0.0,53.2,60.0 flags=1 nparts=7 pmin=13.6 smin=0.0 ls=0,0,0,0
[01:57:09.132] [HOST] INFO: [med] SEND hand=5,1438354432 npc=0 blood=90.5 bleed=0.00 fl=100.0,100.0,46.8,40.0 bd=0.0,0.0,53.2,60.0 flags=1 nparts=7 pmin=13.6 smin=0.0 ls=0,0,0,0
[01:57:09.283] [HOST] INFO: [interp] lerp=231440 extrap=107058 clamp=0 seg=4778 single=56 snapSq=343 snapNpc=0 reissueSq=2273 reissueNpc=0 restFlip=0 delay=200 jit=142.3 starve=0 snapMid=0 restFlipMid=0
[01:57:09.283] [HOST] INFO: [interp] worstZero hand=1,2041992192 zero=1407 active=15955 seg=75
[01:57:09.360] [HOST] INFO: [stats] RECV hand=1,2796875008 ok=1 str=35.4 dex=30.6 tough=30.9 stealth=1.0 athl=49.3 xp=0
[01:57:09.361] [HOST] INFO: [inv] APPLY hand=1,32,1617431680,1,2796875008 items=9
[01:57:09.727] [HOST] INFO: [stats] RECV hand=1,2041992192 ok=1 str=35.0 dex=48.6 tough=43.2 stealth=1.3 athl=39.8 xp=0
[01:57:09.729] [HOST] INFO: [inv] APPLY hand=1,33,1114624000,2,1846801792 items=12
[01:57:09.791] [HOST] INFO: [med] SEND hand=5,1438354432 npc=0 blood=90.5 bleed=0.00 fl=100.0,100.0,46.9,40.1 bd=0.0,0.0,53.1,59.9 flags=1 nparts=7 pmin=13.7 smin=0.0 ls=0,0,0,0
[01:57:09.928] [HOST] INFO: [snap] squad hand=1,2041992192 name='ZACH' gap=315.6 gate=268.6 srcVel=280.9 cSpeed=56.2 mult=5.00 slew=1.00 dest=1 skipped=18
[01:57:10.044] [HOST] INFO: [ai] suspended=4 driven=4
[01:57:10.195] [HOST] INFO: [med] SEND hand=5,1438354432 npc=0 blood=90.5 bleed=0.00 fl=100.0,100.0,46.9,40.1 bd=0.0,0.0,53.1,59.9 flags=1 nparts=7 pmin=13.7 smin=0.0 ls=0,0,0,0
[01:57:10.279] [HOST] INFO: [stats] RECV hand=1,2041992192 ok=1 str=35.0 dex=48.6 tough=43.2 stealth=1.3 athl=39.8 xp=0
[01:57:10.532] [HOST] INFO: [stats] RECV hand=2,1846801792 ok=1 str=42.3 dex=44.9 tough=44.5 stealth=1.4 athl=58.3 xp=0
[01:57:10.532] [HOST] INFO: [stats] RECV hand=2,3921874944 ok=1 str=34.3 dex=24.2 tough=27.0 stealth=1.0 athl=41.3 xp=0
[01:57:10.742] [HOST] INFO: [med] SEND hand=1,1051391616 npc=0 blood=95.5 bleed=0.00 fl=100.0,100.0,80.0,-34.0 bd=0.0,0.0,20.0,134.0 flags=1 nparts=7 pmin=80.0 smin=0.0 ls=0,0,0,0
[01:57:10.786] [HOST] INFO: [cam] center=-33349.8,688.1,16807.6
[01:57:11.146] [HOST] INFO: [med] SEND hand=1,1051391616 npc=0 blood=95.5 bleed=0.00 fl=100.0,100.0,80.0,-34.0 bd=0.0,0.0,20.0,134.0 flags=1 nparts=7 pmin=80.0 smin=0.0 ls=0,0,0,0
[01:57:11.200] [HOST] INFO: [med] SEND hand=5,1438354432 npc=0 blood=90.5 bleed=0.00 fl=100.0,100.0,47.0,40.2 bd=0.0,0.0,53.0,59.8 flags=1 nparts=7 pmin=13.8 smin=0.0 ls=0,0,0,0
[01:57:11.200] [HOST] INFO: [stats] RECV hand=1,2796875008 ok=1 str=35.4 dex=30.6 tough=30.9 stealth=1.0 athl=49.4 xp=0
[01:57:11.201] [HOST] INFO: [cam] hints recv n=2 p1=-33578,15401 p2=-31626,18646
[01:57:11.465] [HOST] INFO: [stats] RECV hand=2,3921874944 ok=1 str=34.3 dex=24.2 tough=27.0 stealth=1.0 athl=41.4 xp=0
[01:57:11.605] [HOST] INFO: [med] SEND hand=5,1438354432 npc=0 blood=90.5 bleed=0.00 fl=100.0,100.0,47.0,40.3 bd=0.0,0.0,53.0,59.7 flags=1 nparts=7 pmin=13.9 smin=0.0 ls=0,0,0,0
[01:57:11.694] [HOST] INFO: [fac] AFFECT-EV me='200-gamedata.base' whom='1084-gamedata.base' event=0 mult=0.025 after=-6.67 skipped=46
[01:57:11.748] [HOST] INFO: [stats] RECV hand=1,2796875008 ok=1 str=35.5 dex=30.6 tough=30.9 stealth=1.0 athl=49.5 xp=0
[01:57:11.750] [HOST] INFO: [inv] APPLY hand=1,32,1617431680,2,3921874944 items=8
[01:57:12.225] [HOST] INFO: [fac] AFFECT-EV me='1084-gamedata.base' whom='200-gamedata.base' event=1 mult=0.025 after=-14.22 skipped=24
[01:57:12.238] [HOST] INFO: [med] SEND hand=1,1051391616 npc=0 blood=95.5 bleed=0.00 fl=100.0,100.0,80.1,-33.9 bd=0.0,0.0,19.9,133.9 flags=1 nparts=7 pmin=80.1 smin=0.0 ls=0,0,0,0
[01:57:12.473] [HOST] INFO: [stats] RECV hand=1,2041992192 ok=1 str=35.1 dex=48.6 tough=43.2 stealth=1.3 athl=39.9 xp=0
[01:57:12.474] [HOST] INFO: [inv] APPLY hand=1,33,1114624000,1,2041992192 items=15
[01:57:12.642] [HOST] INFO: [med] SEND hand=1,1051391616 npc=0 blood=95.5 bleed=0.00 fl=100.0,100.0,80.2,-33.8 bd=0.0,0.0,19.8,133.8 flags=1 nparts=7 pmin=80.2 smin=0.0 ls=0,0,0,0
[01:57:12.740] [HOST] INFO: [stats] RECV hand=2,1846801792 ok=1 str=42.3 dex=44.9 tough=44.5 stealth=1.4 athl=58.4 xp=0
[01:57:13.045] [HOST] INFO: [ai] suspended=4 driven=4
[01:57:13.052] [HOST] INFO: [inv] APPLY hand=1,33,1114624000,2,1846801792 items=12
[01:57:13.120] [HOST] INFO: [med] SEND hand=5,1438354432 npc=0 blood=90.5 bleed=0.00 fl=100.0,100.0,47.2,40.4 bd=0.0,0.0,52.8,59.6 flags=1 nparts=7 pmin=14.0 smin=0.0 ls=0,0,0,0
[01:57:13.303] [HOST] INFO: [stats] RECV hand=1,2041992192 ok=1 str=35.1 dex=48.6 tough=43.2 stealth=1.3 athl=39.9 xp=0
[01:57:13.304] [HOST] INFO: [inv] APPLY hand=0,2265,11111,9,1002807616 items=0
[01:57:14.075] [HOST] INFO: [med] SEND hand=5,1438354432 npc=0 blood=90.5 bleed=0.00 fl=100.0,100.0,47.3,40.5 bd=0.0,0.0,52.7,59.5 flags=1 nparts=7 pmin=14.1 smin=0.0 ls=0,0,0,0
[01:57:14.285] [HOST] INFO: [interp] lerp=232459 extrap=108074 clamp=0 seg=5515 single=56 snapSq=344 snapNpc=0 reissueSq=2394 reissueNpc=0 restFlip=0 delay=200 jit=65.5 starve=0 snapMid=0 restFlipMid=0
[01:57:14.285] [HOST] INFO: [interp] worstZero hand=1,2041992192 zero=1557 active=16648 seg=64
[01:57:14.438] [HOST] INFO: [stats] RECV hand=2,3921874944 ok=1 str=34.3 dex=24.2 tough=27.0 stealth=1.0 athl=41.5 xp=0
[01:57:14.438] [HOST] INFO: [stats] RECV hand=1,2796875008 ok=1 str=35.5 dex=30.6 tough=30.9 stealth=1.0 athl=49.6 xp=0
[01:57:14.439] [HOST] INFO: [inv] APPLY hand=1,32,1617431680,1,2796875008 items=9
[01:57:14.479] [HOST] INFO: [med] SEND hand=5,1438354432 npc=0 blood=90.5 bleed=0.00 fl=100.0,100.0,47.3,40.5 bd=0.0,0.0,52.7,59.5 flags=1 nparts=7 pmin=14.1 smin=0.0 ls=0,0,0,0
[01:57:14.527] [HOST] INFO: [stats] RECV hand=1,2041992192 ok=1 str=35.2 dex=48.6 tough=43.2 stealth=1.3 athl=40.0 xp=0
[01:57:14.688] [HOST] INFO: [stats] RECV hand=2,1846801792 ok=1 str=42.3 dex=44.9 tough=44.5 stealth=1.4 athl=58.4 xp=0
[01:57:14.924] [HOST] INFO: [census] sent n=10 radius=2000 mid=10
[01:57:15.132] [HOST] INFO: [med] SEND hand=5,1438354432 npc=0 blood=90.5 bleed=0.00 fl=100.0,100.0,47.4,40.6 bd=0.0,0.0,52.6,59.4 flags=1 nparts=7 pmin=14.2 smin=0.0 ls=0,0,0,0
[01:57:15.535] [HOST] INFO: [med] SEND hand=5,1438354432 npc=0 blood=90.5 bleed=0.00 fl=100.0,100.0,47.4,40.6 bd=0.0,0.0,52.6,59.4 flags=1 nparts=7 pmin=14.2 smin=0.0 ls=0,0,0,0
[01:57:15.548] [HOST] INFO: [med] SEND hand=1,1051391616 npc=0 blood=95.5 bleed=0.00 fl=100.0,100.0,80.5,-33.5 bd=0.0,0.0,19.5,133.5 flags=1 nparts=7 pmin=80.5 smin=0.0 ls=0,0,0,0
[01:57:15.788] [HOST] INFO: [cam] center=-32799.0,727.9,17956.2
[01:57:15.953] [HOST] INFO: [med] SEND hand=1,1051391616 npc=0 blood=95.5 bleed=0.00 fl=100.0,100.0,80.5,-33.5 bd=0.0,0.0,19.5,133.5 flags=1 nparts=7 pmin=80.5 smin=0.0 ls=0,0,0,0
[01:57:16.045] [HOST] INFO: [ai] suspended=4 driven=4
[01:57:16.280] [HOST] INFO: [stats] RECV hand=2,3921874944 ok=1 str=34.3 dex=24.2 tough=27.0 stealth=1.0 athl=41.6 xp=0
[01:57:16.537] [HOST] INFO: [med] SEND hand=5,1438354432 npc=0 blood=90.5 bleed=0.00 fl=100.0,100.0,47.5,40.7 bd=0.0,0.0,52.5,59.3 flags=1 nparts=7 pmin=14.3 smin=0.0 ls=0,0,0,0
[01:57:16.552] [HOST] INFO: [prod] SEND key=0.2265.11111.9.2801513728 kind=0 class=4 pwr=1 state=2 out='42158-gamedata.base' outAmt=0.000 in0=-1.000 in1=-1.000 grown=-1.000 first=1 seq=61
[01:57:16.553] [HOST] INFO: [cam] hints recv n=2 p1=-33130,17344 p2=-32440,17529
[01:57:16.825] [HOST] INFO: [inv] SEND hand=0,2265,11111,9,2801513728 kind=0 key=0,2265,11111,9,2801513728 items=0 hash=0
[01:57:16.943] [HOST] INFO: [med] SEND hand=5,1438354432 npc=0 blood=90.5 bleed=0.00 fl=100.0,100.0,47.5,40.8 bd=0.0,0.0,52.5,59.2 flags=1 nparts=7 pmin=14.4 smin=0.0 ls=0,0,0,0
[01:57:17.021] [HOST] INFO: [inv] APPLY hand=1,33,1114624000,1,2041992192 items=15
[01:57:17.096] [HOST] INFO: [med] SEND hand=1,1051391616 npc=0 blood=95.5 bleed=0.00 fl=100.0,100.0,80.6,-33.4 bd=0.0,0.0,19.4,133.4 flags=1 nparts=7 pmin=0.0 smin=0.0 ls=0,0,0,0
[01:57:17.213] [HOST] INFO: [stats] RECV hand=1,2796875008 ok=1 str=35.5 dex=30.6 tough=30.9 stealth=1.0 athl=49.7 xp=0
[01:57:17.215] [HOST] INFO: [inv] APPLY hand=1,32,1617431680,2,3921874944 items=8
[01:57:17.499] [HOST] INFO: [med] SEND hand=1,1051391616 npc=0 blood=95.5 bleed=0.00 fl=100.0,100.0,80.7,-33.3 bd=0.0,0.0,19.3,133.3 flags=0 nparts=7 pmin=0.0 smin=0.0 ls=0,0,0,0
[01:57:18.122] [HOST] INFO: [stats] RECV hand=2,3921874944 ok=1 str=34.3 dex=24.2 tough=27.0 stealth=1.0 athl=41.7 xp=0
[01:57:18.446] [HOST] INFO: [med] SEND hand=5,1438354432 npc=0 blood=90.5 bleed=0.00 fl=100.0,100.0,47.7,40.9 bd=0.0,0.0,52.3,59.1 flags=1 nparts=7 pmin=14.5 smin=0.0 ls=0,0,0,0
[01:57:18.992] [HOST] INFO: [inv] APPLY hand=1,33,1114624000,2,1846801792 items=12
[01:57:19.047] [HOST] INFO: [ai] suspended=4 driven=4
[01:57:19.292] [HOST] INFO: [interp] lerp=233606 extrap=109158 clamp=0 seg=6152 single=56 snapSq=344 snapNpc=0 reissueSq=2456 reissueNpc=0 restFlip=0 delay=200 jit=119.2 starve=0 snapMid=0 restFlipMid=0
[01:57:19.292] [HOST] INFO: [interp] worstZero hand=1,2041992192 zero=1557 active=16823 seg=96
[01:57:19.408] [HOST] INFO: [med] SEND hand=5,1438354432 npc=0 blood=90.5 bleed=0.00 fl=100.0,100.0,47.8,41.0 bd=0.0,0.0,52.2,59.0 flags=1 nparts=7 pmin=14.6 smin=0.0 ls=0,0,0,0
[01:57:19.563] [HOST] INFO: [stats] RECV hand=1,2796875008 ok=1 str=35.5 dex=30.6 tough=30.9 stealth=1.0 athl=49.8 xp=0
[01:57:19.565] [HOST] INFO: [inv] APPLY hand=1,32,1617431680,1,2796875008 items=9
[01:57:19.717] [HOST] INFO: [stats] RECV hand=1,2041992192 ok=1 str=35.2 dex=48.6 tough=43.2 stealth=1.3 athl=40.0 xp=0
[01:57:19.717] [HOST] INFO: [stats] RECV hand=2,1846801792 ok=1 str=42.3 dex=44.9 tough=44.5 stealth=1.4 athl=58.5 xp=0
[01:57:19.815] [HOST] INFO: [med] SEND hand=5,1438354432 npc=0 blood=90.5 bleed=0.00 fl=100.0,100.0,47.8,41.0 bd=0.0,0.0,52.2,59.0 flags=1 nparts=7 pmin=14.6 smin=0.0 ls=0,0,0,0
[01:57:20.389] [HOST] INFO: [med] SEND hand=1,1051391616 npc=0 blood=95.5 bleed=0.00 fl=100.0,100.0,81.0,-33.0 bd=0.0,0.0,19.0,133.0 flags=0 nparts=7 pmin=0.3 smin=0.0 ls=0,0,0,0
[01:57:20.473] [HOST] INFO: [med] SEND hand=5,1438354432 npc=0 blood=90.5 bleed=0.00 fl=100.0,100.0,47.9,41.1 bd=0.0,0.0,52.1,58.9 flags=1 nparts=7 pmin=14.7 smin=0.0 ls=0,0,0,0
[01:57:20.500] [HOST] INFO: [stats] RECV hand=1,2041992192 ok=1 str=35.2 dex=48.6 tough=43.2 stealth=1.3 athl=40.1 xp=0
[01:57:20.788] [HOST] INFO: [cam] center=-32679.9,729.4,18096.9
[01:57:20.793] [HOST] INFO: [med] SEND hand=1,1051391616 npc=0 blood=95.5 bleed=0.00 fl=100.0,100.0,81.0,-33.0 bd=0.0,0.0,19.0,133.0 flags=0 nparts=7 pmin=0.4 smin=0.0 ls=0,0,0,0
[01:57:21.799] [HOST] INFO: [inv] APPLY hand=1,32,1617431680,2,3921874944 items=8
[01:57:21.856] [HOST] INFO: [cam] hints recv n=2 p1=-32657,18250 p2=-32397,17683
[01:57:21.882] [HOST] INFO: [med] SEND hand=5,1438354432 npc=0 blood=90.5 bleed=0.00 fl=100.0,100.0,48.0,41.2 bd=0.0,0.0,52.0,58.8 flags=1 nparts=7 pmin=14.8 smin=0.0 ls=0,0,0,0
[01:57:21.938] [HOST] INFO: [med] SEND hand=1,1051391616 npc=0 blood=95.5 bleed=0.00 fl=100.0,100.0,81.1,-32.9 bd=0.0,0.0,18.9,132.9 flags=0 nparts=7 pmin=0.5 smin=0.0 ls=0,0,0,0
[01:57:22.050] [HOST] INFO: [ai] suspended=4 driven=4
[01:57:22.237] [HOST] INFO: [inv] APPLY hand=1,33,1114624000,1,2041992192 items=15
[01:57:22.285] [HOST] INFO: [med] SEND hand=5,1438354432 npc=0 blood=90.5 bleed=0.00 fl=100.0,100.0,48.0,41.3 bd=0.0,0.0,52.0,58.7 flags=1 nparts=7 pmin=14.9 smin=0.0 ls=0,0,0,0
[01:57:22.341] [HOST] INFO: [med] SEND hand=1,1051391616 npc=0 blood=95.5 bleed=0.00 fl=100.0,100.0,81.2,-32.8 bd=0.0,0.0,18.8,132.8 flags=0 nparts=7 pmin=0.5 smin=0.0 ls=0,0,0,0
[01:57:23.108] [HOST] INFO: [stats] RECV hand=2,3921874944 ok=1 str=34.3 dex=24.2 tough=27.0 stealth=1.0 athl=41.7 xp=0
[01:57:23.116] [HOST] INFO: [inv] APPLY hand=1,33,1114624000,2,1846801792 items=12
[01:57:23.791] [HOST] INFO: [med] SEND hand=5,1438354432 npc=0 blood=90.5 bleed=0.00 fl=100.0,100.0,48.2,41.4 bd=0.0,0.0,51.8,58.6 flags=1 nparts=7 pmin=15.0 smin=0.0 ls=0,0,0,0
[01:57:24.294] [HOST] INFO: [interp] lerp=235524 extrap=110004 clamp=0 seg=6236 single=56 snapSq=344 snapNpc=0 reissueSq=2462 reissueNpc=0 restFlip=0 delay=200 jit=85.2 starve=0 snapMid=0 restFlipMid=0
[01:57:24.294] [HOST] INFO: [interp] worstZero hand=1,2041992192 zero=1557 active=16857 seg=62
[01:57:24.426] [HOST] INFO: [inv] APPLY hand=1,32,1617431680,1,2796875008 items=9
[01:57:24.644] [HOST] INFO: [stats] RECV hand=2,1846801792 ok=1 str=42.3 dex=44.9 tough=44.5 stealth=1.4 athl=58.5 xp=0
[01:57:24.672] [HOST] INFO: [stats] RECV hand=1,2796875008 ok=1 str=35.5 dex=30.6 tough=30.9 stealth=1.0 athl=49.8 xp=0
[01:57:24.741] [HOST] INFO: [med] SEND hand=5,1438354432 npc=0 blood=90.5 bleed=0.00 fl=100.0,100.0,48.3,41.5 bd=0.0,0.0,51.7,58.5 flags=1 nparts=7 pmin=15.1 smin=0.0 ls=0,0,0,0
[01:57:24.959] [HOST] INFO: [census] sent n=0 radius=2000 mid=0
[01:57:25.051] [HOST] INFO: [ai] suspended=4 driven=4
[01:57:25.145] [HOST] INFO: [med] SEND hand=5,1438354432 npc=0 blood=90.5 bleed=0.00 fl=100.0,100.0,48.3,41.5 bd=0.0,0.0,51.7,58.5 flags=1 nparts=7 pmin=15.1 smin=0.0 ls=0,0,0,0
[01:57:25.250] [HOST] INFO: [med] SEND hand=1,1051391616 npc=0 blood=95.5 bleed=0.00 fl=100.0,100.0,81.5,-32.5 bd=0.0,0.0,18.5,132.5 flags=0 nparts=7 pmin=0.8 smin=0.0 ls=0,0,0,0
[01:57:25.574] [HOST] INFO: [stats] RECV hand=1,2041992192 ok=1 str=35.2 dex=48.6 tough=43.2 stealth=1.3 athl=40.1 xp=0
[01:57:25.622] [HOST] INFO: [stats] RECV hand=2,1846801792 ok=1 str=42.4 dex=44.9 tough=44.5 stealth=1.4 athl=58.5 xp=0
[01:57:25.651] [HOST] INFO: [med] SEND hand=1,1051391616 npc=0 blood=95.5 bleed=0.00 fl=100.0,100.0,81.5,-32.5 bd=0.0,0.0,18.5,132.5 flags=0 nparts=7 pmin=0.9 smin=0.0 ls=0,0,0,0
[01:57:25.784] [HOST] INFO: [cam] center=-32679.6,729.4,18097.3
[01:57:25.811] [HOST] INFO: [med] SEND hand=5,1438354432 npc=0 blood=90.5 bleed=0.00 fl=100.0,100.0,48.4,41.6 bd=0.0,0.0,51.6,58.4 flags=1 nparts=7 pmin=15.2 smin=0.0 ls=0,0,0,0
[01:57:26.211] [HOST] INFO: [med] SEND hand=5,1438354432 npc=0 blood=90.5 bleed=0.00 fl=100.0,100.0,48.4,41.6 bd=0.0,0.0,51.6,58.4 flags=1 nparts=7 pmin=15.2 smin=0.0 ls=0,0,0,0
[01:57:26.512] [HOST] INFO: [stats] RECV hand=1,2041992192 ok=1 str=35.2 dex=48.6 tough=43.2 stealth=1.3 athl=40.1 xp=0
[01:57:26.765] [HOST] INFO: [inv] APPLY hand=1,32,1617431680,2,3921874944 items=8
[01:57:26.785] [HOST] INFO: [med] SEND hand=1,1051391616 npc=0 blood=95.5 bleed=0.00 fl=100.0,100.0,81.6,-32.4 bd=0.0,0.0,18.4,132.4 flags=0 nparts=7 pmin=1.0 smin=0.0 ls=0,0,0,0
[01:57:27.136] [HOST] INFO: [cam] hints recv n=2 p1=-32663,18193 p2=-32540,17769
[01:57:27.150] [HOST] INFO: [inv] APPLY hand=1,33,1114624000,1,2041992192 items=15
[01:57:27.189] [HOST] INFO: [med] SEND hand=1,1051391616 npc=0 blood=95.5 bleed=0.00 fl=100.0,100.0,81.7,-32.3 bd=0.0,0.0,18.3,132.3 flags=0 nparts=7 pmin=1.0 smin=0.0 ls=0,0,0,0
[01:57:27.218] [HOST] INFO: [med] SEND hand=5,1438354432 npc=0 blood=90.5 bleed=0.00 fl=100.0,100.0,48.5,41.7 bd=0.0,0.0,51.5,58.3 flags=1 nparts=7 pmin=15.3 smin=0.0 ls=0,0,0,0
[01:57:27.406] [HOST] INFO: [stats] RECV hand=2,3921874944 ok=1 str=34.3 dex=24.2 tough=27.0 stealth=1.0 athl=41.8 xp=0
[01:57:27.619] [HOST] INFO: [med] SEND hand=5,1438354432 npc=0 blood=90.5 bleed=0.00 fl=100.0,100.0,48.5,41.8 bd=0.0,0.0,51.5,58.2 flags=1 nparts=7 pmin=15.4 smin=0.0 ls=0,0,0,0
[01:57:28.055] [HOST] INFO: [ai] suspended=4 driven=4
[01:57:28.075] [HOST] INFO: [inv] APPLY hand=1,33,1114624000,2,1846801792 items=12
[01:57:28.672] [HOST] INFO: [stats] RECV hand=1,2796875008 ok=1 str=35.5 dex=30.6 tough=30.9 stealth=1.0 athl=49.9 xp=0
[01:57:29.132] [HOST] INFO: [med] SEND hand=5,1438354432 npc=0 blood=90.5 bleed=0.00 fl=100.0,100.0,48.7,41.9 bd=0.0,0.0,51.3,58.1 flags=1 nparts=7 pmin=15.5 smin=0.0 ls=0,0,0,0
[01:57:29.301] [HOST] INFO: [interp] lerp=237003 extrap=110890 clamp=0 seg=6671 single=56 snapSq=344 snapNpc=0 reissueSq=2542 reissueNpc=0 restFlip=0 delay=200 jit=124.2 starve=0 snapMid=0 restFlipMid=0
[01:57:29.301] [HOST] INFO: [interp] worstZero hand=2,1846801792 zero=1680 active=12709 seg=58
[01:57:29.327] [HOST] INFO: [stats] RECV hand=2,3921874944 ok=1 str=34.3 dex=24.2 tough=27.0 stealth=1.0 athl=41.9 xp=0
[01:57:29.376] [HOST] INFO: [stats] RECV hand=1,2796875008 ok=1 str=35.5 dex=30.6 tough=30.9 stealth=1.0 athl=50.0 xp=0
[01:57:29.377] [HOST] INFO: [inv] APPLY hand=1,32,1617431680,1,2796875008 items=9
[01:57:30.092] [HOST] INFO: [med] SEND hand=5,1438354432 npc=0 blood=90.5 bleed=0.00 fl=100.0,100.0,48.8,42.0 bd=0.0,0.0,51.2,58.0 flags=1 nparts=7 pmin=15.6 smin=0.0 ls=0,0,0,0
[01:57:30.107] [HOST] INFO: [med] SEND hand=1,1051391616 npc=0 blood=95.5 bleed=0.00 fl=100.0,100.0,82.0,-32.0 bd=0.0,0.0,18.0,132.0 flags=0 nparts=7 pmin=1.3 smin=0.0 ls=0,0,0,0
[01:57:30.225] [HOST] INFO: [stats] RECV hand=1,2041992192 ok=1 str=35.3 dex=48.6 tough=43.2 stealth=1.3 athl=40.2 xp=0
[01:57:30.492] [HOST] INFO: [med] SEND hand=5,1438354432 npc=0 blood=90.5 bleed=0.00 fl=100.0,100.0,48.8,42.0 bd=0.0,0.0,51.2,58.0 flags=1 nparts=7 pmin=15.6 smin=0.0 ls=0,0,0,0
[01:57:30.513] [HOST] INFO: [med] SEND hand=1,1051391616 npc=0 blood=95.5 bleed=0.00 fl=100.0,100.0,82.0,-32.0 bd=0.0,0.0,18.0,132.0 flags=0 nparts=7 pmin=1.4 smin=0.0 ls=0,0,0,0
[01:57:30.598] [HOST] INFO: [stats] RECV hand=2,1846801792 ok=1 str=42.4 dex=44.9 tough=44.5 stealth=1.4 athl=58.6 xp=0
[01:57:30.781] [HOST] INFO: [cam] center=-32554.6,538.9,19081.8
[01:57:31.056] [HOST] INFO: [ai] suspended=4 driven=4
[01:57:31.154] [HOST] INFO: [med] SEND hand=5,1438354432 npc=0 blood=90.5 bleed=0.00 fl=100.0,100.0,48.9,42.1 bd=0.0,0.0,51.1,57.9 flags=1 nparts=7 pmin=15.7 smin=0.0 ls=0,0,0,0
[01:57:31.266] [HOST] INFO: [stats] RECV hand=1,2796875008 ok=1 str=35.5 dex=30.6 tough=30.9 stealth=1.0 athl=50.1 xp=0
[01:57:31.266] [HOST] INFO: [stats] RECV hand=2,3921874944 ok=1 str=34.3 dex=24.2 tough=27.0 stealth=1.0 athl=42.0 xp=0
[01:57:31.266] [HOST] INFO: [stats] RECV hand=1,2041992192 ok=1 str=35.3 dex=48.6 tough=43.2 stealth=1.3 athl=40.2 xp=0
[01:57:31.423] [HOST] INFO: [stats] RECV hand=2,1846801792 ok=1 str=42.4 dex=44.9 tough=44.5 stealth=1.4 athl=58.6 xp=0
[01:57:31.648] [HOST] INFO: [med] SEND hand=1,1051391616 npc=0 blood=95.5 bleed=0.00 fl=100.0,100.0,82.1,-31.9 bd=0.0,0.0,17.9,131.9 flags=0 nparts=7 pmin=1.5 smin=0.0 ls=0,0,0,0
[01:57:31.859] [HOST] INFO: [inv] APPLY hand=1,32,1617431680,2,3921874944 items=8
[01:57:32.075] [HOST] INFO: [spawn] INFO send hand=1,30,1273925760,1,477539072 found=1 dead=0 age=0.29 sid='44882-rebirth.mod' fac='51811-rebirth.mod'
[01:57:32.076] [HOST] INFO: [spawn] INFO send hand=1,30,1273925760,2,2152709888 found=1 dead=0 age=0.28 sid='44882-rebirth.mod' fac='51811-rebirth.mod'
[01:57:32.076] [HOST] INFO: [spawn] INFO send hand=1,30,1273925760,3,3831420928 found=1 dead=0 age=0.29 sid='44882-rebirth.mod' fac='51811-rebirth.mod'
[01:57:32.076] [HOST] INFO: [spawn] INFO send hand=1,30,1273925760,4,3942382848 found=1 dead=0 age=0.28 sid='44882-rebirth.mod' fac='51811-rebirth.mod'
[01:57:32.174] [HOST] INFO: [inv] APPLY hand=1,33,1114624000,1,2041992192 items=15
[01:57:32.174] [HOST] INFO: [cam] hints recv n=2 p1=-32553,19132 p2=-32236,20735
[01:57:32.534] [HOST] INFO: [stats] RECV hand=1,2041992192 ok=1 str=35.4 dex=48.6 tough=43.2 stealth=1.3 athl=40.3 xp=0
[01:57:32.555] [HOST] INFO: [med] SEND hand=5,1438354432 npc=0 blood=90.5 bleed=0.00 fl=100.0,100.0,49.0,42.2 bd=0.0,0.0,51.0,57.8 flags=1 nparts=7 pmin=15.8 smin=0.0 ls=0,0,0,0
[01:57:32.959] [HOST] INFO: [med] SEND hand=5,1438354432 npc=0 blood=90.5 bleed=0.00 fl=100.0,100.0,49.0,42.3 bd=0.0,0.0,51.0,57.7 flags=1 nparts=7 pmin=15.9 smin=0.0 ls=0,0,0,0
[01:57:33.285] [HOST] INFO: [inv] APPLY hand=1,33,1114624000,2,1846801792 items=12
[01:57:34.059] [HOST] INFO: [ai] suspended=4 driven=4
[01:57:34.304] [HOST] INFO: [interp] lerp=238298 extrap=111876 clamp=0 seg=7206 single=56 snapSq=344 snapNpc=0 reissueSq=2622 reissueNpc=0 restFlip=0 delay=200 jit=111.6 starve=0 snapMid=0 restFlipMid=0
[01:57:34.304] [HOST] INFO: [interp] worstZero hand=2,1846801792 zero=1778 active=13381 seg=97
[01:57:34.409] [HOST] INFO: [inv] APPLY hand=1,32,1617431680,1,2796875008 items=9
[01:57:34.421] [HOST] INFO: [stats] RECV hand=1,2041992192 ok=1 str=35.4 dex=48.6 tough=43.2 stealth=1.3 athl=40.4 xp=0
[01:57:34.463] [HOST] INFO: [med] SEND hand=5,1438354432 npc=0 blood=90.5 bleed=0.00 fl=100.0,100.0,49.2,42.4 bd=0.0,0.0,50.8,57.6 flags=1 nparts=7 pmin=16.0 smin=0.0 ls=0,0,0,0
[01:57:34.754] [HOST] INFO: [stats] RECV hand=1,2041992192 ok=1 str=35.4 dex=48.6 tough=43.2 stealth=1.3 athl=40.4 xp=0
[01:57:34.797] [HOST] INFO: [stats] RECV hand=2,3921874944 ok=1 str=34.3 dex=24.2 tough=27.0 stealth=1.0 athl=42.1 xp=0
[01:57:34.895] [HOST] INFO: [stats] RECV hand=2,1846801792 ok=1 str=42.4 dex=44.9 tough=44.5 stealth=1.4 athl=58.7 xp=0
[01:57:34.982] [HOST] INFO: [census] sent n=4 radius=2000 mid=4
[01:57:35.055] [HOST] INFO: [med] SEND hand=1,1051391616 npc=0 blood=95.5 bleed=0.00 fl=100.0,100.0,82.5,-31.5 bd=0.0,0.0,17.5,131.5 flags=0 nparts=7 pmin=1.9 smin=0.0 ls=0,0,0,0
[01:57:35.128] [HOST] INFO: [stats] RECV hand=1,2796875008 ok=1 str=35.5 dex=30.6 tough=30.9 stealth=1.0 athl=50.2 xp=0
[01:57:35.417] [HOST] INFO: [med] SEND hand=5,1438354432 npc=0 blood=90.5 bleed=0.00 fl=100.0,100.0,49.3,42.5 bd=0.0,0.0,50.7,57.5 flags=1 nparts=7 pmin=16.1 smin=0.0 ls=0,0,0,0
[01:57:35.458] [HOST] INFO: [med] SEND hand=1,1051391616 npc=0 blood=95.5 bleed=0.00 fl=100.0,100.0,82.5,-31.5 bd=0.0,0.0,17.5,131.5 flags=0 nparts=7 pmin=1.9 smin=0.0 ls=0,0,0,0
[01:57:35.785] [HOST] INFO: [cam] center=-32184.6,336.1,19296.2
[01:57:35.819] [HOST] INFO: [med] SEND hand=5,1438354432 npc=0 blood=90.5 bleed=0.00 fl=100.0,100.0,49.3,42.5 bd=0.0,0.0,50.7,57.5 flags=1 nparts=7 pmin=16.1 smin=0.0 ls=0,0,0,0
[01:57:36.497] [HOST] INFO: [med] SEND hand=1,1051391616 npc=0 blood=95.5 bleed=0.00 fl=100.0,100.0,82.6,-31.4 bd=0.0,0.0,17.4,131.4 flags=0 nparts=7 pmin=2.0 smin=0.0 ls=0,0,0,0
[01:57:36.497] [HOST] INFO: [med] SEND hand=5,1438354432 npc=0 blood=90.5 bleed=0.00 fl=100.0,100.0,49.4,42.6 bd=0.0,0.0,50.6,57.4 flags=1 nparts=7 pmin=16.2 smin=0.0 ls=0,0,0,0
[01:57:36.904] [HOST] INFO: [med] SEND hand=1,1051391616 npc=0 blood=95.5 bleed=0.00 fl=100.0,100.0,82.7,-31.3 bd=0.0,0.0,17.3,131.3 flags=0 nparts=7 pmin=2.0 smin=0.0 ls=0,0,0,0
[01:57:36.974] [HOST] INFO: [inv] APPLY hand=1,33,1114624000,1,2041992192 items=15
[01:57:36.987] [HOST] INFO: [stats] RECV hand=1,2796875008 ok=1 str=35.5 dex=30.6 tough=30.9 stealth=1.0 athl=50.3 xp=0
[01:57:36.987] [HOST] INFO: [stats] RECV hand=2,3921874944 ok=1 str=34.3 dex=24.2 tough=27.0 stealth=1.0 athl=42.2 xp=0
[01:57:36.988] [HOST] INFO: [inv] APPLY hand=1,32,1617431680,2,3921874944 items=8
[01:57:37.065] [HOST] INFO: [ai] suspended=4 driven=4
[01:57:37.898] [HOST] INFO: [med] SEND hand=5,1438354432 npc=0 blood=90.5 bleed=0.00 fl=100.0,100.0,49.5,42.7 bd=0.0,0.0,50.5,57.3 flags=1 nparts=7 pmin=16.3 smin=0.0 ls=0,0,0,0
[01:57:37.898] [HOST] INFO: [stats] RECV hand=1,2796875008 ok=1 str=35.5 dex=30.6 tough=30.9 stealth=1.0 athl=50.4 xp=0
[01:57:37.899] [HOST] INFO: [cam] hints recv n=2 p1=-32065,19417 p2=-31809,20295
[01:57:38.058] [HOST] INFO: [spawn] INFO send hand=1,30,1273925760,1,477539072 found=1 dead=0 age=0.29 sid='44882-rebirth.mod' fac='51811-rebirth.mod'
[01:57:38.058] [HOST] INFO: [spawn] INFO send hand=1,30,1273925760,2,2152709888 found=1 dead=0 age=0.28 sid='44882-rebirth.mod' fac='51811-rebirth.mod'
[01:57:38.058] [HOST] INFO: [spawn] INFO send hand=1,30,1273925760,3,3831420928 found=1 dead=0 age=0.29 sid='44882-rebirth.mod' fac='51811-rebirth.mod'
[01:57:38.058] [HOST] INFO: [spawn] INFO send hand=1,30,1273925760,4,3942382848 found=1 dead=0 age=0.28 sid='44882-rebirth.mod' fac='51811-rebirth.mod'
[01:57:38.163] [HOST] INFO: [inv] APPLY hand=1,33,1114624000,2,1846801792 items=12
[01:57:38.253] [HOST] INFO: [stats] RECV hand=1,2041992192 ok=1 str=35.5 dex=48.6 tough=43.2 stealth=1.3 athl=40.5 xp=0
[01:57:38.302] [HOST] INFO: [med] SEND hand=5,1438354432 npc=0 blood=90.5 bleed=0.00 fl=100.0,100.0,49.5,42.8 bd=0.0,0.0,50.5,57.2 flags=1 nparts=7 pmin=16.4 smin=0.0 ls=0,0,0,0
[01:57:38.511] [HOST] INFO: [stats] RECV hand=2,3921874944 ok=1 str=34.4 dex=24.2 tough=27.0 stealth=1.0 athl=42.3 xp=0
[01:57:39.308] [HOST] INFO: [interp] lerp=239672 extrap=112530 clamp=0 seg=8018 single=56 snapSq=344 snapNpc=0 reissueSq=2741 reissueNpc=0 restFlip=0 delay=200 jit=112.2 starve=0 snapMid=0 restFlipMid=0
[01:57:39.308] [HOST] INFO: [interp] worstZero hand=2,1846801792 zero=1797 active=13933 seg=61
[01:57:39.342] [HOST] INFO: [inv] APPLY hand=1,32,1617431680,1,2796875008 items=9
[01:57:39.578] [HOST] INFO: [stats] RECV hand=1,2796875008 ok=1 str=35.5 dex=30.6 tough=30.9 stealth=1.0 athl=50.5 xp=0
[01:57:39.807] [HOST] INFO: [stats] RECV hand=1,2041992192 ok=1 str=35.5 dex=48.6 tough=43.2 stealth=1.3 athl=40.5 xp=0
[01:57:39.940] [HOST] INFO: [med] SEND hand=5,1438354432 npc=0 blood=90.5 bleed=0.00 fl=100.0,100.0,49.7,42.9 bd=0.0,0.0,50.3,57.1 flags=1 nparts=7 pmin=16.5 smin=0.0 ls=0,0,0,0
[01:57:40.065] [HOST] INFO: [ai] suspended=4 driven=4
[01:57:40.168] [HOST] INFO: [stats] RECV hand=2,1846801792 ok=1 str=42.5 dex=44.9 tough=44.5 stealth=1.4 athl=58.8 xp=0
[01:57:40.168] [HOST] INFO: [spawn] INFO send hand=1,47,1168701184,1,2322265600 found=1 dead=0 age=1.27 sid='43326-rebirth.mod' fac='51811-rebirth.mod'
[01:57:40.168] [HOST] INFO: [spawn] INFO send hand=1,47,1168701184,2,3908081152 found=1 dead=0 age=1.23 sid='43326-rebirth.mod' fac='51811-rebirth.mod'
[01:57:40.168] [HOST] INFO: [spawn] INFO send hand=1,47,1168701184,3,1143188480 found=1 dead=0 age=1.31 sid='43326-rebirth.mod' fac='51811-rebirth.mod'
[01:57:40.168] [HOST] INFO: [spawn] INFO send hand=1,47,1168701184,4,122070312 found=1 dead=0 age=1.23 sid='43326-rebirth.mod' fac='51811-rebirth.mod'
[01:57:40.168] [HOST] INFO: [spawn] INFO send hand=1,47,1168701184,5,2974853632 found=1 dead=0 age=1.30 sid='43326-rebirth.mod' fac='51811-rebirth.mod'
[01:57:40.168] [HOST] INFO: [spawn] INFO send hand=1,47,1168701184,6,101562496 found=1 dead=0 age=1.38 sid='43326-rebirth.mod' fac='51811-rebirth.mod'
[01:57:40.168] [HOST] INFO: [spawn] INFO send hand=1,47,1168701184,7,1368041984 found=1 dead=0 age=1.21 sid='43326-rebirth.mod' fac='51811-rebirth.mod'
[01:57:40.168] [HOST] INFO: [spawn] INFO send hand=1,47,1168701184,8,90454104 found=1 dead=0 age=1.28 sid='43326-rebirth.mod' fac='51811-rebirth.mod'
[01:57:40.168] [HOST] INFO: [spawn] INFO send hand=1,47,1168701184,9,2590820352 found=1 dead=0 age=1.33 sid='43326-rebirth.mod' fac='51811-rebirth.mod'
[01:57:40.168] [HOST] INFO: [spawn] INFO send hand=1,47,1168701184,10,2138549760 found=1 dead=0 age=1.27 sid='43326-rebirth.mod' fac='51811-rebirth.mod'
[01:57:40.168] [HOST] INFO: [spawn] INFO send hand=1,48,2458740224,1,682128896 found=1 dead=0 age=1.27 sid='43326-rebirth.mod' fac='51811-rebirth.mod'
[01:57:40.168] [HOST] INFO: [spawn] INFO send hand=1,48,2458740224,2,2136474624 found=1 dead=0 age=1.32 sid='43326-rebirth.mod' fac='51811-rebirth.mod'
[01:57:40.168] [HOST] INFO: [spawn] INFO send hand=1,48,2458740224,3,229492192 found=1 dead=0 age=1.31 sid='43326-rebirth.mod' fac='51811-rebirth.mod'
[01:57:40.168] [HOST] INFO: [spawn] INFO send hand=1,48,2458740224,4,3079834112 found=1 dead=0 age=1.27 sid='43326-rebirth.mod' fac='51811-rebirth.mod'
[01:57:40.168] [HOST] INFO: [spawn] INFO send hand=1,48,2458740224,5,91552736 found=1 dead=0 age=1.26 sid='43326-rebirth.mod' fac='51811-rebirth.mod'
[01:57:40.168] [HOST] INFO: [spawn] INFO send hand=1,48,2458740224,6,1565429632 found=1 dead=0 age=1.35 sid='43326-rebirth.mod' fac='51811-rebirth.mod'
[01:57:40.168] [HOST] INFO: [spawn] INFO send hand=1,48,2458740224,7,3695922944 found=1 dead=0 age=1.24 sid='43326-rebirth.mod' fac='51811-rebirth.mod'
[01:57:40.168] [HOST] INFO: [spawn] INFO send hand=1,48,2458740224,8,3246582016 found=1 dead=0 age=1.30 sid='43326-rebirth.mod' fac='51811-rebirth.mod'
[01:57:40.168] [HOST] INFO: [spawn] INFO send hand=1,48,2458740224,9,2122192384 found=1 dead=0 age=1.32 sid='43326-rebirth.mod' fac='51811-rebirth.mod'
[01:57:40.168] [HOST] INFO: [spawn] INFO send hand=1,48,2458740224,10,93505856 found=1 dead=0 age=1.28 sid='43326-rebirth.mod' fac='51811-rebirth.mod'
[01:57:40.168] [HOST] INFO: [spawn] INFO send hand=1,48,2458740224,11,2997802752 found=1 dead=0 age=1.21 sid='43326-rebirth.mod' fac='51811-rebirth.mod'
[01:57:40.308] [HOST] INFO: [med] SEND hand=1,1051391616 npc=0 blood=95.5 bleed=0.00 fl=100.0,100.0,83.0,-31.0 bd=0.0,0.0,17.0,131.0 flags=0 nparts=7 pmin=2.4 smin=0.0 ls=0,0,0,0
[01:57:40.343] [HOST] INFO: [med] SEND hand=5,1438354432 npc=0 blood=90.5 bleed=0.00 fl=100.0,100.0,49.7,42.9 bd=0.0,0.0,50.3,57.1 flags=1 nparts=7 pmin=16.5 smin=0.0 ls=0,0,0,0
[01:57:40.519] [HOST] INFO: [stats] RECV hand=2,3921874944 ok=1 str=34.4 dex=24.2 tough=27.0 stealth=1.0 athl=42.4 xp=0
[01:57:40.706] [HOST] INFO: [stats] RECV hand=1,2041992192 ok=1 str=35.6 dex=48.6 tough=43.2 stealth=1.3 athl=40.6 xp=0
[01:57:40.735] [HOST] INFO: [med] SEND hand=1,1051391616 npc=0 blood=95.5 bleed=0.00 fl=100.0,100.0,83.0,-31.0 bd=0.0,0.0,17.0,131.0 flags=0 nparts=7 pmin=2.4 smin=0.0 ls=0,0,0,0
[01:57:40.783] [HOST] INFO: [cam] center=-31836.5,180.2,20296.7
[01:57:41.041] [HOST] INFO: [med] SEND hand=5,1438354432 npc=0 blood=90.5 bleed=0.00 fl=100.0,100.0,49.8,43.0 bd=0.0,0.0,50.2,57.0 flags=1 nparts=7 pmin=16.6 smin=0.0 ls=0,0,0,0
[01:57:41.077] [HOST] INFO: [stats] RECV hand=2,1846801792 ok=1 str=42.5 dex=44.9 tough=44.5 stealth=1.4 athl=58.8 xp=0
[01:57:41.450] [HOST] INFO: [med] SEND hand=5,1438354432 npc=0 blood=90.5 bleed=0.00 fl=100.0,100.0,49.8,43.0 bd=0.0,0.0,50.2,57.0 flags=1 nparts=7 pmin=16.6 smin=0.0 ls=0,0,0,0
[01:57:41.490] [HOST] INFO: [speed] REQ mult=5.00 paused=0 combat=0
[01:57:41.665] [HOST] INFO: [med] SEND hand=1,1051391616 npc=0 blood=95.5 bleed=0.00 fl=100.0,100.0,83.1,-30.9 bd=0.0,0.0,16.9,130.9 flags=0 nparts=7 pmin=2.5 smin=0.0 ls=0,0,0,0
[01:57:41.739] [HOST] INFO: [speed] REQ mult=5.00 paused=0 combat=0
[01:57:41.796] [HOST] INFO: [taskkey] key=227 desc='Attacking' repro=0 subject=1
[01:57:41.796] [HOST] INFO: [med] SEND hand=2,2152709888 npc=1 blood=28.5 bleed=0.00 fl=28.1,28.1,28.1,28.1 bd=0.0,0.0,0.0,0.0 flags=0 nparts=7 pmin=28.1 smin=0.0 ls=0,0,0,0
[01:57:41.796] [HOST] INFO: [med] SEND hand=3,3831420928 npc=1 blood=28.8 bleed=0.00 fl=29.3,29.3,29.3,29.3 bd=0.0,0.0,0.0,0.0 flags=0 nparts=7 pmin=29.3 smin=0.0 ls=0,0,0,0
[01:57:41.796] [HOST] INFO: [med] SEND hand=4,3942382848 npc=1 blood=28.4 bleed=0.00 fl=28.0,28.0,28.0,28.0 bd=0.0,0.0,0.0,0.0 flags=0 nparts=7 pmin=28.0 smin=0.0 ls=0,0,0,0
[01:57:41.812] [HOST] INFO: [inv] APPLY hand=1,32,1617431680,2,3921874944 items=8
[01:57:42.029] [HOST] INFO: [inv] APPLY hand=1,33,1114624000,1,2041992192 items=15
[01:57:42.105] [HOST] INFO: [spawn] INFO send hand=1,41,3291503872,1,3439575296 found=1 dead=0 age=1.31 sid='43326-rebirth.mod' fac='51811-rebirth.mod'
[01:57:42.105] [HOST] INFO: [spawn] INFO send hand=1,41,3291503872,2,2448608512 found=1 dead=0 age=1.28 sid='43326-rebirth.mod' fac='51811-rebirth.mod'
[01:57:42.105] [HOST] INFO: [spawn] INFO send hand=1,41,3291503872,3,2333373952 found=1 dead=0 age=1.33 sid='43326-rebirth.mod' fac='51811-rebirth.mod'
[01:57:42.105] [HOST] INFO: [spawn] INFO send hand=1,42,684814464,1,75317384 found=1 dead=0 age=1.37 sid='43326-rebirth.mod' fac='51811-rebirth.mod'
[01:57:42.105] [HOST] INFO: [spawn] INFO send hand=1,42,684814464,2,1465942400 found=1 dead=0 age=1.28 sid='43326-rebirth.mod' fac='51811-rebirth.mod'
[01:57:42.105] [HOST] INFO: [spawn] INFO send hand=1,44,91430664,4,3957397504 found=1 dead=0 age=1.28 sid='43326-rebirth.mod' fac='51811-rebirth.mod'
[01:57:42.105] [HOST] INFO: [spawn] INFO send hand=1,44,91430664,9,418579104 found=1 dead=0 age=1.34 sid='43326-rebirth.mod' fac='51811-rebirth.mod'
[01:57:42.105] [HOST] INFO: [spawn] INFO send hand=1,44,91430664,10,2372314368 found=1 dead=0 age=1.32 sid='43326-rebirth.mod' fac='51811-rebirth.mod'
[01:57:42.231] [HOST] INFO: [med] SEND hand=5,1438354432 npc=0 blood=90.5 bleed=0.00 fl=100.0,100.0,49.9,43.1 bd=0.0,0.0,50.1,56.9 flags=1 nparts=7 pmin=16.7 smin=0.0 ls=0,0,0,0
[01:57:42.350] [HOST] INFO: [med] SEND hand=1,477539072 npc=1 blood=28.8 bleed=0.00 fl=29.4,29.4,29.4,29.4 bd=0.0,0.0,0.0,0.0 flags=0 nparts=7 pmin=29.4 smin=0.0 ls=0,0,0,0
[01:57:42.805] [HOST] INFO: [med] SEND hand=2,2152709888 npc=1 blood=28.5 bleed=0.00 fl=28.2,28.2,28.2,28.2 bd=0.0,0.0,0.0,0.0 flags=0 nparts=7 pmin=28.2 smin=0.0 ls=0,0,0,0
[01:57:42.805] [HOST] INFO: [med] SEND hand=4,3942382848 npc=1 blood=28.4 bleed=0.00 fl=28.1,28.1,28.1,28.1 bd=0.0,0.0,0.0,0.0 flags=0 nparts=7 pmin=28.1 smin=0.0 ls=0,0,0,0
[01:57:43.004] [HOST] INFO: [med] SEND hand=3,3831420928 npc=1 blood=28.8 bleed=0.00 fl=29.3,29.3,29.3,29.3 bd=0.0,0.0,0.0,0.0 flags=0 nparts=7 pmin=29.3 smin=0.0 ls=0,0,0,0
[01:57:43.013] [HOST] INFO: [cam] hints recv n=2 p1=-31848,20320 p2=-31790,20403
[01:57:43.070] [HOST] INFO: [ai] suspended=4 driven=4
[01:57:43.167] [HOST] INFO: [inv] APPLY hand=1,33,1114624000,2,1846801792 items=12
[01:57:43.213] [HOST] INFO: [spawn] INFO send hand=1,30,1273925760,1,477539072 found=1 dead=0 age=0.29 sid='44882-rebirth.mod' fac='51811-rebirth.mod'
[01:57:43.213] [HOST] INFO: [spawn] INFO send hand=1,30,1273925760,2,2152709888 found=1 dead=0 age=0.28 sid='44882-rebirth.mod' fac='51811-rebirth.mod'
[01:57:43.213] [HOST] INFO: [spawn] INFO send hand=1,30,1273925760,3,3831420928 found=1 dead=0 age=0.29 sid='44882-rebirth.mod' fac='51811-rebirth.mod'
[01:57:43.213] [HOST] INFO: [spawn] INFO send hand=1,30,1273925760,4,3942382848 found=1 dead=0 age=0.28 sid='44882-rebirth.mod' fac='51811-rebirth.mod'
[01:57:43.353] [HOST] INFO: [med] SEND hand=1,477539072 npc=1 blood=28.8 bleed=0.00 fl=29.5,29.5,29.5,29.5 bd=0.0,0.0,0.0,0.0 flags=0 nparts=7 pmin=29.5 smin=0.0 ls=0,0,0,0
[01:57:43.491] [HOST] INFO: [fac] AFFECT-EV me='51811-rebirth.mod' whom='204-gamedata.base' event=0 mult=0.000 after=0.00 skipped=0
[01:57:43.517] [HOST] INFO: [carry] RECV DROP id=5 carrier=2,1846801792 carried=5,1438354432 ok=1
[01:57:43.517] [HOST] INFO: [event] RECV id=5 ev=7 owner=2 hand=1,1,912109376,5,1438354432 actor=2,1846801792
[01:57:43.518] [HOST] INFO: [combat] order hand=2,1846801792 tgt=2,2152709888 localFight=1 r=2 wait=0 n=1
[01:57:43.518] [HOST] INFO: [combat] snap hand=2,1846801792 drift=166.2 srcVel=47.6 localFight=1 wrongTgt=1 arming=0 wait=0 seg=203 n=1
[01:57:43.518] [HOST] INFO: [combat] stats snap=1 slide=0 softWalk=0 order=1 wrongTgt=1 armed=1 maxPersist=1
[01:57:43.523] [HOST] INFO: [taskkey] key=61 desc='Attacking target unprovoked' repro=0 subject=1
[01:57:43.628] [HOST] INFO: [stats] RECV hand=1,2041992192 ok=1 str=35.6 dex=48.6 tough=43.2 stealth=1.3 athl=40.7 xp=0
[01:57:43.867] [HOST] INFO: [med] SEND hand=5,1438354432 npc=0 blood=90.5 bleed=0.00 fl=100.0,100.0,50.0,43.2 bd=0.0,0.0,50.0,56.8 flags=1 nparts=7 pmin=16.8 smin=0.0 ls=0,0,0,0
[01:57:43.940] [HOST] INFO: [speed] REQ RECV owner=2 mult=5.00 paused=0 combat=1
[01:57:43.940] [HOST] INFO: [speed] REQ RECV owner=1 mult=5.00 paused=0 combat=1
[01:57:43.940] [HOST] INFO: [speed] SET mult=1.00 paused=0 combat=1 (my=5.00 p1=5.00 p2=5.00)
[01:57:43.941] [HOST] INFO: [combat] order hand=1,2796875008 tgt=1,477539072 localFight=0 r=2 wait=0 n=1
[01:57:43.941] [HOST] INFO: [combat] snap hand=1,2796875008 drift=75.1 srcVel=121.2 localFight=0 wrongTgt=0 arming=1 wait=0 seg=619 n=1
[01:57:43.941] [HOST] INFO: [combat] order hand=2,3921874944 tgt=1,477539072 localFight=0 r=2 wait=0 n=1
[01:57:43.941] [HOST] INFO: [combat] snap hand=2,3921874944 drift=59.4 srcVel=94.4 localFight=0 wrongTgt=0 arming=1 wait=0 seg=619 n=1
[01:57:44.034] [HOST] INFO: [med] SEND hand=3,3831420928 npc=1 blood=28.8 bleed=0.00 fl=29.3,29.3,29.3,29.3 bd=0.0,0.0,0.0,0.0 flags=0 nparts=7 pmin=29.3 smin=0.0 ls=0,0,0,0
[01:57:44.041] [HOST] INFO: [med] SEND hand=2,2152709888 npc=1 blood=28.5 bleed=0.00 fl=28.2,28.2,28.2,28.2 bd=0.0,0.0,0.0,0.0 flags=0 nparts=7 pmin=28.2 smin=0.0 ls=0,0,0,0
[01:57:44.048] [HOST] INFO: [med] SEND hand=4,3942382848 npc=1 blood=28.4 bleed=0.00 fl=28.1,28.1,28.1,28.1 bd=0.0,0.0,0.0,0.0 flags=0 nparts=7 pmin=28.1 smin=0.0 ls=0,0,0,0
[01:57:44.200] [HOST] INFO: [spawn] INFO send hand=1,42,684814464,3,255004880 found=1 dead=0 age=1.28 sid='43326-rebirth.mod' fac='51811-rebirth.mod'
[01:57:44.200] [HOST] INFO: [spawn] INFO send hand=1,44,91430664,1,2273193472 found=1 dead=0 age=1.32 sid='43326-rebirth.mod' fac='51811-rebirth.mod'
[01:57:44.200] [HOST] INFO: [spawn] INFO send hand=1,44,91430664,2,494750976 found=1 dead=0 age=1.26 sid='43326-rebirth.mod' fac='51811-rebirth.mod'
[01:57:44.200] [HOST] INFO: [spawn] INFO send hand=1,44,91430664,3,826660160 found=1 dead=0 age=1.38 sid='43326-rebirth.mod' fac='51811-rebirth.mod'
[01:57:44.200] [HOST] INFO: [spawn] INFO send hand=1,44,91430664,5,3618408192 found=1 dead=0 age=1.30 sid='43326-rebirth.mod' fac='51811-rebirth.mod'
[01:57:44.200] [HOST] INFO: [spawn] INFO send hand=1,44,91430664,6,3969482496 found=1 dead=0 age=1.30 sid='43326-rebirth.mod' fac='51811-rebirth.mod'
[01:57:44.200] [HOST] INFO: [spawn] INFO send hand=1,44,91430664,7,1819946240 found=1 dead=0 age=1.26 sid='43326-rebirth.mod' fac='51811-rebirth.mod'
[01:57:44.270] [HOST] INFO: [med] SEND hand=5,1438354432 npc=0 blood=90.5 bleed=0.00 fl=100.0,100.0,50.0,43.2 bd=0.0,0.0,50.0,56.8 flags=1 nparts=7 pmin=16.8 smin=0.0 ls=0,0,0,0
[01:57:44.312] [HOST] INFO: [interp] lerp=241175 extrap=113224 clamp=0 seg=8389 single=56 snapSq=344 snapNpc=0 reissueSq=2815 reissueNpc=0 restFlip=0 delay=200 jit=133.5 starve=0 snapMid=0 restFlipMid=0
[01:57:44.312] [HOST] INFO: [interp] worstZero hand=2,1846801792 zero=1863 active=14277 seg=266
[01:57:44.353] [HOST] INFO: [med] SEND hand=1,477539072 npc=1 blood=28.8 bleed=0.00 fl=29.5,29.5,29.5,29.5 bd=0.0,0.0,0.0,0.0 flags=0 nparts=7 pmin=29.5 smin=0.0 ls=0,0,0,0
[01:57:44.361] [HOST] INFO: [inv] APPLY hand=1,32,1617431680,1,2796875008 items=9
[01:57:44.704] [HOST] INFO: [stats] RECV hand=1,2796875008 ok=1 str=35.5 dex=30.6 tough=30.9 stealth=1.0 athl=50.6 xp=0
[01:57:45.020] [HOST] INFO: [combat] order hand=2,1846801792 tgt=4,3942382848 localFight=0 r=2 wait=0 n=2 seatbrk=1
[01:57:45.020] [HOST] INFO: [census] sent n=42 radius=2000 mid=38
[01:57:45.138] [HOST] INFO: [med] SEND hand=3,3831420928 npc=1 blood=28.8 bleed=0.00 fl=29.3,29.3,29.3,29.3 bd=0.0,0.0,0.0,0.0 flags=0 nparts=7 pmin=29.3 smin=0.0 ls=0,0,0,0
[01:57:45.145] [HOST] INFO: [med] SEND hand=2,2152709888 npc=1 blood=28.5 bleed=0.00 fl=28.2,28.2,28.2,28.2 bd=0.0,0.0,0.0,0.0 flags=0 nparts=7 pmin=28.2 smin=0.0 ls=0,0,0,0
[01:57:45.152] [HOST] INFO: [med] SEND hand=4,3942382848 npc=1 blood=28.4 bleed=0.00 fl=28.1,28.1,28.1,28.1 bd=0.0,0.0,0.0,0.0 flags=0 nparts=7 pmin=28.1 smin=0.0 ls=0,0,0,0
[01:57:45.340] [HOST] INFO: [stats] RECV hand=1,2041992192 ok=1 str=35.6 dex=48.6 tough=43.2 stealth=1.3 athl=40.7 xp=0
[01:57:45.353] [HOST] INFO: [med] SEND hand=1,477539072 npc=1 blood=28.8 bleed=0.00 fl=29.5,29.5,29.5,29.5 bd=0.0,0.0,0.0,0.0 flags=0 nparts=7 pmin=29.5 smin=0.0 ls=0,0,0,0
[01:57:45.781] [HOST] INFO: [cam] center=-31829.2,101.6,20829.7
[01:57:45.886] [HOST] INFO: [stats] RECV hand=2,1846801792 ok=1 str=42.5 dex=44.9 tough=44.5 stealth=1.4 athl=58.8 xp=0
[01:57:46.072] [HOST] INFO: [ai] suspended=1 driven=4
[01:57:46.092] [HOST] INFO: [spawn] INFO send hand=1,44,91430664,8,1267578112 found=1 dead=0 age=1.24 sid='43326-rebirth.mod' fac='51811-rebirth.mod'
[01:57:46.092] [HOST] INFO: [spawn] INFO send hand=1,44,91430664,11,2695922944 found=1 dead=0 age=1.31 sid='43326-rebirth.mod' fac='51811-rebirth.mod'
[01:57:46.092] [HOST] INFO: [spawn] INFO send hand=1,47,1168701184,1,2322265600 found=1 dead=0 age=1.27 sid='43326-rebirth.mod' fac='51811-rebirth.mod'
[01:57:46.092] [HOST] INFO: [spawn] INFO send hand=1,47,1168701184,2,3908081152 found=1 dead=0 age=1.23 sid='43326-rebirth.mod' fac='51811-rebirth.mod'
[01:57:46.092] [HOST] INFO: [spawn] INFO send hand=1,47,1168701184,3,1143188480 found=1 dead=0 age=1.31 sid='43326-rebirth.mod' fac='51811-rebirth.mod'
[01:57:46.092] [HOST] INFO: [spawn] INFO send hand=1,47,1168701184,4,122070312 found=1 dead=0 age=1.23 sid='43326-rebirth.mod' fac='51811-rebirth.mod'
[01:57:46.093] [HOST] INFO: [spawn] INFO send hand=1,47,1168701184,5,2974853632 found=1 dead=0 age=1.30 sid='43326-rebirth.mod' fac='51811-rebirth.mod'
[01:57:46.093] [HOST] INFO: [spawn] INFO send hand=1,47,1168701184,6,101562496 found=1 dead=0 age=1.38 sid='43326-rebirth.mod' fac='51811-rebirth.mod'
[01:57:46.093] [HOST] INFO: [spawn] INFO send hand=1,47,1168701184,7,1368041984 found=1 dead=0 age=1.21 sid='43326-rebirth.mod' fac='51811-rebirth.mod'
[01:57:46.093] [HOST] INFO: [spawn] INFO send hand=1,47,1168701184,8,90454104 found=1 dead=0 age=1.28 sid='43326-rebirth.mod' fac='51811-rebirth.mod'
[01:57:46.093] [HOST] INFO: [spawn] INFO send hand=1,47,1168701184,9,2590820352 found=1 dead=0 age=1.33 sid='43326-rebirth.mod' fac='51811-rebirth.mod'
[01:57:46.093] [HOST] INFO: [spawn] INFO send hand=1,47,1168701184,10,2138549760 found=1 dead=0 age=1.27 sid='43326-rebirth.mod' fac='51811-rebirth.mod'
[01:57:46.093] [HOST] INFO: [spawn] INFO send hand=1,48,2458740224,1,682128896 found=1 dead=0 age=1.27 sid='43326-rebirth.mod' fac='51811-rebirth.mod'
[01:57:46.093] [HOST] INFO: [spawn] INFO send hand=1,48,2458740224,2,2136474624 found=1 dead=0 age=1.32 sid='43326-rebirth.mod' fac='51811-rebirth.mod'
[01:57:46.093] [HOST] INFO: [spawn] INFO send hand=1,48,2458740224,3,229492192 found=1 dead=0 age=1.31 sid='43326-rebirth.mod' fac='51811-rebirth.mod'
[01:57:46.093] [HOST] INFO: [spawn] INFO send hand=1,48,2458740224,4,3079834112 found=1 dead=0 age=1.27 sid='43326-rebirth.mod' fac='51811-rebirth.mod'
[01:57:46.093] [HOST] INFO: [spawn] INFO send hand=1,48,2458740224,5,91552736 found=1 dead=0 age=1.26 sid='43326-rebirth.mod' fac='51811-rebirth.mod'
[01:57:46.093] [HOST] INFO: [spawn] INFO send hand=1,48,2458740224,6,1565429632 found=1 dead=0 age=1.35 sid='43326-rebirth.mod' fac='51811-rebirth.mod'
[01:57:46.093] [HOST] INFO: [spawn] INFO send hand=1,48,2458740224,7,3695922944 found=1 dead=0 age=1.24 sid='43326-rebirth.mod' fac='51811-rebirth.mod'
[01:57:46.093] [HOST] INFO: [spawn] INFO send hand=1,48,2458740224,8,3246582016 found=1 dead=0 age=1.30 sid='43326-rebirth.mod' fac='51811-rebirth.mod'
[01:57:46.093] [HOST] INFO: [spawn] INFO send hand=1,48,2458740224,9,2122192384 found=1 dead=0 age=1.32 sid='43326-rebirth.mod' fac='51811-rebirth.mod'
[01:57:46.093] [HOST] INFO: [spawn] INFO send hand=1,48,2458740224,10,93505856 found=1 dead=0 age=1.28 sid='43326-rebirth.mod' fac='51811-rebirth.mod'
[01:57:46.093] [HOST] INFO: [spawn] INFO send hand=1,48,2458740224,11,2997802752 found=1 dead=0 age=1.21 sid='43326-rebirth.mod' fac='51811-rebirth.mod'
[01:57:46.141] [HOST] INFO: [med] SEND hand=3,3831420928 npc=1 blood=28.8 bleed=0.00 fl=29.3,29.3,29.3,29.3 bd=0.0,0.0,0.0,0.0 flags=0 nparts=7 pmin=29.3 smin=0.0 ls=0,0,0,0
[01:57:46.147] [HOST] INFO: [med] SEND hand=2,2152709888 npc=1 blood=28.5 bleed=0.00 fl=28.2,28.2,28.2,28.2 bd=0.0,0.0,0.0,0.0 flags=0 nparts=7 pmin=28.2 smin=0.0 ls=0,0,0,0
[01:57:46.154] [HOST] INFO: [med] SEND hand=4,3942382848 npc=1 blood=28.4 bleed=0.00 fl=28.1,28.1,28.1,28.1 bd=0.0,0.0,0.0,0.0 flags=0 nparts=7 pmin=28.1 smin=0.0 ls=0,0,0,0
[01:57:46.183] [HOST] INFO: [stats] RECV hand=2,3921874944 ok=1 str=34.4 dex=24.2 tough=27.0 stealth=1.0 athl=42.5 xp=0
[01:57:46.183] [HOST] INFO: [stats] RECV hand=1,2796875008 ok=1 str=35.5 dex=30.6 tough=30.9 stealth=1.0 athl=50.6 xp=0
[01:57:46.356] [HOST] INFO: [med] SEND hand=1,477539072 npc=1 blood=24.5 bleed=0.01 fl=29.5,29.5,29.5,29.5 bd=0.0,0.0,0.0,0.0 flags=0 nparts=7 pmin=11.6 smin=0.0 ls=0,0,0,0
[01:57:46.363] [HOST] INFO: [spawn] INFO send hand=1,30,1273925760,2,2152709888 found=1 dead=0 age=0.28 sid='44882-rebirth.mod' fac='51811-rebirth.mod'
[01:57:46.525] [HOST] INFO: [combat] order hand=2,1846801792 tgt=3,3831420928 localFight=0 r=2 wait=0 n=3 seatbrk=1 forced=1
[01:57:47.147] [HOST] INFO: [med] SEND hand=3,3831420928 npc=1 blood=28.8 bleed=0.00 fl=29.3,29.3,29.3,29.3 bd=0.0,0.0,0.0,0.0 flags=0 nparts=7 pmin=29.3 smin=0.0 ls=0,0,0,0
[01:57:47.153] [HOST] INFO: [med] SEND hand=2,2152709888 npc=1 blood=28.5 bleed=0.00 fl=28.2,28.2,28.2,28.2 bd=0.0,0.0,0.0,0.0 flags=0 nparts=7 pmin=28.2 smin=0.0 ls=0,0,0,0
[01:57:47.160] [HOST] INFO: [med] SEND hand=4,3942382848 npc=1 blood=28.4 bleed=0.00 fl=28.1,28.1,28.1,28.1 bd=0.0,0.0,0.0,0.0 flags=0 nparts=7 pmin=28.1 smin=0.0 ls=0,0,0,0
[01:57:47.251] [HOST] INFO: [stats] RECV hand=2,3921874944 ok=1 str=34.4 dex=24.2 tough=27.0 stealth=1.0 athl=42.5 xp=0
[01:57:47.252] [HOST] INFO: [inv] APPLY hand=1,32,1617431680,2,3921874944 items=8
[01:57:47.363] [HOST] INFO: [med] SEND hand=1,477539072 npc=1 blood=24.5 bleed=0.01 fl=29.5,29.5,29.5,29.5 bd=0.0,0.0,0.0,0.0 flags=0 nparts=7 pmin=11.6 smin=0.0 ls=0,0,0,0
[01:57:47.611] [HOST] INFO: [combat] snap hand=2,3921874944 drift=270.4 srcVel=95.0 localFight=1 wrongTgt=0 arming=0 wait=0 seg=353 n=2
[01:57:47.962] [HOST] INFO: [snap] squad hand=1,2041992192 name='ZACH' gap=10.4 gate=10.3 srcVel=0.0 cSpeed=14.7 mult=1.00 slew=1.00 dest=1 skipped=0
[01:57:48.003] [HOST] INFO: [spawn] INFO send hand=1,30,1273925760,1,477539072 found=1 dead=0 age=0.30 sid='44882-rebirth.mod' fac='51811-rebirth.mod'
[01:57:48.003] [HOST] INFO: [spawn] INFO send hand=1,30,1273925760,4,3942382848 found=1 dead=0 age=0.28 sid='44882-rebirth.mod' fac='51811-rebirth.mod'
[01:57:48.004] [HOST] INFO: [inv] APPLY hand=1,33,1114624000,1,2041992192 items=15
[01:57:48.073] [HOST] INFO: [spawn] INFO send hand=1,41,3291503872,1,3439575296 found=1 dead=0 age=1.31 sid='43326-rebirth.mod' fac='51811-rebirth.mod'
[01:57:48.073] [HOST] INFO: [spawn] INFO send hand=1,41,3291503872,2,2448608512 found=1 dead=0 age=1.28 sid='43326-rebirth.mod' fac='51811-rebirth.mod'
[01:57:48.073] [HOST] INFO: [spawn] INFO send hand=1,41,3291503872,3,2333373952 found=1 dead=0 age=1.33 sid='43326-rebirth.mod' fac='51811-rebirth.mod'
[01:57:48.073] [HOST] INFO: [spawn] INFO send hand=1,42,684814464,1,75317384 found=1 dead=0 age=1.37 sid='43326-rebirth.mod' fac='51811-rebirth.mod'
[01:57:48.073] [HOST] INFO: [spawn] INFO send hand=1,42,684814464,2,1465942400 found=1 dead=0 age=1.28 sid='43326-rebirth.mod' fac='51811-rebirth.mod'
[01:57:48.073] [HOST] INFO: [spawn] INFO send hand=1,44,91430664,4,3957397504 found=1 dead=0 age=1.28 sid='43326-rebirth.mod' fac='51811-rebirth.mod'
[01:57:48.073] [HOST] INFO: [spawn] INFO send hand=1,44,91430664,9,418579104 found=1 dead=0 age=1.34 sid='43326-rebirth.mod' fac='51811-rebirth.mod'
[01:57:48.073] [HOST] INFO: [spawn] INFO send hand=1,44,91430664,10,2372314368 found=1 dead=0 age=1.32 sid='43326-rebirth.mod' fac='51811-rebirth.mod'
[01:57:48.074] [HOST] INFO: [inv] APPLY hand=1,33,1114624000,2,1846801792 items=12
[01:57:48.110] [HOST] INFO: [cam] hints recv n=2 p1=-31797,20620 p2=-31884,20536
[01:57:48.151] [HOST] INFO: [med] SEND hand=3,3831420928 npc=1 blood=28.8 bleed=0.00 fl=29.3,29.3,29.3,29.3 bd=0.0,0.0,0.0,0.0 flags=0 nparts=7 pmin=29.3 smin=0.0 ls=0,0,0,0
[01:57:48.157] [HOST] INFO: [med] SEND hand=2,2152709888 npc=1 blood=28.5 bleed=0.00 fl=28.2,28.2,28.2,28.2 bd=0.0,0.0,0.0,0.0 flags=0 nparts=7 pmin=28.2 smin=0.0 ls=0,0,0,0
[01:57:48.165] [HOST] INFO: [med] SEND hand=4,3942382848 npc=1 blood=28.4 bleed=0.00 fl=28.1,28.1,28.1,28.1 bd=0.0,0.0,0.0,0.0 flags=0 nparts=7 pmin=28.1 smin=0.0 ls=0,0,0,0
[01:57:48.311] [HOST] INFO: [carry] RECV PICKUP id=6 carrier=2,1846801792 carried=5,1438354432 ok=1
[01:57:48.311] [HOST] INFO: [event] RECV id=6 ev=6 owner=2 hand=1,1,912109376,5,1438354432 actor=2,1846801792
[01:57:48.361] [HOST] INFO: [snap] squad hand=1,2796875008 name='Evan' gap=301.8 gate=126.0 srcVel=145.4 cSpeed=95.6 mult=1.00 slew=1.00 dest=1 skipped=0
[01:57:48.366] [HOST] INFO: [med] SEND hand=1,477539072 npc=1 blood=19.9 bleed=0.02 fl=29.5,10.3,29.5,29.5 bd=0.0,0.0,0.0,0.0 flags=0 nparts=7 pmin=10.3 smin=0.0 ls=0,0,0,0
[01:57:48.509] [HOST] INFO: [fac] AFFECT-EV me='51811-rebirth.mod' whom='204-gamedata.base' event=1 mult=0.000 after=0.00 skipped=12
[01:57:48.521] [HOST] INFO: [combat] stats snap=4 slide=72 softWalk=214 order=5 wrongTgt=1 armed=2 maxPersist=2
[01:57:48.555] [HOST] INFO: [carry] RECV DROP id=7 carrier=2,1846801792 carried=5,1438354432 ok=1
[01:57:48.555] [HOST] INFO: [event] RECV id=7 ev=7 owner=2 hand=1,1,912109376,5,1438354432 actor=2,1846801792
[01:57:48.934] [HOST] INFO: [stats] RECV hand=1,2796875008 ok=1 str=35.5 dex=30.6 tough=30.9 stealth=1.0 athl=50.7 xp=0
[01:57:49.076] [HOST] INFO: [ai] suspended=2 driven=4
[01:57:49.236] [HOST] INFO: [stats] RECV hand=2,1846801792 ok=1 str=42.5 dex=44.9 tough=44.5 stealth=1.4 athl=58.8 xp=0
[01:57:49.263] [HOST] INFO: [med] SEND hand=3,3831420928 npc=1 blood=28.8 bleed=0.00 fl=29.3,29.3,29.3,29.3 bd=0.0,0.0,0.0,0.0 flags=0 nparts=7 pmin=29.3 smin=0.0 ls=0,0,0,0
[01:57:49.270] [HOST] INFO: [med] SEND hand=2,2152709888 npc=1 blood=28.5 bleed=0.00 fl=28.2,28.2,28.2,28.2 bd=0.0,0.0,0.0,0.0 flags=0 nparts=7 pmin=28.2 smin=0.0 ls=0,0,0,0
[01:57:49.270] [HOST] INFO: [med] SEND hand=4,3942382848 npc=1 blood=28.4 bleed=0.00 fl=28.1,28.1,28.1,28.1 bd=0.0,0.0,0.0,0.0 flags=0 nparts=7 pmin=28.1 smin=0.0 ls=0,0,0,0
[01:57:49.320] [HOST] INFO: [interp] lerp=242638 extrap=114384 clamp=0 seg=8542 single=56 snapSq=346 snapNpc=0 reissueSq=2850 reissueNpc=0 restFlip=0 delay=200 jit=141.3 starve=0 snapMid=0 restFlipMid=0
[01:57:49.320] [HOST] INFO: [interp] worstZero hand=2,1846801792 zero=1863 active=14277 seg=65
[01:57:49.383] [HOST] INFO: [snap] squad hand=1,2041992192 name='ZACH' gap=111.9 gate=103.2 srcVel=111.5 cSpeed=57.3 mult=1.00 slew=1.00 dest=1 skipped=0
[01:57:49.390] [HOST] INFO: [combat] order hand=1,2796875008 tgt=1,477539072 localFight=0 r=2 wait=0 n=1
[01:57:49.390] [HOST] INFO: [inv] APPLY hand=1,32,1617431680,1,2796875008 items=9
[01:57:49.453] [HOST] INFO: [med] SEND hand=1,477539072 npc=1 blood=19.8 bleed=0.02 fl=29.5,10.3,29.5,29.5 bd=0.0,0.0,0.0,0.0 flags=0 nparts=7 pmin=10.3 smin=0.0 ls=0,0,0,0
[01:57:50.265] [HOST] INFO: [med] SEND hand=3,3831420928 npc=1 blood=28.8 bleed=0.00 fl=29.3,29.3,29.3,29.3 bd=0.0,0.0,0.0,0.0 flags=0 nparts=7 pmin=29.3 smin=0.0 ls=0,0,0,0
[01:57:50.273] [HOST] INFO: [med] SEND hand=2,2152709888 npc=1 blood=28.5 bleed=0.00 fl=28.2,28.2,28.2,28.2 bd=0.0,0.0,0.0,0.0 flags=0 nparts=7 pmin=28.2 smin=0.0 ls=0,0,0,0
[01:57:50.273] [HOST] INFO: [med] SEND hand=4,3942382848 npc=1 blood=28.4 bleed=0.00 fl=28.1,28.1,28.1,28.1 bd=0.0,0.0,0.0,0.0 flags=0 nparts=7 pmin=28.1 smin=0.0 ls=0,0,0,0
[01:57:50.454] [HOST] INFO: [med] SEND hand=1,477539072 npc=1 blood=19.8 bleed=0.02 fl=29.5,10.3,29.5,29.5 bd=0.0,0.0,0.0,0.0 flags=0 nparts=7 pmin=10.3 smin=0.0 ls=0,0,0,0
[01:57:50.784] [HOST] INFO: [cam] center=-31870.4,129.6,20653.7
[01:57:51.333] [HOST] INFO: [med] SEND hand=2,2152709888 npc=1 blood=28.5 bleed=0.00 fl=28.2,28.2,28.2,28.2 bd=0.0,0.0,0.0,0.0 flags=0 nparts=7 pmin=28.2 smin=0.0 ls=0,0,0,0
[01:57:51.333] [HOST] INFO: [med] SEND hand=3,3831420928 npc=1 blood=28.8 bleed=0.00 fl=29.3,29.3,29.3,29.3 bd=0.0,0.0,0.0,0.0 flags=0 nparts=7 pmin=29.3 smin=0.0 ls=0,0,0,0
[01:57:51.333] [HOST] INFO: [med] SEND hand=4,3942382848 npc=1 blood=28.4 bleed=0.00 fl=28.2,28.2,28.2,28.2 bd=0.0,0.0,0.0,0.0 flags=0 nparts=7 pmin=28.2 smin=0.0 ls=0,0,0,0
[01:57:51.459] [HOST] INFO: [med] SEND hand=1,477539072 npc=1 blood=15.5 bleed=0.03 fl=29.5,-7.6,29.5,29.5 bd=0.0,0.0,0.0,0.0 flags=0 nparts=7 pmin=11.6 smin=0.0 ls=0,0,0,0
[01:57:51.578] [HOST] INFO: [med] SEND hand=1,1051391616 npc=0 blood=95.5 bleed=0.00 fl=100.0,100.0,83.5,-30.5 bd=0.0,0.0,16.5,130.5 flags=0 nparts=7 pmin=2.8 smin=0.0 ls=0,0,0,0
[01:57:51.894] [HOST] INFO: [steam] session peer=76561198346257175 active=0 connecting=1 relay=0 err=0
[01:57:51.981] [HOST] INFO: [med] SEND hand=1,1051391616 npc=0 blood=95.5 bleed=0.00 fl=100.0,100.0,83.5,-30.5 bd=0.0,0.0,16.5,130.5 flags=0 nparts=7 pmin=2.8 smin=0.0 ls=0,0,0,0
[01:57:52.080] [HOST] INFO: [ai] suspended=4 driven=4
[01:57:52.336] [HOST] INFO: [med] SEND hand=2,2152709888 npc=1 blood=20.7 bleed=0.02 fl=-4.3,28.2,28.2,28.2 bd=0.0,0.0,0.0,0.0 flags=0 nparts=7 pmin=28.2 smin=0.0 ls=0,0,0,0
[01:57:52.336] [HOST] INFO: [med] SEND hand=3,3831420928 npc=1 blood=28.8 bleed=0.00 fl=29.3,29.3,29.3,29.3 bd=0.0,0.0,0.0,0.0 flags=0 nparts=7 pmin=29.3 smin=0.0 ls=0,0,0,0
[01:57:52.336] [HOST] INFO: [med] SEND hand=4,3942382848 npc=1 blood=20.5 bleed=0.02 fl=-4.8,28.2,28.2,28.2 bd=0.0,0.0,0.0,0.0 flags=0 nparts=7 pmin=28.2 smin=0.0 ls=0,0,0,0
[01:57:52.462] [HOST] INFO: [med] SEND hand=1,477539072 npc=1 blood=10.8 bleed=0.04 fl=29.5,-7.6,29.5,10.3 bd=0.0,0.0,0.0,0.0 flags=0 nparts=7 pmin=10.3 smin=0.0 ls=0,0,0,0
[01:57:53.336] [HOST] INFO: [med] SEND hand=3,3831420928 npc=1 blood=24.5 bleed=0.01 fl=29.3,29.3,29.3,29.3 bd=0.0,0.0,0.0,0.0 flags=0 nparts=7 pmin=5.1 smin=0.0 ls=0,0,0,0
[01:57:53.365] [HOST] INFO: [med] SEND hand=2,2152709888 npc=1 blood=20.6 bleed=0.02 fl=-4.3,28.2,28.2,28.2 bd=0.0,0.0,0.0,0.0 flags=0 nparts=7 pmin=28.2 smin=0.0 ls=0,0,0,0
[01:57:53.365] [HOST] INFO: [med] SEND hand=4,3942382848 npc=1 blood=20.5 bleed=0.02 fl=-4.8,28.2,28.2,28.2 bd=0.0,0.0,0.0,0.0 flags=0 nparts=7 pmin=28.2 smin=0.0 ls=0,0,0,0
[01:57:53.420] [HOST] INFO: [med] SEND hand=1,1051391616 npc=0 blood=95.5 bleed=0.00 fl=100.0,100.0,83.5,-30.5 bd=0.0,0.0,16.5,130.5 flags=0 nparts=7 pmin=2.9 smin=0.0 ls=0,0,0,0
[01:57:53.468] [HOST] INFO: [med] SEND hand=1,477539072 npc=1 blood=6.5 bleed=0.05 fl=29.5,-7.6,11.6,10.3 bd=0.0,0.0,0.0,0.0 flags=0 nparts=7 pmin=10.3 smin=0.0 ls=0,0,0,0
[01:57:53.525] [HOST] INFO: [combat] stats snap=4 slide=117 softWalk=268 order=6 wrongTgt=1 armed=3 maxPersist=2
[01:57:53.824] [HOST] INFO: [med] SEND hand=1,1051391616 npc=0 blood=95.5 bleed=0.00 fl=100.0,100.0,83.5,-30.5 bd=0.0,0.0,16.5,130.5 flags=0 nparts=7 pmin=2.9 smin=0.0 ls=0,0,0,0
[01:57:54.237] [HOST] INFO: [med] SEND hand=5,1438354432 npc=0 blood=90.5 bleed=0.00 fl=100.0,100.0,50.2,43.4 bd=0.0,0.0,49.8,56.6 flags=1 nparts=7 pmin=17.0 smin=0.0 ls=0,0,0,0
[01:57:54.311] [HOST] INFO: [fac] AFFECT-EV me='51811-rebirth.mod' whom='204-gamedata.base' event=1 mult=0.000 after=0.00 skipped=77
[01:57:54.322] [HOST] INFO: [interp] lerp=242918 extrap=115426 clamp=0 seg=8556 single=56 snapSq=347 snapNpc=0 reissueSq=2851 reissueNpc=0 restFlip=0 delay=0 jit=0.0 starve=4 snapMid=0 restFlipMid=0
[01:57:54.323] [HOST] INFO: [interp] worstZero hand=2,1846801792 zero=1863 active=14277 seg=91
[01:57:54.363] [HOST] INFO: [med] SEND hand=2,2152709888 npc=1 blood=20.6 bleed=0.02 fl=-4.3,28.2,28.2,28.2 bd=0.0,0.0,0.0,0.0 flags=0 nparts=7 pmin=28.2 smin=0.0 ls=0,0,0,0
[01:57:54.363] [HOST] INFO: [med] SEND hand=4,3942382848 npc=1 blood=20.5 bleed=0.02 fl=-4.8,28.2,28.2,28.2 bd=0.0,0.0,0.0,0.0 flags=0 nparts=7 pmin=28.2 smin=0.0 ls=0,0,0,0
[01:57:54.371] [HOST] INFO: [med] SEND hand=3,3831420928 npc=1 blood=24.4 bleed=0.01 fl=29.3,29.3,29.3,29.3 bd=0.0,0.0,0.0,0.0 flags=0 nparts=7 pmin=5.1 smin=0.0 ls=0,0,0,0
[01:57:54.549] [HOST] INFO: [med] SEND hand=1,477539072 npc=1 blood=6.4 bleed=0.05 fl=29.5,-7.6,11.6,10.3 bd=0.0,0.0,0.0,0.0 flags=0 nparts=7 pmin=10.3 smin=0.0 ls=0,0,0,0
[01:57:54.640] [HOST] INFO: [med] SEND hand=5,1438354432 npc=0 blood=90.5 bleed=0.00 fl=100.0,100.0,50.2,43.4 bd=0.0,0.0,49.8,56.6 flags=1 nparts=7 pmin=17.0 smin=0.0 ls=0,0,0,0
[01:57:55.030] [HOST] INFO: [event] SEND id=14 ev=1 hand=1,30,1273925760,2,2152709888 actor=0,0 bs 0->1
[01:57:55.051] [HOST] INFO: [census] sent n=42 radius=2000 mid=38
[01:57:55.086] [HOST] INFO: [ai] suspended=4 driven=4
[01:57:55.364] [HOST] INFO: [med] SEND hand=2,2152709888 npc=1 blood=12.8 bleed=0.04 fl=-4.3,28.2,28.2,28.2 bd=0.0,0.0,0.0,0.0 flags=1 nparts=7 pmin=28.2 smin=0.0 ls=0,0,0,0
[01:57:55.371] [HOST] INFO: [med] SEND hand=3,3831420928 npc=1 blood=24.4 bleed=0.01 fl=29.3,29.3,29.3,29.3 bd=0.0,0.0,0.0,0.0 flags=0 nparts=7 pmin=5.1 smin=0.0 ls=0,0,0,0
[01:57:55.378] [HOST] INFO: [med] SEND hand=4,3942382848 npc=1 blood=20.4 bleed=0.02 fl=-4.8,28.2,28.2,28.2 bd=0.0,0.0,0.0,0.0 flags=0 nparts=7 pmin=28.2 smin=0.0 ls=0,0,0,0
[01:57:55.420] [HOST] INFO: [event] SEND id=15 ev=1 hand=1,30,1273925760,3,3831420928 actor=0,0 bs 0->1
[01:57:55.555] [HOST] INFO: [med] SEND hand=1,477539072 npc=1 blood=2.0 bleed=0.06 fl=29.5,-7.6,-6.4,10.3 bd=0.0,0.0,0.0,0.0 flags=0 nparts=7 pmin=10.3 smin=0.0 ls=0,0,0,0
[01:57:55.783] [HOST] INFO: [cam] center=-31871.3,127.2,20669.8
[01:57:56.376] [HOST] INFO: [med] SEND hand=3,3831420928 npc=1 blood=20.0 bleed=0.02 fl=29.3,29.3,29.3,29.3 bd=0.0,0.0,0.0,0.0 flags=1 nparts=7 pmin=29.3 smin=0.0 ls=0,0,0,0
[01:57:56.383] [HOST] INFO: [med] SEND hand=4,3942382848 npc=1 blood=20.4 bleed=0.02 fl=-4.8,28.2,28.2,28.2 bd=0.0,0.0,0.0,0.0 flags=0 nparts=7 pmin=28.2 smin=0.0 ls=0,0,0,0
[01:57:56.555] [HOST] INFO: [med] SEND hand=1,477539072 npc=1 blood=1.9 bleed=0.06 fl=29.6,-7.6,-6.4,10.3 bd=0.0,0.0,0.0,0.0 flags=0 nparts=7 pmin=10.3 smin=0.0 ls=0,0,0,0
[01:57:56.954] [HOST] INFO: [net] peer disconnected id=2 [2/3 players]
[01:57:56.960] [HOST] INFO: handshake: peer left id=2
[01:57:56.960] [HOST] INFO: [carry] SWEEP DROP carrier=1,2041992192 ok=1
[01:57:56.960] [HOST] INFO: [leave] owner=2 scoped sweep: proxies=0 worldProxies=0 kept=2
[01:57:56.978] [HOST] INFO: [event] SEND id=16 ev=3 hand=1,1,912109376,1,1051391616 actor=0,0 bs 2->0
[01:57:57.077] [HOST] INFO: [combat] CAP hand=1,1051391616 task=65024 tgt=1,30,1273925760,4,3942382848
[01:57:57.112] [HOST] INFO: [event] SEND id=17 ev=1 hand=1,30,1273925760,1,477539072 actor=0,0 bs 0->1
[01:57:57.494] [HOST] INFO: [med] SEND hand=4,3942382848 npc=1 blood=20.4 bleed=0.02 fl=-4.8,28.2,28.2,28.2 bd=0.0,0.0,0.0,0.0 flags=0 nparts=7 pmin=28.2 smin=0.0 ls=0,0,0,0
[01:57:57.556] [HOST] INFO: [med] SEND hand=1,477539072 npc=1 blood=-2.5 bleed=0.07 fl=29.6,-7.6,-6.4,-7.7 bd=0.0,0.0,0.0,0.0 flags=1 nparts=7 pmin=11.6 smin=0.0 ls=0,0,0,0
[01:57:57.653] [HOST] INFO: [med] SEND hand=2,2152709888 npc=1 blood=12.7 bleed=0.04 fl=-4.5,28.2,28.2,28.2 bd=0.0,0.0,0.0,0.0 flags=1 nparts=7 pmin=28.2 smin=0.0 ls=0,0,0,0
[01:57:57.955] [HOST] INFO: [net] peer disconnected id=1 [1/3 players]
[01:57:57.959] [HOST] INFO: handshake: peer left id=1
[01:57:57.959] [HOST] INFO: [leave] cleared proxies=0
[01:57:57.959] [HOST] INFO: [leave] cleared worldProxies=6
[01:57:57.959] [HOST] INFO: [load] session reset: pointer caches, session maps, change gates cleared
[01:57:57.959] [HOST] INFO: [squad] LATCH cont=33,1114624000 rank=2
[01:57:57.959] [HOST] INFO: [combat] CAP hand=1,1051391616 task=65024 tgt=1,30,1273925760,4,3942382848
[01:57:57.959] [HOST] INFO: [event] SEND id=18 ev=1 hand=1,1,912109376,5,1438354432 actor=0,0 bs 0->3
[01:57:57.959] [HOST] INFO: [event] SEND id=19 ev=1 hand=1,30,1273925760,2,2152709888 actor=0,0 bs 0->3
[01:57:57.959] [HOST] INFO: [event] SEND id=20 ev=1 hand=1,30,1273925760,1,477539072 actor=0,0 bs 0->3
[01:57:57.959] [HOST] INFO: [event] SEND id=21 ev=1 hand=1,30,1273925760,3,3831420928 actor=0,0 bs 0->3
[01:57:57.959] [HOST] INFO: [wi] BASELINE seeded=0 (save-native, never-stream)
[01:57:57.959] [HOST] INFO: [med] SEND hand=1,1051391616 npc=0 blood=95.5 bleed=0.00 fl=100.0,100.0,83.6,-30.4 bd=0.0,0.0,16.4,130.4 flags=0 nparts=7 pmin=3.0 smin=0.0 ls=0,0,0,0
[01:57:57.959] [HOST] INFO: [med] SEND hand=5,1438354432 npc=0 blood=90.5 bleed=0.00 fl=100.0,100.0,50.2,43.5 bd=0.0,0.0,49.8,56.5 flags=1 nparts=7 pmin=17.1 smin=0.0 ls=0,0,0,0
[01:57:57.959] [HOST] INFO: [med] SEND hand=1,477539072 npc=1 blood=-2.5 bleed=0.06 fl=29.6,-7.7,-6.4,-7.8 bd=0.0,0.0,0.0,0.0 flags=1 nparts=7 pmin=11.6 smin=0.0 ls=0,0,0,0
[01:57:57.960] [HOST] INFO: [med] SEND hand=2,2152709888 npc=1 blood=12.6 bleed=0.04 fl=-4.5,28.2,28.2,28.2 bd=0.0,0.0,0.0,0.0 flags=1 nparts=7 pmin=28.2 smin=0.0 ls=0,0,0,0
[01:57:57.960] [HOST] INFO: [med] SEND hand=3,3831420928 npc=1 blood=20.0 bleed=0.02 fl=29.3,29.3,29.3,29.3 bd=0.0,0.0,0.0,0.0 flags=1 nparts=7 pmin=29.3 smin=0.0 ls=0,0,0,0
[01:57:57.960] [HOST] INFO: [med] SEND hand=4,3942382848 npc=1 blood=20.4 bleed=0.02 fl=-4.8,28.2,28.2,28.2 bd=0.0,0.0,0.0,0.0 flags=0 nparts=7 pmin=28.2 smin=0.0 ls=0,0,0,0
[01:57:57.960] [HOST] INFO: [stats] SEND hand=1,1051391616 str=27.4 dex=14.7 tough=33.3 stealth=2.2 athl=49.0 xp=0 fap=0
[01:57:57.960] [HOST] INFO: [stats] SEND hand=5,1438354432 str=20.6 dex=11.9 tough=33.1 stealth=1.0 athl=41.1 xp=0 fap=0
[01:57:57.960] [HOST] INFO: [money] SEND rank=0 cats=0
[01:57:57.960] [HOST] INFO: [research] SEND sid='46044-rebirth.mod' seq=181
[01:57:57.960] [HOST] INFO: [research] SEND sid='46043-rebirth.mod' seq=182
[01:57:57.960] [HOST] INFO: [research] SEND sid='1892-gamedata.base' seq=183
[01:57:57.960] [HOST] INFO: [speed] REQ mult=1.00 paused=0 combat=1
[01:57:57.960] [HOST] INFO: [speed] SET mult=1.00 paused=0 combat=1 (my=1.00)
[01:57:58.092] [HOST] INFO: [ai] suspended=0 driven=0
[01:57:58.313] [HOST] INFO: [inv] SEND hand=1,1,912109376,1,1051391616 kind=0 key=1,1,912109376,1,1051391616 items=19 hash=3123280711
[01:57:58.313] [HOST] INFO: [inv] SEND hand=1,1,912109376,5,1438354432 kind=0 key=1,1,912109376,5,1438354432 items=8 hash=3154182877
[01:57:58.531] [HOST] INFO: [combat] stats snap=4 slide=117 softWalk=268 order=6 wrongTgt=1 armed=0 maxPersist=0
[01:57:58.829] [HOST] INFO: [event] SEND id=22 ev=1 hand=1,30,1273925760,4,3942382848 actor=1,1051391616 bs 0->1
[01:57:58.961] [HOST] INFO: [med] SEND hand=4,3942382848 npc=1 blood=12.4 bleed=0.04 fl=-4.8,28.2,28.2,28.2 bd=0.0,0.0,0.0,0.0 flags=1 nparts=7 pmin=28.2 smin=0.0 ls=0,0,0,0
[01:57:59.296] [HOST] INFO: [fac] AFFECT-EV me='51811-rebirth.mod' whom='204-gamedata.base' event=0 mult=0.000 after=0.00 skipped=101
[01:57:59.496] [HOST] INFO: [med] SEND hand=1,477539072 npc=1 blood=-2.6 bleed=0.06 fl=29.6,-7.7,-6.5,-7.8 bd=0.0,0.0,0.0,0.0 flags=1 nparts=7 pmin=11.6 smin=0.0 ls=0,0,0,0
[01:58:00.052] [HOST] INFO: [med] SEND hand=5,1438354432 npc=0 blood=90.5 bleed=0.00 fl=100.0,100.0,50.3,43.5 bd=0.0,0.0,49.7,56.5 flags=1 nparts=7 pmin=17.1 smin=0.0 ls=0,0,0,0
[01:58:00.129] [HOST] INFO: [med] SEND hand=4,3942382848 npc=1 blood=12.3 bleed=0.04 fl=-4.9,28.2,28.2,28.2 bd=0.0,0.0,0.0,0.0 flags=1 nparts=7 pmin=28.2 smin=0.0 ls=0,0,0,0
[01:58:00.503] [HOST] INFO: [med] SEND hand=5,1438354432 npc=0 blood=90.5 bleed=0.00 fl=100.0,100.0,50.3,43.5 bd=0.0,0.0,49.7,56.5 flags=1 nparts=7 pmin=17.1 smin=0.0 ls=0,0,0,0
[01:58:00.739] [HOST] INFO: [med] SEND hand=1,1051391616 npc=0 blood=95.5 bleed=0.00 fl=100.0,100.0,83.6,-30.4 bd=0.0,0.0,16.4,130.4 flags=0 nparts=7 pmin=3.0 smin=0.0 ls=0,0,0,0
[01:58:00.781] [HOST] INFO: [cam] center=-31876.9,124.4,20661.0
[01:58:00.830] [HOST] INFO: [med] SEND hand=2,2152709888 npc=1 blood=12.5 bleed=0.04 fl=-4.7,28.2,28.2,28.2 bd=0.0,0.0,0.0,0.0 flags=1 nparts=7 pmin=28.2 smin=0.0 ls=0,0,0,0
[01:58:01.097] [HOST] INFO: [ai] suspended=0 driven=0
[01:58:01.139] [HOST] INFO: [med] SEND hand=1,1051391616 npc=0 blood=95.5 bleed=0.00 fl=100.0,100.0,83.6,-30.4 bd=0.0,0.0,16.4,130.4 flags=0 nparts=7 pmin=3.0 smin=0.0 ls=0,0,0,0
[01:58:01.704] [HOST] INFO: [med] SEND hand=1,477539072 npc=1 blood=-2.7 bleed=0.05 fl=29.6,-7.9,-6.6,-8.0 bd=0.0,0.0,0.0,0.0 flags=1 nparts=7 pmin=11.6 smin=0.0 ls=0,0,0,0
[01:58:02.263] [HOST] INFO: [med] SEND hand=4,3942382848 npc=1 blood=12.2 bleed=0.04 fl=-5.0,28.2,28.2,28.2 bd=0.0,0.0,0.0,0.0 flags=1 nparts=7 pmin=28.2 smin=0.0 ls=0,0,0,0
[01:58:02.709] [HOST] INFO: [med] SEND hand=1,477539072 npc=1 blood=-2.8 bleed=0.05 fl=29.6,-7.9,-6.7,-8.0 bd=0.0,0.0,0.0,0.0 flags=1 nparts=7 pmin=11.6 smin=0.0 ls=0,0,0,0
[01:58:03.180] [HOST] INFO: [med] SEND hand=3,3831420928 npc=1 blood=19.9 bleed=0.01 fl=29.3,29.3,29.3,29.3 bd=0.0,0.0,0.0,0.0 flags=1 nparts=7 pmin=29.3 smin=0.0 ls=0,0,0,0
[01:58:03.531] [HOST] INFO: [combat] stats snap=4 slide=117 softWalk=268 order=6 wrongTgt=1 armed=0 maxPersist=0
[01:58:04.104] [HOST] INFO: [ai] suspended=0 driven=0
[01:58:04.323] [HOST] INFO: [fac] AFFECT-EV me='51811-rebirth.mod' whom='204-gamedata.base' event=0 mult=0.000 after=0.00 skipped=152
[01:58:04.533] [HOST] INFO: [med] SEND hand=1,477539072 npc=1 blood=-2.9 bleed=0.04 fl=29.6,-8.0,-6.8,-8.1 bd=0.0,0.0,0.0,0.0 flags=1 nparts=7 pmin=11.5 smin=0.0 ls=0,0,0,0
[01:58:05.786] [HOST] INFO: [cam] center=-31860.7,123.8,20730.4
[01:58:05.890] [HOST] INFO: [med] SEND hand=2,2152709888 npc=1 blood=12.3 bleed=0.03 fl=-5.0,28.2,28.2,28.2 bd=0.0,0.0,0.0,0.0 flags=1 nparts=7 pmin=28.2 smin=0.0 ls=0,0,0,0
[01:58:05.987] [HOST] INFO: [census] sent n=58 radius=2000 mid=48
[01:58:06.940] [HOST] INFO: [steam] session peer=76561198346257175 active=0 connecting=1 relay=0 err=4
[01:58:11.941] [HOST] INFO: [steam] session peer=76561198346257175 active=0 connecting=0 relay=0 err=4
