[21:14:03.483] [JOIN] INFO: log opened (previous run preserved as *.log.prev)
[21:14:03.483] [JOIN] INFO: KenshiCoop loaded! (clean rebuild)
[21:14:03.483] [JOIN] INFO: KenshiCoop: build Aug  2 2026 17:24:28
[21:14:03.483] [JOIN] INFO: KenshiCoop: role=JOIN proto=v46 port=27800 save=''
[21:14:03.483] [JOIN] INFO: KenshiCoop: effective cfg scenario='' transport=steam on=[inv,xfer,world,med,speed,stats,carry,furn,chain,stealth,spawn,recruit,faction,time,door,build,bdoor,hunger,save,load,prod,research,store,squad,latejoin,aiSuspend,gateAuth,camInterest,censusFreezeAi] off=[blockXfer,money] censusR=2000 mintR=600 park=120 snap=8.0/0.75s armMs=45000
[21:14:03.504] [JOIN] INFO: [engine] CAPS saveload=1 savepath=1 hand_resolve=1 npc_stream=1 limb=1 stats=1 carry=1 furniture=1 chain=1 shackle=1 slave=1 stealth=1 camera=1 speed=1 quiet_speed=1 door=1 build=1 machine=1 time=1 wallet=1 faction=1 combat_escalate=1
[21:14:03.506] [JOIN] INFO: KenshiCoop: ownership ranks = {1} (bidirectional presence)
[21:14:03.506] [JOIN] INFO: KenshiCoop: interp delay=50-200ms extrap=250ms stale=2000ms snap=50u drive catchupK=2.00 snapDist=8.0u snapSec=0.75 sendStamp=1 census=2000u mint=600u park=120u starveHold=10000ms
[21:14:03.526] [JOIN] INFO: [ai] periodicUpdate detour installed; AI-suspend ON (default)
[21:14:03.526] [JOIN] INFO: [trust] divergence-gated authority ON (default; KENSHICOOP_GATE_AUTHORITY=0 disables)
[21:14:03.547] [JOIN] INFO: [dmg] hitByMeleeAttack detour installed; damage guard ON + combat-hit report ON (join)
[21:14:03.570] [JOIN] INFO: [wi] dropItem detour installed; query-free drop capture ON
[21:14:03.593] [JOIN] INFO: [recruit] recruit detour installed; recruitment sync ON
[21:14:03.614] [JOIN] INFO: [build] placeFinalPreviewBuilding detour installed; placement logging ON
[21:14:03.635] [JOIN] INFO: [build] dismantle detour installed; removal logging ON
[21:14:03.678] [JOIN] INFO: [fac] affectRelations detours installed; relation logging ON
[21:14:03.698] [JOIN] INFO: [save] save detour installed; coordinated save ON
[21:14:03.741] [JOIN] INFO: [load] load detour installed; coordinated load ON
[21:14:03.762] [JOIN] INFO: KenshiCoop: title hook armed (F2 panel + push-on-connect at menu; no auto-load save)
[21:14:03.763] [JOIN] INFO: [steam] id=76561199025713332 loggedOn=1 iface=SteamNetworking005
[21:14:03.763] [JOIN] INFO: [invite] ready: mm=SteamMatchMaking009 friends=SteamFriends015 (in-panel friend picker armed)
[21:14:03.763] [JOIN] INFO: KenshiCoop: session DEFERRED - press F2 in-game to pick role/transport, enter the friend's Steam ID, and check CONNECTED
[21:14:05.147] [JOIN] INFO: [boot] title-tick running=0 host=0 started=0 saveEmpty=1
[21:14:05.148] [JOIN] INFO: [coop-ui] gui ptr=00007FF757AB2750
[21:19:36.177] [JOIN] INFO: [coop-ui] panel opened
[21:19:38.159] [JOIN] INFO: [coop-ui] connection -> ONLINE
[21:19:38.161] [JOIN] INFO: [coop-ui] CONNECT role=JOIN transport=steam
[21:19:38.161] [JOIN] INFO: [leave] cleared proxies=0
[21:19:38.161] [JOIN] INFO: [leave] cleared worldProxies=0 (cleanup=0)
[21:19:38.161] [JOIN] INFO: [load] session reset: pointer caches, session maps, change gates cleared
[21:19:38.161] [JOIN] INFO: [dmg] role re-armed: JOIN (combat-hit report ON)
[21:19:38.161] [JOIN] INFO: [coop-ui] connect: role=JOIN transport=steam peer=76561199417484463 ownRanks={1} src=role
[21:19:38.161] [JOIN] INFO: [steam] tunnel peer=76561199417484463 slot=0 addr=1.0.0.1 (session pre-accepted)
[21:19:38.161] [JOIN] INFO: [steam] transport=steam armed, 1 tunnel peer(s) (connect by SteamID; no port forwarding)
[21:19:38.161] [JOIN] INFO: KenshiCoop: starting as CLIENT
[21:19:38.161] [JOIN] INFO: [steam] ENet socket hooks installed (tunnel on P2P channel 0)
[21:19:38.161] [JOIN] INFO: [net] transport=steam (ENet tunnelled over Steam P2P)
[21:19:38.161] [JOIN] INFO: [net] connecting
[21:19:38.161] [JOIN] INFO: [steam] session peer=76561199417484463 active=0 connecting=1 relay=0 err=0
[21:19:41.674] [JOIN] INFO: [coop-ui] role -> Host
[21:19:43.149] [JOIN] INFO: [steam] session peer=76561199417484463 active=1 connecting=0 relay=0 err=0
[21:19:45.370] [JOIN] INFO: KenshiCoop: gameplay started
[21:19:45.435] [JOIN] INFO: [speed] intent hooks installed (setGameSpeed/userPause/togglePause)
[21:19:45.435] [JOIN] INFO: [wi] BASELINE seeded=0 (save-native, never-stream)
[21:19:45.435] [JOIN] INFO: [hitdbg] owner=0 attackers=0 driven=0 drained=0 skipSquad=0 zero=0 staged=0 sent=0 pending=0
[21:19:45.435] [JOIN] INFO: [speed] REQ mult=1.00 paused=0 combat=0
[21:19:45.436] [JOIN] INFO: [ai] suspended=0 driven=0
[21:19:45.436] [JOIN] INFO: [trust] trusted=0 driven=0 grants=0 revokes=0
[21:19:45.436] [JOIN] INFO: [taskkey] key=141 desc='Following leader' repro=0 subject=1
[21:19:45.436] [JOIN] INFO: [audit] exist near=32 wide=0 drv=0 cen=0 hid=0 ghost=32 supp=0 census=0 fresh=0 parks=0
[21:19:45.436] [JOIN] INFO: [cam] center=-11319.0,1121.8,-127876.3
[21:19:45.442] [JOIN] INFO: [taskkey] key=22 desc='Patrolling' repro=0 subject=0
[21:19:45.466] [JOIN] INFO: [taskkey] key=6 desc='Equipping weapon' repro=0 subject=1
[21:19:45.487] [JOIN] INFO: [taskkey] key=4 desc='Attacking' repro=0 subject=1
[21:19:45.508] [JOIN] INFO: [fac] AFFECT-EV me='518-gamedata.base' whom='204-gamedata.base' event=0 mult=1.000 after=-100.00 skipped=0
[21:19:45.896] [JOIN] INFO: [life] hand=1,3,1850830080,8,765625024 from=UNKNOWN to=CULLED reason=suppress
[21:19:45.897] [JOIN] INFO: [authority] suppress NPC hand=8,765625024 name='Cannibal' (streamed=0 local=32 supp=1 churn=1/0)
[21:19:45.897] [JOIN] INFO: [life] hand=1,3,1850830080,7,2720581120 from=UNKNOWN to=CULLED reason=suppress
[21:19:45.897] [JOIN] INFO: [authority] suppress NPC hand=7,2720581120 name='Cannibal' (streamed=0 local=32 supp=2 churn=2/0)
[21:19:45.897] [JOIN] INFO: [life] hand=1,3,1850830080,4,2748413184 from=UNKNOWN to=CULLED reason=suppress
[21:19:45.897] [JOIN] INFO: [authority] suppress NPC hand=4,2748413184 name='Cannibal' (streamed=0 local=32 supp=3 churn=3/0)
[21:19:45.897] [JOIN] INFO: [life] hand=1,3,1850830080,1,3773803776 from=UNKNOWN to=CULLED reason=suppress
[21:19:45.897] [JOIN] INFO: [authority] suppress NPC hand=1,3773803776 name='Cannibal Mancatcher' (streamed=0 local=32 supp=4 churn=4/0)
[21:19:45.897] [JOIN] INFO: [life] hand=1,3,1850830080,9,3095214848 from=UNKNOWN to=CULLED reason=suppress
[21:19:45.897] [JOIN] INFO: [authority] suppress NPC hand=9,3095214848 name='Cannibal' (streamed=0 local=32 supp=5 churn=5/0)
[21:19:45.897] [JOIN] INFO: [life] hand=1,3,1850830080,2,55664064 from=UNKNOWN to=CULLED reason=suppress
[21:19:45.897] [JOIN] INFO: [authority] suppress NPC hand=2,55664064 name='Cannibal' (streamed=0 local=32 supp=6 churn=6/0)
[21:19:45.897] [JOIN] INFO: [life] hand=1,3,1850830080,3,1278564480 from=UNKNOWN to=CULLED reason=suppress
[21:19:45.897] [JOIN] INFO: [authority] suppress NPC hand=3,1278564480 name='Cannibal' (streamed=0 local=32 supp=7 churn=7/0)
[21:19:45.897] [JOIN] INFO: [life] hand=1,2,3879394560,5,2032470656 from=UNKNOWN to=CULLED reason=suppress
[21:19:45.897] [JOIN] INFO: [authority] suppress NPC hand=5,2032470656 name='Scrawny Cannibal' (streamed=0 local=32 supp=8 churn=8/0)
[21:19:45.897] [JOIN] INFO: [life] hand=1,2,3879394560,4,3570068480 from=UNKNOWN to=CULLED reason=suppress
[21:19:45.897] [JOIN] INFO: [authority] suppress NPC hand=4,3570068480 name='Scrawny Cannibal' (streamed=0 local=32 supp=9 churn=9/0)
[21:19:45.897] [JOIN] INFO: [life] hand=1,3,1850830080,11,1144043008 from=UNKNOWN to=CULLED reason=suppress
[21:19:45.897] [JOIN] INFO: [authority] suppress NPC hand=11,1144043008 name='Cannibal' (streamed=0 local=32 supp=10 churn=10/0)
[21:19:45.897] [JOIN] INFO: [life] hand=1,2,3879394560,1,8789062 from=UNKNOWN to=CULLED reason=suppress
[21:19:45.897] [JOIN] INFO: [authority] suppress NPC hand=1,8789062 name='Scrawny Cannibal' (streamed=0 local=32 supp=11 churn=11/0)
[21:19:45.897] [JOIN] INFO: [life] hand=1,2,3879394560,13,1294067328 from=UNKNOWN to=CULLED reason=suppress
[21:19:45.897] [JOIN] INFO: [authority] suppress NPC hand=13,1294067328 name='Scrawny Cannibal' (streamed=0 local=32 supp=12 churn=12/0)
[21:19:45.897] [JOIN] INFO: [life] hand=1,2,3879394560,12,2378540032 from=UNKNOWN to=CULLED reason=suppress
[21:19:45.897] [JOIN] INFO: [authority] suppress NPC hand=12,2378540032 name='Scrawny Cannibal' (streamed=0 local=32 supp=13 churn=13/0)
[21:19:45.897] [JOIN] INFO: [life] hand=1,2,3879394560,6,2628784128 from=UNKNOWN to=CULLED reason=suppress
[21:19:45.897] [JOIN] INFO: [authority] suppress NPC hand=6,2628784128 name='Scrawny Cannibal' (streamed=0 local=32 supp=14 churn=14/0)
[21:19:45.897] [JOIN] INFO: [life] hand=1,3,1850830080,10,1255737344 from=UNKNOWN to=CULLED reason=suppress
[21:19:45.897] [JOIN] INFO: [authority] suppress NPC hand=10,1255737344 name='Cannibal' (streamed=0 local=32 supp=15 churn=15/0)
[21:19:45.897] [JOIN] INFO: [life] hand=1,2,3879394560,8,2233154304 from=UNKNOWN to=CULLED reason=suppress
[21:19:45.897] [JOIN] INFO: [authority] suppress NPC hand=8,2233154304 name='Scrawny Cannibal' (streamed=0 local=32 supp=16 churn=16/0)
[21:19:45.897] [JOIN] INFO: [life] hand=1,2,3879394560,21,1413208064 from=UNKNOWN to=CULLED reason=suppress
[21:19:45.897] [JOIN] INFO: [authority] suppress NPC hand=21,1413208064 name='Scrawny Cannibal' (streamed=0 local=32 supp=17 churn=17/0)
[21:19:45.897] [JOIN] INFO: [life] hand=1,2,3879394560,18,2071166976 from=UNKNOWN to=CULLED reason=suppress
[21:19:45.897] [JOIN] INFO: [authority] suppress NPC hand=18,2071166976 name='Scrawny Cannibal' (streamed=0 local=32 supp=18 churn=18/0)
[21:19:45.897] [JOIN] INFO: [life] hand=1,3,1850830080,5,2302368256 from=UNKNOWN to=CULLED reason=suppress
[21:19:45.897] [JOIN] INFO: [authority] suppress NPC hand=5,2302368256 name='Cannibal' (streamed=0 local=32 supp=19 churn=19/0)
[21:19:45.897] [JOIN] INFO: [life] hand=1,2,3879394560,2,2157470720 from=UNKNOWN to=CULLED reason=suppress
[21:19:45.897] [JOIN] INFO: [authority] suppress NPC hand=2,2157470720 name='Scrawny Cannibal' (streamed=0 local=32 supp=20 churn=20/0)
[21:19:45.897] [JOIN] INFO: [life] hand=1,2,3879394560,14,338989248 from=UNKNOWN to=CULLED reason=suppress
[21:19:45.897] [JOIN] INFO: [authority] suppress NPC hand=14,338989248 name='Scrawny Cannibal' (streamed=0 local=32 supp=21 churn=21/0)
[21:19:45.897] [JOIN] INFO: [life] hand=1,2,3879394560,10,2022583040 from=UNKNOWN to=CULLED reason=suppress
[21:19:45.897] [JOIN] INFO: [authority] suppress NPC hand=10,2022583040 name='Scrawny Cannibal' (streamed=0 local=32 supp=22 churn=22/0)
[21:19:45.897] [JOIN] INFO: [life] hand=1,2,3879394560,20,848632832 from=UNKNOWN to=CULLED reason=suppress
[21:19:45.897] [JOIN] INFO: [authority] suppress NPC hand=20,848632832 name='Scrawny Cannibal' (streamed=0 local=32 supp=23 churn=23/0)
[21:19:45.897] [JOIN] INFO: [life] hand=1,2,3879394560,17,293090816 from=UNKNOWN to=CULLED reason=suppress
[21:19:45.897] [JOIN] INFO: [authority] suppress NPC hand=17,293090816 name='Scrawny Cannibal' (streamed=0 local=32 supp=24 churn=24/0)
[21:19:45.897] [JOIN] INFO: [life] hand=1,2,3879394560,9,1779785216 from=UNKNOWN to=CULLED reason=suppress
[21:19:45.897] [JOIN] INFO: [authority] suppress NPC hand=9,1779785216 name='Scrawny Cannibal' (streamed=0 local=32 supp=25 churn=25/0)
[21:19:45.897] [JOIN] INFO: [life] hand=1,2,3879394560,19,1424926720 from=UNKNOWN to=CULLED reason=suppress
[21:19:45.897] [JOIN] INFO: [authority] suppress NPC hand=19,1424926720 name='Scrawny Cannibal' (streamed=0 local=32 supp=26 churn=26/0)
[21:19:45.897] [JOIN] INFO: [life] hand=1,2,3879394560,15,1633300736 from=UNKNOWN to=CULLED reason=suppress
[21:19:45.897] [JOIN] INFO: [authority] suppress NPC hand=15,1633300736 name='Scrawny Cannibal' (streamed=0 local=32 supp=27 churn=27/0)
[21:19:45.897] [JOIN] INFO: [life] hand=1,2,3879394560,16,527587904 from=UNKNOWN to=CULLED reason=suppress
[21:19:45.897] [JOIN] INFO: [authority] suppress NPC hand=16,527587904 name='Scrawny Cannibal' (streamed=0 local=32 supp=28 churn=28/0)
[21:19:45.897] [JOIN] INFO: [life] hand=1,3,1850830080,6,572509760 from=UNKNOWN to=CULLED reason=suppress
[21:19:45.897] [JOIN] INFO: [authority] suppress NPC hand=6,572509760 name='Cannibal' (streamed=0 local=32 supp=29 churn=29/0)
[21:19:45.897] [JOIN] INFO: [life] hand=1,2,3879394560,11,1357177728 from=UNKNOWN to=CULLED reason=suppress
[21:19:45.897] [JOIN] INFO: [authority] suppress NPC hand=11,1357177728 name='Scrawny Cannibal' (streamed=0 local=32 supp=30 churn=30/0)
[21:19:45.897] [JOIN] INFO: [life] hand=1,2,3879394560,7,258178704 from=UNKNOWN to=CULLED reason=suppress
[21:19:45.897] [JOIN] INFO: [authority] suppress NPC hand=7,258178704 name='Scrawny Cannibal' (streamed=0 local=32 supp=31 churn=31/0)
[21:19:45.897] [JOIN] INFO: [life] hand=1,2,3879394560,3,1494140672 from=UNKNOWN to=CULLED reason=suppress
[21:19:45.897] [JOIN] INFO: [authority] suppress NPC hand=3,1494140672 name='Scrawny Cannibal' (streamed=0 local=32 supp=32 churn=32/0)
[21:19:46.350] [JOIN] INFO: [speed] REQ mult=0.00 paused=1 combat=0
[21:19:48.441] [JOIN] INFO: [ai] suspended=0 driven=0
[21:19:48.441] [JOIN] INFO: [trust] trusted=0 driven=0 grants=0 revokes=0
[21:19:48.952] [JOIN] INFO: [taskkey] key=29 desc='Move order' repro=0 subject=0
[21:19:50.432] [JOIN] INFO: [cam] center=-11323.1,1119.1,-127895.9
[21:19:50.435] [JOIN] INFO: [hitdbg] owner=0 attackers=2 driven=0 drained=0 skipSquad=0 zero=0 staged=0 sent=0 pending=0
[21:19:50.437] [JOIN] INFO: [audit] exist near=32 wide=0 drv=0 cen=0 hid=32 ghost=0 supp=32 census=0 fresh=0 parks=0
[21:19:51.442] [JOIN] INFO: [ai] suspended=0 driven=0
[21:19:51.442] [JOIN] INFO: [trust] trusted=0 driven=0 grants=0 revokes=0
[21:19:54.443] [JOIN] INFO: [ai] suspended=0 driven=0
[21:19:54.443] [JOIN] INFO: [trust] trusted=0 driven=0 grants=0 revokes=0
[21:19:55.431] [JOIN] INFO: [cam] center=-11323.1,1119.1,-127895.9
[21:19:55.438] [JOIN] INFO: [hitdbg] owner=0 attackers=2 driven=0 drained=0 skipSquad=0 zero=0 staged=0 sent=0 pending=0
[21:19:55.439] [JOIN] INFO: [audit] exist near=32 wide=0 drv=0 cen=0 hid=32 ghost=0 supp=32 census=0 fresh=0 parks=0
[21:19:57.444] [JOIN] INFO: [ai] suspended=0 driven=0
[21:19:57.444] [JOIN] INFO: [trust] trusted=0 driven=0 grants=0 revokes=0
[21:20:00.432] [JOIN] INFO: [cam] center=-11323.1,1119.1,-127895.9
[21:20:00.441] [JOIN] INFO: [hitdbg] owner=0 attackers=2 driven=0 drained=0 skipSquad=0 zero=0 staged=0 sent=0 pending=0
[21:20:00.442] [JOIN] INFO: [audit] exist near=32 wide=0 drv=0 cen=0 hid=32 ghost=0 supp=32 census=0 fresh=0 parks=0
[21:20:00.447] [JOIN] INFO: [ai] suspended=0 driven=0
[21:20:00.447] [JOIN] INFO: [trust] trusted=0 driven=0 grants=0 revokes=0
[21:20:03.451] [JOIN] INFO: [ai] suspended=0 driven=0
[21:20:03.451] [JOIN] INFO: [trust] trusted=0 driven=0 grants=0 revokes=0
[21:20:05.432] [JOIN] INFO: [cam] center=-11323.1,1119.1,-127895.9
[21:20:05.442] [JOIN] INFO: [audit] exist near=32 wide=0 drv=0 cen=0 hid=32 ghost=0 supp=32 census=0 fresh=0 parks=0
[21:20:05.445] [JOIN] INFO: [hitdbg] owner=0 attackers=2 driven=0 drained=0 skipSquad=0 zero=0 staged=0 sent=0 pending=0
[21:20:06.456] [JOIN] INFO: [ai] suspended=0 driven=0
[21:20:06.456] [JOIN] INFO: [trust] trusted=0 driven=0 grants=0 revokes=0
[21:20:09.457] [JOIN] INFO: [ai] suspended=0 driven=0
[21:20:09.457] [JOIN] INFO: [trust] trusted=0 driven=0 grants=0 revokes=0
[21:20:09.839] [JOIN] INFO: [net] disconnected from host
[21:20:09.841] [JOIN] INFO: handshake: peer left id=4294967295
[21:20:09.841] [JOIN] INFO: [save] JOIN save suppression OFF (last peer left)
[21:20:09.841] [JOIN] INFO: [leave] cleared proxies=0
[21:20:09.841] [JOIN] INFO: [leave] cleared worldProxies=0 (cleanup=0)
[21:20:09.841] [JOIN] INFO: [load] session reset: pointer caches, session maps, change gates cleared
[21:20:09.841] [JOIN] INFO: [wi] BASELINE seeded=0 (save-native, never-stream)
[21:20:09.841] [JOIN] INFO: [speed] REQ mult=0.00 paused=1 combat=0
[21:20:09.899] [JOIN] INFO: [net] reconnecting
[21:20:10.167] [JOIN] INFO: [life] hand=1,3,1850830080,8,765625024 from=UNKNOWN to=CULLED reason=suppress
[21:20:10.167] [JOIN] INFO: [authority] suppress NPC hand=8,765625024 name='Cannibal' (streamed=0 local=32 supp=1 churn=33/0)
[21:20:10.167] [JOIN] INFO: [life] hand=1,3,1850830080,7,2720581120 from=UNKNOWN to=CULLED reason=suppress
[21:20:10.167] [JOIN] INFO: [authority] suppress NPC hand=7,2720581120 name='Cannibal' (streamed=0 local=32 supp=2 churn=34/0)
[21:20:10.167] [JOIN] INFO: [life] hand=1,3,1850830080,4,2748413184 from=UNKNOWN to=CULLED reason=suppress
[21:20:10.167] [JOIN] INFO: [authority] suppress NPC hand=4,2748413184 name='Cannibal' (streamed=0 local=32 supp=3 churn=35/0)
[21:20:10.167] [JOIN] INFO: [life] hand=1,3,1850830080,1,3773803776 from=UNKNOWN to=CULLED reason=suppress
[21:20:10.167] [JOIN] INFO: [authority] suppress NPC hand=1,3773803776 name='Cannibal Mancatcher' (streamed=0 local=32 supp=4 churn=36/0)
[21:20:10.167] [JOIN] INFO: [life] hand=1,3,1850830080,9,3095214848 from=UNKNOWN to=CULLED reason=suppress
[21:20:10.167] [JOIN] INFO: [authority] suppress NPC hand=9,3095214848 name='Cannibal' (streamed=0 local=32 supp=5 churn=37/0)
[21:20:10.167] [JOIN] INFO: [life] hand=1,3,1850830080,2,55664064 from=UNKNOWN to=CULLED reason=suppress
[21:20:10.167] [JOIN] INFO: [authority] suppress NPC hand=2,55664064 name='Cannibal' (streamed=0 local=32 supp=6 churn=38/0)
[21:20:10.167] [JOIN] INFO: [life] hand=1,3,1850830080,3,1278564480 from=UNKNOWN to=CULLED reason=suppress
[21:20:10.167] [JOIN] INFO: [authority] suppress NPC hand=3,1278564480 name='Cannibal' (streamed=0 local=32 supp=7 churn=39/0)
[21:20:10.167] [JOIN] INFO: [life] hand=1,2,3879394560,5,2032470656 from=UNKNOWN to=CULLED reason=suppress
[21:20:10.167] [JOIN] INFO: [authority] suppress NPC hand=5,2032470656 name='Scrawny Cannibal' (streamed=0 local=32 supp=8 churn=40/0)
[21:20:10.167] [JOIN] INFO: [life] hand=1,2,3879394560,4,3570068480 from=UNKNOWN to=CULLED reason=suppress
[21:20:10.167] [JOIN] INFO: [authority] suppress NPC hand=4,3570068480 name='Scrawny Cannibal' (streamed=0 local=32 supp=9 churn=41/0)
[21:20:10.167] [JOIN] INFO: [life] hand=1,3,1850830080,11,1144043008 from=UNKNOWN to=CULLED reason=suppress
[21:20:10.167] [JOIN] INFO: [authority] suppress NPC hand=11,1144043008 name='Cannibal' (streamed=0 local=32 supp=10 churn=42/0)
[21:20:10.167] [JOIN] INFO: [life] hand=1,2,3879394560,1,8789062 from=UNKNOWN to=CULLED reason=suppress
[21:20:10.167] [JOIN] INFO: [authority] suppress NPC hand=1,8789062 name='Scrawny Cannibal' (streamed=0 local=32 supp=11 churn=43/0)
[21:20:10.167] [JOIN] INFO: [life] hand=1,2,3879394560,13,1294067328 from=UNKNOWN to=CULLED reason=suppress
[21:20:10.167] [JOIN] INFO: [authority] suppress NPC hand=13,1294067328 name='Scrawny Cannibal' (streamed=0 local=32 supp=12 churn=44/0)
[21:20:10.167] [JOIN] INFO: [life] hand=1,2,3879394560,12,2378540032 from=UNKNOWN to=CULLED reason=suppress
[21:20:10.167] [JOIN] INFO: [authority] suppress NPC hand=12,2378540032 name='Scrawny Cannibal' (streamed=0 local=32 supp=13 churn=45/0)
[21:20:10.167] [JOIN] INFO: [life] hand=1,2,3879394560,6,2628784128 from=UNKNOWN to=CULLED reason=suppress
[21:20:10.167] [JOIN] INFO: [authority] suppress NPC hand=6,2628784128 name='Scrawny Cannibal' (streamed=0 local=32 supp=14 churn=46/0)
[21:20:10.167] [JOIN] INFO: [life] hand=1,3,1850830080,10,1255737344 from=UNKNOWN to=CULLED reason=suppress
[21:20:10.167] [JOIN] INFO: [authority] suppress NPC hand=10,1255737344 name='Cannibal' (streamed=0 local=32 supp=15 churn=47/0)
[21:20:10.167] [JOIN] INFO: [life] hand=1,2,3879394560,8,2233154304 from=UNKNOWN to=CULLED reason=suppress
[21:20:10.167] [JOIN] INFO: [authority] suppress NPC hand=8,2233154304 name='Scrawny Cannibal' (streamed=0 local=32 supp=16 churn=48/0)
[21:20:10.167] [JOIN] INFO: [life] hand=1,2,3879394560,21,1413208064 from=UNKNOWN to=CULLED reason=suppress
[21:20:10.167] [JOIN] INFO: [authority] suppress NPC hand=21,1413208064 name='Scrawny Cannibal' (streamed=0 local=32 supp=17 churn=49/0)
[21:20:10.167] [JOIN] INFO: [life] hand=1,2,3879394560,18,2071166976 from=UNKNOWN to=CULLED reason=suppress
[21:20:10.167] [JOIN] INFO: [authority] suppress NPC hand=18,2071166976 name='Scrawny Cannibal' (streamed=0 local=32 supp=18 churn=50/0)
[21:20:10.167] [JOIN] INFO: [life] hand=1,3,1850830080,5,2302368256 from=UNKNOWN to=CULLED reason=suppress
[21:20:10.167] [JOIN] INFO: [authority] suppress NPC hand=5,2302368256 name='Cannibal' (streamed=0 local=32 supp=19 churn=51/0)
[21:20:10.167] [JOIN] INFO: [life] hand=1,2,3879394560,2,2157470720 from=UNKNOWN to=CULLED reason=suppress
[21:20:10.167] [JOIN] INFO: [authority] suppress NPC hand=2,2157470720 name='Scrawny Cannibal' (streamed=0 local=32 supp=20 churn=52/0)
[21:20:10.167] [JOIN] INFO: [life] hand=1,2,3879394560,14,338989248 from=UNKNOWN to=CULLED reason=suppress
[21:20:10.167] [JOIN] INFO: [authority] suppress NPC hand=14,338989248 name='Scrawny Cannibal' (streamed=0 local=32 supp=21 churn=53/0)
[21:20:10.167] [JOIN] INFO: [life] hand=1,2,3879394560,10,2022583040 from=UNKNOWN to=CULLED reason=suppress
[21:20:10.167] [JOIN] INFO: [authority] suppress NPC hand=10,2022583040 name='Scrawny Cannibal' (streamed=0 local=32 supp=22 churn=54/0)
[21:20:10.167] [JOIN] INFO: [life] hand=1,2,3879394560,20,848632832 from=UNKNOWN to=CULLED reason=suppress
[21:20:10.167] [JOIN] INFO: [authority] suppress NPC hand=20,848632832 name='Scrawny Cannibal' (streamed=0 local=32 supp=23 churn=55/0)
[21:20:10.167] [JOIN] INFO: [life] hand=1,2,3879394560,17,293090816 from=UNKNOWN to=CULLED reason=suppress
[21:20:10.167] [JOIN] INFO: [authority] suppress NPC hand=17,293090816 name='Scrawny Cannibal' (streamed=0 local=32 supp=24 churn=56/0)
[21:20:10.167] [JOIN] INFO: [life] hand=1,2,3879394560,9,1779785216 from=UNKNOWN to=CULLED reason=suppress
[21:20:10.167] [JOIN] INFO: [authority] suppress NPC hand=9,1779785216 name='Scrawny Cannibal' (streamed=0 local=32 supp=25 churn=57/0)
[21:20:10.167] [JOIN] INFO: [life] hand=1,2,3879394560,19,1424926720 from=UNKNOWN to=CULLED reason=suppress
[21:20:10.167] [JOIN] INFO: [authority] suppress NPC hand=19,1424926720 name='Scrawny Cannibal' (streamed=0 local=32 supp=26 churn=58/0)
[21:20:10.167] [JOIN] INFO: [life] hand=1,2,3879394560,15,1633300736 from=UNKNOWN to=CULLED reason=suppress
[21:20:10.167] [JOIN] INFO: [authority] suppress NPC hand=15,1633300736 name='Scrawny Cannibal' (streamed=0 local=32 supp=27 churn=59/0)
[21:20:10.167] [JOIN] INFO: [life] hand=1,2,3879394560,16,527587904 from=UNKNOWN to=CULLED reason=suppress
[21:20:10.167] [JOIN] INFO: [authority] suppress NPC hand=16,527587904 name='Scrawny Cannibal' (streamed=0 local=32 supp=28 churn=60/0)
[21:20:10.167] [JOIN] INFO: [life] hand=1,3,1850830080,6,572509760 from=UNKNOWN to=CULLED reason=suppress
[21:20:10.167] [JOIN] INFO: [authority] suppress NPC hand=6,572509760 name='Cannibal' (streamed=0 local=32 supp=29 churn=61/0)
[21:20:10.167] [JOIN] INFO: [life] hand=1,2,3879394560,11,1357177728 from=UNKNOWN to=CULLED reason=suppress
[21:20:10.167] [JOIN] INFO: [authority] suppress NPC hand=11,1357177728 name='Scrawny Cannibal' (streamed=0 local=32 supp=30 churn=62/0)
[21:20:10.167] [JOIN] INFO: [life] hand=1,2,3879394560,7,258178704 from=UNKNOWN to=CULLED reason=suppress
[21:20:10.167] [JOIN] INFO: [authority] suppress NPC hand=7,258178704 name='Scrawny Cannibal' (streamed=0 local=32 supp=31 churn=63/0)
[21:20:10.167] [JOIN] INFO: [life] hand=1,2,3879394560,3,1494140672 from=UNKNOWN to=CULLED reason=suppress
[21:20:10.168] [JOIN] INFO: [authority] suppress NPC hand=3,1494140672 name='Scrawny Cannibal' (streamed=0 local=32 supp=32 churn=64/0)
[21:20:10.429] [JOIN] INFO: [cam] center=-11323.1,1119.1,-127895.9
[21:20:10.444] [JOIN] INFO: [hitdbg] owner=0 attackers=2 driven=0 drained=0 skipSquad=0 zero=0 staged=0 sent=0 pending=0
[21:20:10.446] [JOIN] INFO: [audit] exist near=32 wide=0 drv=0 cen=0 hid=32 ghost=0 supp=32 census=0 fresh=0 parks=0
[21:20:10.888] [JOIN] INFO: [coop-ui] panel closed
[21:20:10.892] [JOIN] INFO: [speed] REQ mult=1.00 paused=0 combat=0
[21:20:11.302] [JOIN] INFO: [coop-ui] panel opened
[21:20:11.313] [JOIN] INFO: [speed] REQ mult=1.00 paused=0 combat=0
[21:20:11.581] [JOIN] INFO: [fac] AFFECT-EV me='518-gamedata.base' whom='204-gamedata.base' event=0 mult=1.000 after=-100.00 skipped=59
[21:20:12.458] [JOIN] INFO: [ai] suspended=0 driven=0
[21:20:12.458] [JOIN] INFO: [trust] trusted=0 driven=0 grants=0 revokes=0
[21:20:13.239] [JOIN] INFO: [coop-ui] panel closed
[21:20:13.253] [JOIN] INFO: [speed] REQ mult=1.00 paused=0 combat=0
[21:20:14.224] [JOIN] INFO: [speed] REQ mult=0.00 paused=1 combat=0
[21:20:15.429] [JOIN] INFO: [cam] center=-11329.1,1123.0,-127865.9
[21:20:15.445] [JOIN] INFO: [hitdbg] owner=0 attackers=2 driven=0 drained=0 skipSquad=0 zero=0 staged=0 sent=0 pending=0
[21:20:15.445] [JOIN] INFO: [audit] exist near=32 wide=0 drv=0 cen=0 hid=32 ghost=0 supp=32 census=0 fresh=0 parks=0
[21:20:15.458] [JOIN] INFO: [coop-ui] panel opened
[21:20:15.460] [JOIN] INFO: [ai] suspended=0 driven=0
[21:20:15.460] [JOIN] INFO: [trust] trusted=0 driven=0 grants=0 revokes=0
[21:20:15.463] [JOIN] INFO: [speed] REQ mult=1.00 paused=0 combat=0
[21:20:16.541] [JOIN] INFO: [coop-ui] panel closed
[21:20:16.550] [JOIN] INFO: [speed] REQ mult=1.00 paused=0 combat=0
[21:20:16.574] [JOIN] INFO: [fac] AFFECT-EV me='518-gamedata.base' whom='204-gamedata.base' event=0 mult=1.000 after=-100.00 skipped=5
[21:20:16.831] [JOIN] INFO: [speed] REQ mult=0.00 paused=1 combat=0
[21:20:18.464] [JOIN] INFO: [ai] suspended=0 driven=0
[21:20:18.464] [JOIN] INFO: [trust] trusted=0 driven=0 grants=0 revokes=0
[21:20:20.429] [JOIN] INFO: [cam] center=-11322.7,1124.2,-127860.1
[21:20:20.447] [JOIN] INFO: [hitdbg] owner=0 attackers=2 driven=0 drained=0 skipSquad=0 zero=0 staged=0 sent=0 pending=0
[21:20:20.448] [JOIN] INFO: [audit] exist near=32 wide=0 drv=0 cen=0 hid=32 ghost=0 supp=32 census=0 fresh=0 parks=0
[21:20:21.469] [JOIN] INFO: [ai] suspended=0 driven=0
[21:20:21.469] [JOIN] INFO: [trust] trusted=0 driven=0 grants=0 revokes=0
[21:20:24.471] [JOIN] INFO: [ai] suspended=0 driven=0
[21:20:24.471] [JOIN] INFO: [trust] trusted=0 driven=0 grants=0 revokes=0
[21:20:25.430] [JOIN] INFO: [cam] center=-11322.7,1124.2,-127860.1
[21:20:25.449] [JOIN] INFO: [hitdbg] owner=0 attackers=2 driven=0 drained=0 skipSquad=0 zero=0 staged=0 sent=0 pending=0
[21:20:25.450] [JOIN] INFO: [audit] exist near=32 wide=0 drv=0 cen=0 hid=32 ghost=0 supp=32 census=0 fresh=0 parks=0
[21:20:27.472] [JOIN] INFO: [ai] suspended=0 driven=0
[21:20:27.472] [JOIN] INFO: [trust] trusted=0 driven=0 grants=0 revokes=0
[21:20:30.432] [JOIN] INFO: [cam] center=-11322.7,1124.2,-127860.1
[21:20:30.449] [JOIN] INFO: [hitdbg] owner=0 attackers=2 driven=0 drained=0 skipSquad=0 zero=0 staged=0 sent=0 pending=0
[21:20:30.451] [JOIN] INFO: [audit] exist near=32 wide=0 drv=0 cen=0 hid=32 ghost=0 supp=32 census=0 fresh=0 parks=0
[21:20:30.474] [JOIN] INFO: [ai] suspended=0 driven=0
[21:20:30.474] [JOIN] INFO: [trust] trusted=0 driven=0 grants=0 revokes=0
[21:20:33.476] [JOIN] INFO: [ai] suspended=0 driven=0
[21:20:33.476] [JOIN] INFO: [trust] trusted=0 driven=0 grants=0 revokes=0
[21:20:35.429] [JOIN] INFO: [cam] center=-11322.7,1124.2,-127860.1
[21:20:35.449] [JOIN] INFO: [hitdbg] owner=0 attackers=2 driven=0 drained=0 skipSquad=0 zero=0 staged=0 sent=0 pending=0
[21:20:35.451] [JOIN] INFO: [audit] exist near=32 wide=0 drv=0 cen=0 hid=32 ghost=0 supp=32 census=0 fresh=0 parks=0
[21:20:36.477] [JOIN] INFO: [ai] suspended=0 driven=0
[21:20:36.477] [JOIN] INFO: [trust] trusted=0 driven=0 grants=0 revokes=0
[21:20:39.482] [JOIN] INFO: [ai] suspended=0 driven=0
[21:20:39.482] [JOIN] INFO: [trust] trusted=0 driven=0 grants=0 revokes=0
[21:20:40.431] [JOIN] INFO: [cam] center=-11322.7,1124.2,-127860.1
[21:20:40.449] [JOIN] INFO: [hitdbg] owner=0 attackers=2 driven=0 drained=0 skipSquad=0 zero=0 staged=0 sent=0 pending=0
[21:20:40.450] [JOIN] INFO: [audit] exist near=32 wide=0 drv=0 cen=0 hid=32 ghost=0 supp=32 census=0 fresh=0 parks=0
[21:20:41.652] [JOIN] INFO: [net] disconnected from host
[21:20:41.654] [JOIN] INFO: handshake: peer left id=4294967295
[21:20:41.654] [JOIN] INFO: [save] JOIN save suppression OFF (last peer left)
[21:20:41.654] [JOIN] INFO: [leave] cleared proxies=0
[21:20:41.654] [JOIN] INFO: [leave] cleared worldProxies=0 (cleanup=0)
[21:20:41.654] [JOIN] INFO: [load] session reset: pointer caches, session maps, change gates cleared
[21:20:41.654] [JOIN] INFO: [wi] BASELINE seeded=0 (save-native, never-stream)
[21:20:41.654] [JOIN] INFO: [speed] REQ mult=0.00 paused=1 combat=0
[21:20:41.711] [JOIN] INFO: [net] reconnecting
[21:20:41.992] [JOIN] INFO: [life] hand=1,3,1850830080,8,765625024 from=UNKNOWN to=CULLED reason=suppress
[21:20:41.992] [JOIN] INFO: [authority] suppress NPC hand=8,765625024 name='Cannibal' (streamed=0 local=32 supp=1 churn=65/0)
[21:20:41.992] [JOIN] INFO: [life] hand=1,3,1850830080,7,2720581120 from=UNKNOWN to=CULLED reason=suppress
[21:20:41.992] [JOIN] INFO: [authority] suppress NPC hand=7,2720581120 name='Cannibal' (streamed=0 local=32 supp=2 churn=66/0)
[21:20:41.992] [JOIN] INFO: [life] hand=1,3,1850830080,4,2748413184 from=UNKNOWN to=CULLED reason=suppress
[21:20:41.992] [JOIN] INFO: [authority] suppress NPC hand=4,2748413184 name='Cannibal' (streamed=0 local=32 supp=3 churn=67/0)
[21:20:41.992] [JOIN] INFO: [life] hand=1,3,1850830080,1,3773803776 from=UNKNOWN to=CULLED reason=suppress
[21:20:41.992] [JOIN] INFO: [authority] suppress NPC hand=1,3773803776 name='Cannibal Mancatcher' (streamed=0 local=32 supp=4 churn=68/0)
[21:20:41.992] [JOIN] INFO: [life] hand=1,3,1850830080,9,3095214848 from=UNKNOWN to=CULLED reason=suppress
[21:20:41.992] [JOIN] INFO: [authority] suppress NPC hand=9,3095214848 name='Cannibal' (streamed=0 local=32 supp=5 churn=69/0)
[21:20:41.992] [JOIN] INFO: [life] hand=1,3,1850830080,2,55664064 from=UNKNOWN to=CULLED reason=suppress
[21:20:41.992] [JOIN] INFO: [authority] suppress NPC hand=2,55664064 name='Cannibal' (streamed=0 local=32 supp=6 churn=70/0)
[21:20:41.992] [JOIN] INFO: [life] hand=1,3,1850830080,3,1278564480 from=UNKNOWN to=CULLED reason=suppress
[21:20:41.992] [JOIN] INFO: [authority] suppress NPC hand=3,1278564480 name='Cannibal' (streamed=0 local=32 supp=7 churn=71/0)
[21:20:41.992] [JOIN] INFO: [life] hand=1,2,3879394560,5,2032470656 from=UNKNOWN to=CULLED reason=suppress
[21:20:41.992] [JOIN] INFO: [authority] suppress NPC hand=5,2032470656 name='Scrawny Cannibal' (streamed=0 local=32 supp=8 churn=72/0)
[21:20:41.992] [JOIN] INFO: [life] hand=1,2,3879394560,4,3570068480 from=UNKNOWN to=CULLED reason=suppress
[21:20:41.992] [JOIN] INFO: [authority] suppress NPC hand=4,3570068480 name='Scrawny Cannibal' (streamed=0 local=32 supp=9 churn=73/0)
[21:20:41.992] [JOIN] INFO: [life] hand=1,2,3879394560,6,2628784128 from=UNKNOWN to=CULLED reason=suppress
[21:20:41.992] [JOIN] INFO: [authority] suppress NPC hand=6,2628784128 name='Scrawny Cannibal' (streamed=0 local=32 supp=10 churn=74/0)
[21:20:41.992] [JOIN] INFO: [life] hand=1,2,3879394560,12,2378540032 from=UNKNOWN to=CULLED reason=suppress
[21:20:41.992] [JOIN] INFO: [authority] suppress NPC hand=12,2378540032 name='Scrawny Cannibal' (streamed=0 local=32 supp=11 churn=75/0)
[21:20:41.992] [JOIN] INFO: [life] hand=1,3,1850830080,11,1144043008 from=UNKNOWN to=CULLED reason=suppress
[21:20:41.992] [JOIN] INFO: [authority] suppress NPC hand=11,1144043008 name='Cannibal' (streamed=0 local=32 supp=12 churn=76/0)
[21:20:41.992] [JOIN] INFO: [life] hand=1,2,3879394560,1,8789062 from=UNKNOWN to=CULLED reason=suppress
[21:20:41.992] [JOIN] INFO: [authority] suppress NPC hand=1,8789062 name='Scrawny Cannibal' (streamed=0 local=32 supp=13 churn=77/0)
[21:20:41.992] [JOIN] INFO: [life] hand=1,2,3879394560,13,1294067328 from=UNKNOWN to=CULLED reason=suppress
[21:20:41.992] [JOIN] INFO: [authority] suppress NPC hand=13,1294067328 name='Scrawny Cannibal' (streamed=0 local=32 supp=14 churn=78/0)
[21:20:41.992] [JOIN] INFO: [life] hand=1,3,1850830080,10,1255737344 from=UNKNOWN to=CULLED reason=suppress
[21:20:41.992] [JOIN] INFO: [authority] suppress NPC hand=10,1255737344 name='Cannibal' (streamed=0 local=32 supp=15 churn=79/0)
[21:20:41.992] [JOIN] INFO: [life] hand=1,2,3879394560,8,2233154304 from=UNKNOWN to=CULLED reason=suppress
[21:20:41.992] [JOIN] INFO: [authority] suppress NPC hand=8,2233154304 name='Scrawny Cannibal' (streamed=0 local=32 supp=16 churn=80/0)
[21:20:41.992] [JOIN] INFO: [life] hand=1,2,3879394560,21,1413208064 from=UNKNOWN to=CULLED reason=suppress
[21:20:41.992] [JOIN] INFO: [authority] suppress NPC hand=21,1413208064 name='Scrawny Cannibal' (streamed=0 local=32 supp=17 churn=81/0)
[21:20:41.992] [JOIN] INFO: [life] hand=1,2,3879394560,18,2071166976 from=UNKNOWN to=CULLED reason=suppress
[21:20:41.992] [JOIN] INFO: [authority] suppress NPC hand=18,2071166976 name='Scrawny Cannibal' (streamed=0 local=32 supp=18 churn=82/0)
[21:20:41.992] [JOIN] INFO: [life] hand=1,3,1850830080,5,2302368256 from=UNKNOWN to=CULLED reason=suppress
[21:20:41.992] [JOIN] INFO: [authority] suppress NPC hand=5,2302368256 name='Cannibal' (streamed=0 local=32 supp=19 churn=83/0)
[21:20:41.992] [JOIN] INFO: [life] hand=1,2,3879394560,2,2157470720 from=UNKNOWN to=CULLED reason=suppress
[21:20:41.992] [JOIN] INFO: [authority] suppress NPC hand=2,2157470720 name='Scrawny Cannibal' (streamed=0 local=32 supp=20 churn=84/0)
[21:20:41.992] [JOIN] INFO: [life] hand=1,2,3879394560,14,338989248 from=UNKNOWN to=CULLED reason=suppress
[21:20:41.992] [JOIN] INFO: [authority] suppress NPC hand=14,338989248 name='Scrawny Cannibal' (streamed=0 local=32 supp=21 churn=85/0)
[21:20:41.992] [JOIN] INFO: [life] hand=1,2,3879394560,10,2022583040 from=UNKNOWN to=CULLED reason=suppress
[21:20:41.992] [JOIN] INFO: [authority] suppress NPC hand=10,2022583040 name='Scrawny Cannibal' (streamed=0 local=32 supp=22 churn=86/0)
[21:20:41.992] [JOIN] INFO: [life] hand=1,2,3879394560,20,848632832 from=UNKNOWN to=CULLED reason=suppress
[21:20:41.992] [JOIN] INFO: [authority] suppress NPC hand=20,848632832 name='Scrawny Cannibal' (streamed=0 local=32 supp=23 churn=87/0)
[21:20:41.992] [JOIN] INFO: [life] hand=1,2,3879394560,17,293090816 from=UNKNOWN to=CULLED reason=suppress
[21:20:41.992] [JOIN] INFO: [authority] suppress NPC hand=17,293090816 name='Scrawny Cannibal' (streamed=0 local=32 supp=24 churn=88/0)
[21:20:41.992] [JOIN] INFO: [life] hand=1,2,3879394560,9,1779785216 from=UNKNOWN to=CULLED reason=suppress
[21:20:41.992] [JOIN] INFO: [authority] suppress NPC hand=9,1779785216 name='Scrawny Cannibal' (streamed=0 local=32 supp=25 churn=89/0)
[21:20:41.992] [JOIN] INFO: [life] hand=1,2,3879394560,19,1424926720 from=UNKNOWN to=CULLED reason=suppress
[21:20:41.992] [JOIN] INFO: [authority] suppress NPC hand=19,1424926720 name='Scrawny Cannibal' (streamed=0 local=32 supp=26 churn=90/0)
[21:20:41.992] [JOIN] INFO: [life] hand=1,2,3879394560,15,1633300736 from=UNKNOWN to=CULLED reason=suppress
[21:20:41.992] [JOIN] INFO: [authority] suppress NPC hand=15,1633300736 name='Scrawny Cannibal' (streamed=0 local=32 supp=27 churn=91/0)
[21:20:41.992] [JOIN] INFO: [life] hand=1,2,3879394560,16,527587904 from=UNKNOWN to=CULLED reason=suppress
[21:20:41.992] [JOIN] INFO: [authority] suppress NPC hand=16,527587904 name='Scrawny Cannibal' (streamed=0 local=32 supp=28 churn=92/0)
[21:20:41.992] [JOIN] INFO: [life] hand=1,3,1850830080,6,572509760 from=UNKNOWN to=CULLED reason=suppress
[21:20:41.992] [JOIN] INFO: [authority] suppress NPC hand=6,572509760 name='Cannibal' (streamed=0 local=32 supp=29 churn=93/0)
[21:20:41.992] [JOIN] INFO: [life] hand=1,2,3879394560,11,1357177728 from=UNKNOWN to=CULLED reason=suppress
[21:20:41.992] [JOIN] INFO: [authority] suppress NPC hand=11,1357177728 name='Scrawny Cannibal' (streamed=0 local=32 supp=30 churn=94/0)
[21:20:41.992] [JOIN] INFO: [life] hand=1,2,3879394560,7,258178704 from=UNKNOWN to=CULLED reason=suppress
[21:20:41.992] [JOIN] INFO: [authority] suppress NPC hand=7,258178704 name='Scrawny Cannibal' (streamed=0 local=32 supp=31 churn=95/0)
[21:20:41.992] [JOIN] INFO: [life] hand=1,2,3879394560,3,1494140672 from=UNKNOWN to=CULLED reason=suppress
[21:20:41.992] [JOIN] INFO: [authority] suppress NPC hand=3,1494140672 name='Scrawny Cannibal' (streamed=0 local=32 supp=32 churn=96/0)
[21:20:42.482] [JOIN] INFO: [ai] suspended=0 driven=0
[21:20:42.482] [JOIN] INFO: [trust] trusted=0 driven=0 grants=0 revokes=0
[21:20:45.432] [JOIN] INFO: [cam] center=-11322.7,1124.2,-127860.1
[21:20:45.450] [JOIN] INFO: [hitdbg] owner=0 attackers=2 driven=0 drained=0 skipSquad=0 zero=0 staged=0 sent=0 pending=0
[21:20:45.451] [JOIN] INFO: [audit] exist near=32 wide=0 drv=0 cen=0 hid=32 ghost=0 supp=32 census=0 fresh=0 parks=0
[21:20:45.485] [JOIN] INFO: [ai] suspended=0 driven=0
[21:20:45.485] [JOIN] INFO: [trust] trusted=0 driven=0 grants=0 revokes=0
[21:20:48.489] [JOIN] INFO: [ai] suspended=0 driven=0
[21:20:48.489] [JOIN] INFO: [trust] trusted=0 driven=0 grants=0 revokes=0
[21:20:50.431] [JOIN] INFO: [cam] center=-11322.7,1124.2,-127860.1
[21:20:50.450] [JOIN] INFO: [hitdbg] owner=0 attackers=2 driven=0 drained=0 skipSquad=0 zero=0 staged=0 sent=0 pending=0
[21:20:50.451] [JOIN] INFO: [audit] exist near=32 wide=0 drv=0 cen=0 hid=32 ghost=0 supp=32 census=0 fresh=0 parks=0
[21:20:51.491] [JOIN] INFO: [ai] suspended=0 driven=0
[21:20:51.491] [JOIN] INFO: [trust] trusted=0 driven=0 grants=0 revokes=0
[21:20:54.497] [JOIN] INFO: [ai] suspended=0 driven=0
[21:20:54.497] [JOIN] INFO: [trust] trusted=0 driven=0 grants=0 revokes=0
[21:20:55.435] [JOIN] INFO: [cam] center=-11322.7,1124.2,-127860.1
[21:20:55.450] [JOIN] INFO: [audit] exist near=32 wide=0 drv=0 cen=0 hid=32 ghost=0 supp=32 census=0 fresh=0 parks=0
[21:20:55.454] [JOIN] INFO: [hitdbg] owner=0 attackers=2 driven=0 drained=0 skipSquad=0 zero=0 staged=0 sent=0 pending=0
[21:20:57.501] [JOIN] INFO: [ai] suspended=0 driven=0
[21:20:57.501] [JOIN] INFO: [trust] trusted=0 driven=0 grants=0 revokes=0
[21:21:00.432] [JOIN] INFO: [cam] center=-11322.7,1124.2,-127860.1
[21:21:00.455] [JOIN] INFO: [hitdbg] owner=0 attackers=2 driven=0 drained=0 skipSquad=0 zero=0 staged=0 sent=0 pending=0
[21:21:00.457] [JOIN] INFO: [audit] exist near=32 wide=0 drv=0 cen=0 hid=32 ghost=0 supp=32 census=0 fresh=0 parks=0
[21:21:00.504] [JOIN] INFO: [ai] suspended=0 driven=0
[21:21:00.504] [JOIN] INFO: [trust] trusted=0 driven=0 grants=0 revokes=0
[21:21:03.511] [JOIN] INFO: [ai] suspended=0 driven=0
[21:21:03.511] [JOIN] INFO: [trust] trusted=0 driven=0 grants=0 revokes=0
[21:21:05.380] [JOIN] INFO: [coop-ui] panel opened
[21:21:05.386] [JOIN] INFO: [speed] REQ mult=1.00 paused=0 combat=0
[21:21:05.431] [JOIN] INFO: [cam] center=-11322.1,1124.4,-127859.5
[21:21:05.456] [JOIN] INFO: [hitdbg] owner=0 attackers=2 driven=0 drained=0 skipSquad=0 zero=0 staged=0 sent=0 pending=0
[21:21:05.458] [JOIN] INFO: [audit] exist near=32 wide=0 drv=0 cen=0 hid=32 ghost=0 supp=32 census=0 fresh=0 parks=0
[21:21:05.492] [JOIN] INFO: [fac] AFFECT-EV me='518-gamedata.base' whom='204-gamedata.base' event=0 mult=1.000 after=-100.00 skipped=0
[21:21:06.516] [JOIN] INFO: [ai] suspended=0 driven=0
[21:21:06.516] [JOIN] INFO: [trust] trusted=0 driven=0 grants=0 revokes=0
[21:21:09.036] [JOIN] INFO: [life] hand=1,4,2532470784,5,3000610304 from=UNKNOWN to=CULLED reason=suppress
[21:21:09.036] [JOIN] INFO: [authority] suppress NPC hand=5,3000610304 name='Cannibal' (streamed=0 local=38 supp=33 churn=97/0)
[21:21:09.113] [JOIN] INFO: [life] hand=1,4,2532470784,15,1501342720 from=UNKNOWN to=CULLED reason=suppress
[21:21:09.113] [JOIN] INFO: [authority] suppress NPC hand=15,1501342720 name='Cannibal Tenderizer' (streamed=0 local=38 supp=34 churn=98/0)
[21:21:09.149] [JOIN] INFO: [life] hand=1,4,2532470784,11,3519775488 from=UNKNOWN to=CULLED reason=suppress
[21:21:09.149] [JOIN] INFO: [authority] suppress NPC hand=11,3519775488 name='Cannibal' (streamed=0 local=40 supp=35 churn=99/0)
[21:21:09.242] [JOIN] INFO: [life] hand=1,4,2532470784,1,3397704960 from=UNKNOWN to=CULLED reason=suppress
[21:21:09.242] [JOIN] INFO: [authority] suppress NPC hand=1,3397704960 name='Cannibal Chief' (streamed=0 local=40 supp=36 churn=100/0)
[21:21:09.330] [JOIN] INFO: [life] hand=1,4,2532470784,3,1385131776 from=UNKNOWN to=CULLED reason=suppress
[21:21:09.330] [JOIN] INFO: [authority] suppress NPC hand=3,1385131776 name='Cannibal' (streamed=0 local=41 supp=37 churn=101/0)
[21:21:09.401] [JOIN] INFO: [life] hand=1,4,2532470784,4,3834960896 from=UNKNOWN to=CULLED reason=suppress
[21:21:09.401] [JOIN] INFO: [authority] suppress NPC hand=4,3834960896 name='Cannibal' (streamed=0 local=41 supp=38 churn=102/0)
[21:21:09.521] [JOIN] INFO: [ai] suspended=0 driven=0
[21:21:09.521] [JOIN] INFO: [trust] trusted=0 driven=0 grants=0 revokes=0
[21:21:09.549] [JOIN] INFO: [life] hand=1,4,2532470784,6,3578979584 from=UNKNOWN to=CULLED reason=suppress
[21:21:09.549] [JOIN] INFO: [authority] suppress NPC hand=6,3578979584 name='Cannibal' (streamed=0 local=43 supp=39 churn=103/0)
[21:21:09.565] [JOIN] INFO: [life] hand=1,4,2532470784,8,3457397504 from=UNKNOWN to=CULLED reason=suppress
[21:21:09.565] [JOIN] INFO: [authority] suppress NPC hand=8,3457397504 name='Cannibal' (streamed=0 local=44 supp=40 churn=104/0)
[21:21:09.681] [JOIN] INFO: [life] hand=1,4,2532470784,13,1014892608 from=UNKNOWN to=CULLED reason=suppress
[21:21:09.681] [JOIN] INFO: [authority] suppress NPC hand=13,1014892608 name='Cannibal' (streamed=0 local=44 supp=41 churn=105/0)
[21:21:09.850] [JOIN] INFO: [life] hand=1,4,2532470784,14,118896488 from=UNKNOWN to=CULLED reason=suppress
[21:21:09.850] [JOIN] INFO: [authority] suppress NPC hand=14,118896488 name='Cannibal' (streamed=0 local=45 supp=42 churn=106/0)
[21:21:09.919] [JOIN] INFO: [life] hand=1,4,2532470784,9,1762329088 from=UNKNOWN to=CULLED reason=suppress
[21:21:09.919] [JOIN] INFO: [authority] suppress NPC hand=9,1762329088 name='Cannibal' (streamed=0 local=45 supp=43 churn=107/0)
[21:21:09.957] [JOIN] INFO: [life] hand=1,4,2532470784,7,324218752 from=UNKNOWN to=CULLED reason=suppress
[21:21:09.957] [JOIN] INFO: [authority] suppress NPC hand=7,324218752 name='Cannibal' (streamed=0 local=45 supp=44 churn=108/0)
[21:21:10.108] [JOIN] INFO: [life] hand=1,4,2532470784,16,1900024448 from=UNKNOWN to=CULLED reason=suppress
[21:21:10.108] [JOIN] INFO: [authority] suppress NPC hand=16,1900024448 name='Cannibal Tenderizer' (streamed=0 local=46 supp=45 churn=109/0)
[21:21:10.357] [JOIN] INFO: [life] hand=1,4,2532470784,12,1479614208 from=UNKNOWN to=CULLED reason=suppress
[21:21:10.358] [JOIN] INFO: [authority] suppress NPC hand=12,1479614208 name='Cannibal' (streamed=0 local=47 supp=46 churn=110/0)
[21:21:10.432] [JOIN] INFO: [cam] center=-11319.3,1123.5,-127864.9
[21:21:10.456] [JOIN] INFO: [hitdbg] owner=0 attackers=2 driven=0 drained=0 skipSquad=0 zero=0 staged=0 sent=0 pending=0
[21:21:10.457] [JOIN] INFO: [audit] exist near=48 wide=0 drv=0 cen=0 hid=46 ghost=2 supp=46 census=0 fresh=0 parks=0
[21:21:10.645] [JOIN] INFO: [life] hand=1,4,2532470784,2,1616210944 from=UNKNOWN to=CULLED reason=suppress
[21:21:10.645] [JOIN] INFO: [authority] suppress NPC hand=2,1616210944 name='Cannibal' (streamed=0 local=49 supp=47 churn=111/0)
[21:21:10.788] [JOIN] INFO: [fac] AFFECT-EV me='518-gamedata.base' whom='204-gamedata.base' event=0 mult=1.000 after=-100.00 skipped=7
[21:21:10.828] [JOIN] INFO: [life] hand=1,4,2532470784,10,2563598592 from=UNKNOWN to=CULLED reason=suppress
[21:21:10.828] [JOIN] INFO: [authority] suppress NPC hand=10,2563598592 name='Cannibal' (streamed=0 local=49 supp=48 churn=112/0)
[21:21:10.905] [JOIN] INFO: [coop-ui] role -> Host
[21:21:11.025] [JOIN] INFO: [life] hand=1,4,2532470784,17,2133789056 from=UNKNOWN to=CULLED reason=suppress
[21:21:11.025] [JOIN] INFO: [authority] suppress NPC hand=17,2133789056 name='Cannibal Tenderizer' (streamed=0 local=49 supp=49 churn=113/0)
[21:21:12.326] [JOIN] INFO: [coop-ui] connection -> OFFLINE
[21:21:12.331] [JOIN] INFO: [coop-ui] DISCONNECT requested
[21:21:12.331] [JOIN] INFO: [coop-ui] disconnect
[21:21:12.347] [JOIN] INFO: [leave] cleared proxies=0
[21:21:12.347] [JOIN] INFO: [leave] cleared worldProxies=0 (cleanup=0)
[21:21:12.347] [JOIN] INFO: [load] session reset: pointer caches, session maps, change gates cleared
[21:21:12.347] [JOIN] INFO: [wi] BASELINE seeded=0 (save-native, never-stream)
[21:21:12.347] [JOIN] INFO: [speed] REQ mult=1.00 paused=0 combat=0
[21:21:12.529] [JOIN] INFO: [ai] suspended=0 driven=0
[21:21:12.529] [JOIN] INFO: [trust] trusted=0 driven=0 grants=0 revokes=0
[21:21:12.633] [JOIN] INFO: [coop-ui] connection -> ONLINE
[21:21:12.638] [JOIN] INFO: [coop-ui] CONNECT role=HOST transport=steam
[21:21:12.638] [JOIN] INFO: [leave] cleared proxies=0
[21:21:12.638] [JOIN] INFO: [leave] cleared worldProxies=0 (cleanup=0)
[21:21:12.638] [JOIN] INFO: [load] session reset: pointer caches, session maps, change gates cleared
[21:21:12.639] [JOIN] INFO: [dmg] role re-armed: HOST (own swings land natively)
[21:21:12.639] [JOIN] INFO: [coop-ui] connect: role=HOST transport=steam peer=76561199417484463 ownRanks={0} src=role
[21:21:12.639] [JOIN] INFO: [steam] tunnel peer=76561199417484463 slot=0 addr=1.0.0.1 (session pre-accepted)
[21:21:12.639] [JOIN] INFO: [steam] transport=steam armed, 1 tunnel peer(s) (connect by SteamID; no port forwarding)
[21:21:12.639] [JOIN] INFO: KenshiCoop: starting as HOST
[21:21:12.639] [JOIN] INFO: [combat] CAP hand=1,1803832960 task=65024 tgt=1,3,1850830080,6,572509760
[21:21:12.639] [JOIN] INFO: [combat] CAP hand=2,2692504832 task=65024 tgt=1,2,3879394560,11,1357177728
[21:21:12.639] [JOIN] INFO: [wi] BASELINE seeded=0 (save-native, never-stream)
[21:21:12.639] [JOIN] INFO: [steam] ENet socket hooks installed (tunnel on P2P channel 0)
[21:21:12.639] [JOIN] INFO: [med] SEND hand=1,1803832960 npc=0 blood=76.6 bleed=0.00 fl=100.0,100.0,100.0,100.0 bd=0.0,0.0,0.0,0.0 flags=0 nparts=7 pmin=100.0 smin=0.0 ls=0,0,0,0
[21:21:12.639] [JOIN] INFO: [med] SEND hand=2,2692504832 npc=0 blood=76.6 bleed=0.00 fl=100.0,100.0,100.0,100.0 bd=0.0,0.0,0.0,0.0 flags=0 nparts=7 pmin=100.0 smin=0.0 ls=0,0,0,0
[21:21:12.639] [JOIN] INFO: [med] SEND hand=1,8789062 npc=1 blood=71.8 bleed=0.00 fl=80.0,80.0,80.0,80.0 bd=0.0,0.0,0.0,0.0 flags=0 nparts=7 pmin=77.7 smin=0.0 ls=0,0,0,0
[21:21:12.639] [JOIN] INFO: [net] transport=steam (ENet tunnelled over Steam P2P)
[21:21:12.639] [JOIN] INFO: [med] SEND hand=2,2157470720 npc=1 blood=67.6 bleed=0.00 fl=80.0,80.0,80.0,80.0 bd=0.0,0.0,0.0,0.0 flags=0 nparts=7 pmin=54.4 smin=0.0 ls=0,0,0,0
[21:21:12.639] [JOIN] INFO: [med] SEND hand=3,1494140672 npc=1 blood=75.8 bleed=0.00 fl=80.0,80.0,80.0,80.0 bd=0.0,0.0,0.0,0.0 flags=0 nparts=7 pmin=80.0 smin=0.0 ls=0,0,0,0
[21:21:12.639] [JOIN] INFO: [med] SEND hand=4,3570068480 npc=1 blood=75.8 bleed=0.00 fl=80.0,80.0,80.0,80.0 bd=0.0,0.0,0.0,0.0 flags=0 nparts=7 pmin=80.0 smin=0.0 ls=0,0,0,0
[21:21:12.639] [JOIN] INFO: [net] hosting
[21:21:12.639] [JOIN] INFO: [med] SEND hand=5,2032470656 npc=1 blood=66.5 bleed=0.00 fl=28.7,80.0,80.0,80.0 bd=0.0,0.0,0.0,0.0 flags=0 nparts=7 pmin=28.7 smin=0.0 ls=0,0,0,0
[21:21:12.639] [JOIN] INFO: [med] SEND hand=6,2628784128 npc=1 blood=71.0 bleed=0.00 fl=80.0,80.0,53.5,80.0 bd=0.0,0.0,0.0,0.0 flags=0 nparts=7 pmin=53.5 smin=0.0 ls=0,0,0,0
[21:21:12.639] [JOIN] INFO: [med] SEND hand=7,258178704 npc=1 blood=75.8 bleed=0.00 fl=80.0,80.0,80.0,80.0 bd=0.0,0.0,0.0,0.0 flags=0 nparts=7 pmin=80.0 smin=0.0 ls=0,0,0,0
[21:21:12.639] [JOIN] INFO: [med] SEND hand=8,2233154304 npc=1 blood=66.6 bleed=0.00 fl=80.0,80.0,29.0,80.0 bd=0.0,0.0,0.0,0.0 flags=0 nparts=7 pmin=29.0 smin=0.0 ls=0,0,0,0
[21:21:12.639] [JOIN] INFO: [med] SEND hand=9,1779785216 npc=1 blood=75.8 bleed=0.00 fl=80.0,80.0,80.0,80.0 bd=0.0,0.0,0.0,0.0 flags=0 nparts=7 pmin=80.0 smin=0.0 ls=0,0,0,0
[21:21:12.639] [JOIN] INFO: [med] SEND hand=10,2022583040 npc=1 blood=67.3 bleed=0.00 fl=80.0,80.0,80.0,55.7 bd=0.0,0.0,0.0,0.0 flags=0 nparts=7 pmin=55.7 smin=0.0 ls=0,0,0,0
[21:21:12.639] [JOIN] INFO: [med] SEND hand=11,1357177728 npc=1 blood=75.8 bleed=0.00 fl=80.0,80.0,80.0,80.0 bd=0.0,0.0,0.0,0.0 flags=0 nparts=7 pmin=80.0 smin=0.0 ls=0,0,0,0
[21:21:12.639] [JOIN] INFO: [med] SEND hand=12,2378540032 npc=1 blood=66.6 bleed=0.00 fl=80.0,55.1,80.0,80.0 bd=0.0,0.0,0.0,0.0 flags=0 nparts=7 pmin=54.1 smin=0.0 ls=0,0,0,0
[21:21:12.639] [JOIN] INFO: [med] SEND hand=13,1294067328 npc=1 blood=71.3 bleed=0.00 fl=80.0,80.0,80.0,80.0 bd=0.0,0.0,0.0,0.0 flags=0 nparts=7 pmin=55.4 smin=0.0 ls=0,0,0,0
[21:21:12.639] [JOIN] INFO: [med] SEND hand=14,338989248 npc=1 blood=75.8 bleed=0.00 fl=80.0,80.0,80.0,80.0 bd=0.0,0.0,0.0,0.0 flags=0 nparts=7 pmin=80.0 smin=0.0 ls=0,0,0,0
[21:21:12.639] [JOIN] INFO: [med] SEND hand=15,1633300736 npc=1 blood=75.8 bleed=0.00 fl=80.0,80.0,80.0,80.0 bd=0.0,0.0,0.0,0.0 flags=0 nparts=7 pmin=80.0 smin=0.0 ls=0,0,0,0
[21:21:12.639] [JOIN] INFO: [med] SEND hand=16,527587904 npc=1 blood=71.0 bleed=0.00 fl=80.0,53.3,80.0,80.0 bd=0.0,0.0,0.0,0.0 flags=0 nparts=7 pmin=53.3 smin=0.0 ls=0,0,0,0
[21:21:12.639] [JOIN] INFO: [med] SEND hand=17,293090816 npc=1 blood=75.8 bleed=0.00 fl=80.0,80.0,80.0,80.0 bd=0.0,0.0,0.0,0.0 flags=0 nparts=7 pmin=80.0 smin=0.0 ls=0,0,0,0
[21:21:12.639] [JOIN] INFO: [med] SEND hand=18,2071166976 npc=1 blood=67.1 bleed=0.00 fl=31.7,80.0,80.0,80.0 bd=0.0,0.0,0.0,0.0 flags=0 nparts=7 pmin=31.7 smin=0.0 ls=0,0,0,0
[21:21:12.639] [JOIN] INFO: [med] SEND hand=19,1424926720 npc=1 blood=75.8 bleed=0.00 fl=80.0,80.0,80.0,80.0 bd=0.0,0.0,0.0,0.0 flags=0 nparts=7 pmin=80.0 smin=0.0 ls=0,0,0,0
[21:21:12.639] [JOIN] INFO: [med] SEND hand=20,848632832 npc=1 blood=75.8 bleed=0.00 fl=80.0,80.0,80.0,80.0 bd=0.0,0.0,0.0,0.0 flags=0 nparts=7 pmin=80.0 smin=0.0 ls=0,0,0,0
[21:21:12.639] [JOIN] INFO: [med] SEND hand=21,1413208064 npc=1 blood=75.8 bleed=0.00 fl=80.0,80.0,80.0,80.0 bd=0.0,0.0,0.0,0.0 flags=0 nparts=7 pmin=80.0 smin=0.0 ls=0,0,0,0
[21:21:12.639] [JOIN] INFO: [med] SEND hand=1,3773803776 npc=1 blood=100.6 bleed=0.00 fl=100.0,100.0,86.8,100.0 bd=0.0,0.0,0.0,0.0 flags=0 nparts=7 pmin=86.8 smin=0.0 ls=0,0,0,0
[21:21:12.639] [JOIN] INFO: [med] SEND hand=2,55664064 npc=1 blood=69.0 bleed=0.00 fl=100.0,100.0,100.0,83.0 bd=0.0,0.0,0.0,0.0 flags=0 nparts=7 pmin=79.5 smin=0.0 ls=0,0,0,0
[21:21:12.639] [JOIN] INFO: [med] SEND hand=3,1278564480 npc=1 blood=72.3 bleed=0.00 fl=80.7,100.0,100.0,100.0 bd=0.0,0.0,0.0,0.0 flags=0 nparts=7 pmin=80.7 smin=0.0 ls=0,0,0,0
[21:21:12.639] [JOIN] INFO: [med] SEND hand=4,2748413184 npc=1 blood=71.8 bleed=0.00 fl=100.0,100.0,100.0,100.0 bd=0.0,0.0,0.0,0.0 flags=0 nparts=7 pmin=77.9 smin=0.0 ls=0,0,0,0
[21:21:12.639] [JOIN] INFO: [med] SEND hand=5,2302368256 npc=1 blood=68.8 bleed=0.00 fl=100.0,100.0,100.0,61.5 bd=0.0,0.0,0.0,0.0 flags=0 nparts=7 pmin=61.5 smin=0.0 ls=0,0,0,0
[21:21:12.639] [JOIN] INFO: [med] SEND hand=6,572509760 npc=1 blood=75.8 bleed=0.00 fl=100.0,100.0,100.0,100.0 bd=0.0,0.0,0.0,0.0 flags=0 nparts=7 pmin=100.0 smin=0.0 ls=0,0,0,0
[21:21:12.639] [JOIN] INFO: [med] SEND hand=7,2720581120 npc=1 blood=67.3 bleed=0.00 fl=100.0,100.0,100.0,100.0 bd=0.0,0.0,0.0,0.0 flags=0 nparts=7 pmin=52.9 smin=0.0 ls=0,0,0,0
[21:21:12.639] [JOIN] INFO: [med] SEND hand=8,765625024 npc=1 blood=75.8 bleed=0.00 fl=100.0,100.0,100.0,100.0 bd=0.0,0.0,0.0,0.0 flags=0 nparts=7 pmin=100.0 smin=0.0 ls=0,0,0,0
[21:21:12.639] [JOIN] INFO: [med] SEND hand=9,3095214848 npc=1 blood=67.9 bleed=0.00 fl=100.0,100.0,100.0,100.0 bd=0.0,0.0,0.0,0.0 flags=0 nparts=7 pmin=77.5 smin=0.0 ls=0,0,0,0
[21:21:12.639] [JOIN] INFO: [med] SEND hand=10,1255737344 npc=1 blood=69.3 bleed=0.00 fl=100.0,84.9,100.0,100.0 bd=0.0,0.0,0.0,0.0 flags=0 nparts=7 pmin=79.2 smin=0.0 ls=0,0,0,0
[21:21:12.639] [JOIN] INFO: [med] SEND hand=11,1144043008 npc=1 blood=75.8 bleed=0.00 fl=100.0,100.0,100.0,100.0 bd=0.0,0.0,0.0,0.0 flags=0 nparts=7 pmin=100.0 smin=0.0 ls=0,0,0,0
[21:21:12.639] [JOIN] INFO: [med] SEND hand=1,3397704960 npc=1 blood=116.5 bleed=0.00 fl=100.0,100.0,100.0,100.0 bd=0.0,0.0,0.0,0.0 flags=0 nparts=7 pmin=100.0 smin=0.0 ls=0,0,0,0
[21:21:12.639] [JOIN] INFO: [med] SEND hand=2,1616210944 npc=1 blood=76.0 bleed=0.00 fl=100.0,100.0,100.0,100.0 bd=0.0,0.0,0.0,0.0 flags=0 nparts=7 pmin=100.0 smin=0.0 ls=0,0,0,0
[21:21:12.639] [JOIN] INFO: [med] SEND hand=3,1385131776 npc=1 blood=76.0 bleed=0.00 fl=100.0,100.0,100.0,100.0 bd=0.0,0.0,0.0,0.0 flags=0 nparts=7 pmin=100.0 smin=0.0 ls=0,0,0,0
[21:21:12.639] [JOIN] INFO: [med] SEND hand=4,3834960896 npc=1 blood=76.0 bleed=0.00 fl=100.0,100.0,100.0,100.0 bd=0.0,0.0,0.0,0.0 flags=0 nparts=7 pmin=100.0 smin=0.0 ls=0,0,0,0
[21:21:12.639] [JOIN] INFO: [med] SEND hand=5,3000610304 npc=1 blood=75.9 bleed=0.00 fl=100.0,100.0,100.0,100.0 bd=0.0,0.0,0.0,0.0 flags=0 nparts=7 pmin=100.0 smin=0.0 ls=0,0,0,0
[21:21:12.639] [JOIN] INFO: [med] SEND hand=6,3578979584 npc=1 blood=76.0 bleed=0.00 fl=100.0,100.0,100.0,100.0 bd=0.0,0.0,0.0,0.0 flags=0 nparts=7 pmin=100.0 smin=0.0 ls=0,0,0,0
[21:21:12.639] [JOIN] INFO: [med] SEND hand=7,324218752 npc=1 blood=76.0 bleed=0.00 fl=100.0,100.0,100.0,100.0 bd=0.0,0.0,0.0,0.0 flags=0 nparts=7 pmin=100.0 smin=0.0 ls=0,0,0,0
[21:21:12.639] [JOIN] INFO: [med] SEND hand=8,3457397504 npc=1 blood=76.0 bleed=0.00 fl=100.0,100.0,100.0,100.0 bd=0.0,0.0,0.0,0.0 flags=0 nparts=7 pmin=100.0 smin=0.0 ls=0,0,0,0
[21:21:12.639] [JOIN] INFO: [med] SEND hand=9,1762329088 npc=1 blood=76.0 bleed=0.00 fl=100.0,100.0,100.0,100.0 bd=0.0,0.0,0.0,0.0 flags=0 nparts=7 pmin=100.0 smin=0.0 ls=0,0,0,0
[21:21:12.639] [JOIN] INFO: [med] SEND hand=10,2563598592 npc=1 blood=76.0 bleed=0.00 fl=100.0,100.0,100.0,100.0 bd=0.0,0.0,0.0,0.0 flags=0 nparts=7 pmin=100.0 smin=0.0 ls=0,0,0,0
[21:21:12.639] [JOIN] INFO: [med] SEND hand=11,3519775488 npc=1 blood=76.0 bleed=0.00 fl=100.0,100.0,100.0,100.0 bd=0.0,0.0,0.0,0.0 flags=0 nparts=7 pmin=100.0 smin=0.0 ls=0,0,0,0
[21:21:12.639] [JOIN] INFO: [med] SEND hand=12,1479614208 npc=1 blood=76.0 bleed=0.00 fl=100.0,100.0,100.0,100.0 bd=0.0,0.0,0.0,0.0 flags=0 nparts=7 pmin=100.0 smin=0.0 ls=0,0,0,0
[21:21:12.639] [JOIN] INFO: [med] SEND hand=13,1014892608 npc=1 blood=76.0 bleed=0.00 fl=100.0,100.0,100.0,100.0 bd=0.0,0.0,0.0,0.0 flags=0 nparts=7 pmin=100.0 smin=0.0 ls=0,0,0,0
[21:21:12.639] [JOIN] INFO: [med] SEND hand=14,118896488 npc=1 blood=76.0 bleed=0.00 fl=100.0,100.0,100.0,100.0 bd=0.0,0.0,0.0,0.0 flags=0 nparts=7 pmin=100.0 smin=0.0 ls=0,0,0,0
[21:21:12.639] [JOIN] INFO: [med] SEND hand=15,1501342720 npc=1 blood=114.0 bleed=0.00 fl=100.0,100.0,100.0,100.0 bd=0.0,0.0,0.0,0.0 flags=0 nparts=7 pmin=100.0 smin=0.0 ls=0,0,0,0
[21:21:12.639] [JOIN] INFO: [med] SEND hand=16,1900024448 npc=1 blood=115.6 bleed=0.00 fl=100.0,100.0,100.0,100.0 bd=0.0,0.0,0.0,0.0 flags=0 nparts=7 pmin=100.0 smin=0.0 ls=0,0,0,0
[21:21:12.639] [JOIN] INFO: [med] SEND hand=17,2133789056 npc=1 blood=116.6 bleed=0.00 fl=100.0,100.0,100.0,100.0 bd=0.0,0.0,0.0,0.0 flags=0 nparts=7 pmin=100.0 smin=0.0 ls=0,0,0,0
[21:21:12.639] [JOIN] INFO: [stats] SEND hand=1,1803832960 str=5.4 dex=14.4 tough=5.0 stealth=1.0 athl=5.0 xp=0 fap=0
[21:21:12.639] [JOIN] INFO: [stats] SEND hand=2,2692504832 str=2.6 dex=23.5 tough=2.0 stealth=20.0 athl=2.0 xp=0 fap=0
[21:21:12.658] [JOIN] INFO: [r401] lever scan isKnown=00007ff7561ae430 can=00007ff7561b20d0 start=00007ff7561b3680
[21:21:12.658] [JOIN] INFO: [r401] levers located by prologue scan
[21:21:12.658] [JOIN] INFO: [research] SEND sid='5359-gamedata.base' seq=1
[21:21:12.658] [JOIN] INFO: [speed] REQ mult=1.00 paused=0 combat=1
[21:21:12.658] [JOIN] INFO: [speed] SET mult=1.00 paused=0 combat=1 (my=1.00)
[21:21:12.660] [JOIN] INFO: [census] sent n=67 radius=2000 mid=18
[21:21:12.989] [JOIN] INFO: [inv] SEND hand=1,1,2021484416,1,1803832960 kind=0 key=1,1,2021484416,1,1803832960 items=7 hash=3933050452
[21:21:12.989] [JOIN] INFO: [inv] SEND hand=1,1,2021484416,2,2692504832 kind=0 key=1,1,2021484416,2,2692504832 items=8 hash=1519498609
[21:21:13.196] [JOIN] INFO: [steam] session peer=76561199417484463 active=0 connecting=1 relay=0 err=0
[21:21:13.643] [JOIN] INFO: [med] SEND hand=2,2157470720 npc=1 blood=62.8 bleed=0.00 fl=80.0,80.0,80.0,80.0 bd=0.0,0.0,0.0,0.0 flags=0 nparts=7 pmin=53.5 smin=0.0 ls=0,0,0,0
[21:21:13.643] [JOIN] INFO: [med] SEND hand=3,1494140672 npc=1 blood=70.8 bleed=0.00 fl=80.0,80.0,80.0,80.0 bd=0.0,0.0,0.0,0.0 flags=0 nparts=7 pmin=52.4 smin=0.0 ls=0,0,0,0
[21:21:13.643] [JOIN] INFO: [med] SEND hand=11,1357177728 npc=1 blood=71.0 bleed=0.00 fl=80.0,80.0,80.0,53.3 bd=0.0,0.0,0.0,0.0 flags=0 nparts=7 pmin=53.3 smin=0.0 ls=0,0,0,0
[21:21:13.643] [JOIN] INFO: [med] SEND hand=20,848632832 npc=1 blood=71.0 bleed=0.00 fl=80.0,80.0,80.0,80.0 bd=0.0,0.0,0.0,0.0 flags=0 nparts=7 pmin=53.4 smin=0.0 ls=0,0,0,0
[21:21:13.643] [JOIN] INFO: [med] SEND hand=2,55664064 npc=1 blood=64.6 bleed=0.00 fl=100.0,100.0,100.0,83.0 bd=0.0,0.0,0.0,0.0 flags=0 nparts=7 pmin=55.1 smin=0.0 ls=0,0,0,0
[21:21:13.643] [JOIN] INFO: [med] SEND hand=3,1278564480 npc=1 blood=67.6 bleed=0.00 fl=80.7,100.0,100.0,100.0 bd=0.0,0.0,0.0,0.0 flags=0 nparts=7 pmin=74.1 smin=0.0 ls=0,0,0,0
[21:21:13.643] [JOIN] INFO: [med] SEND hand=5,2302368256 npc=1 blood=64.5 bleed=0.00 fl=76.1,100.0,100.0,61.5 bd=0.0,0.0,0.0,0.0 flags=0 nparts=7 pmin=61.5 smin=0.0 ls=0,0,0,0
[21:21:13.643] [JOIN] INFO: [med] SEND hand=6,572509760 npc=1 blood=71.3 bleed=0.00 fl=100.0,100.0,74.9,100.0 bd=0.0,0.0,0.0,0.0 flags=0 nparts=7 pmin=74.9 smin=0.0 ls=0,0,0,0
[21:21:13.643] [JOIN] INFO: [stats] SEND hand=2,2692504832 str=2.9 dex=25.2 tough=2.0 stealth=20.0 athl=2.0 xp=0 fap=0
[21:21:14.639] [JOIN] INFO: [combat] CAP hand=1,1803832960 task=65025 tgt=1,2,3879394560,19,1424926720
[21:21:14.639] [JOIN] INFO: [combat] CAP hand=2,2692504832 task=65024 tgt=1,2,3879394560,19,1424926720
[21:21:14.888] [JOIN] INFO: [med] SEND hand=18,2071166976 npc=1 blood=62.2 bleed=0.00 fl=4.3,80.0,80.0,80.0 bd=0.0,0.0,0.0,0.0 flags=0 nparts=7 pmin=4.3 smin=0.0 ls=0,0,0,0
[21:21:14.888] [JOIN] INFO: [med] SEND hand=19,1424926720 npc=1 blood=70.7 bleed=0.00 fl=80.0,80.0,51.7,80.0 bd=0.0,0.0,0.0,0.0 flags=0 nparts=7 pmin=51.7 smin=0.0 ls=0,0,0,0
[21:21:14.888] [JOIN] INFO: [med] SEND hand=10,1255737344 npc=1 blood=65.9 bleed=0.00 fl=100.0,84.9,100.0,81.0 bd=0.0,0.0,0.0,0.0 flags=0 nparts=7 pmin=79.2 smin=0.0 ls=0,0,0,0
[21:21:14.888] [JOIN] INFO: [stats] SEND hand=2,2692504832 str=3.1 dex=25.8 tough=2.0 stealth=20.0 athl=2.0 xp=0 fap=0
[21:21:15.433] [JOIN] INFO: [cam] center=-11317.4,1129.5,-127837.8
[21:21:15.532] [JOIN] INFO: [ai] suspended=0 driven=0
[21:21:15.532] [JOIN] INFO: [trust] trusted=0 driven=0 grants=0 revokes=0
[21:21:15.563] [JOIN] INFO: [med] SEND hand=3,1494140672 npc=1 blood=66.2 bleed=0.00 fl=80.0,80.0,80.0,80.0 bd=0.0,0.0,0.0,0.0 flags=0 nparts=7 pmin=26.8 smin=0.0 ls=0,0,0,0
[21:21:15.563] [JOIN] INFO: [stats] SEND hand=1,1803832960 str=5.4 dex=15.1 tough=5.0 stealth=1.0 athl=5.0 xp=0 fap=0
[21:21:15.893] [JOIN] INFO: [med] SEND hand=18,2071166976 npc=1 blood=57.7 bleed=0.00 fl=4.3,80.0,80.0,55.3 bd=0.0,0.0,0.0,0.0 flags=0 nparts=7 pmin=4.3 smin=0.0 ls=0,0,0,0
[21:21:15.893] [JOIN] INFO: [med] SEND hand=19,1424926720 npc=1 blood=66.1 bleed=0.00 fl=80.0,80.0,26.4,80.0 bd=0.0,0.0,0.0,0.0 flags=0 nparts=7 pmin=26.4 smin=0.0 ls=0,0,0,0
[21:21:16.260] [JOIN] INFO: [med] SEND hand=5,2302368256 npc=1 blood=60.1 bleed=0.00 fl=76.1,100.0,100.0,61.5 bd=0.0,0.0,0.0,0.0 flags=0 nparts=7 pmin=61.5 smin=0.0 ls=0,0,0,0
[21:21:16.260] [JOIN] INFO: [med] SEND hand=10,1255737344 npc=1 blood=61.4 bleed=0.00 fl=100.0,84.9,100.0,81.0 bd=0.0,0.0,0.0,0.0 flags=0 nparts=7 pmin=54.5 smin=0.0 ls=0,0,0,0
[21:21:16.260] [JOIN] INFO: [stats] SEND hand=2,2692504832 str=3.2 dex=26.4 tough=2.0 stealth=20.0 athl=2.0 xp=0 fap=0
[21:21:16.296] [JOIN] INFO: [fac] AFFECT-EV me='518-gamedata.base' whom='204-gamedata.base' event=0 mult=1.000 after=-100.00 skipped=10
[21:21:16.642] [JOIN] INFO: [combat] CAP hand=1,1803832960 task=65024 tgt=1,2,3879394560,19,1424926720
[21:21:16.642] [JOIN] INFO: [combat] CAP hand=2,2692504832 task=65024 tgt=1,2,3879394560,11,1357177728
[21:21:16.894] [JOIN] INFO: [med] SEND hand=18,2071166976 npc=1 blood=52.8 bleed=0.00 fl=-23.1,80.0,80.0,55.3 bd=0.0,0.0,0.0,0.0 flags=0 nparts=7 pmin=55.3 smin=0.0 ls=0,0,0,0
[21:21:16.958] [JOIN] INFO: [med] SEND hand=3,1494140672 npc=1 blood=61.6 bleed=0.00 fl=80.0,80.0,80.0,80.0 bd=0.0,0.0,0.0,0.0 flags=0 nparts=7 pmin=26.8 smin=0.0 ls=0,0,0,0
[21:21:16.958] [JOIN] INFO: [med] SEND hand=19,1424926720 npc=1 blood=61.6 bleed=0.00 fl=80.0,80.0,1.0,80.0 bd=0.0,0.0,0.0,0.0 flags=0 nparts=7 pmin=1.0 smin=0.0 ls=0,0,0,0
[21:21:16.958] [JOIN] INFO: [stats] SEND hand=1,1803832960 str=5.5 dex=15.9 tough=5.0 stealth=1.0 athl=5.0 xp=0 fap=0
[21:21:17.199] [JOIN] INFO: [steam] session peer=76561199417484463 active=1 connecting=0 relay=0 err=0
[21:21:17.627] [JOIN] INFO: [med] SEND hand=5,2302368256 npc=1 blood=55.5 bleed=0.00 fl=76.1,100.0,100.0,61.5 bd=0.0,0.0,0.0,0.0 flags=0 nparts=7 pmin=61.5 smin=0.0 ls=0,0,0,0
[21:21:17.627] [JOIN] INFO: [stats] SEND hand=2,2692504832 str=3.3 dex=27.0 tough=2.0 stealth=20.0 athl=2.0 xp=0 fap=0
[21:21:17.650] [JOIN] INFO: [med] SEND hand=2,2157470720 npc=1 blood=57.8 bleed=0.00 fl=80.0,80.0,80.0,80.0 bd=0.0,0.0,0.0,0.0 flags=0 nparts=7 pmin=25.6 smin=0.0 ls=0,0,0,0
[21:21:17.897] [JOIN] INFO: [med] SEND hand=18,2071166976 npc=1 blood=43.4 bleed=0.00 fl=-47.8,80.0,80.0,55.3 bd=0.0,0.0,0.0,0.0 flags=0 nparts=7 pmin=52.5 smin=0.0 ls=0,0,0,0
[21:21:18.351] [JOIN] INFO: [event] SEND id=1 ev=1 hand=1,2,3879394560,3,1494140672 actor=0,0 bs 0->1
[21:21:18.351] [JOIN] INFO: [med] SEND hand=3,1494140672 npc=1 blood=56.9 bleed=0.00 fl=80.0,80.0,80.0,80.0 bd=0.0,0.0,0.0,0.0 flags=1 nparts=7 pmin=1.1 smin=0.0 ls=0,0,0,0
[21:21:18.351] [JOIN] INFO: [med] SEND hand=19,1424926720 npc=1 blood=57.0 bleed=0.00 fl=80.0,80.0,-24.6,80.0 bd=0.0,0.0,0.0,0.0 flags=0 nparts=7 pmin=80.0 smin=0.0 ls=0,0,0,0
[21:21:18.351] [JOIN] INFO: [stats] SEND hand=1,1803832960 str=5.5 dex=16.6 tough=5.0 stealth=1.0 athl=5.0 xp=0 fap=0
[21:21:18.534] [JOIN] INFO: [ai] suspended=0 driven=0
[21:21:18.534] [JOIN] INFO: [trust] trusted=0 driven=0 grants=0 revokes=0
[21:21:18.647] [JOIN] INFO: [combat] CAP hand=1,1803832960 task=65024 tgt=1,2,3879394560,19,1424926720
[21:21:18.647] [JOIN] INFO: [combat] CAP hand=2,2692504832 task=65024 tgt=1,2,3879394560,11,1357177728
[21:21:18.902] [JOIN] INFO: [med] SEND hand=18,2071166976 npc=1 blood=39.0 bleed=0.00 fl=-47.8,80.0,80.0,55.3 bd=0.0,0.0,0.0,0.0 flags=0 nparts=7 pmin=27.9 smin=0.0 ls=0,0,0,0
[21:21:18.994] [JOIN] INFO: [med] SEND hand=5,2302368256 npc=1 blood=50.9 bleed=0.00 fl=76.1,100.0,100.0,61.5 bd=0.0,0.0,0.0,0.0 flags=0 nparts=7 pmin=49.6 smin=0.0 ls=0,0,0,0
[21:21:18.994] [JOIN] INFO: [stats] SEND hand=2,2692504832 str=3.4 dex=27.5 tough=2.0 stealth=20.0 athl=2.0 xp=0 fap=0
[21:21:19.571] [JOIN] INFO: [med] SEND hand=1,1803832960 npc=0 blood=77.0 bleed=0.00 fl=100.0,100.0,100.0,100.0 bd=0.0,0.0,0.0,0.0 flags=0 nparts=7 pmin=100.0 smin=0.0 ls=0,0,0,0
[21:21:19.636] [JOIN] INFO: [med] SEND hand=2,2692504832 npc=0 blood=77.0 bleed=0.00 fl=100.0,100.0,100.0,100.0 bd=0.0,0.0,0.0,0.0 flags=0 nparts=7 pmin=100.0 smin=0.0 ls=0,0,0,0
[21:21:19.641] [JOIN] INFO: [med] SEND hand=8,2233154304 npc=1 blood=61.4 bleed=0.00 fl=80.0,51.2,29.0,80.0 bd=0.0,0.0,0.0,0.0 flags=0 nparts=7 pmin=29.0 smin=0.0 ls=0,0,0,0
[21:21:19.903] [JOIN] INFO: [med] SEND hand=18,2071166976 npc=1 blood=34.0 bleed=0.00 fl=-75.3,80.0,80.0,55.3 bd=0.0,0.0,0.0,0.0 flags=0 nparts=7 pmin=27.9 smin=0.0 ls=0,0,0,0
[21:21:20.349] [JOIN] INFO: [taskkey] key=147 desc='Stumbling' repro=0 subject=0
[21:21:20.349] [JOIN] INFO: [med] LIMB-EVT SEND id=2 ev=4 hand=18,2071166976 limb=0 state 0->1
[21:21:20.349] [JOIN] INFO: [med] SEND hand=5,2302368256 npc=1 blood=47.3 bleed=0.00 fl=56.1,100.0,100.0,61.5 bd=0.0,0.0,0.0,0.0 flags=0 nparts=7 pmin=49.6 smin=0.0 ls=0,0,0,0
[21:21:20.349] [JOIN] INFO: [stats] SEND hand=2,2692504832 str=3.5 dex=28.0 tough=2.0 stealth=20.0 athl=2.0 xp=0 fap=0
[21:21:20.431] [JOIN] INFO: [cam] center=-11319.5,1130.9,-127831.5
[21:21:20.644] [JOIN] INFO: [med] SEND hand=8,2233154304 npc=1 blood=56.2 bleed=0.00 fl=80.0,51.2,29.0,80.0 bd=0.0,0.0,0.0,0.0 flags=0 nparts=7 pmin=29.0 smin=0.0 ls=0,0,0,0
[21:21:20.648] [JOIN] INFO: [combat] CAP hand=1,1803832960 task=65024 tgt=1,2,3879394560,2,2157470720
[21:21:20.649] [JOIN] INFO: [combat] CAP hand=2,2692504832 task=65024 tgt=1,2,3879394560,11,1357177728
[21:21:20.903] [JOIN] INFO: [med] SEND hand=18,2071166976 npc=1 blood=2.9 bleed=0.00 fl=-103.0,80.0,80.0,55.3 bd=0.0,0.0,0.0,0.0 flags=0 nparts=7 pmin=27.9 smin=0.0 ls=1,0,0,0
[21:21:21.535] [JOIN] INFO: [ai] suspended=0 driven=0
[21:21:21.535] [JOIN] INFO: [trust] trusted=0 driven=0 grants=0 revokes=0
[21:21:21.700] [JOIN] INFO: [fac] AFFECT-EV me='518-gamedata.base' whom='204-gamedata.base' event=0 mult=1.000 after=-100.00 skipped=13
[21:21:21.703] [JOIN] INFO: [event] SEND id=3 ev=1 hand=1,2,3879394560,18,2071166976 actor=0,0 bs 0->1
[21:21:21.703] [JOIN] INFO: [med] SEND hand=8,2233154304 npc=1 blood=51.0 bleed=0.00 fl=80.0,51.2,29.0,80.0 bd=0.0,0.0,0.0,0.0 flags=0 nparts=7 pmin=22.3 smin=0.0 ls=0,0,0,0
[21:21:21.703] [JOIN] INFO: [med] SEND hand=5,2302368256 npc=1 blood=42.7 bleed=0.00 fl=56.1,100.0,100.0,61.5 bd=0.0,0.0,0.0,0.0 flags=0 nparts=7 pmin=23.8 smin=0.0 ls=0,0,0,0
[21:21:21.703] [JOIN] INFO: [stats] SEND hand=2,2692504832 str=3.6 dex=28.6 tough=2.0 stealth=20.0 athl=2.0 xp=0 fap=0
[21:21:21.907] [JOIN] INFO: [med] SEND hand=18,2071166976 npc=1 blood=-2.1 bleed=0.00 fl=-103.0,80.0,80.0,55.3 bd=0.0,0.0,0.0,0.0 flags=1 nparts=7 pmin=0.1 smin=0.0 ls=1,0,0,0
[21:21:22.074] [JOIN] INFO: [med] SEND hand=10,1255737344 npc=1 blood=57.4 bleed=0.00 fl=100.0,84.9,100.0,81.0 bd=0.0,0.0,0.0,0.0 flags=0 nparts=7 pmin=31.9 smin=0.0 ls=0,0,0,0
[21:21:22.074] [JOIN] INFO: [stats] SEND hand=1,1803832960 str=5.6 dex=17.5 tough=5.0 stealth=1.0 athl=5.0 xp=0 fap=0
[21:21:22.355] [JOIN] INFO: [med] SEND hand=19,1424926720 npc=1 blood=52.3 bleed=0.00 fl=80.0,80.0,-24.6,80.0 bd=0.0,0.0,0.0,0.0 flags=0 nparts=7 pmin=54.3 smin=0.0 ls=0,0,0,0
[21:21:22.644] [JOIN] INFO: [med] SEND hand=9,1779785216 npc=1 blood=71.1 bleed=0.00 fl=80.0,80.0,54.1,80.0 bd=0.0,0.0,0.0,0.0 flags=0 nparts=7 pmin=54.1 smin=0.0 ls=0,0,0,0
[21:21:22.644] [JOIN] INFO: [med] SEND hand=17,293090816 npc=1 blood=71.2 bleed=0.00 fl=80.0,80.0,80.0,80.0 bd=0.0,0.0,0.0,0.0 flags=0 nparts=7 pmin=54.6 smin=0.0 ls=0,0,0,0
[21:21:22.649] [JOIN] INFO: [combat] CAP hand=1,1803832960 task=65024 tgt=1,2,3879394560,17,293090816
[21:21:22.649] [JOIN] INFO: [combat] CAP hand=2,2692504832 task=65024 tgt=1,2,3879394560,11,1357177728
[21:21:22.687] [JOIN] INFO: [census] sent n=86 radius=2000 mid=37
[21:21:23.051] [JOIN] INFO: [med] SEND hand=2,2157470720 npc=1 blood=52.6 bleed=0.00 fl=80.0,80.0,51.2,80.0 bd=0.0,0.0,0.0,0.0 flags=0 nparts=7 pmin=25.6 smin=0.0 ls=0,0,0,0
[21:21:23.051] [JOIN] INFO: [med] SEND hand=8,2233154304 npc=1 blood=45.8 bleed=0.00 fl=80.0,51.2,29.0,80.0 bd=0.0,0.0,0.0,0.0 flags=0 nparts=7 pmin=22.3 smin=0.0 ls=0,0,0,0
[21:21:23.051] [JOIN] INFO: [med] SEND hand=5,2302368256 npc=1 blood=39.1 bleed=0.00 fl=35.9,100.0,100.0,61.5 bd=0.0,0.0,0.0,0.0 flags=0 nparts=7 pmin=23.8 smin=0.0 ls=0,0,0,0
[21:21:23.051] [JOIN] INFO: [stats] SEND hand=2,2692504832 str=3.7 dex=29.0 tough=2.0 stealth=20.0 athl=2.0 xp=0 fap=0
[21:21:24.391] [JOIN] INFO: [event] SEND id=4 ev=1 hand=1,2,3879394560,2,2157470720 actor=0,0 bs 0->1
[21:21:24.391] [JOIN] INFO: [med] SEND hand=2,2157470720 npc=1 blood=47.4 bleed=0.00 fl=80.0,80.0,51.2,80.0 bd=0.0,0.0,0.0,0.0 flags=1 nparts=7 pmin=51.2 smin=0.0 ls=0,0,0,0
[21:21:24.391] [JOIN] INFO: [med] SEND hand=8,2233154304 npc=1 blood=40.6 bleed=0.00 fl=80.0,51.2,-0.0,80.0 bd=0.0,0.0,0.0,0.0 flags=0 nparts=7 pmin=22.3 smin=0.0 ls=0,0,0,0
[21:21:24.391] [JOIN] INFO: [med] SEND hand=5,2302368256 npc=1 blood=34.4 bleed=0.00 fl=35.9,100.0,100.0,35.4 bd=0.0,0.0,0.0,0.0 flags=0 nparts=7 pmin=23.8 smin=0.0 ls=0,0,0,0
[21:21:24.391] [JOIN] INFO: [stats] SEND hand=2,2692504832 str=3.8 dex=29.5 tough=2.0 stealth=20.0 athl=2.0 xp=0 fap=0
[21:21:24.537] [JOIN] INFO: [ai] suspended=0 driven=0
[21:21:24.537] [JOIN] INFO: [trust] trusted=0 driven=0 grants=0 revokes=0
[21:21:24.648] [JOIN] INFO: [combat] CAP hand=1,1803832960 task=65024 tgt=1,2,3879394560,17,293090816
[21:21:24.648] [JOIN] INFO: [combat] CAP hand=2,2692504832 task=65024 tgt=1,2,3879394560,11,1357177728
[21:21:24.722] [JOIN] INFO: [med] SEND hand=17,293090816 npc=1 blood=66.6 bleed=0.00 fl=80.0,80.0,80.0,80.0 bd=0.0,0.0,0.0,0.0 flags=0 nparts=7 pmin=29.1 smin=0.0 ls=0,0,0,0
[21:21:24.722] [JOIN] INFO: [med] SEND hand=19,1424926720 npc=1 blood=47.7 bleed=0.00 fl=54.2,80.0,-24.6,80.0 bd=0.0,0.0,0.0,0.0 flags=0 nparts=7 pmin=54.2 smin=0.0 ls=0,0,0,0
[21:21:24.722] [JOIN] INFO: [med] SEND hand=10,1255737344 npc=1 blood=53.3 bleed=0.00 fl=100.0,84.9,100.0,81.0 bd=0.0,0.0,0.0,0.0 flags=0 nparts=7 pmin=9.0 smin=0.0 ls=0,0,0,0
[21:21:24.723] [JOIN] INFO: [stats] SEND hand=1,1803832960 str=5.7 dex=18.3 tough=5.0 stealth=1.0 athl=5.0 xp=0 fap=0
[21:21:25.429] [JOIN] INFO: [cam] center=-11320.4,1131.1,-127830.6
[21:21:25.975] [JOIN] INFO: [med] SEND hand=1,1803832960 npc=0 blood=77.5 bleed=0.00 fl=100.0,100.0,100.0,100.0 bd=0.0,0.0,0.0,0.0 flags=0 nparts=7 pmin=100.0 smin=0.0 ls=0,0,0,0
[21:21:25.979] [JOIN] INFO: [event] SEND id=5 ev=1 hand=1,3,1850830080,5,2302368256 actor=0,0 bs 0->1
[21:21:25.979] [JOIN] INFO: [med] SEND hand=5,2032470656 npc=1 blood=61.2 bleed=0.00 fl=28.7,80.0,50.1,80.0 bd=0.0,0.0,0.0,0.0 flags=0 nparts=7 pmin=28.7 smin=0.0 ls=0,0,0,0
[21:21:25.979] [JOIN] INFO: [med] SEND hand=5,2302368256 npc=1 blood=29.7 bleed=0.00 fl=35.9,100.0,100.0,35.4 bd=0.0,0.0,0.0,0.0 flags=1 nparts=7 pmin=35.4 smin=0.0 ls=0,0,0,0
[21:21:25.979] [JOIN] INFO: [stats] SEND hand=2,2692504832 str=4.0 dex=30.1 tough=2.0 stealth=20.0 athl=2.0 xp=0 fap=0
[21:21:26.037] [JOIN] INFO: [med] SEND hand=2,2692504832 npc=0 blood=77.5 bleed=0.00 fl=100.0,100.0,100.0,100.0 bd=0.0,0.0,0.0,0.0 flags=0 nparts=7 pmin=100.0 smin=0.0 ls=0,0,0,0
[21:21:26.649] [JOIN] INFO: [combat] CAP hand=1,1803832960 task=65024 tgt=1,2,3879394560,21,1413208064
[21:21:26.649] [JOIN] INFO: [combat] CAP hand=2,2692504832 task=65024 tgt=1,2,3879394560,11,1357177728
[21:21:26.654] [JOIN] INFO: [med] SEND hand=11,1357177728 npc=1 blood=65.7 bleed=0.00 fl=50.7,80.0,80.0,53.3 bd=0.0,0.0,0.0,0.0 flags=0 nparts=7 pmin=50.7 smin=0.0 ls=0,0,0,0
[21:21:26.654] [JOIN] INFO: [med] SEND hand=3,1278564480 npc=1 blood=63.6 bleed=0.00 fl=58.5,100.0,100.0,100.0 bd=0.0,0.0,0.0,0.0 flags=0 nparts=7 pmin=58.5 smin=0.0 ls=0,0,0,0
[21:21:26.654] [JOIN] INFO: [med] SEND hand=6,572509760 npc=1 blood=66.3 bleed=0.00 fl=100.0,100.0,74.9,100.0 bd=0.0,0.0,0.0,0.0 flags=0 nparts=7 pmin=72.5 smin=0.0 ls=0,0,0,0
[21:21:26.696] [JOIN] INFO: [fac] AFFECT-EV me='518-gamedata.base' whom='204-gamedata.base' event=0 mult=1.000 after=-100.00 skipped=9
[21:21:27.540] [JOIN] INFO: [ai] suspended=0 driven=0
[21:21:27.540] [JOIN] INFO: [trust] trusted=0 driven=0 grants=0 revokes=0
[21:21:28.649] [JOIN] INFO: [combat] CAP hand=1,1803832960 task=65024 tgt=1,2,3879394560,11,1357177728
[21:21:28.649] [JOIN] INFO: [combat] CAP hand=2,2692504832 task=65024 tgt=1,2,3879394560,14,338989248
[21:21:28.732] [JOIN] INFO: [event] SEND id=6 ev=1 hand=1,2,3879394560,8,2233154304 actor=0,0 bs 0->1
[21:21:28.732] [JOIN] INFO: [med] SEND hand=8,2233154304 npc=1 blood=36.0 bleed=0.00 fl=80.0,51.2,-0.0,80.0 bd=0.0,0.0,0.0,0.0 flags=1 nparts=7 pmin=51.1 smin=0.0 ls=0,0,0,0
[21:21:28.732] [JOIN] INFO: [med] SEND hand=11,1357177728 npc=1 blood=61.0 bleed=0.00 fl=50.7,80.0,80.0,27.5 bd=0.0,0.0,0.0,0.0 flags=0 nparts=7 pmin=27.5 smin=0.0 ls=0,0,0,0
[21:21:28.732] [JOIN] INFO: [med] SEND hand=19,1424926720 npc=1 blood=43.0 bleed=0.00 fl=54.2,80.0,-24.6,80.0 bd=0.0,0.0,0.0,0.0 flags=0 nparts=7 pmin=54.1 smin=0.0 ls=0,0,0,0
[21:21:28.732] [JOIN] INFO: [stats] SEND hand=1,1803832960 str=5.7 dex=18.9 tough=5.0 stealth=1.0 athl=5.0 xp=0 fap=0
[21:21:28.985] [JOIN] INFO: [med] SEND hand=14,338989248 npc=1 blood=70.3 bleed=0.00 fl=80.0,80.0,80.0,80.0 bd=0.0,0.0,0.0,0.0 flags=0 nparts=7 pmin=49.4 smin=0.0 ls=0,0,0,0
[21:21:28.985] [JOIN] INFO: [med] SEND hand=16,527587904 npc=1 blood=65.5 bleed=0.00 fl=80.0,53.3,80.0,80.0 bd=0.0,0.0,0.0,0.0 flags=0 nparts=7 pmin=49.5 smin=0.0 ls=0,0,0,0
[21:21:28.985] [JOIN] INFO: [med] SEND hand=8,765625024 npc=1 blood=71.7 bleed=0.00 fl=100.0,100.0,77.6,100.0 bd=0.0,0.0,0.0,0.0 flags=0 nparts=7 pmin=77.6 smin=0.0 ls=0,0,0,0
[21:21:28.985] [JOIN] INFO: [stats] SEND hand=2,2692504832 str=4.1 dex=30.4 tough=2.0 stealth=20.0 athl=2.0 xp=0 fap=0
[21:21:30.113] [JOIN] INFO: [med] SEND hand=14,338989248 npc=1 blood=65.4 bleed=0.00 fl=80.0,80.0,80.0,80.0 bd=0.0,0.0,0.0,0.0 flags=0 nparts=7 pmin=22.6 smin=0.0 ls=0,0,0,0
[21:21:30.113] [JOIN] INFO: [med] SEND hand=20,848632832 npc=1 blood=66.3 bleed=0.00 fl=80.0,80.0,80.0,54.1 bd=0.0,0.0,0.0,0.0 flags=0 nparts=7 pmin=53.4 smin=0.0 ls=0,0,0,0
[21:21:30.113] [JOIN] INFO: [med] SEND hand=21,1413208064 npc=1 blood=71.0 bleed=0.00 fl=80.0,80.0,80.0,80.0 bd=0.0,0.0,0.0,0.0 flags=0 nparts=7 pmin=53.2 smin=0.0 ls=0,0,0,0
[21:21:30.113] [JOIN] INFO: [stats] SEND hand=1,1803832960 str=5.8 dex=19.4 tough=5.0 stealth=1.0 athl=5.0 xp=0 fap=0
[21:21:30.432] [JOIN] INFO: [cam] center=-11304.0,1129.3,-127841.6
[21:21:30.546] [JOIN] INFO: [ai] suspended=0 driven=0
[21:21:30.546] [JOIN] INFO: [trust] trusted=0 driven=0 grants=0 revokes=0
[21:21:30.559] [JOIN] INFO: [med] SEND hand=6,2628784128 npc=1 blood=65.5 bleed=0.00 fl=80.0,80.0,23.2,80.0 bd=0.0,0.0,0.0,0.0 flags=0 nparts=7 pmin=23.2 smin=0.0 ls=0,0,0,0
[21:21:30.559] [JOIN] INFO: [med] SEND hand=12,2378540032 npc=1 blood=61.3 bleed=0.00 fl=80.0,55.1,80.0,80.0 bd=0.0,0.0,0.0,0.0 flags=0 nparts=7 pmin=24.5 smin=0.0 ls=0,0,0,0
[21:21:30.559] [JOIN] INFO: [med] SEND hand=13,1294067328 npc=1 blood=65.9 bleed=0.00 fl=80.0,80.0,80.0,80.0 bd=0.0,0.0,0.0,0.0 flags=0 nparts=7 pmin=25.3 smin=0.0 ls=0,0,0,0
[21:21:30.559] [JOIN] INFO: [med] SEND hand=16,527587904 npc=1 blood=60.0 bleed=0.00 fl=80.0,53.3,80.0,80.0 bd=0.0,0.0,0.0,0.0 flags=0 nparts=7 pmin=18.9 smin=0.0 ls=0,0,0,0
[21:21:30.559] [JOIN] INFO: [med] SEND hand=4,2748413184 npc=1 blood=68.0 bleed=0.00 fl=100.0,78.9,100.0,100.0 bd=0.0,0.0,0.0,0.0 flags=0 nparts=7 pmin=77.9 smin=0.0 ls=0,0,0,0
[21:21:30.559] [JOIN] INFO: [med] SEND hand=7,2720581120 npc=1 blood=62.3 bleed=0.00 fl=100.0,100.0,100.0,100.0 bd=0.0,0.0,0.0,0.0 flags=0 nparts=7 pmin=25.1 smin=0.0 ls=0,0,0,0
[21:21:30.559] [JOIN] INFO: [stats] SEND hand=2,2692504832 str=4.3 dex=31.1 tough=2.0 stealth=20.0 athl=2.0 xp=0 fap=0
[21:21:30.650] [JOIN] INFO: [combat] CAP hand=1,1803832960 task=65024 tgt=1,2,3879394560,15,1633300736
[21:21:30.650] [JOIN] INFO: [combat] CAP hand=2,2692504832 task=65024 tgt=1,2,3879394560,6,2628784128
[21:21:31.115] [JOIN] INFO: [med] SEND hand=14,338989248 npc=1 blood=60.0 bleed=0.00 fl=80.0,80.0,80.0,80.0 bd=0.0,0.0,0.0,0.0 flags=0 nparts=7 pmin=22.6 smin=0.0 ls=0,0,0,0
[21:21:31.290] [JOIN] INFO: [med] SEND hand=1,1803832960 npc=0 blood=78.0 bleed=0.00 fl=100.0,100.0,100.0,100.0 bd=0.0,0.0,0.0,0.0 flags=0 nparts=7 pmin=100.0 smin=0.0 ls=0,0,0,0
[21:21:31.353] [JOIN] INFO: [med] SEND hand=2,2692504832 npc=0 blood=78.0 bleed=0.00 fl=100.0,100.0,100.0,100.0 bd=0.0,0.0,0.0,0.0 flags=0 nparts=7 pmin=100.0 smin=0.0 ls=0,0,0,0
[21:21:31.827] [JOIN] INFO: [fac] AFFECT-EV me='518-gamedata.base' whom='204-gamedata.base' event=2 mult=1.000 after=-100.00 skipped=14
[21:21:31.829] [JOIN] INFO: [event] SEND id=7 ev=1 hand=1,2,3879394560,14,338989248 actor=2,2692504832 bs 0->1
[21:21:31.830] [JOIN] INFO: [med] SEND hand=13,1294067328 npc=1 blood=60.5 bleed=0.00 fl=80.0,49.8,80.0,80.0 bd=0.0,0.0,0.0,0.0 flags=0 nparts=7 pmin=25.3 smin=0.0 ls=0,0,0,0
[21:21:31.830] [JOIN] INFO: [med] SEND hand=8,765625024 npc=1 blood=66.5 bleed=0.00 fl=100.0,100.0,77.6,100.0 bd=0.0,0.0,0.0,0.0 flags=0 nparts=7 pmin=70.9 smin=0.0 ls=0,0,0,0
[21:21:31.830] [JOIN] INFO: [stats] SEND hand=2,2692504832 str=4.4 dex=31.4 tough=2.0 stealth=20.0 athl=2.0 xp=0 fap=0
[21:21:32.118] [JOIN] INFO: [med] SEND hand=14,338989248 npc=1 blood=54.5 bleed=0.00 fl=80.0,80.0,80.0,80.0 bd=0.0,0.0,0.0,0.0 flags=1 nparts=7 pmin=49.7 smin=0.0 ls=0,0,0,0
[21:21:32.651] [JOIN] INFO: [combat] CAP hand=1,1803832960 task=65024 tgt=1,2,3879394560,15,1633300736
[21:21:32.651] [JOIN] INFO: [combat] CAP hand=2,2692504832 task=65024 tgt=1,2,3879394560,7,258178704
[21:21:32.710] [JOIN] INFO: [census] sent n=86 radius=2000 mid=37
[21:21:32.758] [JOIN] INFO: [med] SEND hand=7,258178704 npc=1 blood=70.9 bleed=0.00 fl=80.0,80.0,80.0,80.0 bd=0.0,0.0,0.0,0.0 flags=0 nparts=7 pmin=73.0 smin=0.0 ls=0,0,0,0
[21:21:32.758] [JOIN] INFO: [med] SEND hand=15,1633300736 npc=1 blood=71.0 bleed=0.00 fl=80.0,80.0,80.0,80.0 bd=0.0,0.0,0.0,0.0 flags=0 nparts=7 pmin=53.2 smin=0.0 ls=0,0,0,0
[21:21:32.758] [JOIN] INFO: [med] SEND hand=21,1413208064 npc=1 blood=66.2 bleed=0.00 fl=80.0,80.0,80.0,80.0 bd=0.0,0.0,0.0,0.0 flags=0 nparts=7 pmin=26.6 smin=0.0 ls=0,0,0,0
[21:21:32.758] [JOIN] INFO: [stats] SEND hand=1,1803832960 str=5.8 dex=19.8 tough=5.0 stealth=1.0 athl=5.0 xp=0 fap=0
[21:21:33.549] [JOIN] INFO: [ai] suspended=0 driven=0
[21:21:33.549] [JOIN] INFO: [trust] trusted=0 driven=0 grants=0 revokes=0
[21:21:33.655] [JOIN] INFO: [med] SEND hand=8,765625024 npc=1 blood=61.3 bleed=0.00 fl=100.0,100.0,77.6,71.0 bd=0.0,0.0,0.0,0.0 flags=0 nparts=7 pmin=70.9 smin=0.0 ls=0,0,0,0
[21:21:33.655] [JOIN] INFO: [stats] SEND hand=2,2692504832 str=4.4 dex=31.6 tough=2.0 stealth=20.0 athl=2.0 xp=0 fap=0
[21:21:33.759] [JOIN] INFO: [med] SEND hand=7,258178704 npc=1 blood=65.4 bleed=0.00 fl=80.0,80.0,80.0,80.0 bd=0.0,0.0,0.0,0.0 flags=0 nparts=7 pmin=49.3 smin=0.0 ls=0,0,0,0
[21:21:34.265] [JOIN] INFO: [med] SEND hand=13,1294067328 npc=1 blood=55.8 bleed=0.00 fl=80.0,49.8,80.0,80.0 bd=0.0,0.0,0.0,0.0 flags=0 nparts=7 pmin=25.3 smin=0.0 ls=0,0,0,0
[21:21:34.266] [JOIN] INFO: [stats] SEND hand=1,1803832960 str=5.9 dex=20.7 tough=5.0 stealth=1.0 athl=5.0 xp=0 fap=0
[21:21:34.564] [JOIN] INFO: [med] SEND hand=6,2628784128 npc=1 blood=60.7 bleed=0.00 fl=80.0,80.0,23.2,80.0 bd=0.0,0.0,0.0,0.0 flags=0 nparts=7 pmin=23.2 smin=0.0 ls=0,0,0,0
[21:21:34.564] [JOIN] INFO: [med] SEND hand=12,2378540032 npc=1 blood=56.6 bleed=0.00 fl=53.7,55.1,80.0,80.0 bd=0.0,0.0,0.0,0.0 flags=0 nparts=7 pmin=24.5 smin=0.0 ls=0,0,0,0
[21:21:34.564] [JOIN] INFO: [med] SEND hand=16,527587904 npc=1 blood=55.1 bleed=0.00 fl=80.0,53.3,80.0,80.0 bd=0.0,0.0,0.0,0.0 flags=0 nparts=7 pmin=18.9 smin=0.0 ls=0,0,0,0
[21:21:34.564] [JOIN] INFO: [med] SEND hand=7,2720581120 npc=1 blood=57.9 bleed=0.00 fl=100.0,100.0,75.3,100.0 bd=0.0,0.0,0.0,0.0 flags=0 nparts=7 pmin=25.1 smin=0.0 ls=0,0,0,0
[21:21:34.653] [JOIN] INFO: [combat] CAP hand=1,1803832960 task=65024 tgt=1,2,3879394560,16,527587904
[21:21:34.653] [JOIN] INFO: [combat] CAP hand=2,2692504832 task=65024 tgt=1,2,3879394560,6,2628784128
[21:21:35.213] [JOIN] INFO: [event] SEND id=8 ev=1 hand=1,3,1850830080,7,2720581120 actor=0,0 bs 0->1
[21:21:35.213] [JOIN] INFO: [med] SEND hand=3,1278564480 npc=1 blood=58.4 bleed=0.00 fl=58.5,100.0,100.0,70.7 bd=0.0,0.0,0.0,0.0 flags=0 nparts=7 pmin=58.5 smin=0.0 ls=0,0,0,0
[21:21:35.213] [JOIN] INFO: [med] SEND hand=8,765625024 npc=1 blood=56.1 bleed=0.00 fl=100.0,100.0,77.6,71.0 bd=0.0,0.0,0.0,0.0 flags=0 nparts=7 pmin=41.9 smin=0.0 ls=0,0,0,0
[21:21:35.213] [JOIN] INFO: [stats] SEND hand=2,2692504832 str=4.6 dex=32.1 tough=2.0 stealth=20.0 athl=2.0 xp=0 fap=0
[21:21:35.429] [JOIN] INFO: [cam] center=-11290.3,1126.5,-127864.5
[21:21:35.568] [JOIN] INFO: [med] SEND hand=6,2628784128 npc=1 blood=55.2 bleed=0.00 fl=80.0,80.0,23.2,80.0 bd=0.0,0.0,0.0,0.0 flags=0 nparts=7 pmin=23.2 smin=0.0 ls=0,0,0,0
[21:21:35.568] [JOIN] INFO: [med] SEND hand=16,527587904 npc=1 blood=49.6 bleed=0.00 fl=80.0,53.3,80.0,80.0 bd=0.0,0.0,0.0,0.0 flags=0 nparts=7 pmin=18.9 smin=0.0 ls=0,0,0,0
[21:21:35.568] [JOIN] INFO: [med] SEND hand=7,2720581120 npc=1 blood=52.8 bleed=0.00 fl=100.0,100.0,75.3,100.0 bd=0.0,0.0,0.0,0.0 flags=1 nparts=7 pmin=75.3 smin=0.0 ls=0,0,0,0
[21:21:36.552] [JOIN] INFO: [ai] suspended=0 driven=0
[21:21:36.552] [JOIN] INFO: [trust] trusted=0 driven=0 grants=0 revokes=0
[21:21:36.655] [JOIN] INFO: [combat] CAP hand=1,1803832960 task=65024 tgt=1,3,1850830080,11,1144043008
[21:21:36.655] [JOIN] INFO: [combat] CAP hand=2,2692504832 task=65024 tgt=1,2,3879394560,6,2628784128
[21:21:36.973] [JOIN] INFO: [med] SEND hand=1,1803832960 npc=0 blood=78.5 bleed=0.00 fl=100.0,100.0,100.0,100.0 bd=0.0,0.0,0.0,0.0 flags=0 nparts=7 pmin=100.0 smin=0.0 ls=0,0,0,0
[21:21:37.083] [JOIN] INFO: [fac] AFFECT-EV me='518-gamedata.base' whom='204-gamedata.base' event=0 mult=1.000 after=-100.00 skipped=11
[21:21:37.135] [JOIN] INFO: [event] SEND id=9 ev=1 hand=1,2,3879394560,13,1294067328 actor=0,0 bs 0->1
[21:21:37.135] [JOIN] INFO: [med] SEND hand=5,2032470656 npc=1 blood=56.3 bleed=0.00 fl=28.7,80.0,50.1,80.0 bd=0.0,0.0,0.0,0.0 flags=0 nparts=7 pmin=28.7 smin=0.0 ls=0,0,0,0
[21:21:37.135] [JOIN] INFO: [med] SEND hand=12,2378540032 npc=1 blood=51.8 bleed=0.00 fl=27.3,55.1,80.0,80.0 bd=0.0,0.0,0.0,0.0 flags=0 nparts=7 pmin=24.5 smin=0.0 ls=0,0,0,0
[21:21:37.135] [JOIN] INFO: [med] SEND hand=13,1294067328 npc=1 blood=51.0 bleed=0.00 fl=80.0,49.8,80.0,80.0 bd=0.0,0.0,0.0,0.0 flags=1 nparts=7 pmin=49.8 smin=0.0 ls=0,0,0,0
[21:21:37.135] [JOIN] INFO: [stats] SEND hand=1,1803832960 str=6.0 dex=21.7 tough=5.0 stealth=1.0 athl=5.0 xp=0 fap=0
[21:21:37.561] [JOIN] INFO: [med] SEND hand=4,2748413184 npc=1 blood=63.6 bleed=0.00 fl=100.0,78.9,100.0,100.0 bd=0.0,0.0,0.0,0.0 flags=0 nparts=7 pmin=53.5 smin=0.0 ls=0,0,0,0
[21:21:37.657] [JOIN] INFO: [med] SEND hand=4,3570068480 npc=1 blood=70.8 bleed=0.00 fl=80.0,80.0,80.0,52.4 bd=0.0,0.0,0.0,0.0 flags=0 nparts=7 pmin=52.4 smin=0.0 ls=0,0,0,0
[21:21:37.657] [JOIN] INFO: [med] SEND hand=11,1144043008 npc=1 blood=72.3 bleed=0.00 fl=100.0,100.0,100.0,80.8 bd=0.0,0.0,0.0,0.0 flags=0 nparts=7 pmin=80.8 smin=0.0 ls=0,0,0,0
[21:21:37.915] [JOIN] INFO: [med] SEND hand=6,2628784128 npc=1 blood=49.8 bleed=0.00 fl=80.0,80.0,-7.2,80.0 bd=0.0,0.0,0.0,0.0 flags=0 nparts=7 pmin=49.5 smin=0.0 ls=0,0,0,0
[21:21:37.915] [JOIN] INFO: [stats] SEND hand=2,2692504832 str=4.6 dex=32.4 tough=2.0 stealth=20.0 athl=2.0 xp=0 fap=0
[21:21:38.136] [JOIN] INFO: [med] SEND hand=12,2378540032 npc=1 blood=46.4 bleed=0.00 fl=27.3,55.1,80.0,80.0 bd=0.0,0.0,0.0,0.0 flags=0 nparts=7 pmin=24.5 smin=0.0 ls=0,0,0,0
[21:21:38.657] [JOIN] INFO: [combat] CAP hand=1,1803832960 task=65024 tgt=1,3,1850830080,11,1144043008
[21:21:38.657] [JOIN] INFO: [combat] CAP hand=2,2692504832 task=65024 tgt=1,2,3879394560,6,2628784128
[21:21:38.741] [JOIN] INFO: [med] SEND hand=11,1357177728 npc=1 blood=55.6 bleed=0.00 fl=50.7,80.0,80.0,27.5 bd=0.0,0.0,0.0,0.0 flags=0 nparts=7 pmin=27.5 smin=0.0 ls=0,0,0,0
[21:21:39.199] [JOIN] INFO: [steam] session peer=76561199417484463 active=0 connecting=0 relay=0 err=0
[21:21:39.558] [JOIN] INFO: [ai] suspended=0 driven=0
[21:21:39.558] [JOIN] INFO: [trust] trusted=0 driven=0 grants=0 revokes=0
[21:21:39.995] [JOIN] INFO: [med] SEND hand=4,3570068480 npc=1 blood=65.8 bleed=0.00 fl=80.0,80.0,80.0,52.4 bd=0.0,0.0,0.0,0.0 flags=0 nparts=7 pmin=52.3 smin=0.0 ls=0,0,0,0
[21:21:39.995] [JOIN] INFO: [med] SEND hand=4,2748413184 npc=1 blood=59.2 bleed=0.00 fl=100.0,78.9,100.0,100.0 bd=0.0,0.0,0.0,0.0 flags=0 nparts=7 pmin=28.9 smin=0.0 ls=0,0,0,0
[21:21:39.995] [JOIN] INFO: [med] SEND hand=11,1144043008 npc=1 blood=67.8 bleed=0.00 fl=100.0,100.0,100.0,55.9 bd=0.0,0.0,0.0,0.0 flags=0 nparts=7 pmin=55.9 smin=0.0 ls=0,0,0,0
[21:21:39.995] [JOIN] INFO: [stats] SEND hand=1,1803832960 str=6.0 dex=22.3 tough=5.0 stealth=1.0 athl=5.0 xp=0 fap=0
[21:21:40.372] [JOIN] INFO: [med] SEND hand=3,1278564480 npc=1 blood=53.0 bleed=0.00 fl=58.5,100.0,100.0,70.7 bd=0.0,0.0,0.0,0.0 flags=0 nparts=7 pmin=58.5 smin=0.0 ls=0,0,0,0
[21:21:40.372] [JOIN] INFO: [stats] SEND hand=2,2692504832 str=4.7 dex=32.7 tough=2.0 stealth=20.0 athl=2.0 xp=0 fap=0
[21:21:40.431] [JOIN] INFO: [cam] center=-11317.1,1120.2,-127893.1
[21:21:40.662] [JOIN] INFO: [combat] CAP hand=1,1803832960 task=65024 tgt=1,3,1850830080,11,1144043008
[21:21:40.662] [JOIN] INFO: [combat] CAP hand=2,2692504832 task=65024 tgt=1,2,3879394560,6,2628784128
[21:21:40.662] [JOIN] INFO: [med] SEND hand=1,8789062 npc=1 blood=66.7 bleed=0.00 fl=51.9,80.0,80.0,80.0 bd=0.0,0.0,0.0,0.0 flags=0 nparts=7 pmin=51.9 smin=0.0 ls=0,0,0,0
[21:21:40.761] [JOIN] INFO: [med] SEND hand=2,2692504832 npc=0 blood=78.5 bleed=0.00 fl=100.0,100.0,100.0,100.0 bd=0.0,0.0,0.0,0.0 flags=0 nparts=7 pmin=100.0 smin=0.0 ls=0,0,0,0
[21:21:40.995] [JOIN] INFO: [med] SEND hand=4,2748413184 npc=1 blood=55.3 bleed=0.00 fl=100.0,78.9,100.0,78.4 bd=0.0,0.0,0.0,0.0 flags=0 nparts=7 pmin=28.9 smin=0.0 ls=0,0,0,0
[21:21:40.995] [JOIN] INFO: [med] SEND hand=11,1144043008 npc=1 blood=62.8 bleed=0.00 fl=71.9,100.0,100.0,55.9 bd=0.0,0.0,0.0,0.0 flags=0 nparts=7 pmin=55.9 smin=0.0 ls=0,0,0,0
[21:21:41.682] [JOIN] INFO: [med] SEND hand=3,1278564480 npc=1 blood=47.7 bleed=0.00 fl=58.5,100.0,100.0,70.7 bd=0.0,0.0,0.0,0.0 flags=0 nparts=7 pmin=44.5 smin=0.0 ls=0,0,0,0
[21:21:41.682] [JOIN] INFO: [stats] SEND hand=2,2692504832 str=4.8 dex=33.0 tough=2.0 stealth=20.0 athl=2.0 xp=0 fap=0
[21:21:41.995] [JOIN] INFO: [med] SEND hand=4,2748413184 npc=1 blood=50.3 bleed=0.00 fl=100.0,78.9,100.0,78.4 bd=0.0,0.0,0.0,0.0 flags=0 nparts=7 pmin=28.9 smin=0.0 ls=0,0,0,0
[21:21:41.995] [JOIN] INFO: [med] SEND hand=11,1144043008 npc=1 blood=58.8 bleed=0.00 fl=71.9,100.0,100.0,33.9 bd=0.0,0.0,0.0,0.0 flags=0 nparts=7 pmin=33.9 smin=0.0 ls=0,0,0,0
[21:21:42.408] [JOIN] INFO: [fac] AFFECT-EV me='518-gamedata.base' whom='204-gamedata.base' event=0 mult=1.000 after=-100.00 skipped=5
[21:21:42.560] [JOIN] INFO: [ai] suspended=0 driven=0
[21:21:42.560] [JOIN] INFO: [trust] trusted=0 driven=0 grants=0 revokes=0
[21:21:42.593] [JOIN] INFO: [med] SEND hand=4,3570068480 npc=1 blood=60.8 bleed=0.00 fl=80.0,80.0,52.3,52.4 bd=0.0,0.0,0.0,0.0 flags=0 nparts=7 pmin=52.3 smin=0.0 ls=0,0,0,0
[21:21:42.593] [JOIN] INFO: [stats] SEND hand=1,1803832960 str=6.1 dex=22.8 tough=5.0 stealth=1.0 athl=5.0 xp=0 fap=0
[21:21:42.654] [JOIN] INFO: [med] SEND hand=1,1803832960 npc=0 blood=79.0 bleed=0.00 fl=100.0,100.0,100.0,100.0 bd=0.0,0.0,0.0,0.0 flags=0 nparts=7 pmin=100.0 smin=0.0 ls=0,0,0,0
[21:21:42.663] [JOIN] INFO: [combat] CAP hand=1,1803832960 task=65024 tgt=1,3,1850830080,11,1144043008
[21:21:42.663] [JOIN] INFO: [combat] CAP hand=2,2692504832 task=65024 tgt=1,2,3879394560,6,2628784128
[21:21:42.731] [JOIN] INFO: [census] sent n=86 radius=2000 mid=37
[21:21:42.994] [JOIN] INFO: [event] SEND id=10 ev=1 hand=1,3,1850830080,4,2748413184 actor=0,0 bs 0->1
[21:21:42.994] [JOIN] INFO: [med] SEND hand=3,1278564480 npc=1 blood=42.4 bleed=0.00 fl=58.5,100.0,100.0,70.7 bd=0.0,0.0,0.0,0.0 flags=0 nparts=7 pmin=44.5 smin=0.0 ls=0,0,0,0
[21:21:42.994] [JOIN] INFO: [stats] SEND hand=2,2692504832 str=4.9 dex=33.4 tough=2.0 stealth=20.0 athl=2.0 xp=0 fap=0
[21:21:42.999] [JOIN] INFO: [med] SEND hand=4,2748413184 npc=1 blood=40.9 bleed=0.00 fl=100.0,78.9,100.0,78.4 bd=0.0,0.0,0.0,0.0 flags=1 nparts=7 pmin=72.3 smin=0.0 ls=0,0,0,0
[21:21:42.999] [JOIN] INFO: [med] SEND hand=11,1144043008 npc=1 blood=50.4 bleed=0.00 fl=50.0,100.0,100.0,33.9 bd=0.0,0.0,0.0,0.0 flags=0 nparts=7 pmin=33.9 smin=0.0 ls=0,0,0,0
[21:21:43.957] [JOIN] INFO: [med] SEND hand=4,3570068480 npc=1 blood=55.9 bleed=0.00 fl=80.0,80.0,52.3,52.4 bd=0.0,0.0,0.0,0.0 flags=0 nparts=7 pmin=52.3 smin=0.0 ls=0,0,0,0
[21:21:43.957] [JOIN] INFO: [stats] SEND hand=1,1803832960 str=6.1 dex=23.3 tough=5.0 stealth=1.0 athl=5.0 xp=0 fap=0
[21:21:44.001] [JOIN] INFO: [med] SEND hand=11,1144043008 npc=1 blood=46.9 bleed=0.00 fl=50.0,100.0,100.0,14.5 bd=0.0,0.0,0.0,0.0 flags=0 nparts=7 pmin=14.5 smin=0.0 ls=0,0,0,0
[21:21:44.140] [JOIN] INFO: [med] SEND hand=5,2032470656 npc=1 blood=51.3 bleed=0.00 fl=28.7,80.0,50.1,80.0 bd=0.0,0.0,0.0,0.0 flags=0 nparts=7 pmin=25.1 smin=0.0 ls=0,0,0,0
[21:21:44.665] [JOIN] INFO: [combat] CAP hand=1,1803832960 task=65024 tgt=1,2,3879394560,4,3570068480
[21:21:44.665] [JOIN] INFO: [combat] CAP hand=2,2692504832 task=65024 tgt=1,2,3879394560,8,2233154304
[21:21:45.316] [JOIN] INFO: [med] SEND hand=4,3570068480 npc=1 blood=50.9 bleed=0.00 fl=80.0,52.4,52.3,52.4 bd=0.0,0.0,0.0,0.0 flags=0 nparts=7 pmin=52.3 smin=0.0 ls=0,0,0,0
[21:21:45.316] [JOIN] INFO: [med] SEND hand=5,2032470656 npc=1 blood=46.3 bleed=0.00 fl=1.1,80.0,50.1,80.0 bd=0.0,0.0,0.0,0.0 flags=0 nparts=7 pmin=1.1 smin=0.0 ls=0,0,0,0
[21:21:45.316] [JOIN] INFO: [med] SEND hand=11,1144043008 npc=1 blood=43.4 bleed=0.00 fl=50.0,100.0,100.0,-5.0 bd=0.0,0.0,0.0,0.0 flags=0 nparts=7 pmin=50.0 smin=0.0 ls=0,0,0,0
[21:21:45.316] [JOIN] INFO: [stats] SEND hand=1,1803832960 str=6.2 dex=23.7 tough=5.0 stealth=1.0 athl=5.0 xp=0 fap=0
[21:21:45.432] [JOIN] INFO: [cam] center=-11310.7,1120.5,-127904.3
[21:21:45.526] [JOIN] INFO: [med] SEND hand=6,2628784128 npc=1 blood=44.2 bleed=0.00 fl=80.0,80.0,-7.2,80.0 bd=0.0,0.0,0.0,0.0 flags=0 nparts=7 pmin=18.7 smin=0.0 ls=0,0,0,0
[21:21:45.526] [JOIN] INFO: [med] SEND hand=8,765625024 npc=1 blood=50.7 bleed=0.00 fl=100.0,100.0,77.6,71.0 bd=0.0,0.0,0.0,0.0 flags=0 nparts=7 pmin=41.9 smin=0.0 ls=0,0,0,0
[21:21:45.526] [JOIN] INFO: [stats] SEND hand=2,2692504832 str=4.9 dex=33.7 tough=2.0 stealth=20.0 athl=2.0 xp=0 fap=0
[21:21:45.564] [JOIN] INFO: [ai] suspended=0 driven=0
[21:21:45.564] [JOIN] INFO: [trust] trusted=0 driven=0 grants=0 revokes=0
[21:21:45.576] [JOIN] INFO: [med] SEND hand=16,527587904 npc=1 blood=44.0 bleed=0.00 fl=48.8,53.3,80.0,80.0 bd=0.0,0.0,0.0,0.0 flags=0 nparts=7 pmin=18.9 smin=0.0 ls=0,0,0,0
[21:21:46.666] [JOIN] INFO: [combat] CAP hand=1,1803832960 task=65024 tgt=1,2,3879394560,4,3570068480
[21:21:46.666] [JOIN] INFO: [combat] CAP hand=2,2692504832 task=65024 tgt=1,2,3879394560,6,2628784128
[21:21:46.678] [JOIN] INFO: [event] SEND id=11 ev=1 hand=1,2,3879394560,5,2032470656 actor=0,0 bs 0->1
[21:21:46.678] [JOIN] INFO: [med] SEND hand=4,3570068480 npc=1 blood=45.9 bleed=0.00 fl=52.4,52.4,52.3,52.4 bd=0.0,0.0,0.0,0.0 flags=0 nparts=7 pmin=52.3 smin=0.0 ls=0,0,0,0
[21:21:46.678] [JOIN] INFO: [med] SEND hand=5,2032470656 npc=1 blood=41.3 bleed=0.00 fl=1.1,80.0,50.1,80.0 bd=0.0,0.0,0.0,0.0 flags=1 nparts=7 pmin=1.1 smin=0.0 ls=0,0,0,0
[21:21:46.678] [JOIN] INFO: [med] SEND hand=11,1144043008 npc=1 blood=38.9 bleed=0.00 fl=25.0,100.0,100.0,-5.0 bd=0.0,0.0,0.0,0.0 flags=0 nparts=7 pmin=25.0 smin=0.0 ls=0,0,0,0
[21:21:46.678] [JOIN] INFO: [stats] SEND hand=1,1803832960 str=6.2 dex=24.2 tough=5.0 stealth=1.0 athl=5.0 xp=0 fap=0
[21:21:47.068] [JOIN] INFO: [event] SEND id=12 ev=1 hand=1,2,3879394560,12,2378540032 actor=0,0 bs 0->1
[21:21:47.068] [JOIN] INFO: [med] SEND hand=6,2628784128 npc=1 blood=38.7 bleed=0.00 fl=80.0,80.0,-7.2,49.3 bd=0.0,0.0,0.0,0.0 flags=0 nparts=7 pmin=18.7 smin=0.0 ls=0,0,0,0
[21:21:47.069] [JOIN] INFO: [med] SEND hand=11,1357177728 npc=1 blood=50.1 bleed=0.00 fl=20.1,80.0,80.0,27.5 bd=0.0,0.0,0.0,0.0 flags=0 nparts=7 pmin=20.1 smin=0.0 ls=0,0,0,0
[21:21:47.069] [JOIN] INFO: [med] SEND hand=12,2378540032 npc=1 blood=41.0 bleed=0.00 fl=27.3,55.1,80.0,80.0 bd=0.0,0.0,0.0,0.0 flags=1 nparts=7 pmin=27.3 smin=0.0 ls=0,0,0,0
[21:21:47.069] [JOIN] INFO: [stats] SEND hand=2,2692504832 str=5.0 dex=33.9 tough=2.0 stealth=20.0 athl=2.0 xp=0 fap=0
[21:21:47.409] [JOIN] INFO: [fac] AFFECT-EV me='518-gamedata.base' whom='204-gamedata.base' event=0 mult=1.000 after=-100.00 skipped=13
[21:21:47.593] [JOIN] INFO: [steam] accepted inbound session from 76561198346257175
[21:21:48.293] [JOIN] INFO: [med] SEND hand=1,8789062 npc=1 blood=61.5 bleed=0.00 fl=51.9,80.0,51.2,80.0 bd=0.0,0.0,0.0,0.0 flags=0 nparts=7 pmin=51.2 smin=0.0 ls=0,0,0,0
[21:21:48.293] [JOIN] INFO: [med] SEND hand=4,3570068480 npc=1 blood=41.0 bleed=0.00 fl=24.7,52.4,52.3,52.4 bd=0.0,0.0,0.0,0.0 flags=0 nparts=7 pmin=24.7 smin=0.0 ls=0,0,0,0
[21:21:48.293] [JOIN] INFO: [med] SEND hand=1,3773803776 npc=1 blood=96.8 bleed=0.00 fl=100.0,78.5,86.8,100.0 bd=0.0,0.0,0.0,0.0 flags=0 nparts=7 pmin=78.5 smin=0.0 ls=0,0,0,0
[21:21:48.293] [JOIN] INFO: [stats] SEND hand=1,1803832960 str=6.3 dex=24.6 tough=5.0 stealth=1.0 athl=5.0 xp=0 fap=0
[21:21:48.332] [JOIN] INFO: [med] SEND hand=1,1803832960 npc=0 blood=79.5 bleed=0.00 fl=100.0,100.0,100.0,100.0 bd=0.0,0.0,0.0,0.0 flags=0 nparts=7 pmin=100.0 smin=0.0 ls=0,0,0,0
[21:21:48.568] [JOIN] INFO: [ai] suspended=0 driven=0
[21:21:48.568] [JOIN] INFO: [trust] trusted=0 driven=0 grants=0 revokes=0
[21:21:48.667] [JOIN] INFO: [combat] CAP hand=1,1803832960 task=65024 tgt=1,2,3879394560,4,3570068480
[21:21:48.667] [JOIN] INFO: [combat] CAP hand=2,2692504832 task=65024 tgt=1,2,3879394560,6,2628784128
[21:21:49.197] [JOIN] INFO: [taskkey] key=1 desc='Moving' repro=0 subject=1
[21:21:49.483] [JOIN] INFO: [med] SEND hand=11,1144043008 npc=1 blood=33.8 bleed=0.00 fl=25.0,100.0,100.0,-33.2 bd=0.0,0.0,0.0,0.0 flags=0 nparts=7 pmin=25.0 smin=0.0 ls=0,0,0,0
[21:21:49.483] [JOIN] INFO: [stats] SEND hand=2,2692504832 str=5.1 dex=34.2 tough=2.0 stealth=20.0 athl=2.0 xp=0 fap=0
[21:21:49.580] [JOIN] INFO: [med] SEND hand=16,527587904 npc=1 blood=38.4 bleed=0.00 fl=48.8,22.0,80.0,80.0 bd=0.0,0.0,0.0,0.0 flags=0 nparts=7 pmin=18.9 smin=0.0 ls=0,0,0,0
[21:21:49.998] [JOIN] INFO: [med] SEND hand=3,1278564480 npc=1 blood=38.2 bleed=0.00 fl=35.3,100.0,100.0,70.7 bd=0.0,0.0,0.0,0.0 flags=0 nparts=7 pmin=35.3 smin=0.0 ls=0,0,0,0
[21:21:50.430] [JOIN] INFO: [cam] center=-11317.4,1119.1,-127912.9
[21:21:50.668] [JOIN] INFO: [combat] CAP hand=1,1803832960 task=65024 tgt=1,2,3879394560,4,3570068480
[21:21:50.668] [JOIN] INFO: [combat] CAP hand=2,2692504832 task=65024 tgt=1,2,3879394560,5,2032470656
[21:21:50.781] [JOIN] INFO: [med] SEND hand=1,8789062 npc=1 blood=55.7 bleed=0.00 fl=51.9,80.0,51.2,47.8 bd=0.0,0.0,0.0,0.0 flags=0 nparts=7 pmin=47.8 smin=0.0 ls=0,0,0,0
[21:21:50.781] [JOIN] INFO: [med] SEND hand=4,3570068480 npc=1 blood=35.4 bleed=0.00 fl=24.7,52.4,52.3,52.4 bd=0.0,0.0,0.0,0.0 flags=0 nparts=7 pmin=24.7 smin=0.6 ls=0,0,0,0
[21:21:50.781] [JOIN] INFO: [med] SEND hand=11,1144043008 npc=1 blood=28.7 bleed=0.00 fl=25.0,100.0,100.0,-33.2 bd=0.0,0.0,0.0,0.0 flags=0 nparts=7 pmin=25.0 smin=0.0 ls=0,0,0,0
[21:21:50.782] [JOIN] INFO: [stats] SEND hand=2,2692504832 str=5.1 dex=34.4 tough=2.0 stealth=20.0 athl=2.0 xp=0 fap=0
[21:21:50.868] [JOIN] INFO: [stats] SEND hand=1,1803832960 str=6.3 dex=25.0 tough=5.0 stealth=1.0 athl=5.0 xp=0 fap=0
[21:21:51.358] [JOIN] INFO: [steam] dropping packets from unexpected peer 76561198346257175
[21:21:51.568] [JOIN] INFO: [ai] suspended=0 driven=0
[21:21:51.568] [JOIN] INFO: [trust] trusted=0 driven=0 grants=0 revokes=0
[21:21:51.781] [JOIN] INFO: [med] SEND hand=4,3570068480 npc=1 blood=30.5 bleed=0.00 fl=24.7,52.4,24.9,52.4 bd=0.0,0.0,0.0,0.0 flags=0 nparts=7 pmin=24.7 smin=0.6 ls=0,0,0,0
[21:21:51.781] [JOIN] INFO: [med] SEND hand=11,1144043008 npc=1 blood=24.2 bleed=0.00 fl=25.0,100.0,100.0,-33.2 bd=0.0,0.0,0.0,0.0 flags=0 nparts=7 pmin=25.0 smin=0.0 ls=0,0,0,0
[21:21:52.311] [JOIN] INFO: [med] SEND hand=2,55664064 npc=1 blood=59.5 bleed=0.00 fl=100.0,100.0,100.0,83.0 bd=0.0,0.0,0.0,0.0 flags=0 nparts=7 pmin=55.1 smin=0.0 ls=0,0,0,0
[21:21:52.311] [JOIN] INFO: [med] SEND hand=3,1278564480 npc=1 blood=32.8 bleed=0.00 fl=35.3,100.0,100.0,70.7 bd=0.0,0.0,0.0,0.0 flags=0 nparts=7 pmin=14.6 smin=0.0 ls=0,0,0,0
[21:21:52.311] [JOIN] INFO: [stats] SEND hand=2,2692504832 str=5.2 dex=34.7 tough=2.0 stealth=20.0 athl=2.0 xp=0 fap=0
[21:21:52.460] [JOIN] INFO: [med] SEND hand=1,8789062 npc=1 blood=50.6 bleed=0.00 fl=23.2,80.0,51.2,47.8 bd=0.0,0.0,0.0,0.0 flags=0 nparts=7 pmin=23.2 smin=0.0 ls=0,0,0,0
[21:21:52.460] [JOIN] INFO: [stats] SEND hand=1,1803832960 str=6.4 dex=25.3 tough=5.0 stealth=1.0 athl=5.0 xp=0 fap=0
[21:21:52.666] [JOIN] INFO: [med] SEND hand=10,2022583040 npc=1 blood=62.1 bleed=0.00 fl=80.0,80.0,51.3,55.7 bd=0.0,0.0,0.0,0.0 flags=0 nparts=7 pmin=51.3 smin=0.0 ls=0,0,0,0
[21:21:52.666] [JOIN] INFO: [med] SEND hand=9,3095214848 npc=1 blood=63.1 bleed=0.00 fl=100.0,100.0,100.0,100.0 bd=0.0,0.0,0.0,0.0 flags=0 nparts=7 pmin=51.8 smin=0.0 ls=0,0,0,0
[21:21:52.670] [JOIN] INFO: [combat] CAP hand=1,1803832960 task=65024 tgt=1,2,3879394560,1,8789062
[21:21:52.670] [JOIN] INFO: [combat] CAP hand=2,2692504832 task=65024 tgt=1,2,3879394560,5,2032470656
[21:21:52.741] [JOIN] INFO: [census] sent n=86 radius=2000 mid=37
[21:21:52.782] [JOIN] INFO: [med] SEND hand=11,1144043008 npc=1 blood=19.1 bleed=0.00 fl=25.0,100.0,100.0,-33.2 bd=0.0,0.0,0.0,0.0 flags=0 nparts=7 pmin=21.8 smin=0.0 ls=0,0,0,0
[21:21:53.800] [JOIN] INFO: [fac] AFFECT-EV me='518-gamedata.base' whom='204-gamedata.base' event=0 mult=1.000 after=-100.00 skipped=8
[21:21:54.573] [JOIN] INFO: [ai] suspended=0 driven=0
[21:21:54.573] [JOIN] INFO: [trust] trusted=0 driven=0 grants=0 revokes=0
[21:21:54.673] [JOIN] INFO: [combat] CAP hand=1,1803832960 task=65024 tgt=1,2,3879394560,4,3570068480
[21:21:54.673] [JOIN] INFO: [combat] CAP hand=2,2692504832 task=65024 tgt=1,2,3879394560,5,2032470656
[21:21:54.712] [JOIN] INFO: [med] SEND hand=1,8789062 npc=1 blood=44.8 bleed=0.00 fl=23.2,80.0,51.2,47.8 bd=0.0,0.0,0.0,0.0 flags=0 nparts=7 pmin=23.2 smin=0.0 ls=0,0,0,0
[21:21:54.712] [JOIN] INFO: [med] SEND hand=4,3570068480 npc=1 blood=24.9 bleed=0.00 fl=24.7,52.4,24.9,21.6 bd=0.0,0.0,0.0,0.0 flags=0 nparts=7 pmin=21.6 smin=0.6 ls=0,0,0,0
[21:21:54.712] [JOIN] INFO: [med] SEND hand=11,1144043008 npc=1 blood=15.2 bleed=0.00 fl=2.9,100.0,100.0,-33.2 bd=0.0,0.0,0.0,0.0 flags=0 nparts=7 pmin=2.9 smin=0.0 ls=0,0,0,0
[21:21:54.712] [JOIN] INFO: [stats] SEND hand=2,2692504832 str=5.2 dex=35.0 tough=2.0 stealth=20.0 athl=2.0 xp=0 fap=0
[21:21:55.022] [JOIN] INFO: [stats] SEND hand=1,1803832960 str=6.4 dex=25.7 tough=5.0 stealth=1.0 athl=5.0 xp=0 fap=0
[21:21:55.431] [JOIN] INFO: [cam] center=-11327.5,1117.6,-127905.9
[21:21:55.714] [JOIN] INFO: [med] SEND hand=4,3570068480 npc=1 blood=20.0 bleed=0.00 fl=-2.7,52.4,24.9,21.6 bd=0.0,0.0,0.0,0.0 flags=0 nparts=7 pmin=21.6 smin=0.6 ls=0,0,0,0
[21:21:55.714] [JOIN] INFO: [med] SEND hand=11,1144043008 npc=1 blood=10.6 bleed=0.00 fl=2.9,100.0,100.0,-33.2 bd=0.0,0.0,0.0,0.0 flags=0 nparts=7 pmin=2.9 smin=0.0 ls=0,0,0,0
[21:21:56.002] [JOIN] INFO: [med] SEND hand=1,8789062 npc=1 blood=39.1 bleed=0.00 fl=23.2,80.0,51.2,47.8 bd=0.0,0.0,0.0,0.0 flags=0 nparts=7 pmin=13.9 smin=0.0 ls=0,0,0,0
[21:21:56.002] [JOIN] INFO: [stats] SEND hand=2,2692504832 str=5.3 dex=35.2 tough=2.0 stealth=20.0 athl=2.0 xp=0 fap=0
[21:21:56.381] [JOIN] INFO: [stats] SEND hand=1,1803832960 str=6.4 dex=26.1 tough=5.0 stealth=1.0 athl=5.0 xp=0 fap=0
[21:21:56.673] [JOIN] INFO: [combat] CAP hand=1,1803832960 task=65024 tgt=1,2,3879394560,4,3570068480
[21:21:56.673] [JOIN] INFO: [combat] CAP hand=2,2692504832 task=65024 tgt=1,2,3879394560,5,2032470656
[21:21:56.716] [JOIN] INFO: [med] SEND hand=4,3570068480 npc=1 blood=9.6 bleed=0.00 fl=-2.7,52.4,-2.4,21.6 bd=0.0,0.0,0.0,0.0 flags=0 nparts=7 pmin=18.5 smin=0.6 ls=0,0,0,0
[21:21:56.716] [JOIN] INFO: [med] SEND hand=11,1144043008 npc=1 blood=2.2 bleed=0.00 fl=-19.1,100.0,100.0,-33.2 bd=0.0,0.0,0.0,0.0 flags=0 nparts=7 pmin=21.8 smin=0.0 ls=0,0,0,0
[21:21:57.292] [JOIN] INFO: [event] SEND id=13 ev=1 hand=1,3,1850830080,11,1144043008 actor=0,0 bs 0->1
[21:21:57.293] [JOIN] INFO: [med] SEND hand=1,8789062 npc=1 blood=33.4 bleed=0.00 fl=-8.5,80.0,51.2,47.8 bd=0.0,0.0,0.0,0.0 flags=0 nparts=7 pmin=13.9 smin=0.0 ls=0,0,0,0
[21:21:57.293] [JOIN] INFO: [stats] SEND hand=2,2692504832 str=5.4 dex=35.5 tough=2.0 stealth=20.0 athl=2.0 xp=0 fap=0
[21:21:57.573] [JOIN] INFO: [ai] suspended=0 driven=0
[21:21:57.573] [JOIN] INFO: [trust] trusted=0 driven=0 grants=0 revokes=0
[21:21:57.624] [JOIN] INFO: [med] SEND hand=2,2692504832 npc=0 blood=79.0 bleed=0.00 fl=100.0,100.0,100.0,100.0 bd=0.0,0.0,0.0,0.0 flags=0 nparts=7 pmin=100.0 smin=0.0 ls=0,0,0,0
[21:21:57.716] [JOIN] INFO: [med] SEND hand=4,3570068480 npc=1 blood=4.1 bleed=0.00 fl=-2.7,52.4,-32.9,21.6 bd=0.0,0.0,0.0,0.0 flags=0 nparts=7 pmin=18.5 smin=0.6 ls=0,0,0,0
[21:21:57.716] [JOIN] INFO: [med] SEND hand=11,1144043008 npc=1 blood=-2.9 bleed=0.00 fl=-19.1,100.0,100.0,-61.3 bd=0.0,0.0,0.0,0.0 flags=1 nparts=7 pmin=21.8 smin=0.0 ls=0,0,0,0
[21:21:57.738] [JOIN] INFO: [event] SEND id=14 ev=1 hand=1,2,3879394560,4,3570068480 actor=1,1803832960 bs 0->1
[21:21:57.738] [JOIN] INFO: [stats] SEND hand=1,1803832960 str=6.5 dex=26.3 tough=5.0 stealth=1.0 athl=5.0 xp=0 fap=0
[21:21:58.575] [JOIN] INFO: [med] SEND hand=1,8789062 npc=1 blood=27.7 bleed=0.00 fl=-40.1,80.0,51.2,47.8 bd=0.0,0.0,0.0,0.0 flags=0 nparts=7 pmin=13.9 smin=0.0 ls=0,0,0,0
[21:21:58.575] [JOIN] INFO: [med] SEND hand=1,3773803776 npc=1 blood=92.3 bleed=0.00 fl=100.0,53.9,86.8,100.0 bd=0.0,0.0,0.0,0.0 flags=0 nparts=7 pmin=53.9 smin=0.0 ls=0,0,0,0
[21:21:58.575] [JOIN] INFO: [stats] SEND hand=2,2692504832 str=5.4 dex=35.8 tough=2.0 stealth=20.0 athl=2.0 xp=0 fap=0
[21:21:58.676] [JOIN] INFO: [combat] CAP hand=1,1803832960 task=65024 tgt=1,2,3879394560,4,3570068480
[21:21:58.676] [JOIN] INFO: [combat] CAP hand=2,2692504832 task=65024 tgt=1,2,3879394560,5,2032470656
[21:21:58.716] [JOIN] INFO: [med] SEND hand=4,3570068480 npc=1 blood=-0.8 bleed=0.00 fl=-2.7,52.4,-32.9,21.6 bd=0.0,0.0,0.0,0.0 flags=1 nparts=7 pmin=18.5 smin=0.6 ls=0,0,0,0
[21:21:59.244] [JOIN] INFO: [steam] session peer=76561199417484463 active=0 connecting=0 relay=0 err=4
[21:21:59.291] [JOIN] INFO: [fac] AFFECT-EV me='518-gamedata.base' whom='204-gamedata.base' event=0 mult=1.000 after=-100.00 skipped=10
[21:21:59.316] [JOIN] INFO: [med] SEND hand=3,1278564480 npc=1 blood=28.6 bleed=0.00 fl=11.6,100.0,100.0,70.7 bd=0.0,0.0,0.0,0.0 flags=0 nparts=7 pmin=11.6 smin=0.0 ls=0,0,0,0
[21:22:00.433] [JOIN] INFO: [cam] center=-11335.9,1115.8,-127913.4
[21:22:00.576] [JOIN] INFO: [ai] suspended=0 driven=0
[21:22:00.576] [JOIN] INFO: [trust] trusted=0 driven=0 grants=0 revokes=0
[21:22:00.677] [JOIN] INFO: [combat] CAP hand=1,1803832960 task=65024 tgt=1,3,1850830080,11,1144043008
[21:22:00.677] [JOIN] INFO: [combat] CAP hand=2,2692504832 task=65024 tgt=1,2,3879394560,4,3570068480
[21:22:02.671] [JOIN] INFO: [med] SEND hand=3,2235839744 npc=1 blood=78.2 bleed=0.00 fl=80.0,80.0,80.0,80.0 bd=0.0,0.0,0.0,0.0 flags=0 nparts=7 pmin=80.0 smin=0.0 ls=0,0,0,0
[21:22:02.679] [JOIN] INFO: [combat] CAP hand=1,1803832960 task=65024 tgt=1,2,3879394560,4,3570068480
[21:22:02.679] [JOIN] INFO: [combat] CAP hand=2,2692504832 task=65024 tgt=1,3,1850830080,1,3773803776
[21:22:02.752] [JOIN] INFO: [census] sent n=86 radius=2000 mid=37
[21:22:03.185] [JOIN] INFO: [med] SEND hand=9,1187744128 npc=1 blood=78.2 bleed=0.00 fl=80.0,80.0,80.0,80.0 bd=0.0,0.0,0.0,0.0 flags=0 nparts=7 pmin=80.0 smin=0.0 ls=0,0,0,0
[21:22:03.185] [JOIN] INFO: [med] SEND hand=10,2605224704 npc=1 blood=78.2 bleed=0.00 fl=80.0,80.0,80.0,80.0 bd=0.0,0.0,0.0,0.0 flags=0 nparts=7 pmin=80.0 smin=0.0 ls=0,0,0,0
[21:22:03.246] [JOIN] INFO: [med] SEND hand=8,11230469 npc=1 blood=78.2 bleed=0.00 fl=80.0,80.0,80.0,80.0 bd=0.0,0.0,0.0,0.0 flags=0 nparts=7 pmin=80.0 smin=0.0 ls=0,0,0,0
[21:22:03.577] [JOIN] INFO: [ai] suspended=0 driven=0
[21:22:03.577] [JOIN] INFO: [trust] trusted=0 driven=0 grants=0 revokes=0
[21:22:03.621] [JOIN] INFO: [event] SEND id=15 ev=1 hand=1,2,3879394560,1,8789062 actor=2,2692504832 bs 0->1
[21:22:03.621] [JOIN] INFO: [med] SEND hand=1,8789062 npc=1 blood=22.0 bleed=0.00 fl=-40.1,80.0,51.2,47.8 bd=0.0,0.0,0.0,0.0 flags=1 nparts=7 pmin=47.8 smin=0.0 ls=0,0,0,0
[21:22:03.621] [JOIN] INFO: [med] SEND hand=1,3773803776 npc=1 blood=88.9 bleed=0.00 fl=100.0,53.9,67.5,100.0 bd=0.0,0.0,0.0,0.0 flags=0 nparts=7 pmin=53.9 smin=0.0 ls=0,0,0,0
[21:22:03.621] [JOIN] INFO: [med] SEND hand=9,3095214848 npc=1 blood=58.7 bleed=0.00 fl=100.0,100.0,76.0,100.0 bd=0.0,0.0,0.0,0.0 flags=0 nparts=7 pmin=51.8 smin=0.0 ls=0,0,0,0
[21:22:03.699] [JOIN] INFO: [med] SEND hand=5,4760742 npc=1 blood=78.3 bleed=0.00 fl=80.0,80.0,80.0,80.0 bd=0.0,0.0,0.0,0.0 flags=0 nparts=7 pmin=80.0 smin=0.0 ls=0,0,0,0
[21:22:04.336] [JOIN] INFO: [fac] AFFECT-EV me='518-gamedata.base' whom='204-gamedata.base' event=0 mult=1.000 after=-100.00 skipped=17
[21:22:04.577] [JOIN] INFO: [stats] SEND hand=2,2692504832 str=5.5 dex=36.0 tough=2.0 stealth=20.0 athl=2.0 xp=0 fap=0
[21:22:04.681] [JOIN] INFO: [combat] CAP hand=1,1803832960 task=65024 tgt=1,2,3879394560,4,3570068480
[21:22:04.681] [JOIN] INFO: [combat] CAP hand=2,2692504832 task=65024 tgt=1,2,3879394560,1,8789062
[21:22:04.748] [JOIN] INFO: [med] SEND hand=20,619384768 npc=1 blood=78.3 bleed=0.00 fl=80.0,80.0,80.0,80.0 bd=0.0,0.0,0.0,0.0 flags=0 nparts=7 pmin=80.0 smin=0.0 ls=0,0,0,0
[21:22:05.132] [JOIN] INFO: [med] SEND hand=1,3773803776 npc=1 blood=85.4 bleed=0.00 fl=100.0,53.9,48.2,100.0 bd=0.0,0.0,0.0,0.0 flags=0 nparts=7 pmin=48.2 smin=0.0 ls=0,0,0,0
[21:22:05.132] [JOIN] INFO: [med] SEND hand=3,1278564480 npc=1 blood=24.3 bleed=0.00 fl=11.6,100.0,100.0,47.0 bd=0.0,0.0,0.0,0.0 flags=0 nparts=7 pmin=11.6 smin=0.0 ls=0,0,0,0
[21:22:05.132] [JOIN] INFO: [med] SEND hand=9,3095214848 npc=1 blood=54.4 bleed=0.00 fl=100.0,100.0,52.0,100.0 bd=0.0,0.0,0.0,0.0 flags=0 nparts=7 pmin=51.8 smin=0.0 ls=0,0,0,0
[21:22:05.282] [JOIN] INFO: [med] SEND hand=1,1097534208 npc=1 blood=78.3 bleed=0.00 fl=80.0,80.0,80.0,80.0 bd=0.0,0.0,0.0,0.0 flags=0 nparts=7 pmin=80.0 smin=0.0 ls=0,0,0,0
[21:22:05.319] [JOIN] INFO: [med] SEND hand=2,55664064 npc=1 blood=54.2 bleed=0.00 fl=100.0,100.0,100.0,83.0 bd=0.0,0.0,0.0,0.0 flags=0 nparts=7 pmin=25.8 smin=0.0 ls=0,0,0,0
[21:22:05.433] [JOIN] INFO: [cam] center=-11329.7,1117.0,-127909.1
[21:22:05.576] [JOIN] INFO: [stats] SEND hand=2,2692504832 str=5.5 dex=36.4 tough=2.0 stealth=20.0 athl=2.0 xp=0 fap=0
[21:22:05.783] [JOIN] INFO: [med] SEND hand=7,2079345664 npc=1 blood=78.3 bleed=0.00 fl=80.0,80.0,80.0,80.0 bd=0.0,0.0,0.0,0.0 flags=0 nparts=7 pmin=80.0 smin=0.0 ls=0,0,0,0
[21:22:06.581] [JOIN] INFO: [ai] suspended=0 driven=0
[21:22:06.581] [JOIN] INFO: [trust] trusted=0 driven=0 grants=0 revokes=0
[21:22:06.681] [JOIN] INFO: [combat] CAP hand=1,1803832960 task=65024 tgt=1,2,3879394560,4,3570068480
[21:22:06.681] [JOIN] INFO: [combat] CAP hand=2,2692504832 task=65024 tgt=1,2,3879394560,1,8789062
[21:22:07.713] [JOIN] INFO: [med] SEND hand=11,2351196416 npc=1 blood=78.4 bleed=0.00 fl=80.0,80.0,80.0,80.0 bd=0.0,0.0,0.0,0.0 flags=0 nparts=7 pmin=80.0 smin=0.0 ls=0,0,0,0
[21:22:07.765] [JOIN] INFO: [med] SEND hand=15,620727552 npc=1 blood=78.4 bleed=0.00 fl=80.0,80.0,80.0,80.0 bd=0.0,0.0,0.0,0.0 flags=0 nparts=7 pmin=80.0 smin=0.0 ls=0,0,0,0
[21:22:07.933] [JOIN] INFO: [med] SEND hand=3,2235839744 npc=1 blood=78.5 bleed=0.00 fl=80.0,80.0,80.0,80.0 bd=0.0,0.0,0.0,0.0 flags=0 nparts=7 pmin=80.0 smin=0.0 ls=0,0,0,0
[21:22:08.265] [JOIN] INFO: [med] SEND hand=6,3893066496 npc=1 blood=78.4 bleed=0.00 fl=80.0,80.0,80.0,80.0 bd=0.0,0.0,0.0,0.0 flags=0 nparts=7 pmin=80.0 smin=0.0 ls=0,0,0,0
[21:22:08.280] [JOIN] INFO: [med] SEND hand=14,1174682624 npc=1 blood=78.4 bleed=0.00 fl=80.0,80.0,80.0,80.0 bd=0.0,0.0,0.0,0.0 flags=0 nparts=7 pmin=80.0 smin=0.0 ls=0,0,0,0
[21:22:08.290] [JOIN] INFO: [med] SEND hand=16,2179199232 npc=1 blood=78.4 bleed=0.00 fl=80.0,80.0,80.0,80.0 bd=0.0,0.0,0.0,0.0 flags=0 nparts=7 pmin=80.0 smin=0.0 ls=0,0,0,0
[21:22:08.290] [JOIN] INFO: [med] SEND hand=17,3389648384 npc=1 blood=78.4 bleed=0.00 fl=80.0,80.0,80.0,80.0 bd=0.0,0.0,0.0,0.0 flags=0 nparts=7 pmin=80.0 smin=0.0 ls=0,0,0,0
[21:22:08.357] [JOIN] INFO: [med] SEND hand=9,1187744128 npc=1 blood=78.5 bleed=0.00 fl=80.0,80.0,80.0,80.0 bd=0.0,0.0,0.0,0.0 flags=0 nparts=7 pmin=80.0 smin=0.0 ls=0,0,0,0
[21:22:08.378] [JOIN] INFO: [stats] SEND hand=2,2692504832 str=5.6 dex=36.7 tough=2.0 stealth=20.0 athl=2.0 xp=0 fap=0
[21:22:08.430] [JOIN] INFO: [med] SEND hand=10,2605224704 npc=1 blood=78.5 bleed=0.00 fl=80.0,80.0,80.0,80.0 bd=0.0,0.0,0.0,0.0 flags=0 nparts=7 pmin=80.0 smin=0.0 ls=0,0,0,0
[21:22:08.509] [JOIN] INFO: [med] SEND hand=8,11230469 npc=1 blood=78.5 bleed=0.00 fl=80.0,80.0,80.0,80.0 bd=0.0,0.0,0.0,0.0 flags=0 nparts=7 pmin=80.0 smin=0.0 ls=0,0,0,0
[21:22:08.545] [JOIN] INFO: [med] SEND hand=5,4760742 npc=1 blood=78.5 bleed=0.00 fl=80.0,80.0,80.0,80.0 bd=0.0,0.0,0.0,0.0 flags=0 nparts=7 pmin=80.0 smin=0.0 ls=0,0,0,0
[21:22:08.677] [JOIN] INFO: [med] SEND hand=10,2022583040 npc=1 blood=56.2 bleed=0.00 fl=80.0,80.0,51.3,55.7 bd=0.0,0.0,0.0,0.0 flags=0 nparts=7 pmin=47.2 smin=0.0 ls=0,0,0,0
[21:22:08.682] [JOIN] INFO: [combat] CAP hand=1,1803832960 task=65024 tgt=1,2,3879394560,4,3570068480
[21:22:08.682] [JOIN] INFO: [combat] CAP hand=2,2692504832 task=65024 tgt=1,3,1850830080,9,3095214848
[21:22:08.708] [JOIN] INFO: [med] SEND hand=2,2172485376 npc=1 blood=78.5 bleed=0.00 fl=80.0,80.0,80.0,80.0 bd=0.0,0.0,0.0,0.0 flags=0 nparts=7 pmin=80.0 smin=0.0 ls=0,0,0,0
[21:22:08.847] [JOIN] INFO: [med] SEND hand=20,619384768 npc=1 blood=78.5 bleed=0.00 fl=80.0,80.0,80.0,80.0 bd=0.0,0.0,0.0,0.0 flags=0 nparts=7 pmin=80.0 smin=0.0 ls=0,0,0,0
[21:22:08.862] [JOIN] INFO: [med] SEND hand=4,2141967744 npc=1 blood=78.5 bleed=0.00 fl=80.0,80.0,80.0,80.0 bd=0.0,0.0,0.0,0.0 flags=0 nparts=7 pmin=80.0 smin=0.0 ls=0,0,0,0
[21:22:08.942] [JOIN] INFO: [med] SEND hand=22,3337158144 npc=1 blood=78.5 bleed=0.00 fl=80.0,80.0,80.0,80.0 bd=0.0,0.0,0.0,0.0 flags=0 nparts=7 pmin=80.0 smin=0.0 ls=0,0,0,0
[21:22:08.947] [JOIN] INFO: [med] SEND hand=21,3567260672 npc=1 blood=78.5 bleed=0.00 fl=80.0,80.0,80.0,80.0 bd=0.0,0.0,0.0,0.0 flags=0 nparts=7 pmin=80.0 smin=0.0 ls=0,0,0,0
[21:22:09.136] [JOIN] INFO: [med] SEND hand=1,3773803776 npc=1 blood=81.9 bleed=0.00 fl=100.0,53.9,48.2,80.6 bd=0.0,0.0,0.0,0.0 flags=0 nparts=7 pmin=48.2 smin=0.0 ls=0,0,0,0
[21:22:09.136] [JOIN] INFO: [med] SEND hand=9,3095214848 npc=1 blood=50.1 bleed=0.00 fl=100.0,100.0,28.1,100.0 bd=0.0,0.0,0.0,0.0 flags=0 nparts=7 pmin=28.1 smin=0.0 ls=0,0,0,0
[21:22:09.292] [JOIN] INFO: [med] SEND hand=1,1097534208 npc=1 blood=78.5 bleed=0.00 fl=80.0,80.0,80.0,80.0 bd=0.0,0.0,0.0,0.0 flags=0 nparts=7 pmin=80.0 smin=0.0 ls=0,0,0,0
[21:22:09.320] [JOIN] INFO: [med] SEND hand=2,55664064 npc=1 blood=48.9 bleed=0.00 fl=100.0,100.0,100.0,83.0 bd=0.0,0.0,0.0,0.0 flags=0 nparts=7 pmin=25.8 smin=0.0 ls=0,0,0,0
[21:22:09.481] [JOIN] INFO: [med] SEND hand=15,620727552 npc=1 blood=78.5 bleed=0.00 fl=80.0,80.0,80.0,80.0 bd=0.0,0.0,0.0,0.0 flags=0 nparts=7 pmin=80.0 smin=0.0 ls=0,0,0,0
[21:22:09.496] [JOIN] INFO: [med] SEND hand=11,2351196416 npc=1 blood=78.5 bleed=0.00 fl=80.0,80.0,80.0,80.0 bd=0.0,0.0,0.0,0.0 flags=0 nparts=7 pmin=80.0 smin=0.0 ls=0,0,0,0
[21:22:09.576] [JOIN] INFO: [med] SEND hand=6,3893066496 npc=1 blood=78.5 bleed=0.00 fl=80.0,80.0,80.0,80.0 bd=0.0,0.0,0.0,0.0 flags=0 nparts=7 pmin=80.0 smin=0.0 ls=0,0,0,0
[21:22:09.576] [JOIN] INFO: [med] SEND hand=14,1174682624 npc=1 blood=78.5 bleed=0.00 fl=80.0,80.0,80.0,80.0 bd=0.0,0.0,0.0,0.0 flags=0 nparts=7 pmin=80.0 smin=0.0 ls=0,0,0,0
[21:22:09.576] [JOIN] INFO: [med] SEND hand=17,3389648384 npc=1 blood=78.5 bleed=0.00 fl=80.0,80.0,80.0,80.0 bd=0.0,0.0,0.0,0.0 flags=0 nparts=7 pmin=80.0 smin=0.0 ls=0,0,0,0
[21:22:09.581] [JOIN] INFO: [med] SEND hand=16,2179199232 npc=1 blood=78.5 bleed=0.00 fl=80.0,80.0,80.0,80.0 bd=0.0,0.0,0.0,0.0 flags=0 nparts=7 pmin=80.0 smin=0.0 ls=0,0,0,0
[21:22:09.582] [JOIN] INFO: [ai] suspended=0 driven=0
[21:22:09.582] [JOIN] INFO: [trust] trusted=0 driven=0 grants=0 revokes=0
[21:22:09.693] [JOIN] INFO: [med] SEND hand=13,2228393472 npc=1 blood=78.5 bleed=0.00 fl=80.0,80.0,80.0,80.0 bd=0.0,0.0,0.0,0.0 flags=0 nparts=7 pmin=80.0 smin=0.0 ls=0,0,0,0
[21:22:09.693] [JOIN] INFO: [med] SEND hand=18,1051513664 npc=1 blood=78.5 bleed=0.00 fl=80.0,80.0,80.0,80.0 bd=0.0,0.0,0.0,0.0 flags=0 nparts=7 pmin=80.0 smin=0.0 ls=0,0,0,0
[21:22:09.693] [JOIN] INFO: [med] SEND hand=23,3112182528 npc=1 blood=78.5 bleed=0.00 fl=80.0,80.0,80.0,80.0 bd=0.0,0.0,0.0,0.0 flags=0 nparts=7 pmin=80.0 smin=0.0 ls=0,0,0,0
[21:22:09.711] [JOIN] INFO: [med] SEND hand=2,2172485376 npc=1 blood=78.5 bleed=0.00 fl=80.0,80.0,80.0,80.0 bd=0.0,0.0,0.0,0.0 flags=0 nparts=7 pmin=80.0 smin=0.0 ls=0,0,0,0
[21:22:09.786] [JOIN] INFO: [med] SEND hand=7,2079345664 npc=1 blood=78.5 bleed=0.00 fl=80.0,80.0,80.0,80.0 bd=0.0,0.0,0.0,0.0 flags=0 nparts=7 pmin=80.0 smin=0.0 ls=0,0,0,0
[21:22:09.863] [JOIN] INFO: [med] SEND hand=4,2141967744 npc=1 blood=78.5 bleed=0.00 fl=80.0,80.0,80.0,80.0 bd=0.0,0.0,0.0,0.0 flags=0 nparts=7 pmin=80.0 smin=0.0 ls=0,0,0,0
[21:22:09.948] [JOIN] INFO: [med] SEND hand=21,3567260672 npc=1 blood=78.5 bleed=0.00 fl=80.0,80.0,80.0,80.0 bd=0.0,0.0,0.0,0.0 flags=0 nparts=7 pmin=80.0 smin=0.0 ls=0,0,0,0
[21:22:09.948] [JOIN] INFO: [med] SEND hand=22,3337158144 npc=1 blood=78.5 bleed=0.00 fl=80.0,80.0,80.0,80.0 bd=0.0,0.0,0.0,0.0 flags=0 nparts=7 pmin=80.0 smin=0.0 ls=0,0,0,0
[21:22:10.158] [JOIN] INFO: [fac] AFFECT-EV me='518-gamedata.base' whom='204-gamedata.base' event=0 mult=1.000 after=-100.00 skipped=7
[21:22:10.433] [JOIN] INFO: [cam] center=-11331.9,1116.6,-127910.6
[21:22:10.476] [JOIN] INFO: [med] SEND hand=19,3308349696 npc=1 blood=78.5 bleed=0.00 fl=80.0,80.0,80.0,80.0 bd=0.0,0.0,0.0,0.0 flags=0 nparts=7 pmin=80.0 smin=0.0 ls=0,0,0,0
[21:22:10.682] [JOIN] INFO: [combat] CAP hand=1,1803832960 task=65024 tgt=1,2,3879394560,4,3570068480
[21:22:10.682] [JOIN] INFO: [combat] CAP hand=2,2692504832 task=65024 tgt=1,3,1850830080,9,3095214848
[21:22:10.697] [JOIN] INFO: [med] SEND hand=13,2228393472 npc=1 blood=78.5 bleed=0.00 fl=80.0,80.0,80.0,80.0 bd=0.0,0.0,0.0,0.0 flags=0 nparts=7 pmin=80.0 smin=0.0 ls=0,0,0,0
[21:22:10.697] [JOIN] INFO: [med] SEND hand=18,1051513664 npc=1 blood=78.5 bleed=0.00 fl=80.0,80.0,80.0,80.0 bd=0.0,0.0,0.0,0.0 flags=0 nparts=7 pmin=80.0 smin=0.0 ls=0,0,0,0
[21:22:10.697] [JOIN] INFO: [med] SEND hand=23,3112182528 npc=1 blood=78.5 bleed=0.00 fl=80.0,80.0,80.0,80.0 bd=0.0,0.0,0.0,0.0 flags=0 nparts=7 pmin=80.0 smin=0.0 ls=0,0,0,0
[21:22:10.738] [JOIN] INFO: [med] SEND hand=1,3773803776 npc=1 blood=79.1 bleed=0.00 fl=100.0,53.9,48.2,80.6 bd=0.0,0.0,0.0,0.0 flags=0 nparts=7 pmin=48.2 smin=0.0 ls=0,0,0,0
[21:22:10.738] [JOIN] INFO: [med] SEND hand=9,3095214848 npc=1 blood=44.6 bleed=0.00 fl=69.3,100.0,28.1,100.0 bd=0.0,0.0,0.0,0.0 flags=0 nparts=7 pmin=28.1 smin=0.0 ls=0,0,0,0
[21:22:10.738] [JOIN] INFO: [stats] SEND hand=2,2692504832 str=5.7 dex=37.0 tough=2.0 stealth=20.0 athl=2.0 xp=0 fap=0
[21:22:11.674] [JOIN] INFO: [med] SEND hand=9,1779785216 npc=1 blood=65.2 bleed=0.00 fl=80.0,80.0,54.1,46.9 bd=0.0,0.0,0.0,0.0 flags=0 nparts=7 pmin=46.9 smin=0.0 ls=0,0,0,0
[21:22:11.741] [JOIN] INFO: [stats] SEND hand=2,2692504832 str=5.7 dex=37.0 tough=2.0 stealth=20.0 athl=2.0 xp=0 fap=0
[21:22:12.318] [JOIN] INFO: [med] SEND hand=3,2235839744 npc=1 blood=72.6 bleed=0.00 fl=80.0,80.0,80.0,80.0 bd=0.0,0.0,0.0,0.0 flags=0 nparts=7 pmin=46.1 smin=0.0 ls=0,0,0,0
[21:22:12.584] [JOIN] INFO: [ai] suspended=0 driven=0
[21:22:12.584] [JOIN] INFO: [trust] trusted=0 driven=0 grants=0 revokes=0
[21:22:12.685] [JOIN] INFO: [combat] CAP hand=1,1803832960 task=65024 tgt=1,20,1741699200,5,4760742
[21:22:12.685] [JOIN] INFO: [combat] CAP hand=2,2692504832 task=65024 tgt=1,20,1741699200,20,619384768
[21:22:12.780] [JOIN] INFO: [census] sent n=86 radius=2000 mid=18
[21:22:12.834] [JOIN] INFO: [med] SEND hand=12,2288086016 npc=1 blood=78.6 bleed=0.00 fl=80.0,80.0,80.0,80.0 bd=0.0,0.0,0.0,0.0 flags=0 nparts=7 pmin=80.0 smin=0.0 ls=0,0,0,0
[21:22:13.940] [JOIN] INFO: [med] SEND hand=8,11230469 npc=1 blood=72.7 bleed=0.00 fl=80.0,80.0,80.0,80.0 bd=0.0,0.0,0.0,0.0 flags=0 nparts=7 pmin=46.1 smin=0.0 ls=0,0,0,0
[21:22:13.940] [JOIN] INFO: [stats] SEND hand=2,2692504832 str=5.7 dex=37.1 tough=2.0 stealth=20.0 athl=2.0 xp=0 fap=0
[21:22:14.688] [JOIN] INFO: [combat] CAP hand=1,1803832960 task=65024 tgt=1,20,1741699200,10,2605224704
[21:22:14.688] [JOIN] INFO: [combat] CAP hand=2,2692504832 task=65024 tgt=1,20,1741699200,7,2079345664
[21:22:14.942] [JOIN] INFO: [stats] SEND hand=2,2692504832 str=5.7 dex=37.1 tough=2.0 stealth=20.0 athl=2.0 xp=0 fap=0
[21:22:15.363] [JOIN] INFO: [fac] AFFECT-EV me='518-gamedata.base' whom='204-gamedata.base' event=0 mult=0.600 after=-100.00 skipped=80
[21:22:15.433] [JOIN] INFO: [cam] center=-11299.5,1122.4,-127923.4
[21:22:15.458] [JOIN] INFO: [med] SEND hand=2,2692504832 npc=0 blood=78.9 bleed=0.00 fl=100.0,100.0,100.0,100.0 bd=0.0,0.0,0.0,0.0 flags=0 nparts=7 pmin=92.1 smin=0.0 ls=0,0,0,0
[21:22:15.588] [JOIN] INFO: [ai] suspended=0 driven=0
[21:22:15.588] [JOIN] INFO: [trust] trusted=0 driven=0 grants=0 revokes=0
[21:22:15.944] [JOIN] INFO: [stats] SEND hand=2,2692504832 str=5.7 dex=37.1 tough=4.5 stealth=20.0 athl=2.1 xp=0 fap=0
[21:22:16.690] [JOIN] INFO: [combat] CAP hand=1,1803832960 task=65024 tgt=1,20,1741699200,1,1097534208
[21:22:16.690] [JOIN] INFO: [combat] CAP hand=2,2692504832 task=65024 tgt=1,20,1741699200,11,2351196416
[21:22:16.745] [JOIN] INFO: [med] SEND hand=1,1097534208 npc=1 blood=73.7 bleed=0.00 fl=80.0,80.0,51.2,80.0 bd=0.0,0.0,0.0,0.0 flags=0 nparts=7 pmin=51.2 smin=0.0 ls=0,0,0,0
[21:22:16.745] [JOIN] INFO: [med] SEND hand=15,620727552 npc=1 blood=73.5 bleed=0.00 fl=80.0,80.0,80.0,80.0 bd=0.0,0.0,0.0,0.0 flags=0 nparts=7 pmin=50.1 smin=0.0 ls=0,0,0,0
[21:22:16.745] [JOIN] INFO: [stats] SEND hand=1,1803832960 str=6.5 dex=26.5 tough=5.0 stealth=1.0 athl=5.0 xp=0 fap=0
[21:22:17.238] [JOIN] INFO: [med] SEND hand=2,2692504832 npc=0 blood=78.5 bleed=0.00 fl=100.0,100.0,100.0,92.8 bd=0.0,0.0,0.0,0.0 flags=0 nparts=7 pmin=92.1 smin=0.0 ls=0,0,0,0
[21:22:17.238] [JOIN] INFO: [stats] SEND hand=2,2692504832 str=5.7 dex=37.1 tough=6.7 stealth=20.0 athl=2.1 xp=0 fap=0
[21:22:17.301] [JOIN] INFO: [med] SEND hand=1,1803832960 npc=0 blood=79.5 bleed=0.00 fl=100.0,100.0,100.0,100.0 bd=0.0,0.0,0.0,0.0 flags=0 nparts=7 pmin=93.7 smin=0.0 ls=0,0,0,0
[21:22:17.640] [JOIN] INFO: [med] SEND hand=2,2692504832 npc=0 blood=78.0 bleed=0.00 fl=100.0,100.0,100.0,92.8 bd=0.0,0.0,0.0,0.0 flags=0 nparts=7 pmin=92.1 smin=0.0 ls=0,0,0,0
[21:22:17.706] [JOIN] INFO: [med] SEND hand=1,1803832960 npc=0 blood=79.2 bleed=0.00 fl=100.0,100.0,100.0,100.0 bd=0.0,0.0,0.0,0.0 flags=0 nparts=7 pmin=87.4 smin=0.0 ls=0,0,0,0
[21:22:17.744] [JOIN] INFO: [stats] SEND hand=1,1803832960 str=6.5 dex=26.5 tough=8.3 stealth=1.0 athl=5.0 xp=0 fap=0
[21:22:18.040] [JOIN] INFO: [med] SEND hand=2,2692504832 npc=0 blood=77.6 bleed=0.00 fl=100.0,100.0,100.0,92.8 bd=0.0,0.0,0.0,0.0 flags=0 nparts=7 pmin=83.8 smin=0.0 ls=0,0,0,0
[21:22:18.107] [JOIN] INFO: [med] SEND hand=1,1803832960 npc=0 blood=78.9 bleed=0.00 fl=100.0,100.0,100.0,100.0 bd=0.0,0.0,0.0,0.0 flags=0 nparts=7 pmin=81.2 smin=0.0 ls=0,0,0,0
[21:22:18.229] [JOIN] INFO: [med] SEND hand=3,2235839744 npc=1 blood=72.5 bleed=0.01 fl=80.0,80.0,80.0,80.0 bd=0.0,0.0,0.0,0.0 flags=0 nparts=7 pmin=46.1 smin=0.0 ls=0,0,0,0
[21:22:18.243] [JOIN] INFO: [stats] SEND hand=2,2692504832 str=5.7 dex=37.1 tough=10.3 stealth=20.0 athl=2.1 xp=0 fap=0
[21:22:18.591] [JOIN] INFO: [ai] suspended=0 driven=0
[21:22:18.591] [JOIN] INFO: [trust] trusted=0 driven=0 grants=0 revokes=0
[21:22:18.695] [JOIN] INFO: [combat] CAP hand=1,1803832960 task=65024 tgt=1,20,1741699200,1,1097534208
[21:22:18.695] [JOIN] INFO: [combat] CAP hand=2,2692504832 task=65024 tgt=1,20,1741699200,5,4760742
[21:22:18.748] [JOIN] INFO: [stats] SEND hand=1,1803832960 str=6.5 dex=26.5 tough=9.6 stealth=1.0 athl=5.0 xp=0 fap=0
[21:22:18.842] [JOIN] INFO: [med] SEND hand=10,2605224704 npc=1 blood=79.0 bleed=0.00 fl=80.0,80.0,80.0,80.0 bd=0.0,0.0,0.0,0.0 flags=0 nparts=7 pmin=80.0 smin=0.0 ls=0,0,0,0
[21:22:18.848] [JOIN] INFO: [med] SEND hand=9,1187744128 npc=1 blood=79.0 bleed=0.00 fl=80.0,80.0,80.0,80.0 bd=0.0,0.0,0.0,0.0 flags=0 nparts=7 pmin=80.0 smin=0.0 ls=0,0,0,0
[21:22:18.904] [JOIN] INFO: [med] SEND hand=5,4760742 npc=1 blood=73.1 bleed=0.00 fl=80.0,80.0,80.0,80.0 bd=0.0,0.0,0.0,0.0 flags=0 nparts=7 pmin=47.5 smin=0.0 ls=0,0,0,0
[21:22:18.904] [JOIN] INFO: [med] SEND hand=8,11230469 npc=1 blood=66.7 bleed=0.02 fl=80.0,80.0,47.7,80.0 bd=0.0,0.0,0.0,0.0 flags=0 nparts=7 pmin=46.0 smin=0.0 ls=0,0,0,0
[21:22:19.246] [JOIN] INFO: [stats] SEND hand=2,2692504832 str=5.8 dex=37.2 tough=10.3 stealth=20.0 athl=2.1 xp=0 fap=0
[21:22:19.252] [JOIN] INFO: [med] SEND hand=20,619384768 npc=1 blood=79.0 bleed=0.00 fl=80.0,80.0,80.0,80.0 bd=0.0,0.0,0.0,0.0 flags=0 nparts=7 pmin=80.0 smin=0.0 ls=0,0,0,0
[21:22:19.752] [JOIN] INFO: [stats] SEND hand=1,1803832960 str=6.5 dex=26.5 tough=9.6 stealth=1.0 athl=5.1 xp=0 fap=0
[21:22:19.801] [JOIN] INFO: [med] SEND hand=7,2079345664 npc=1 blood=79.0 bleed=0.00 fl=80.0,80.0,80.0,80.0 bd=0.0,0.0,0.0,0.0 flags=0 nparts=7 pmin=80.0 smin=0.0 ls=0,0,0,0
[21:22:19.918] [JOIN] INFO: [med] SEND hand=11,2351196416 npc=1 blood=79.0 bleed=0.00 fl=80.0,80.0,80.0,80.0 bd=0.0,0.0,0.0,0.0 flags=0 nparts=7 pmin=80.0 smin=0.0 ls=0,0,0,0
[21:22:19.988] [JOIN] INFO: [med] SEND hand=6,3893066496 npc=1 blood=79.0 bleed=0.00 fl=80.0,80.0,80.0,80.0 bd=0.0,0.0,0.0,0.0 flags=0 nparts=7 pmin=80.0 smin=0.0 ls=0,0,0,0
[21:22:20.019] [JOIN] INFO: [med] SEND hand=14,1174682624 npc=1 blood=79.0 bleed=0.00 fl=80.0,80.0,80.0,80.0 bd=0.0,0.0,0.0,0.0 flags=0 nparts=7 pmin=80.0 smin=0.0 ls=0,0,0,0
[21:22:20.019] [JOIN] INFO: [med] SEND hand=17,3389648384 npc=1 blood=79.0 bleed=0.00 fl=80.0,80.0,80.0,80.0 bd=0.0,0.0,0.0,0.0 flags=0 nparts=7 pmin=80.0 smin=0.0 ls=0,0,0,0
[21:22:20.027] [JOIN] INFO: [med] SEND hand=16,2179199232 npc=1 blood=79.0 bleed=0.00 fl=80.0,80.0,80.0,80.0 bd=0.0,0.0,0.0,0.0 flags=0 nparts=7 pmin=80.0 smin=0.0 ls=0,0,0,0
[21:22:20.046] [JOIN] INFO: [med] SEND hand=2,2172485376 npc=1 blood=79.0 bleed=0.00 fl=80.0,80.0,80.0,80.0 bd=0.0,0.0,0.0,0.0 flags=0 nparts=7 pmin=80.0 smin=0.0 ls=0,0,0,0
[21:22:20.072] [JOIN] INFO: [med] SEND hand=21,3567260672 npc=1 blood=79.0 bleed=0.00 fl=80.0,80.0,80.0,80.0 bd=0.0,0.0,0.0,0.0 flags=0 nparts=7 pmin=80.0 smin=0.0 ls=0,0,0,0
[21:22:20.078] [JOIN] INFO: [med] SEND hand=4,2141967744 npc=1 blood=79.0 bleed=0.00 fl=80.0,80.0,80.0,80.0 bd=0.0,0.0,0.0,0.0 flags=0 nparts=7 pmin=80.0 smin=0.0 ls=0,0,0,0
[21:22:20.107] [JOIN] INFO: [med] SEND hand=22,3337158144 npc=1 blood=79.0 bleed=0.00 fl=80.0,80.0,80.0,80.0 bd=0.0,0.0,0.0,0.0 flags=0 nparts=7 pmin=80.0 smin=0.0 ls=0,0,0,0
[21:22:20.133] [JOIN] INFO: [med] SEND hand=1,1803832960 npc=0 blood=78.5 bleed=0.00 fl=100.0,100.0,92.6,100.0 bd=0.0,0.0,0.0,0.0 flags=0 nparts=7 pmin=81.2 smin=0.0 ls=0,0,0,0
[21:22:20.133] [JOIN] INFO: [med] SEND hand=2,2692504832 npc=0 blood=77.2 bleed=0.00 fl=100.0,92.6,100.0,92.8 bd=0.0,0.0,0.0,0.0 flags=0 nparts=7 pmin=83.8 smin=0.0 ls=0,0,0,0
[21:22:20.247] [JOIN] INFO: [stats] SEND hand=2,2692504832 str=5.8 dex=37.2 tough=11.9 stealth=20.0 athl=2.1 xp=0 fap=0
[21:22:20.429] [JOIN] INFO: [cam] center=-11177.7,1146.3,-127935.4
[21:22:20.488] [JOIN] INFO: [med] SEND hand=19,3308349696 npc=1 blood=79.0 bleed=0.00 fl=80.0,80.0,80.0,80.0 bd=0.0,0.0,0.0,0.0 flags=0 nparts=7 pmin=80.0 smin=0.0 ls=0,0,0,0
[21:22:20.649] [JOIN] INFO: [med] SEND hand=12,2288086016 npc=1 blood=79.0 bleed=0.00 fl=80.0,80.0,80.0,80.0 bd=0.0,0.0,0.0,0.0 flags=0 nparts=7 pmin=80.0 smin=0.0 ls=0,0,0,0
[21:22:20.705] [JOIN] INFO: [med] SEND hand=13,2228393472 npc=1 blood=79.0 bleed=0.00 fl=80.0,80.0,80.0,80.0 bd=0.0,0.0,0.0,0.0 flags=0 nparts=7 pmin=80.0 smin=0.0 ls=0,0,0,0
[21:22:20.705] [JOIN] INFO: [med] SEND hand=18,1051513664 npc=1 blood=79.0 bleed=0.00 fl=80.0,80.0,80.0,80.0 bd=0.0,0.0,0.0,0.0 flags=0 nparts=7 pmin=80.0 smin=0.0 ls=0,0,0,0
[21:22:20.705] [JOIN] INFO: [med] SEND hand=23,3112182528 npc=1 blood=79.0 bleed=0.00 fl=80.0,80.0,80.0,80.0 bd=0.0,0.0,0.0,0.0 flags=0 nparts=7 pmin=80.0 smin=0.0 ls=0,0,0,0
[21:22:20.753] [JOIN] INFO: [stats] SEND hand=1,1803832960 str=6.5 dex=26.5 tough=10.9 stealth=1.0 athl=5.1 xp=0 fap=0
[21:22:21.595] [JOIN] INFO: [ai] suspended=0 driven=0
[21:22:21.595] [JOIN] INFO: [trust] trusted=0 driven=0 grants=0 revokes=0
[21:22:21.608] [JOIN] INFO: [stats] SEND hand=2,2692504832 str=5.8 dex=37.2 tough=11.9 stealth=20.0 athl=2.2 xp=0 fap=0
[21:22:21.780] [JOIN] INFO: [stats] SEND hand=1,1803832960 str=6.5 dex=26.5 tough=10.9 stealth=1.0 athl=5.2 xp=0 fap=0
[21:22:22.654] [JOIN] INFO: [taskkey] key=7 desc='Sheathing weapon' repro=0 subject=0
[21:22:22.678] [JOIN] INFO: [med] SEND hand=1,1803832960 npc=0 blood=78.5 bleed=0.00 fl=100.0,100.0,92.6,100.0 bd=0.0,0.0,0.0,0.0 flags=0 nparts=7 pmin=81.2 smin=0.0 ls=0,0,0,0
[21:22:22.806] [JOIN] INFO: [census] sent n=86 radius=2000 mid=48
[21:22:22.911] [JOIN] INFO: [med] SEND hand=8,11230469 npc=1 blood=66.6 bleed=0.03 fl=80.0,80.0,47.7,80.0 bd=0.0,0.0,0.0,0.0 flags=0 nparts=7 pmin=46.0 smin=0.0 ls=0,0,0,0
[21:22:23.154] [JOIN] INFO: [stats] SEND hand=2,2692504832 str=5.8 dex=37.2 tough=11.9 stealth=20.0 athl=2.3 xp=0 fap=0
[21:22:23.427] [JOIN] INFO: [stats] SEND hand=1,1803832960 str=6.5 dex=26.5 tough=10.9 stealth=1.0 athl=5.3 xp=0 fap=0
[21:22:24.004] [JOIN] INFO: [med] SEND hand=2,2692504832 npc=0 blood=77.3 bleed=0.00 fl=100.0,92.6,100.0,92.8 bd=0.0,0.0,0.0,0.0 flags=0 nparts=7 pmin=83.8 smin=0.0 ls=0,0,0,0
[21:22:24.600] [JOIN] INFO: [ai] suspended=0 driven=0
[21:22:24.600] [JOIN] INFO: [trust] trusted=0 driven=0 grants=0 revokes=0
[21:22:24.707] [JOIN] INFO: [stats] SEND hand=2,2692504832 str=5.8 dex=37.2 tough=11.9 stealth=20.0 athl=2.4 xp=0 fap=0
[21:22:25.079] [JOIN] INFO: [stats] SEND hand=1,1803832960 str=6.5 dex=26.5 tough=10.9 stealth=1.0 athl=5.4 xp=0 fap=0
[21:22:25.430] [JOIN] INFO: [cam] center=-10749.6,1173.1,-128011.7
[21:22:25.795] [JOIN] INFO: [med] SEND hand=8,11230469 npc=1 blood=66.5 bleed=0.02 fl=80.0,80.0,47.7,80.0 bd=0.0,0.0,0.0,0.0 flags=0 nparts=7 pmin=46.0 smin=0.0 ls=0,0,0,0
[21:22:26.263] [JOIN] INFO: [stats] SEND hand=2,2692504832 str=5.8 dex=37.2 tough=11.9 stealth=20.0 athl=2.5 xp=0 fap=0
[21:22:26.371] [JOIN] INFO: [med] SEND hand=2,2692504832 npc=0 blood=77.4 bleed=0.00 fl=100.0,92.6,100.0,92.8 bd=0.0,0.0,0.0,0.0 flags=0 nparts=7 pmin=83.8 smin=0.0 ls=0,0,0,0
[21:22:26.734] [JOIN] INFO: [stats] SEND hand=1,1803832960 str=6.5 dex=26.5 tough=10.9 stealth=1.0 athl=5.5 xp=0 fap=0
[21:22:27.072] [JOIN] INFO: [med] SEND hand=5,4760742 npc=1 blood=73.0 bleed=0.01 fl=80.0,80.0,80.0,80.0 bd=0.0,0.0,0.0,0.0 flags=0 nparts=7 pmin=47.4 smin=0.0 ls=0,0,0,0
[21:22:27.604] [JOIN] INFO: [ai] suspended=0 driven=0
[21:22:27.604] [JOIN] INFO: [trust] trusted=0 driven=0 grants=0 revokes=0
[21:22:27.820] [JOIN] INFO: [stats] SEND hand=2,2692504832 str=5.8 dex=37.2 tough=11.9 stealth=20.0 athl=2.6 xp=0 fap=0
[21:22:28.086] [JOIN] INFO: [med] SEND hand=2,2692504832 npc=0 blood=77.5 bleed=0.00 fl=100.0,92.6,100.0,92.8 bd=0.0,0.0,0.0,0.0 flags=0 nparts=7 pmin=83.8 smin=0.0 ls=0,0,0,0
[21:22:28.096] [JOIN] INFO: [fac] AFFECT-EV me='518-gamedata.base' whom='58701-rebirth.mod' event=1 mult=0.025 after=-100.00 skipped=0
[21:22:28.185] [JOIN] INFO: [fac] AFFECT-EV me='58701-rebirth.mod' whom='518-gamedata.base' event=1 mult=0.000 after=-100.00 skipped=0
[21:22:28.393] [JOIN] INFO: [stats] SEND hand=1,1803832960 str=6.5 dex=26.5 tough=10.9 stealth=1.0 athl=5.6 xp=0 fap=0
[21:22:28.818] [JOIN] INFO: [taskkey] key=227 desc='Attacking' repro=0 subject=1
[21:22:29.229] [JOIN] INFO: [med] SEND hand=10,2605224704 npc=1 blood=79.5 bleed=0.00 fl=80.0,80.0,80.0,80.0 bd=0.0,0.0,0.0,0.0 flags=0 nparts=7 pmin=80.0 smin=0.0 ls=0,0,0,0
[21:22:29.264] [JOIN] INFO: [med] SEND hand=9,1187744128 npc=1 blood=79.5 bleed=0.00 fl=80.0,80.0,80.0,80.0 bd=0.0,0.0,0.0,0.0 flags=0 nparts=7 pmin=80.0 smin=0.0 ls=0,0,0,0
[21:22:29.382] [JOIN] INFO: [stats] SEND hand=2,2692504832 str=5.8 dex=37.2 tough=11.9 stealth=20.0 athl=2.7 xp=0 fap=0
[21:22:29.685] [JOIN] INFO: [med] SEND hand=20,619384768 npc=1 blood=79.5 bleed=0.00 fl=80.0,80.0,80.0,80.0 bd=0.0,0.0,0.0,0.0 flags=0 nparts=7 pmin=80.0 smin=0.0 ls=0,0,0,0
[21:22:29.889] [JOIN] INFO: [med] SEND hand=1,1097534208 npc=1 blood=73.5 bleed=0.01 fl=80.0,80.0,51.1,80.0 bd=0.0,0.0,0.0,0.0 flags=0 nparts=7 pmin=51.1 smin=0.0 ls=0,0,0,0
[21:22:29.973] [JOIN] INFO: [med] SEND hand=7,2079345664 npc=1 blood=79.5 bleed=0.00 fl=80.0,80.0,80.0,80.0 bd=0.0,0.0,0.0,0.0 flags=0 nparts=7 pmin=80.0 smin=0.0 ls=0,0,0,0
[21:22:30.265] [JOIN] INFO: [med] SEND hand=2,2692504832 npc=0 blood=77.6 bleed=0.00 fl=100.0,92.6,100.0,92.8 bd=0.0,0.0,0.0,0.0 flags=0 nparts=7 pmin=83.8 smin=0.0 ls=0,0,0,0
[21:22:30.271] [JOIN] INFO: [stats] SEND hand=1,1803832960 str=6.5 dex=26.5 tough=10.9 stealth=1.0 athl=5.7 xp=0 fap=0
[21:22:30.326] [JOIN] INFO: [med] SEND hand=11,2351196416 npc=1 blood=79.5 bleed=0.00 fl=80.0,80.0,80.0,80.0 bd=0.0,0.0,0.0,0.0 flags=0 nparts=7 pmin=80.0 smin=0.0 ls=0,0,0,0
[21:22:30.391] [JOIN] INFO: [med] SEND hand=6,3893066496 npc=1 blood=79.5 bleed=0.00 fl=80.0,80.0,80.0,80.0 bd=0.0,0.0,0.0,0.0 flags=0 nparts=7 pmin=80.0 smin=0.0 ls=0,0,0,0
[21:22:30.420] [JOIN] INFO: [med] SEND hand=17,3389648384 npc=1 blood=79.5 bleed=0.00 fl=80.0,80.0,80.0,80.0 bd=0.0,0.0,0.0,0.0 flags=0 nparts=7 pmin=80.0 smin=0.0 ls=0,0,0,0
[21:22:30.426] [JOIN] INFO: [med] SEND hand=16,2179199232 npc=1 blood=79.5 bleed=0.00 fl=80.0,80.0,80.0,80.0 bd=0.0,0.0,0.0,0.0 flags=0 nparts=7 pmin=80.0 smin=0.0 ls=0,0,0,0
[21:22:30.433] [JOIN] INFO: [cam] center=-10312.6,1095.1,-128051.7
[21:22:30.442] [JOIN] INFO: [med] SEND hand=2,2172485376 npc=1 blood=79.5 bleed=0.00 fl=80.0,80.0,80.0,80.0 bd=0.0,0.0,0.0,0.0 flags=0 nparts=7 pmin=80.0 smin=0.0 ls=0,0,0,0
[21:22:30.470] [JOIN] INFO: [med] SEND hand=4,2141967744 npc=1 blood=79.5 bleed=0.00 fl=80.0,80.0,80.0,80.0 bd=0.0,0.0,0.0,0.0 flags=0 nparts=7 pmin=80.0 smin=0.0 ls=0,0,0,0
[21:22:30.492] [JOIN] INFO: [med] SEND hand=21,3567260672 npc=1 blood=79.5 bleed=0.00 fl=80.0,80.0,80.0,80.0 bd=0.0,0.0,0.0,0.0 flags=0 nparts=7 pmin=80.0 smin=0.0 ls=0,0,0,0
[21:22:30.492] [JOIN] INFO: [med] SEND hand=22,3337158144 npc=1 blood=79.5 bleed=0.00 fl=80.0,80.0,80.0,80.0 bd=0.0,0.0,0.0,0.0 flags=0 nparts=7 pmin=80.0 smin=0.0 ls=0,0,0,0
[21:22:30.608] [JOIN] INFO: [ai] suspended=0 driven=0
[21:22:30.608] [JOIN] INFO: [trust] trusted=0 driven=0 grants=0 revokes=0
[21:22:30.646] [JOIN] INFO: [med] SEND hand=14,1174682624 npc=1 blood=79.5 bleed=0.00 fl=80.0,80.0,80.0,80.0 bd=0.0,0.0,0.0,0.0 flags=0 nparts=7 pmin=80.0 smin=0.0 ls=0,0,0,0
[21:22:30.717] [JOIN] INFO: [med] SEND hand=13,2228393472 npc=1 blood=79.5 bleed=0.00 fl=80.0,80.0,80.0,80.0 bd=0.0,0.0,0.0,0.0 flags=0 nparts=7 pmin=80.0 smin=0.0 ls=0,0,0,0
[21:22:30.717] [JOIN] INFO: [med] SEND hand=18,1051513664 npc=1 blood=79.5 bleed=0.00 fl=80.0,80.0,80.0,80.0 bd=0.0,0.0,0.0,0.0 flags=0 nparts=7 pmin=80.0 smin=0.0 ls=0,0,0,0
[21:22:30.717] [JOIN] INFO: [med] SEND hand=19,3308349696 npc=1 blood=79.5 bleed=0.00 fl=80.0,80.0,80.0,80.0 bd=0.0,0.0,0.0,0.0 flags=0 nparts=7 pmin=80.0 smin=0.0 ls=0,0,0,0
[21:22:30.717] [JOIN] INFO: [med] SEND hand=23,3112182528 npc=1 blood=79.5 bleed=0.00 fl=80.0,80.0,80.0,80.0 bd=0.0,0.0,0.0,0.0 flags=0 nparts=7 pmin=80.0 smin=0.0 ls=0,0,0,0
[21:22:30.891] [JOIN] INFO: [med] SEND hand=1,1097534208 npc=1 blood=73.5 bleed=0.01 fl=80.0,80.0,51.1,80.0 bd=0.0,0.0,0.0,0.0 flags=0 nparts=7 pmin=51.1 smin=0.0 ls=0,0,0,0
[21:22:31.039] [JOIN] INFO: [stats] SEND hand=2,2692504832 str=5.8 dex=37.2 tough=11.9 stealth=20.0 athl=2.8 xp=0 fap=0
[21:22:31.051] [JOIN] INFO: [med] SEND hand=12,2288086016 npc=1 blood=79.5 bleed=0.00 fl=80.0,80.0,80.0,80.0 bd=0.0,0.0,0.0,0.0 flags=0 nparts=7 pmin=80.0 smin=0.0 ls=0,0,0,0
[21:22:31.233] [JOIN] INFO: [med] SEND hand=3,2235839744 npc=1 blood=72.3 bleed=0.01 fl=80.0,80.0,80.0,80.0 bd=0.0,0.0,0.0,0.0 flags=0 nparts=7 pmin=46.0 smin=0.0 ls=0,0,0,0
[21:22:31.863] [JOIN] INFO: [stats] SEND hand=1,1803832960 str=6.5 dex=26.5 tough=10.9 stealth=1.0 athl=5.8 xp=0 fap=0
[21:22:31.979] [JOIN] INFO: [coop-ui] panel closed
[21:22:31.990] [JOIN] INFO: [speed] REQ mult=1.00 paused=0 combat=0
[21:22:32.149] [JOIN] INFO: [med] SEND hand=1,1803832960 npc=0 blood=79.0 bleed=0.00 fl=100.0,100.0,92.6,100.0 bd=0.0,0.0,0.0,0.0 flags=0 nparts=7 pmin=81.2 smin=0.0 ls=0,0,0,0
[21:22:32.357] [JOIN] INFO: [coop-ui] panel opened
[21:22:32.371] [JOIN] INFO: [speed] REQ mult=1.00 paused=0 combat=0
[21:22:32.680] [JOIN] INFO: [stats] SEND hand=2,2692504832 str=5.8 dex=37.2 tough=11.9 stealth=20.0 athl=2.9 xp=0 fap=0
[21:22:32.757] [JOIN] INFO: [med] SEND hand=15,620727552 npc=1 blood=73.3 bleed=0.01 fl=80.0,80.0,80.0,80.0 bd=0.0,0.0,0.0,0.0 flags=0 nparts=7 pmin=50.0 smin=0.0 ls=0,0,0,0
[21:22:32.808] [JOIN] INFO: [med] SEND hand=8,11230469 npc=1 blood=66.3 bleed=0.02 fl=80.0,80.0,47.6,80.0 bd=0.0,0.0,0.0,0.0 flags=0 nparts=7 pmin=45.9 smin=0.0 ls=0,0,0,0
[21:22:32.832] [JOIN] INFO: [census] sent n=123 radius=2000 mid=48
[21:22:33.160] [JOIN] INFO: [med] SEND hand=1,1803832960 npc=0 blood=79.1 bleed=0.00 fl=100.0,100.0,92.6,100.0 bd=0.0,0.0,0.0,0.0 flags=0 nparts=7 pmin=81.2 smin=0.0 ls=0,0,0,0
[21:22:33.462] [JOIN] INFO: [stats] SEND hand=1,1803832960 str=6.5 dex=26.5 tough=10.9 stealth=1.0 athl=5.9 xp=0 fap=0
[21:22:33.610] [JOIN] INFO: [ai] suspended=0 driven=0
[21:22:33.610] [JOIN] INFO: [trust] trusted=0 driven=0 grants=0 revokes=0
[21:22:33.949] [JOIN] INFO: [fac] AFFECT-EV me='518-gamedata.base' whom='204-gamedata.base' event=0 mult=0.600 after=-100.00 skipped=6
[21:22:33.950] [JOIN] INFO: [combat] CAP hand=1,1803832960 task=65024 tgt=1,20,1741699200,17,3389648384
[21:22:34.170] [JOIN] INFO: [med] SEND hand=3,2235839744 npc=1 blood=72.3 bleed=0.00 fl=80.0,80.0,80.0,80.0 bd=0.0,0.0,0.0,0.0 flags=0 nparts=7 pmin=46.0 smin=0.0 ls=0,0,0,0
[21:22:34.185] [JOIN] INFO: [stats] SEND hand=2,2692504832 str=5.8 dex=37.2 tough=11.9 stealth=20.0 athl=3.0 xp=0 fap=0
[21:22:34.233] [JOIN] INFO: [coop-ui] connection -> OFFLINE
[21:22:34.237] [JOIN] INFO: [coop-ui] DISCONNECT requested
[21:22:34.237] [JOIN] INFO: [coop-ui] disconnect
[21:22:34.279] [JOIN] INFO: [leave] cleared proxies=0
[21:22:34.279] [JOIN] INFO: [leave] cleared worldProxies=0 (cleanup=0)
[21:22:34.279] [JOIN] INFO: [load] session reset: pointer caches, session maps, change gates cleared
[21:22:34.279] [JOIN] INFO: [combat] CAP hand=1,1803832960 task=65024 tgt=1,20,1741699200,17,3389648384
[21:22:34.279] [JOIN] INFO: [wi] BASELINE seeded=0 (save-native, never-stream)
[21:22:34.279] [JOIN] INFO: [med] SEND hand=1,1803832960 npc=0 blood=79.1 bleed=0.00 fl=100.0,100.0,92.6,100.0 bd=0.0,0.0,0.0,0.0 flags=0 nparts=7 pmin=81.2 smin=0.0 ls=0,0,0,0
[21:22:34.279] [JOIN] INFO: [med] SEND hand=2,2692504832 npc=0 blood=77.8 bleed=0.00 fl=100.0,92.6,100.0,92.8 bd=0.0,0.0,0.0,0.0 flags=0 nparts=7 pmin=83.8 smin=0.0 ls=0,0,0,0
[21:22:34.279] [JOIN] INFO: [stats] SEND hand=1,1803832960 str=6.5 dex=26.5 tough=10.9 stealth=1.0 athl=5.9 xp=0 fap=0
[21:22:34.279] [JOIN] INFO: [stats] SEND hand=2,2692504832 str=5.8 dex=37.2 tough=11.9 stealth=20.0 athl=3.0 xp=0 fap=0
[21:22:34.279] [JOIN] INFO: [research] SEND sid='5359-gamedata.base' seq=7
[21:22:34.279] [JOIN] INFO: [speed] REQ mult=1.00 paused=0 combat=1
[21:22:34.279] [JOIN] INFO: [speed] SET mult=1.00 paused=0 combat=1 (my=1.00)
[21:22:34.286] [JOIN] INFO: [med] SEND hand=2,2172485376 npc=1 blood=79.7 bleed=0.00 fl=80.0,80.0,80.0,80.0 bd=0.0,0.0,0.0,0.0 flags=0 nparts=7 pmin=80.0 smin=0.0 ls=0,0,0,0
[21:22:34.286] [JOIN] INFO: [med] SEND hand=13,2228393472 npc=1 blood=79.5 bleed=0.00 fl=80.0,80.0,80.0,80.0 bd=0.0,0.0,0.0,0.0 flags=0 nparts=7 pmin=80.0 smin=0.0 ls=0,0,0,0
[21:22:34.286] [JOIN] INFO: [med] SEND hand=15,620727552 npc=1 blood=73.2 bleed=0.01 fl=80.0,80.0,80.0,80.0 bd=0.0,0.0,0.0,0.0 flags=0 nparts=7 pmin=50.0 smin=0.0 ls=0,0,0,0
[21:22:34.286] [JOIN] INFO: [med] SEND hand=19,3308349696 npc=1 blood=79.7 bleed=0.00 fl=80.0,80.0,80.0,80.0 bd=0.0,0.0,0.0,0.0 flags=0 nparts=7 pmin=80.0 smin=0.0 ls=0,0,0,0
[21:22:34.286] [JOIN] INFO: [med] SEND hand=20,619384768 npc=1 blood=79.7 bleed=0.00 fl=80.0,80.0,80.0,80.0 bd=0.0,0.0,0.0,0.0 flags=0 nparts=7 pmin=80.0 smin=0.0 ls=0,0,0,0
[21:22:34.339] [JOIN] INFO: [med] SEND hand=4,2141967744 npc=1 blood=79.7 bleed=0.00 fl=80.0,80.0,80.0,80.0 bd=0.0,0.0,0.0,0.0 flags=0 nparts=7 pmin=80.0 smin=0.0 ls=0,0,0,0
[21:22:34.339] [JOIN] INFO: [med] SEND hand=8,11230469 npc=1 blood=66.3 bleed=0.01 fl=80.0,80.0,47.6,80.0 bd=0.0,0.0,0.0,0.0 flags=0 nparts=7 pmin=45.9 smin=0.0 ls=0,0,0,0
[21:22:34.339] [JOIN] INFO: [med] SEND hand=12,2288086016 npc=1 blood=79.7 bleed=0.00 fl=80.0,80.0,80.0,80.0 bd=0.0,0.0,0.0,0.0 flags=0 nparts=7 pmin=80.0 smin=0.0 ls=0,0,0,0
[21:22:34.339] [JOIN] INFO: [med] SEND hand=22,3337158144 npc=1 blood=79.7 bleed=0.00 fl=80.0,80.0,80.0,80.0 bd=0.0,0.0,0.0,0.0 flags=0 nparts=7 pmin=80.0 smin=0.0 ls=0,0,0,0
[21:22:34.339] [JOIN] INFO: [med] SEND hand=23,3112182528 npc=1 blood=79.7 bleed=0.00 fl=80.0,80.0,80.0,80.0 bd=0.0,0.0,0.0,0.0 flags=0 nparts=7 pmin=80.0 smin=0.0 ls=0,0,0,0
[21:22:34.390] [JOIN] INFO: [med] SEND hand=3,2235839744 npc=1 blood=72.3 bleed=0.00 fl=80.0,80.0,80.0,80.0 bd=0.0,0.0,0.0,0.0 flags=0 nparts=7 pmin=46.0 smin=0.0 ls=0,0,0,0
[21:22:34.390] [JOIN] INFO: [med] SEND hand=7,2079345664 npc=1 blood=79.7 bleed=0.00 fl=80.0,80.0,80.0,80.0 bd=0.0,0.0,0.0,0.0 flags=0 nparts=7 pmin=80.0 smin=0.0 ls=0,0,0,0
[21:22:34.390] [JOIN] INFO: [med] SEND hand=11,2351196416 npc=1 blood=79.7 bleed=0.00 fl=80.0,80.0,80.0,80.0 bd=0.0,0.0,0.0,0.0 flags=0 nparts=7 pmin=80.0 smin=0.0 ls=0,0,0,0
[21:22:34.390] [JOIN] INFO: [med] SEND hand=14,1174682624 npc=1 blood=79.7 bleed=0.00 fl=80.0,80.0,80.0,80.0 bd=0.0,0.0,0.0,0.0 flags=0 nparts=7 pmin=80.0 smin=0.0 ls=0,0,0,0
[21:22:34.390] [JOIN] INFO: [med] SEND hand=21,3567260672 npc=1 blood=79.7 bleed=0.00 fl=80.0,80.0,80.0,80.0 bd=0.0,0.0,0.0,0.0 flags=0 nparts=7 pmin=80.0 smin=0.0 ls=0,0,0,0
[21:22:34.440] [JOIN] INFO: [med] SEND hand=1,1097534208 npc=1 blood=73.5 bleed=0.00 fl=80.0,80.0,51.1,80.0 bd=0.0,0.0,0.0,0.0 flags=0 nparts=7 pmin=51.1 smin=0.0 ls=0,0,0,0
[21:22:34.440] [JOIN] INFO: [med] SEND hand=5,4760742 npc=1 blood=72.9 bleed=0.01 fl=80.0,80.0,80.0,80.0 bd=0.0,0.0,0.0,0.0 flags=0 nparts=7 pmin=47.4 smin=0.0 ls=0,0,0,0
[21:22:34.440] [JOIN] INFO: [med] SEND hand=9,1187744128 npc=1 blood=79.5 bleed=0.00 fl=80.0,80.0,80.0,80.0 bd=0.0,0.0,0.0,0.0 flags=0 nparts=7 pmin=80.0 smin=0.0 ls=0,0,0,0
[21:22:34.491] [JOIN] INFO: [event] SEND id=16 ev=1 hand=1,2,3879394560,13,1294067328 actor=0,0 bs 0->1
[21:22:34.491] [JOIN] INFO: [med] SEND hand=7,258178704 npc=1 blood=65.4 bleed=0.00 fl=80.0,80.0,80.0,80.0 bd=0.0,0.0,0.0,0.0 flags=0 nparts=7 pmin=49.3 smin=0.0 ls=0,0,0,0
[21:22:34.491] [JOIN] INFO: [med] SEND hand=13,1294067328 npc=1 blood=51.0 bleed=0.00 fl=80.0,49.8,80.0,80.0 bd=0.0,0.0,0.0,0.0 flags=1 nparts=7 pmin=49.8 smin=0.0 ls=0,0,0,0
[21:22:34.491] [JOIN] INFO: [med] SEND hand=15,1633300736 npc=1 blood=71.0 bleed=0.00 fl=80.0,80.0,80.0,80.0 bd=0.0,0.0,0.0,0.0 flags=0 nparts=7 pmin=53.2 smin=0.0 ls=0,0,0,0
[21:22:34.491] [JOIN] INFO: [med] SEND hand=16,527587904 npc=1 blood=38.4 bleed=0.00 fl=48.8,22.0,80.0,80.0 bd=0.0,0.0,0.0,0.0 flags=0 nparts=7 pmin=18.9 smin=0.0 ls=0,0,0,0
[21:22:34.491] [JOIN] INFO: [med] SEND hand=8,765625024 npc=1 blood=50.7 bleed=0.00 fl=100.0,100.0,77.6,71.0 bd=0.0,0.0,0.0,0.0 flags=0 nparts=7 pmin=41.9 smin=0.0 ls=0,0,0,0
[21:22:34.545] [JOIN] INFO: [event] SEND id=17 ev=1 hand=1,2,3879394560,14,338989248 actor=0,0 bs 0->1
[21:22:34.545] [JOIN] INFO: [event] SEND id=18 ev=1 hand=1,2,3879394560,12,2378540032 actor=0,0 bs 0->1
[21:22:34.545] [JOIN] INFO: [med] SEND hand=6,2628784128 npc=1 blood=38.7 bleed=0.00 fl=80.0,80.0,-7.2,49.3 bd=0.0,0.0,0.0,0.0 flags=0 nparts=7 pmin=18.7 smin=0.0 ls=0,0,0,0
[21:22:34.545] [JOIN] INFO: [med] SEND hand=12,2378540032 npc=1 blood=41.0 bleed=0.00 fl=27.3,55.1,80.0,80.0 bd=0.0,0.0,0.0,0.0 flags=1 nparts=7 pmin=27.3 smin=0.0 ls=0,0,0,0
[21:22:34.545] [JOIN] INFO: [med] SEND hand=14,338989248 npc=1 blood=54.5 bleed=0.00 fl=80.0,80.0,80.0,80.0 bd=0.0,0.0,0.0,0.0 flags=1 nparts=7 pmin=49.7 smin=0.0 ls=0,0,0,0
[21:22:34.545] [JOIN] INFO: [med] SEND hand=21,1413208064 npc=1 blood=66.2 bleed=0.00 fl=80.0,80.0,80.0,80.0 bd=0.0,0.0,0.0,0.0 flags=0 nparts=7 pmin=26.6 smin=0.0 ls=0,0,0,0
[21:22:34.596] [JOIN] INFO: [event] SEND id=19 ev=1 hand=1,2,3879394560,8,2233154304 actor=0,0 bs 0->1
[21:22:34.596] [JOIN] INFO: [event] SEND id=20 ev=1 hand=1,3,1850830080,11,1144043008 actor=0,0 bs 0->1
[21:22:34.596] [JOIN] INFO: [event] SEND id=21 ev=1 hand=1,2,3879394560,5,2032470656 actor=0,0 bs 0->1
[21:22:34.596] [JOIN] INFO: [med] SEND hand=5,2032470656 npc=1 blood=41.3 bleed=0.00 fl=1.1,80.0,50.1,80.0 bd=0.0,0.0,0.0,0.0 flags=1 nparts=7 pmin=1.1 smin=0.0 ls=0,0,0,0
[21:22:34.596] [JOIN] INFO: [med] SEND hand=8,2233154304 npc=1 blood=36.0 bleed=0.00 fl=80.0,51.2,-0.0,80.0 bd=0.0,0.0,0.0,0.0 flags=1 nparts=7 pmin=51.1 smin=0.0 ls=0,0,0,0
[21:22:34.596] [JOIN] INFO: [med] SEND hand=20,848632832 npc=1 blood=66.3 bleed=0.00 fl=80.0,80.0,80.0,54.1 bd=0.0,0.0,0.0,0.0 flags=0 nparts=7 pmin=53.4 smin=0.0 ls=0,0,0,0
[21:22:34.596] [JOIN] INFO: [med] SEND hand=11,1144043008 npc=1 blood=-2.9 bleed=0.00 fl=-19.1,100.0,100.0,-61.3 bd=0.0,0.0,0.0,0.0 flags=1 nparts=7 pmin=21.8 smin=0.0 ls=0,0,0,0
[21:22:34.618] [JOIN] INFO: [coop-ui] connection -> ONLINE
[21:22:34.624] [JOIN] INFO: [coop-ui] CONNECT role=HOST transport=steam
[21:22:34.624] [JOIN] INFO: [leave] cleared proxies=0
[21:22:34.624] [JOIN] INFO: [leave] cleared worldProxies=0 (cleanup=0)
[21:22:34.624] [JOIN] INFO: [load] session reset: pointer caches, session maps, change gates cleared
[21:22:34.624] [JOIN] INFO: [dmg] role re-armed: HOST (own swings land natively)
[21:22:34.624] [JOIN] INFO: [coop-ui] connect: role=HOST transport=steam peer=76561199417484463 ownRanks={0} src=role
[21:22:34.624] [JOIN] INFO: [steam] tunnel peer=76561199417484463 slot=0 addr=1.0.0.1 (session pre-accepted)
[21:22:34.624] [JOIN] INFO: [steam] transport=steam armed, 1 tunnel peer(s) (connect by SteamID; no port forwarding)
[21:22:34.624] [JOIN] INFO: KenshiCoop: starting as HOST
[21:22:34.624] [JOIN] INFO: [combat] CAP hand=1,1803832960 task=65025 tgt=1,20,1741699200,17,3389648384
[21:22:34.624] [JOIN] INFO: [wi] BASELINE seeded=0 (save-native, never-stream)
[21:22:34.624] [JOIN] INFO: [med] SEND hand=1,1803832960 npc=0 blood=79.1 bleed=0.00 fl=100.0,100.0,92.6,100.0 bd=0.0,0.0,0.0,0.0 flags=0 nparts=7 pmin=81.2 smin=0.0 ls=0,0,0,0
[21:22:34.624] [JOIN] INFO: [med] SEND hand=2,2692504832 npc=0 blood=77.8 bleed=0.00 fl=100.0,92.6,100.0,92.8 bd=0.0,0.0,0.0,0.0 flags=0 nparts=7 pmin=83.8 smin=0.0 ls=0,0,0,0
[21:22:34.624] [JOIN] INFO: [stats] SEND hand=1,1803832960 str=6.5 dex=26.5 tough=10.9 stealth=1.0 athl=5.9 xp=0 fap=0
[21:22:34.624] [JOIN] INFO: [stats] SEND hand=2,2692504832 str=5.8 dex=37.2 tough=11.9 stealth=20.0 athl=3.0 xp=0 fap=0
[21:22:34.624] [JOIN] INFO: [steam] ENet socket hooks installed (tunnel on P2P channel 0)
[21:22:34.624] [JOIN] INFO: [net] transport=steam (ENet tunnelled over Steam P2P)
[21:22:34.624] [JOIN] INFO: [net] hosting
[21:22:34.624] [JOIN] INFO: [steam] session peer=76561199417484463 active=0 connecting=1 relay=0 err=0
[21:22:34.624] [JOIN] INFO: [research] SEND sid='5359-gamedata.base' seq=8
[21:22:34.624] [JOIN] INFO: [speed] REQ mult=1.00 paused=0 combat=1
[21:22:34.624] [JOIN] INFO: [speed] SET mult=1.00 paused=0 combat=1 (my=1.00)
[21:22:34.631] [JOIN] INFO: [med] SEND hand=2,2172485376 npc=1 blood=79.7 bleed=0.00 fl=80.0,80.0,80.0,80.0 bd=0.0,0.0,0.0,0.0 flags=0 nparts=7 pmin=80.0 smin=0.0 ls=0,0,0,0
[21:22:34.631] [JOIN] INFO: [med] SEND hand=13,2228393472 npc=1 blood=79.5 bleed=0.00 fl=80.0,80.0,80.0,80.0 bd=0.0,0.0,0.0,0.0 flags=0 nparts=7 pmin=80.0 smin=0.0 ls=0,0,0,0
[21:22:34.631] [JOIN] INFO: [med] SEND hand=15,620727552 npc=1 blood=73.2 bleed=0.01 fl=80.0,80.0,80.0,80.0 bd=0.0,0.0,0.0,0.0 flags=0 nparts=7 pmin=50.0 smin=0.0 ls=0,0,0,0
[21:22:34.631] [JOIN] INFO: [med] SEND hand=19,3308349696 npc=1 blood=79.7 bleed=0.00 fl=80.0,80.0,80.0,80.0 bd=0.0,0.0,0.0,0.0 flags=0 nparts=7 pmin=80.0 smin=0.0 ls=0,0,0,0
[21:22:34.631] [JOIN] INFO: [med] SEND hand=20,619384768 npc=1 blood=79.7 bleed=0.00 fl=80.0,80.0,80.0,80.0 bd=0.0,0.0,0.0,0.0 flags=0 nparts=7 pmin=80.0 smin=0.0 ls=0,0,0,0
[21:22:34.684] [JOIN] INFO: [med] SEND hand=4,2141967744 npc=1 blood=79.7 bleed=0.00 fl=80.0,80.0,80.0,80.0 bd=0.0,0.0,0.0,0.0 flags=0 nparts=7 pmin=80.0 smin=0.0 ls=0,0,0,0
[21:22:34.684] [JOIN] INFO: [med] SEND hand=8,11230469 npc=1 blood=66.3 bleed=0.01 fl=80.0,80.0,47.6,80.0 bd=0.0,0.0,0.0,0.0 flags=0 nparts=7 pmin=45.9 smin=0.0 ls=0,0,0,0
[21:22:34.684] [JOIN] INFO: [med] SEND hand=12,2288086016 npc=1 blood=79.7 bleed=0.00 fl=80.0,80.0,80.0,80.0 bd=0.0,0.0,0.0,0.0 flags=0 nparts=7 pmin=80.0 smin=0.0 ls=0,0,0,0
[21:22:34.684] [JOIN] INFO: [med] SEND hand=22,3337158144 npc=1 blood=79.7 bleed=0.00 fl=80.0,80.0,80.0,80.0 bd=0.0,0.0,0.0,0.0 flags=0 nparts=7 pmin=80.0 smin=0.0 ls=0,0,0,0
[21:22:34.684] [JOIN] INFO: [med] SEND hand=23,3112182528 npc=1 blood=79.7 bleed=0.00 fl=80.0,80.0,80.0,80.0 bd=0.0,0.0,0.0,0.0 flags=0 nparts=7 pmin=80.0 smin=0.0 ls=0,0,0,0
[21:22:34.739] [JOIN] INFO: [med] SEND hand=3,2235839744 npc=1 blood=72.3 bleed=0.00 fl=80.0,80.0,80.0,80.0 bd=0.0,0.0,0.0,0.0 flags=0 nparts=7 pmin=46.0 smin=0.0 ls=0,0,0,0
[21:22:34.739] [JOIN] INFO: [med] SEND hand=7,2079345664 npc=1 blood=79.7 bleed=0.00 fl=80.0,80.0,80.0,80.0 bd=0.0,0.0,0.0,0.0 flags=0 nparts=7 pmin=80.0 smin=0.0 ls=0,0,0,0
[21:22:34.739] [JOIN] INFO: [med] SEND hand=11,2351196416 npc=1 blood=79.7 bleed=0.00 fl=80.0,80.0,80.0,80.0 bd=0.0,0.0,0.0,0.0 flags=0 nparts=7 pmin=80.0 smin=0.0 ls=0,0,0,0
[21:22:34.739] [JOIN] INFO: [med] SEND hand=14,1174682624 npc=1 blood=79.7 bleed=0.00 fl=80.0,80.0,80.0,80.0 bd=0.0,0.0,0.0,0.0 flags=0 nparts=7 pmin=80.0 smin=0.0 ls=0,0,0,0
[21:22:34.739] [JOIN] INFO: [med] SEND hand=21,3567260672 npc=1 blood=79.7 bleed=0.00 fl=80.0,80.0,80.0,80.0 bd=0.0,0.0,0.0,0.0 flags=0 nparts=7 pmin=80.0 smin=0.0 ls=0,0,0,0
[21:22:34.791] [JOIN] INFO: [med] SEND hand=1,1097534208 npc=1 blood=73.5 bleed=0.00 fl=80.0,80.0,51.1,80.0 bd=0.0,0.0,0.0,0.0 flags=0 nparts=7 pmin=51.1 smin=0.0 ls=0,0,0,0
[21:22:34.791] [JOIN] INFO: [med] SEND hand=5,4760742 npc=1 blood=72.9 bleed=0.01 fl=80.0,80.0,80.0,80.0 bd=0.0,0.0,0.0,0.0 flags=0 nparts=7 pmin=47.4 smin=0.0 ls=0,0,0,0
[21:22:34.791] [JOIN] INFO: [med] SEND hand=9,1187744128 npc=1 blood=79.5 bleed=0.00 fl=80.0,80.0,80.0,80.0 bd=0.0,0.0,0.0,0.0 flags=0 nparts=7 pmin=80.0 smin=0.0 ls=0,0,0,0
[21:22:34.842] [JOIN] INFO: [event] SEND id=22 ev=1 hand=1,2,3879394560,13,1294067328 actor=0,0 bs 0->1
[21:22:34.842] [JOIN] INFO: [med] SEND hand=7,258178704 npc=1 blood=65.4 bleed=0.00 fl=80.0,80.0,80.0,80.0 bd=0.0,0.0,0.0,0.0 flags=0 nparts=7 pmin=49.3 smin=0.0 ls=0,0,0,0
[21:22:34.842] [JOIN] INFO: [med] SEND hand=13,1294067328 npc=1 blood=51.0 bleed=0.00 fl=80.0,49.8,80.0,80.0 bd=0.0,0.0,0.0,0.0 flags=1 nparts=7 pmin=49.8 smin=0.0 ls=0,0,0,0
[21:22:34.842] [JOIN] INFO: [med] SEND hand=15,1633300736 npc=1 blood=71.0 bleed=0.00 fl=80.0,80.0,80.0,80.0 bd=0.0,0.0,0.0,0.0 flags=0 nparts=7 pmin=53.2 smin=0.0 ls=0,0,0,0
[21:22:34.842] [JOIN] INFO: [med] SEND hand=16,527587904 npc=1 blood=38.4 bleed=0.00 fl=48.8,22.0,80.0,80.0 bd=0.0,0.0,0.0,0.0 flags=0 nparts=7 pmin=18.9 smin=0.0 ls=0,0,0,0
[21:22:34.842] [JOIN] INFO: [med] SEND hand=8,765625024 npc=1 blood=50.7 bleed=0.00 fl=100.0,100.0,77.6,71.0 bd=0.0,0.0,0.0,0.0 flags=0 nparts=7 pmin=41.9 smin=0.0 ls=0,0,0,0
[21:22:34.893] [JOIN] INFO: [event] SEND id=23 ev=1 hand=1,2,3879394560,14,338989248 actor=0,0 bs 0->1
[21:22:34.893] [JOIN] INFO: [event] SEND id=24 ev=1 hand=1,2,3879394560,12,2378540032 actor=0,0 bs 0->1
[21:22:34.893] [JOIN] INFO: [med] SEND hand=6,2628784128 npc=1 blood=38.7 bleed=0.00 fl=80.0,80.0,-7.2,49.3 bd=0.0,0.0,0.0,0.0 flags=0 nparts=7 pmin=18.7 smin=0.0 ls=0,0,0,0
[21:22:34.893] [JOIN] INFO: [med] SEND hand=12,2378540032 npc=1 blood=41.0 bleed=0.00 fl=27.3,55.1,80.0,80.0 bd=0.0,0.0,0.0,0.0 flags=1 nparts=7 pmin=27.3 smin=0.0 ls=0,0,0,0
[21:22:34.893] [JOIN] INFO: [med] SEND hand=14,338989248 npc=1 blood=54.5 bleed=0.00 fl=80.0,80.0,80.0,80.0 bd=0.0,0.0,0.0,0.0 flags=1 nparts=7 pmin=49.7 smin=0.0 ls=0,0,0,0
[21:22:34.893] [JOIN] INFO: [med] SEND hand=21,1413208064 npc=1 blood=66.2 bleed=0.00 fl=80.0,80.0,80.0,80.0 bd=0.0,0.0,0.0,0.0 flags=0 nparts=7 pmin=26.6 smin=0.0 ls=0,0,0,0
[21:22:34.946] [JOIN] INFO: [event] SEND id=25 ev=1 hand=1,2,3879394560,8,2233154304 actor=0,0 bs 0->1
[21:22:34.946] [JOIN] INFO: [event] SEND id=26 ev=1 hand=1,3,1850830080,11,1144043008 actor=0,0 bs 0->1
[21:22:34.946] [JOIN] INFO: [event] SEND id=27 ev=1 hand=1,2,3879394560,5,2032470656 actor=0,0 bs 0->1
[21:22:34.946] [JOIN] INFO: [med] SEND hand=5,2032470656 npc=1 blood=41.3 bleed=0.00 fl=1.1,80.0,50.1,80.0 bd=0.0,0.0,0.0,0.0 flags=1 nparts=7 pmin=1.1 smin=0.0 ls=0,0,0,0
[21:22:34.946] [JOIN] INFO: [med] SEND hand=8,2233154304 npc=1 blood=36.0 bleed=0.00 fl=80.0,51.2,-0.0,80.0 bd=0.0,0.0,0.0,0.0 flags=1 nparts=7 pmin=51.1 smin=0.0 ls=0,0,0,0
[21:22:34.946] [JOIN] INFO: [med] SEND hand=20,848632832 npc=1 blood=66.3 bleed=0.00 fl=80.0,80.0,80.0,54.1 bd=0.0,0.0,0.0,0.0 flags=0 nparts=7 pmin=53.4 smin=0.0 ls=0,0,0,0
[21:22:34.946] [JOIN] INFO: [med] SEND hand=11,1144043008 npc=1 blood=-2.9 bleed=0.00 fl=-19.1,100.0,100.0,-61.3 bd=0.0,0.0,0.0,0.0 flags=1 nparts=7 pmin=21.8 smin=0.0 ls=0,0,0,0
[21:22:34.976] [JOIN] INFO: [inv] SEND hand=1,1,2021484416,1,1803832960 kind=0 key=1,1,2021484416,1,1803832960 items=7 hash=3933050452
[21:22:34.976] [JOIN] INFO: [inv] SEND hand=1,1,2021484416,2,2692504832 kind=0 key=1,1,2021484416,2,2692504832 items=8 hash=1519498609
[21:22:34.976] [JOIN] INFO: [speed] REQ mult=0.00 paused=1 combat=1
[21:22:34.976] [JOIN] INFO: [speed] SET mult=0.00 paused=1 combat=1 (my=0.00)
[21:22:35.001] [JOIN] INFO: [event] SEND id=28 ev=1 hand=1,3,1850830080,5,2302368256 actor=0,0 bs 0->1
[21:22:35.001] [JOIN] INFO: [event] SEND id=29 ev=1 hand=1,2,3879394560,4,3570068480 actor=0,0 bs 0->1
[21:22:35.001] [JOIN] INFO: [event] SEND id=30 ev=1 hand=1,2,3879394560,3,1494140672 actor=0,0 bs 0->1
[21:22:35.001] [JOIN] INFO: [med] SEND hand=3,1494140672 npc=1 blood=56.9 bleed=0.00 fl=80.0,80.0,80.0,80.0 bd=0.0,0.0,0.0,0.0 flags=1 nparts=7 pmin=1.1 smin=0.0 ls=0,0,0,0
[21:22:35.001] [JOIN] INFO: [med] SEND hand=4,3570068480 npc=1 blood=-0.8 bleed=0.00 fl=-2.7,52.4,-32.9,21.6 bd=0.0,0.0,0.0,0.0 flags=1 nparts=7 pmin=18.5 smin=0.6 ls=0,0,0,0
[21:22:35.001] [JOIN] INFO: [med] SEND hand=11,1357177728 npc=1 blood=50.1 bleed=0.00 fl=20.1,80.0,80.0,27.5 bd=0.0,0.0,0.0,0.0 flags=0 nparts=7 pmin=20.1 smin=0.0 ls=0,0,0,0
[21:22:35.001] [JOIN] INFO: [med] SEND hand=3,1278564480 npc=1 blood=24.3 bleed=0.00 fl=11.6,100.0,100.0,47.0 bd=0.0,0.0,0.0,0.0 flags=0 nparts=7 pmin=11.6 smin=0.0 ls=0,0,0,0
[21:22:35.001] [JOIN] INFO: [med] SEND hand=5,2302368256 npc=1 blood=29.7 bleed=0.00 fl=35.9,100.0,100.0,35.4 bd=0.0,0.0,0.0,0.0 flags=1 nparts=7 pmin=35.4 smin=0.0 ls=0,0,0,0
[21:22:35.054] [JOIN] INFO: [event] SEND id=31 ev=1 hand=1,2,3879394560,2,2157470720 actor=0,0 bs 0->1
[21:22:35.054] [JOIN] INFO: [med] SEND hand=2,2157470720 npc=1 blood=47.4 bleed=0.00 fl=80.0,80.0,51.2,80.0 bd=0.0,0.0,0.0,0.0 flags=1 nparts=7 pmin=51.2 smin=0.0 ls=0,0,0,0
[21:22:35.055] [JOIN] INFO: [med] SEND hand=2,55664064 npc=1 blood=48.9 bleed=0.00 fl=100.0,100.0,100.0,83.0 bd=0.0,0.0,0.0,0.0 flags=0 nparts=7 pmin=25.8 smin=0.0 ls=0,0,0,0
[21:22:35.055] [JOIN] INFO: [med] SEND hand=6,572509760 npc=1 blood=66.3 bleed=0.00 fl=100.0,100.0,74.9,100.0 bd=0.0,0.0,0.0,0.0 flags=0 nparts=7 pmin=72.5 smin=0.0 ls=0,0,0,0
[21:22:35.055] [JOIN] INFO: [med] SEND hand=17,3389648384 npc=1 blood=79.7 bleed=0.00 fl=80.0,80.0,80.0,80.0 bd=0.0,0.0,0.0,0.0 flags=0 nparts=7 pmin=80.0 smin=0.0 ls=0,0,0,0
[21:22:35.055] [JOIN] INFO: [med] SEND hand=18,1051513664 npc=1 blood=79.7 bleed=0.00 fl=80.0,80.0,80.0,80.0 bd=0.0,0.0,0.0,0.0 flags=0 nparts=7 pmin=80.0 smin=0.0 ls=0,0,0,0
[21:22:35.108] [JOIN] INFO: [med] SEND hand=6,3893066496 npc=1 blood=79.7 bleed=0.00 fl=80.0,80.0,80.0,80.0 bd=0.0,0.0,0.0,0.0 flags=0 nparts=7 pmin=80.0 smin=0.0 ls=0,0,0,0
[21:22:35.108] [JOIN] INFO: [med] SEND hand=10,2605224704 npc=1 blood=79.8 bleed=0.00 fl=80.0,80.0,80.0,80.0 bd=0.0,0.0,0.0,0.0 flags=0 nparts=7 pmin=80.0 smin=0.0 ls=0,0,0,0
[21:22:35.108] [JOIN] INFO: [med] SEND hand=16,2179199232 npc=1 blood=79.7 bleed=0.00 fl=80.0,80.0,80.0,80.0 bd=0.0,0.0,0.0,0.0 flags=0 nparts=7 pmin=80.0 smin=0.0 ls=0,0,0,0
[21:22:35.430] [JOIN] INFO: [cam] center=-10069.8,1055.2,-128154.5
[21:22:36.596] [JOIN] INFO: [speed] REQ mult=1.00 paused=0 combat=1
[21:22:36.596] [JOIN] INFO: [speed] SET mult=1.00 paused=0 combat=1 (my=1.00)
[21:22:36.605] [JOIN] INFO: [fac] AFFECT-EV me='58701-rebirth.mod' whom='518-gamedata.base' event=1 mult=0.000 after=-100.00 skipped=26
[21:22:36.614] [JOIN] INFO: [ai] suspended=0 driven=0
[21:22:36.614] [JOIN] INFO: [trust] trusted=0 driven=0 grants=0 revokes=0
[21:22:36.624] [JOIN] INFO: [combat] CAP hand=1,1803832960 task=65025 tgt=1,20,1741699200,17,3389648384
[21:22:37.111] [JOIN] INFO: [fac] AFFECT-EV me='518-gamedata.base' whom='58701-rebirth.mod' event=1 mult=0.025 after=-100.00 skipped=8
[21:22:37.312] [JOIN] INFO: [stats] SEND hand=2,2692504832 str=5.8 dex=37.2 tough=11.9 stealth=20.0 athl=3.1 xp=0 fap=0
[21:22:37.326] [JOIN] INFO: [med] SEND hand=8,11230469 npc=1 blood=66.3 bleed=0.01 fl=80.0,80.0,47.6,80.0 bd=0.0,0.0,0.0,0.0 flags=0 nparts=7 pmin=45.9 smin=0.0 ls=0,0,0,0
[21:22:37.646] [JOIN] INFO: [med] SEND hand=11,1395874048 npc=1 blood=79.5 bleed=0.00 fl=80.0,80.0,80.0,80.0 bd=0.0,0.0,0.0,0.0 flags=0 nparts=7 pmin=80.0 smin=0.0 ls=0,0,0,0
[21:22:37.916] [JOIN] INFO: [event] SEND id=32 ev=1 hand=1,2,3879394560,1,8789062 actor=0,0 bs 0->1
[21:22:37.916] [JOIN] INFO: [event] SEND id=33 ev=1 hand=1,2,3879394560,18,2071166976 actor=0,0 bs 0->1
[21:22:37.916] [JOIN] INFO: [med] SEND hand=1,8789062 npc=1 blood=22.0 bleed=0.00 fl=-40.1,80.0,51.2,47.8 bd=0.0,0.0,0.0,0.0 flags=1 nparts=7 pmin=47.8 smin=0.0 ls=0,0,0,0
[21:22:37.916] [JOIN] INFO: [med] SEND hand=10,2022583040 npc=1 blood=56.2 bleed=0.00 fl=80.0,80.0,51.3,55.7 bd=0.0,0.0,0.0,0.0 flags=0 nparts=7 pmin=47.2 smin=0.0 ls=0,0,0,0
[21:22:37.917] [JOIN] INFO: [med] SEND hand=18,2071166976 npc=1 blood=-2.1 bleed=0.00 fl=-103.0,80.0,80.0,55.3 bd=0.0,0.0,0.0,0.0 flags=1 nparts=7 pmin=0.1 smin=0.0 ls=1,0,0,0
[21:22:37.917] [JOIN] INFO: [med] SEND hand=19,1424926720 npc=1 blood=43.0 bleed=0.00 fl=54.2,80.0,-24.6,80.0 bd=0.0,0.0,0.0,0.0 flags=0 nparts=7 pmin=54.1 smin=0.0 ls=0,0,0,0
[21:22:37.917] [JOIN] INFO: [med] SEND hand=9,3095214848 npc=1 blood=44.6 bleed=0.00 fl=69.3,100.0,28.1,100.0 bd=0.0,0.0,0.0,0.0 flags=0 nparts=7 pmin=28.1 smin=0.0 ls=0,0,0,0
[21:22:37.971] [JOIN] INFO: [med] SEND hand=9,1779785216 npc=1 blood=65.2 bleed=0.00 fl=80.0,80.0,54.1,46.9 bd=0.0,0.0,0.0,0.0 flags=0 nparts=7 pmin=46.9 smin=0.0 ls=0,0,0,0
[21:22:37.971] [JOIN] INFO: [med] SEND hand=17,293090816 npc=1 blood=66.6 bleed=0.00 fl=80.0,80.0,80.0,80.0 bd=0.0,0.0,0.0,0.0 flags=0 nparts=7 pmin=29.1 smin=0.0 ls=0,0,0,0
[21:22:37.971] [JOIN] INFO: [med] SEND hand=1,3773803776 npc=1 blood=79.1 bleed=0.00 fl=100.0,53.9,48.2,80.6 bd=0.0,0.0,0.0,0.0 flags=0 nparts=7 pmin=48.2 smin=0.0 ls=0,0,0,0
[21:22:37.971] [JOIN] INFO: [med] SEND hand=10,1255737344 npc=1 blood=53.3 bleed=0.00 fl=100.0,84.9,100.0,81.0 bd=0.0,0.0,0.0,0.0 flags=0 nparts=7 pmin=9.0 smin=0.0 ls=0,0,0,0
[21:22:37.971] [JOIN] INFO: [med] SEND hand=6,3578979584 npc=1 blood=76.0 bleed=0.00 fl=100.0,100.0,100.0,100.0 bd=0.0,0.0,0.0,0.0 flags=0 nparts=7 pmin=100.0 smin=0.0 ls=0,0,0,0
[21:22:38.021] [JOIN] INFO: [med] SEND hand=3,1385131776 npc=1 blood=76.0 bleed=0.00 fl=100.0,100.0,100.0,100.0 bd=0.0,0.0,0.0,0.0 flags=0 nparts=7 pmin=100.0 smin=0.0 ls=0,0,0,0
[21:22:38.021] [JOIN] INFO: [med] SEND hand=5,3000610304 npc=1 blood=75.9 bleed=0.00 fl=100.0,100.0,100.0,100.0 bd=0.0,0.0,0.0,0.0 flags=0 nparts=7 pmin=100.0 smin=0.0 ls=0,0,0,0
[21:22:38.021] [JOIN] INFO: [med] SEND hand=11,3519775488 npc=1 blood=76.0 bleed=0.00 fl=100.0,100.0,100.0,100.0 bd=0.0,0.0,0.0,0.0 flags=0 nparts=7 pmin=100.0 smin=0.0 ls=0,0,0,0
[21:22:38.021] [JOIN] INFO: [med] SEND hand=13,1014892608 npc=1 blood=76.0 bleed=0.00 fl=100.0,100.0,100.0,100.0 bd=0.0,0.0,0.0,0.0 flags=0 nparts=7 pmin=100.0 smin=0.0 ls=0,0,0,0
[21:22:38.021] [JOIN] INFO: [med] SEND hand=15,1501342720 npc=1 blood=114.0 bleed=0.00 fl=100.0,100.0,100.0,100.0 bd=0.0,0.0,0.0,0.0 flags=0 nparts=7 pmin=100.0 smin=0.0 ls=0,0,0,0
[21:22:38.076] [JOIN] INFO: [med] SEND hand=1,3397704960 npc=1 blood=116.5 bleed=0.00 fl=100.0,100.0,100.0,100.0 bd=0.0,0.0,0.0,0.0 flags=0 nparts=7 pmin=100.0 smin=0.0 ls=0,0,0,0
[21:22:38.076] [JOIN] INFO: [med] SEND hand=7,324218752 npc=1 blood=76.0 bleed=0.00 fl=100.0,100.0,100.0,100.0 bd=0.0,0.0,0.0,0.0 flags=0 nparts=7 pmin=100.0 smin=0.0 ls=0,0,0,0
[21:22:38.076] [JOIN] INFO: [med] SEND hand=16,1900024448 npc=1 blood=115.6 bleed=0.00 fl=100.0,100.0,100.0,100.0 bd=0.0,0.0,0.0,0.0 flags=0 nparts=7 pmin=100.0 smin=0.0 ls=0,0,0,0
[21:22:38.635] [JOIN] INFO: [med] SEND hand=15,620727552 npc=1 blood=73.2 bleed=0.00 fl=80.0,80.0,80.0,80.0 bd=0.0,0.0,0.0,0.0 flags=0 nparts=7 pmin=50.0 smin=0.0 ls=0,0,0,0
[21:22:38.647] [JOIN] INFO: [med] SEND hand=11,1395874048 npc=1 blood=79.5 bleed=0.00 fl=80.0,80.0,80.0,80.0 bd=0.0,0.0,0.0,0.0 flags=0 nparts=7 pmin=80.0 smin=0.0 ls=0,0,0,0
[21:22:38.719] [JOIN] INFO: [stats] SEND hand=1,1803832960 str=6.5 dex=26.5 tough=10.9 stealth=1.0 athl=6.0 xp=0 fap=0
[21:22:38.794] [JOIN] INFO: [med] SEND hand=5,4760742 npc=1 blood=72.9 bleed=0.01 fl=80.0,80.0,80.0,80.0 bd=0.0,0.0,0.0,0.0 flags=0 nparts=7 pmin=47.4 smin=0.0 ls=0,0,0,0
[21:22:38.868] [JOIN] INFO: [stats] SEND hand=2,2692504832 str=5.8 dex=37.2 tough=11.9 stealth=20.0 athl=3.2 xp=0 fap=0
[21:22:39.155] [JOIN] INFO: [med] SEND hand=2,2692504832 npc=0 blood=78.0 bleed=0.00 fl=100.0,92.6,100.0,92.8 bd=0.0,0.0,0.0,0.0 flags=0 nparts=7 pmin=83.8 smin=0.0 ls=0,0,0,0
[21:22:39.616] [JOIN] INFO: [ai] suspended=0 driven=0
[21:22:39.616] [JOIN] INFO: [trust] trusted=0 driven=0 grants=0 revokes=0
[21:22:39.665] [JOIN] INFO: [steam] session peer=76561199417484463 active=1 connecting=0 relay=0 err=0
[21:22:40.395] [JOIN] INFO: [stats] SEND hand=1,1803832960 str=6.5 dex=26.5 tough=10.9 stealth=1.0 athl=6.1 xp=0 fap=0
[21:22:40.409] [JOIN] INFO: [med] SEND hand=10,2605224704 npc=1 blood=80.0 bleed=0.00 fl=80.0,80.0,80.0,80.0 bd=0.0,0.0,0.0,0.0 flags=0 nparts=7 pmin=80.0 smin=0.0 ls=0,0,0,0
[21:22:40.435] [JOIN] INFO: [cam] center=-9891.2,1048.8,-128191.1
[21:22:40.447] [JOIN] INFO: [stats] SEND hand=2,2692504832 str=5.8 dex=37.2 tough=11.9 stealth=20.0 athl=3.3 xp=0 fap=0
[21:22:41.240] [JOIN] INFO: [med] SEND hand=14,2574706944 npc=1 blood=79.6 bleed=0.00 fl=80.0,80.0,80.0,80.0 bd=0.0,0.0,0.0,0.0 flags=0 nparts=7 pmin=80.0 smin=0.0 ls=0,0,0,0
[21:22:41.608] [JOIN] INFO: [fac] AFFECT-EV me='58701-rebirth.mod' whom='518-gamedata.base' event=1 mult=0.000 after=-100.00 skipped=2296
[21:22:41.639] [JOIN] INFO: [med] SEND hand=19,3308349696 npc=1 blood=80.0 bleed=0.00 fl=80.0,80.0,80.0,80.0 bd=0.0,0.0,0.0,0.0 flags=0 nparts=7 pmin=80.0 smin=0.0 ls=0,0,0,0
[21:22:41.687] [JOIN] INFO: [med] SEND hand=20,619384768 npc=1 blood=80.0 bleed=0.00 fl=80.0,80.0,80.0,80.0 bd=0.0,0.0,0.0,0.0 flags=0 nparts=7 pmin=80.0 smin=0.0 ls=0,0,0,0
[21:22:41.693] [JOIN] INFO: [med] SEND hand=22,3337158144 npc=1 blood=80.0 bleed=0.00 fl=80.0,80.0,80.0,80.0 bd=0.0,0.0,0.0,0.0 flags=0 nparts=7 pmin=80.0 smin=0.0 ls=0,0,0,0
[21:22:41.746] [JOIN] INFO: [med] SEND hand=11,2351196416 npc=1 blood=80.0 bleed=0.00 fl=80.0,80.0,80.0,80.0 bd=0.0,0.0,0.0,0.0 flags=0 nparts=7 pmin=80.0 smin=0.0 ls=0,0,0,0
[21:22:41.746] [JOIN] INFO: [med] SEND hand=21,3567260672 npc=1 blood=80.0 bleed=0.00 fl=80.0,80.0,80.0,80.0 bd=0.0,0.0,0.0,0.0 flags=0 nparts=7 pmin=80.0 smin=0.0 ls=0,0,0,0
[21:22:41.778] [JOIN] INFO: [med] SEND hand=12,2288086016 npc=1 blood=80.0 bleed=0.00 fl=80.0,80.0,80.0,80.0 bd=0.0,0.0,0.0,0.0 flags=0 nparts=7 pmin=80.0 smin=0.0 ls=0,0,0,0
[21:22:42.002] [JOIN] INFO: [med] SEND hand=2,2172485376 npc=1 blood=80.0 bleed=0.00 fl=80.0,80.0,80.0,80.0 bd=0.0,0.0,0.0,0.0 flags=0 nparts=7 pmin=80.0 smin=0.0 ls=0,0,0,0
[21:22:42.002] [JOIN] INFO: [med] SEND hand=4,2141967744 npc=1 blood=80.0 bleed=0.00 fl=80.0,80.0,80.0,80.0 bd=0.0,0.0,0.0,0.0 flags=0 nparts=7 pmin=80.0 smin=0.0 ls=0,0,0,0
[21:22:42.008] [JOIN] INFO: [med] SEND hand=7,2079345664 npc=1 blood=80.0 bleed=0.00 fl=80.0,80.0,80.0,80.0 bd=0.0,0.0,0.0,0.0 flags=0 nparts=7 pmin=80.0 smin=0.0 ls=0,0,0,0
[21:22:42.105] [JOIN] INFO: [fac] AFFECT-EV me='518-gamedata.base' whom='58701-rebirth.mod' event=1 mult=0.025 after=-100.00 skipped=477
[21:22:42.251] [JOIN] INFO: [stats] SEND hand=1,1803832960 str=6.5 dex=26.5 tough=10.9 stealth=1.0 athl=6.2 xp=0 fap=0
[21:22:42.251] [JOIN] INFO: [stats] SEND hand=2,2692504832 str=5.8 dex=37.2 tough=11.9 stealth=20.0 athl=3.4 xp=0 fap=0
[21:22:42.413] [JOIN] INFO: [med] SEND hand=6,3893066496 npc=1 blood=80.0 bleed=0.00 fl=80.0,80.0,80.0,80.0 bd=0.0,0.0,0.0,0.0 flags=0 nparts=7 pmin=80.0 smin=0.0 ls=0,0,0,0
[21:22:42.446] [JOIN] INFO: [med] SEND hand=16,2179199232 npc=1 blood=80.0 bleed=0.00 fl=80.0,80.0,80.0,80.0 bd=0.0,0.0,0.0,0.0 flags=0 nparts=7 pmin=80.0 smin=0.0 ls=0,0,0,0
[21:22:42.446] [JOIN] INFO: [med] SEND hand=17,3389648384 npc=1 blood=80.0 bleed=0.00 fl=80.0,80.0,80.0,80.0 bd=0.0,0.0,0.0,0.0 flags=0 nparts=7 pmin=80.0 smin=0.0 ls=0,0,0,0
[21:22:42.618] [JOIN] INFO: [ai] suspended=0 driven=0
[21:22:42.618] [JOIN] INFO: [trust] trusted=0 driven=0 grants=0 revokes=0
[21:22:42.635] [JOIN] INFO: [med] SEND hand=23,3112182528 npc=1 blood=80.0 bleed=0.00 fl=80.0,80.0,80.0,80.0 bd=0.0,0.0,0.0,0.0 flags=0 nparts=7 pmin=80.0 smin=0.0 ls=0,0,0,0
[21:22:42.753] [JOIN] INFO: [med] SEND hand=14,1174682624 npc=1 blood=80.0 bleed=0.00 fl=80.0,80.0,80.0,80.0 bd=0.0,0.0,0.0,0.0 flags=0 nparts=7 pmin=80.0 smin=0.0 ls=0,0,0,0
[21:22:43.217] [JOIN] INFO: [med] SEND hand=1,1803832960 npc=0 blood=79.5 bleed=0.00 fl=100.0,100.0,92.6,100.0 bd=0.0,0.0,0.0,0.0 flags=0 nparts=7 pmin=81.2 smin=0.0 ls=0,0,0,0
[21:22:43.648] [JOIN] INFO: [census] sent n=151 radius=2000 mid=48
[21:22:43.658] [JOIN] INFO: [stats] SEND hand=2,2692504832 str=5.8 dex=37.2 tough=11.9 stealth=20.0 athl=3.5 xp=0 fap=0
[21:22:43.930] [JOIN] INFO: [stats] SEND hand=1,1803832960 str=6.5 dex=26.5 tough=10.9 stealth=1.0 athl=6.3 xp=0 fap=0
[21:22:44.843] [JOIN] INFO: [med] SEND hand=11,3573608448 npc=1 blood=79.9 bleed=0.00 fl=100.0,100.0,100.0,100.0 bd=0.0,0.0,0.0,0.0 flags=0 nparts=7 pmin=100.0 smin=0.0 ls=0,0,0,0
[21:22:44.893] [JOIN] INFO: [med] SEND hand=9,562622080 npc=1 blood=79.9 bleed=0.00 fl=100.0,100.0,100.0,100.0 bd=0.0,0.0,0.0,0.0 flags=0 nparts=7 pmin=100.0 smin=0.0 ls=0,0,0,0
[21:22:44.893] [JOIN] INFO: [med] SEND hand=16,582763648 npc=1 blood=79.9 bleed=0.00 fl=100.0,100.0,100.0,100.0 bd=0.0,0.0,0.0,0.0 flags=0 nparts=7 pmin=100.0 smin=0.0 ls=0,0,0,0
[21:22:44.893] [JOIN] INFO: [med] SEND hand=3,2088989312 npc=1 blood=128.6 bleed=0.22 fl=-65.2,41.4,-27.0,81.1 bd=0.0,0.0,0.0,0.0 flags=0 nparts=7 pmin=41.4 smin=0.0 ls=0,0,0,0
[21:22:44.893] [JOIN] INFO: [med] SEND hand=5,3528808704 npc=1 blood=142.8 bleed=0.17 fl=-43.7,-14.7,78.9,78.9 bd=0.0,0.0,0.0,0.0 flags=0 nparts=7 pmin=78.9 smin=0.0 ls=0,0,0,0
[21:22:44.903] [JOIN] INFO: [med] SEND hand=1,1097534208 npc=1 blood=73.5 bleed=0.00 fl=80.0,80.0,51.1,80.0 bd=0.0,0.0,0.0,0.0 flags=0 nparts=7 pmin=51.1 smin=0.0 ls=0,0,0,0
[21:22:44.946] [JOIN] INFO: [event] SEND id=34 ev=1 hand=1,21,1160156288,7,1531982464 actor=0,0 bs 0->3
[21:22:44.947] [JOIN] INFO: [med] SEND hand=4,536621088 npc=1 blood=79.9 bleed=0.00 fl=100.0,100.0,100.0,100.0 bd=0.0,0.0,0.0,0.0 flags=0 nparts=7 pmin=100.0 smin=0.0 ls=0,0,0,0
[21:22:44.947] [JOIN] INFO: [med] SEND hand=8,202880864 npc=1 blood=54.7 bleed=0.04 fl=100.0,100.0,100.0,100.0 bd=0.0,0.0,0.0,0.0 flags=0 nparts=7 pmin=33.1 smin=0.0 ls=0,0,0,0
[21:22:44.947] [JOIN] INFO: [med] SEND hand=7,1531982464 npc=1 blood=151.1 bleed=0.15 fl=79.1,79.1,79.1,53.6 bd=0.0,0.0,0.0,0.0 flags=1 nparts=7 pmin=52.1 smin=0.0 ls=0,0,0,0
[21:22:45.000] [JOIN] INFO: [med] SEND hand=7,191528320 npc=1 blood=79.9 bleed=0.00 fl=100.0,100.0,100.0,100.0 bd=0.0,0.0,0.0,0.0 flags=0 nparts=7 pmin=100.0 smin=0.0 ls=0,0,0,0
[21:22:45.000] [JOIN] INFO: [med] SEND hand=19,2222412032 npc=1 blood=79.9 bleed=0.00 fl=100.0,100.0,100.0,100.0 bd=0.0,0.0,0.0,0.0 flags=0 nparts=7 pmin=100.0 smin=0.0 ls=0,0,0,0
[21:22:45.055] [JOIN] INFO: [med] SEND hand=12,1333618176 npc=1 blood=79.9 bleed=0.00 fl=100.0,100.0,100.0,100.0 bd=0.0,0.0,0.0,0.0 flags=0 nparts=7 pmin=100.0 smin=0.0 ls=0,0,0,0
[21:22:45.055] [JOIN] INFO: [med] SEND hand=18,304565440 npc=1 blood=79.9 bleed=0.00 fl=100.0,100.0,100.0,100.0 bd=0.0,0.0,0.0,0.0 flags=0 nparts=7 pmin=100.0 smin=0.0 ls=0,0,0,0
[21:22:45.248] [JOIN] INFO: [stats] SEND hand=2,2692504832 str=5.8 dex=37.2 tough=11.9 stealth=20.0 athl=3.6 xp=0 fap=0
[21:22:45.430] [JOIN] INFO: [cam] center=-9457.4,981.7,-128266.4
[21:22:45.480] [JOIN] INFO: [stats] SEND hand=1,1803832960 str=6.5 dex=26.5 tough=10.9 stealth=1.0 athl=6.4 xp=0 fap=0
[21:22:45.621] [JOIN] INFO: [ai] suspended=0 driven=0
[21:22:45.621] [JOIN] INFO: [trust] trusted=0 driven=0 grants=0 revokes=0
[21:22:45.895] [JOIN] INFO: [med] SEND hand=3,2088989312 npc=1 blood=118.9 bleed=0.24 fl=-65.2,1.8,-27.0,81.1 bd=0.0,0.0,0.0,0.0 flags=0 nparts=7 pmin=1.8 smin=0.0 ls=0,0,0,0
[21:22:45.895] [JOIN] INFO: [med] SEND hand=5,3528808704 npc=1 blood=132.9 bleed=0.20 fl=-84.4,-14.7,78.9,78.9 bd=0.0,0.0,0.0,0.0 flags=0 nparts=7 pmin=78.9 smin=0.0 ls=0,0,0,0
[21:22:45.939] [JOIN] INFO: [med] SEND hand=4,3726318336 npc=1 blood=86.0 bleed=0.31 fl=-54.6,-34.0,77.2,51.7 bd=0.0,0.0,0.0,0.0 flags=0 nparts=7 pmin=9.6 smin=0.0 ls=0,0,0,0
[21:22:45.951] [JOIN] INFO: [med] SEND hand=7,1531982464 npc=1 blood=150.9 bleed=0.14 fl=79.1,79.1,79.1,53.6 bd=0.0,0.0,0.0,0.0 flags=1 nparts=7 pmin=52.1 smin=0.0 ls=0,0,0,0
[21:22:45.991] [JOIN] INFO: [med] SEND hand=17,2821777408 npc=1 blood=79.9 bleed=0.00 fl=100.0,100.0,100.0,100.0 bd=0.0,0.0,0.0,0.0 flags=0 nparts=7 pmin=100.0 smin=0.0 ls=0,0,0,0
[21:22:45.996] [JOIN] INFO: [med] SEND hand=16,582763648 npc=1 blood=79.9 bleed=0.00 fl=100.0,100.0,100.0,100.0 bd=0.0,0.0,0.0,0.0 flags=0 nparts=7 pmin=100.0 smin=0.0 ls=0,0,0,0
[21:22:46.002] [JOIN] INFO: [med] SEND hand=7,191528320 npc=1 blood=79.9 bleed=0.00 fl=100.0,100.0,100.0,100.0 bd=0.0,0.0,0.0,0.0 flags=0 nparts=7 pmin=100.0 smin=0.0 ls=0,0,0,0
[21:22:46.002] [JOIN] INFO: [med] SEND hand=11,3573608448 npc=1 blood=79.9 bleed=0.00 fl=100.0,100.0,100.0,100.0 bd=0.0,0.0,0.0,0.0 flags=0 nparts=7 pmin=100.0 smin=0.0 ls=0,0,0,0
[21:22:46.007] [JOIN] INFO: [med] SEND hand=9,562622080 npc=1 blood=79.9 bleed=0.00 fl=100.0,100.0,100.0,100.0 bd=0.0,0.0,0.0,0.0 flags=0 nparts=7 pmin=100.0 smin=0.0 ls=0,0,0,0
[21:22:46.013] [JOIN] INFO: [med] SEND hand=8,202880864 npc=1 blood=54.7 bleed=0.04 fl=100.0,100.0,100.0,100.0 bd=0.0,0.0,0.0,0.0 flags=0 nparts=7 pmin=33.1 smin=0.0 ls=0,0,0,0
[21:22:46.019] [JOIN] INFO: [med] SEND hand=4,536621088 npc=1 blood=79.9 bleed=0.00 fl=100.0,100.0,100.0,100.0 bd=0.0,0.0,0.0,0.0 flags=0 nparts=7 pmin=100.0 smin=0.0 ls=0,0,0,0
[21:22:46.041] [JOIN] INFO: [med] SEND hand=1,943603520 npc=1 blood=115.4 bleed=0.00 fl=100.0,100.0,100.0,100.0 bd=0.0,0.0,0.0,0.0 flags=0 nparts=7 pmin=100.0 smin=0.0 ls=0,0,0,0
[21:22:46.041] [JOIN] INFO: [med] SEND hand=3,468139648 npc=1 blood=79.9 bleed=0.00 fl=100.0,100.0,100.0,100.0 bd=0.0,0.0,0.0,0.0 flags=0 nparts=7 pmin=100.0 smin=0.0 ls=0,0,0,0
[21:22:46.041] [JOIN] INFO: [med] SEND hand=13,517822272 npc=1 blood=71.2 bleed=0.01 fl=100.0,100.0,100.0,100.0 bd=0.0,0.0,0.0,0.0 flags=0 nparts=7 pmin=65.3 smin=0.0 ls=0,0,0,0
[21:22:46.041] [JOIN] INFO: [med] SEND hand=14,2317260800 npc=1 blood=79.9 bleed=0.00 fl=100.0,100.0,100.0,100.0 bd=0.0,0.0,0.0,0.0 flags=0 nparts=7 pmin=100.0 smin=0.0 ls=0,0,0,0
[21:22:46.091] [JOIN] INFO: [med] SEND hand=5,548217792 npc=1 blood=79.9 bleed=0.00 fl=100.0,100.0,100.0,100.0 bd=0.0,0.0,0.0,0.0 flags=0 nparts=7 pmin=100.0 smin=0.0 ls=0,0,0,0
[21:22:46.250] [JOIN] INFO: [med] SEND hand=19,2222412032 npc=1 blood=79.9 bleed=0.00 fl=100.0,100.0,100.0,100.0 bd=0.0,0.0,0.0,0.0 flags=0 nparts=7 pmin=100.0 smin=0.0 ls=0,0,0,0
[21:22:46.256] [JOIN] INFO: [med] SEND hand=18,304565440 npc=1 blood=79.9 bleed=0.00 fl=100.0,100.0,100.0,100.0 bd=0.0,0.0,0.0,0.0 flags=0 nparts=7 pmin=100.0 smin=0.0 ls=0,0,0,0
[21:22:46.268] [JOIN] INFO: [med] SEND hand=12,1333618176 npc=1 blood=79.9 bleed=0.00 fl=100.0,100.0,100.0,100.0 bd=0.0,0.0,0.0,0.0 flags=0 nparts=7 pmin=100.0 smin=0.0 ls=0,0,0,0
[21:22:46.501] [JOIN] INFO: [med] SEND hand=2,2692504832 npc=0 blood=78.4 bleed=0.00 fl=100.0,92.6,100.0,92.8 bd=0.0,0.0,0.0,0.0 flags=0 nparts=7 pmin=83.8 smin=0.0 ls=0,0,0,0
[21:22:46.640] [JOIN] INFO: [fac] AFFECT-EV me='58701-rebirth.mod' whom='518-gamedata.base' event=1 mult=0.000 after=-100.00 skipped=1138
[21:22:46.864] [JOIN] INFO: [stats] SEND hand=2,2692504832 str=5.8 dex=37.2 tough=11.9 stealth=20.0 athl=3.7 xp=0 fap=0
[21:22:46.900] [JOIN] INFO: [med] SEND hand=5,3528808704 npc=1 blood=108.9 bleed=0.26 fl=-84.4,-14.7,78.9,78.9 bd=0.0,0.0,0.0,0.0 flags=1 nparts=7 pmin=3.5 smin=0.0 ls=0,0,0,0
[21:22:46.942] [JOIN] INFO: [med] SEND hand=4,3726318336 npc=1 blood=85.7 bleed=0.31 fl=-54.6,-34.0,77.3,51.7 bd=0.0,0.0,0.0,0.0 flags=0 nparts=7 pmin=9.6 smin=0.0 ls=0,0,0,0
[21:22:46.952] [JOIN] INFO: [med] SEND hand=7,1531982464 npc=1 blood=150.7 bleed=0.14 fl=79.1,79.1,79.1,53.6 bd=0.0,0.0,0.0,0.0 flags=1 nparts=7 pmin=52.0 smin=0.0 ls=0,0,0,0
[21:22:46.994] [JOIN] INFO: [med] SEND hand=17,2821777408 npc=1 blood=80.0 bleed=0.00 fl=100.0,100.0,100.0,100.0 bd=0.0,0.0,0.0,0.0 flags=0 nparts=7 pmin=100.0 smin=0.0 ls=0,0,0,0
[21:22:47.001] [JOIN] INFO: [med] SEND hand=16,582763648 npc=1 blood=80.0 bleed=0.00 fl=100.0,100.0,100.0,100.0 bd=0.0,0.0,0.0,0.0 flags=0 nparts=7 pmin=100.0 smin=0.0 ls=0,0,0,0
[21:22:47.007] [JOIN] INFO: [med] SEND hand=9,562622080 npc=1 blood=80.0 bleed=0.00 fl=100.0,100.0,100.0,100.0 bd=0.0,0.0,0.0,0.0 flags=0 nparts=7 pmin=100.0 smin=0.0 ls=0,0,0,0
[21:22:47.007] [JOIN] INFO: [med] SEND hand=11,3573608448 npc=1 blood=80.0 bleed=0.00 fl=100.0,100.0,100.0,100.0 bd=0.0,0.0,0.0,0.0 flags=0 nparts=7 pmin=100.0 smin=0.0 ls=0,0,0,0
[21:22:47.013] [JOIN] INFO: [med] SEND hand=8,202880864 npc=1 blood=54.6 bleed=0.04 fl=100.0,100.0,100.0,100.0 bd=0.0,0.0,0.0,0.0 flags=0 nparts=7 pmin=33.1 smin=0.0 ls=0,0,0,0
[21:22:47.020] [JOIN] INFO: [med] SEND hand=4,536621088 npc=1 blood=80.0 bleed=0.00 fl=100.0,100.0,100.0,100.0 bd=0.0,0.0,0.0,0.0 flags=0 nparts=7 pmin=100.0 smin=0.0 ls=0,0,0,0
[21:22:47.035] [JOIN] INFO: [med] SEND hand=15,3298217728 npc=1 blood=80.0 bleed=0.00 fl=100.0,100.0,100.0,100.0 bd=0.0,0.0,0.0,0.0 flags=0 nparts=7 pmin=100.0 smin=0.0 ls=0,0,0,0
[21:22:47.041] [JOIN] INFO: [med] SEND hand=1,943603520 npc=1 blood=115.4 bleed=0.00 fl=100.0,100.0,100.0,100.0 bd=0.0,0.0,0.0,0.0 flags=0 nparts=7 pmin=100.0 smin=0.0 ls=0,0,0,0
[21:22:47.041] [JOIN] INFO: [med] SEND hand=3,468139648 npc=1 blood=80.0 bleed=0.00 fl=100.0,100.0,100.0,100.0 bd=0.0,0.0,0.0,0.0 flags=0 nparts=7 pmin=100.0 smin=0.0 ls=0,0,0,0
[21:22:47.041] [JOIN] INFO: [med] SEND hand=13,517822272 npc=1 blood=71.2 bleed=0.01 fl=100.0,100.0,100.0,100.0 bd=0.0,0.0,0.0,0.0 flags=0 nparts=7 pmin=65.3 smin=0.0 ls=0,0,0,0
[21:22:47.041] [JOIN] INFO: [med] SEND hand=14,2317260800 npc=1 blood=80.0 bleed=0.00 fl=100.0,100.0,100.0,100.0 bd=0.0,0.0,0.0,0.0 flags=0 nparts=7 pmin=100.0 smin=0.0 ls=0,0,0,0
[21:22:47.041] [JOIN] INFO: [med] SEND hand=3,2088989312 npc=1 blood=109.0 bleed=0.24 fl=-65.2,1.8,-27.0,81.1 bd=0.0,0.0,0.0,0.0 flags=0 nparts=7 pmin=1.8 smin=0.0 ls=0,0,0,0
[21:22:47.094] [JOIN] INFO: [med] SEND hand=5,548217792 npc=1 blood=80.0 bleed=0.00 fl=100.0,100.0,100.0,100.0 bd=0.0,0.0,0.0,0.0 flags=0 nparts=7 pmin=100.0 smin=0.0 ls=0,0,0,0
[21:22:47.151] [JOIN] INFO: [med] SEND hand=7,191528320 npc=1 blood=80.0 bleed=0.00 fl=100.0,100.0,100.0,100.0 bd=0.0,0.0,0.0,0.0 flags=0 nparts=7 pmin=100.0 smin=0.0 ls=0,0,0,0
[21:22:47.151] [JOIN] INFO: [stats] SEND hand=1,1803832960 str=6.5 dex=26.5 tough=10.9 stealth=1.0 athl=6.5 xp=0 fap=0
[21:22:47.254] [JOIN] INFO: [med] SEND hand=19,2222412032 npc=1 blood=80.0 bleed=0.00 fl=100.0,100.0,100.0,100.0 bd=0.0,0.0,0.0,0.0 flags=0 nparts=7 pmin=100.0 smin=0.0 ls=0,0,0,0
[21:22:47.260] [JOIN] INFO: [med] SEND hand=18,304565440 npc=1 blood=80.0 bleed=0.00 fl=100.0,100.0,100.0,100.0 bd=0.0,0.0,0.0,0.0 flags=0 nparts=7 pmin=100.0 smin=0.0 ls=0,0,0,0
[21:22:47.273] [JOIN] INFO: [med] SEND hand=12,1333618176 npc=1 blood=80.0 bleed=0.00 fl=100.0,100.0,100.0,100.0 bd=0.0,0.0,0.0,0.0 flags=0 nparts=7 pmin=100.0 smin=0.0 ls=0,0,0,0
[21:22:47.276] [JOIN] INFO: [fac] AFFECT-EV me='518-gamedata.base' whom='58701-rebirth.mod' event=1 mult=0.025 after=-100.00 skipped=106
[21:22:47.901] [JOIN] INFO: [med] SEND hand=5,3528808704 npc=1 blood=108.6 bleed=0.26 fl=-84.5,-14.8,78.9,78.9 bd=0.0,0.0,0.0,0.0 flags=1 nparts=7 pmin=3.4 smin=0.0 ls=0,0,0,0
[21:22:47.940] [JOIN] INFO: [med] SEND hand=4,3726318336 npc=1 blood=76.1 bleed=0.33 fl=-92.9,-34.0,77.3,51.7 bd=0.0,0.0,0.0,0.0 flags=0 nparts=7 pmin=9.6 smin=0.0 ls=0,0,0,0
[21:22:47.954] [JOIN] INFO: [med] SEND hand=7,1531982464 npc=1 blood=150.5 bleed=0.14 fl=79.1,79.1,79.1,53.6 bd=0.0,0.0,0.0,0.0 flags=1 nparts=7 pmin=52.0 smin=0.0 ls=0,0,0,0
[21:22:47.993] [JOIN] INFO: [med] SEND hand=17,2821777408 npc=1 blood=80.0 bleed=0.00 fl=100.0,100.0,100.0,100.0 bd=0.0,0.0,0.0,0.0 flags=0 nparts=7 pmin=100.0 smin=0.0 ls=0,0,0,0
[21:22:48.006] [JOIN] INFO: [med] SEND hand=16,582763648 npc=1 blood=80.0 bleed=0.00 fl=100.0,100.0,100.0,100.0 bd=0.0,0.0,0.0,0.0 flags=0 nparts=7 pmin=100.0 smin=0.0 ls=0,0,0,0
[21:22:48.011] [JOIN] INFO: [med] SEND hand=9,562622080 npc=1 blood=80.0 bleed=0.00 fl=100.0,100.0,100.0,100.0 bd=0.0,0.0,0.0,0.0 flags=0 nparts=7 pmin=100.0 smin=0.0 ls=0,0,0,0
[21:22:48.011] [JOIN] INFO: [med] SEND hand=11,3573608448 npc=1 blood=80.0 bleed=0.00 fl=100.0,100.0,100.0,100.0 bd=0.0,0.0,0.0,0.0 flags=0 nparts=7 pmin=100.0 smin=0.0 ls=0,0,0,0
[21:22:48.021] [JOIN] INFO: [med] SEND hand=4,536621088 npc=1 blood=80.0 bleed=0.00 fl=100.0,100.0,100.0,100.0 bd=0.0,0.0,0.0,0.0 flags=0 nparts=7 pmin=100.0 smin=0.0 ls=0,0,0,0
[21:22:48.042] [JOIN] INFO: [med] SEND hand=3,468139648 npc=1 blood=80.0 bleed=0.00 fl=100.0,100.0,100.0,100.0 bd=0.0,0.0,0.0,0.0 flags=0 nparts=7 pmin=100.0 smin=0.0 ls=0,0,0,0
[21:22:48.042] [JOIN] INFO: [med] SEND hand=3,2088989312 npc=1 blood=99.0 bleed=0.29 fl=-65.2,1.8,-27.0,81.1 bd=0.0,0.0,0.0,0.0 flags=0 nparts=7 pmin=1.8 smin=0.0 ls=0,0,0,0
[21:22:48.048] [JOIN] INFO: [med] SEND hand=2,1344116224 npc=1 blood=72.1 bleed=0.01 fl=100.0,100.0,100.0,100.0 bd=0.0,0.0,0.0,0.0 flags=0 nparts=7 pmin=68.8 smin=0.0 ls=0,0,0,0
[21:22:48.048] [JOIN] INFO: [med] SEND hand=14,2317260800 npc=1 blood=80.0 bleed=0.00 fl=100.0,100.0,100.0,100.0 bd=0.0,0.0,0.0,0.0 flags=0 nparts=7 pmin=100.0 smin=0.0 ls=0,0,0,0
[21:22:48.048] [JOIN] INFO: [med] SEND hand=15,3298217728 npc=1 blood=80.0 bleed=0.00 fl=100.0,100.0,100.0,100.0 bd=0.0,0.0,0.0,0.0 flags=0 nparts=7 pmin=100.0 smin=0.0 ls=0,0,0,0
[21:22:48.098] [JOIN] INFO: [med] SEND hand=5,548217792 npc=1 blood=80.0 bleed=0.00 fl=100.0,100.0,100.0,100.0 bd=0.0,0.0,0.0,0.0 flags=0 nparts=7 pmin=100.0 smin=0.0 ls=0,0,0,0
[21:22:48.154] [JOIN] INFO: [med] SEND hand=7,191528320 npc=1 blood=80.0 bleed=0.00 fl=100.0,100.0,100.0,100.0 bd=0.0,0.0,0.0,0.0 flags=0 nparts=7 pmin=100.0 smin=0.0 ls=0,0,0,0
[21:22:48.187] [JOIN] INFO: [med] SEND hand=13,517822272 npc=1 blood=71.2 bleed=0.01 fl=100.0,100.0,100.0,100.0 bd=0.0,0.0,0.0,0.0 flags=0 nparts=7 pmin=65.3 smin=0.0 ls=0,0,0,0
[21:22:48.200] [JOIN] INFO: [med] SEND hand=8,202880864 npc=1 blood=54.6 bleed=0.04 fl=100.0,100.0,100.0,100.0 bd=0.0,0.0,0.0,0.0 flags=0 nparts=7 pmin=33.1 smin=0.0 ls=0,0,0,0
[21:22:48.214] [JOIN] INFO: [med] SEND hand=1,943603520 npc=1 blood=115.4 bleed=0.00 fl=100.0,100.0,100.0,100.0 bd=0.0,0.0,0.0,0.0 flags=0 nparts=7 pmin=100.0 smin=0.0 ls=0,0,0,0
[21:22:48.254] [JOIN] INFO: [med] SEND hand=19,2222412032 npc=1 blood=71.9 bleed=0.02 fl=100.0,100.0,100.0,100.0 bd=0.0,0.0,0.0,0.0 flags=0 nparts=7 pmin=66.1 smin=0.0 ls=0,0,0,0
[21:22:48.263] [JOIN] INFO: [med] SEND hand=18,304565440 npc=1 blood=80.0 bleed=0.00 fl=100.0,100.0,100.0,100.0 bd=0.0,0.0,0.0,0.0 flags=0 nparts=7 pmin=100.0 smin=0.0 ls=0,0,0,0
[21:22:48.272] [JOIN] INFO: [med] SEND hand=12,1333618176 npc=1 blood=80.0 bleed=0.00 fl=100.0,100.0,100.0,100.0 bd=0.0,0.0,0.0,0.0 flags=0 nparts=7 pmin=100.0 smin=0.0 ls=0,0,0,0
[21:22:48.308] [JOIN] INFO: [med] SEND hand=3,2235839744 npc=1 blood=72.5 bleed=0.00 fl=80.0,80.0,80.0,80.0 bd=0.0,0.0,0.0,0.0 flags=0 nparts=7 pmin=45.9 smin=0.0 ls=0,0,0,0
[21:22:48.453] [JOIN] INFO: [stats] SEND hand=2,2692504832 str=5.8 dex=37.2 tough=11.9 stealth=20.0 athl=3.8 xp=0 fap=0
[21:22:48.529] [JOIN] INFO: [med] SEND hand=6,1516113280 npc=1 blood=72.3 bleed=0.01 fl=100.0,100.0,100.0,100.0 bd=0.0,0.0,0.0,0.0 flags=0 nparts=7 pmin=69.1 smin=0.0 ls=0,0,0,0
[21:22:48.593] [JOIN] INFO: [med] SEND hand=2,2692504832 npc=0 blood=78.5 bleed=0.00 fl=100.0,92.6,100.0,92.8 bd=0.0,0.0,0.0,0.0 flags=0 nparts=7 pmin=83.8 smin=0.0 ls=0,0,0,0
[21:22:48.623] [JOIN] INFO: [ai] suspended=0 driven=0
[21:22:48.623] [JOIN] INFO: [trust] trusted=0 driven=0 grants=0 revokes=0
[21:22:48.661] [JOIN] INFO: [med] SEND hand=11,1395874048 npc=1 blood=80.0 bleed=0.00 fl=80.0,80.0,80.0,80.0 bd=0.0,0.0,0.0,0.0 flags=0 nparts=7 pmin=80.0 smin=0.0 ls=0,0,0,0
[21:22:48.842] [JOIN] INFO: [stats] SEND hand=1,1803832960 str=6.5 dex=26.5 tough=10.9 stealth=1.0 athl=6.6 xp=0 fap=0
[21:22:48.902] [JOIN] INFO: [med] SEND hand=5,3528808704 npc=1 blood=108.3 bleed=0.25 fl=-84.6,-14.9,78.9,78.9 bd=0.0,0.0,0.0,0.0 flags=1 nparts=7 pmin=3.4 smin=0.0 ls=0,0,0,0
[21:22:48.929] [JOIN] INFO: [event] SEND id=35 ev=1 hand=1,21,1160156288,4,3726318336 actor=14,2317260800 bs 0->3
[21:22:48.943] [JOIN] INFO: [med] SEND hand=4,3726318336 npc=1 blood=56.4 bleed=0.38 fl=-92.9,-34.0,77.3,10.7 bd=0.0,0.0,0.0,0.0 flags=1 nparts=7 pmin=10.7 smin=0.0 ls=0,0,0,0
[21:22:48.956] [JOIN] INFO: [med] SEND hand=7,1531982464 npc=1 blood=150.4 bleed=0.14 fl=79.1,79.1,79.1,53.6 bd=0.0,0.0,0.0,0.0 flags=1 nparts=7 pmin=52.0 smin=0.0 ls=0,0,0,0
[21:22:49.032] [JOIN] INFO: [med] SEND hand=10,2510986240 npc=1 blood=71.3 bleed=0.01 fl=100.0,100.0,100.0,100.0 bd=0.0,0.0,0.0,0.0 flags=0 nparts=7 pmin=65.7 smin=0.0 ls=0,0,0,0
[21:22:49.045] [JOIN] INFO: [med] SEND hand=3,2088989312 npc=1 blood=98.7 bleed=0.28 fl=-65.2,1.8,-27.0,81.1 bd=0.0,0.0,0.0,0.0 flags=0 nparts=7 pmin=1.8 smin=0.0 ls=0,0,0,0
[21:22:49.050] [JOIN] INFO: [med] SEND hand=17,2821777408 npc=1 blood=80.1 bleed=0.00 fl=100.0,100.0,100.0,100.0 bd=0.0,0.0,0.0,0.0 flags=0 nparts=7 pmin=100.0 smin=0.0 ls=0,0,0,0
[21:22:49.054] [JOIN] INFO: [med] SEND hand=14,2317260800 npc=1 blood=80.1 bleed=0.00 fl=100.0,100.0,100.0,100.0 bd=0.0,0.0,0.0,0.0 flags=0 nparts=7 pmin=100.0 smin=0.0 ls=0,0,0,0
[21:22:49.054] [JOIN] INFO: [med] SEND hand=16,582763648 npc=1 blood=80.1 bleed=0.00 fl=100.0,100.0,100.0,100.0 bd=0.0,0.0,0.0,0.0 flags=0 nparts=7 pmin=100.0 smin=0.0 ls=0,0,0,0
[21:22:49.059] [JOIN] INFO: [med] SEND hand=11,3573608448 npc=1 blood=80.1 bleed=0.00 fl=100.0,100.0,100.0,100.0 bd=0.0,0.0,0.0,0.0 flags=0 nparts=7 pmin=100.0 smin=0.0 ls=0,0,0,0
[21:22:49.063] [JOIN] INFO: [med] SEND hand=9,562622080 npc=1 blood=80.1 bleed=0.00 fl=100.0,100.0,100.0,100.0 bd=0.0,0.0,0.0,0.0 flags=0 nparts=7 pmin=100.0 smin=0.0 ls=0,0,0,0
[21:22:49.063] [JOIN] INFO: [med] SEND hand=15,3298217728 npc=1 blood=80.0 bleed=0.00 fl=100.0,100.0,100.0,100.0 bd=0.0,0.0,0.0,0.0 flags=0 nparts=7 pmin=100.0 smin=0.0 ls=0,0,0,0
[21:22:49.072] [JOIN] INFO: [med] SEND hand=4,536621088 npc=1 blood=80.1 bleed=0.00 fl=100.0,100.0,100.0,100.0 bd=0.0,0.0,0.0,0.0 flags=0 nparts=7 pmin=100.0 smin=0.0 ls=0,0,0,0
[21:22:49.077] [JOIN] INFO: [med] SEND hand=2,1344116224 npc=1 blood=72.1 bleed=0.01 fl=100.0,100.0,100.0,100.0 bd=0.0,0.0,0.0,0.0 flags=0 nparts=7 pmin=68.8 smin=0.0 ls=0,0,0,0
[21:22:49.077] [JOIN] INFO: [med] SEND hand=3,468139648 npc=1 blood=80.1 bleed=0.00 fl=100.0,100.0,100.0,100.0 bd=0.0,0.0,0.0,0.0 flags=0 nparts=7 pmin=100.0 smin=0.0 ls=0,0,0,0
[21:22:49.082] [JOIN] INFO: [event] SEND id=36 ev=1 hand=1,21,1160156288,9,3676879872 actor=0,0 bs 0->3
[21:22:49.082] [JOIN] INFO: [med] SEND hand=9,3676879872 npc=1 blood=168.5 bleed=0.05 fl=72.7,72.7,72.7,72.7 bd=0.0,0.0,0.0,0.0 flags=1 nparts=7 pmin=3.7 smin=0.0 ls=0,0,0,0
[21:22:49.102] [JOIN] INFO: [med] SEND hand=5,548217792 npc=1 blood=80.1 bleed=0.00 fl=100.0,100.0,100.0,100.0 bd=0.0,0.0,0.0,0.0 flags=0 nparts=7 pmin=100.0 smin=0.0 ls=0,0,0,0
[21:22:49.155] [JOIN] INFO: [med] SEND hand=7,191528320 npc=1 blood=80.1 bleed=0.00 fl=100.0,100.0,100.0,100.0 bd=0.0,0.0,0.0,0.0 flags=0 nparts=7 pmin=100.0 smin=0.0 ls=0,0,0,0
[21:22:49.265] [JOIN] INFO: [med] SEND hand=19,2222412032 npc=1 blood=71.8 bleed=0.02 fl=100.0,100.0,100.0,100.0 bd=0.0,0.0,0.0,0.0 flags=0 nparts=7 pmin=66.1 smin=0.0 ls=0,0,0,0
[21:22:49.271] [JOIN] INFO: [med] SEND hand=18,304565440 npc=1 blood=80.1 bleed=0.00 fl=100.0,100.0,100.0,100.0 bd=0.0,0.0,0.0,0.0 flags=0 nparts=7 pmin=100.0 smin=0.0 ls=0,0,0,0
[21:22:49.275] [JOIN] INFO: [med] SEND hand=13,517822272 npc=1 blood=71.2 bleed=0.01 fl=100.0,100.0,100.0,100.0 bd=0.0,0.0,0.0,0.0 flags=0 nparts=7 pmin=65.2 smin=0.0 ls=0,0,0,0
[21:22:49.281] [JOIN] INFO: [med] SEND hand=12,1333618176 npc=1 blood=80.1 bleed=0.00 fl=100.0,100.0,100.0,100.0 bd=0.0,0.0,0.0,0.0 flags=0 nparts=7 pmin=100.0 smin=0.0 ls=0,0,0,0
[21:22:49.292] [JOIN] INFO: [med] SEND hand=8,202880864 npc=1 blood=54.5 bleed=0.04 fl=100.0,100.0,100.0,100.0 bd=0.0,0.0,0.0,0.0 flags=0 nparts=7 pmin=33.1 smin=0.0 ls=0,0,0,0
[21:22:49.307] [JOIN] INFO: [med] SEND hand=1,943603520 npc=1 blood=115.4 bleed=0.00 fl=100.0,100.0,100.0,100.0 bd=0.0,0.0,0.0,0.0 flags=0 nparts=7 pmin=100.0 smin=0.0 ls=0,0,0,0
[21:22:49.533] [JOIN] INFO: [med] SEND hand=6,1516113280 npc=1 blood=72.3 bleed=0.01 fl=100.0,100.0,100.0,100.0 bd=0.0,0.0,0.0,0.0 flags=0 nparts=7 pmin=69.1 smin=0.0 ls=0,0,0,0
[21:22:49.624] [JOIN] INFO: [med] SEND hand=1,1803832960 npc=0 blood=79.8 bleed=0.00 fl=100.0,100.0,92.6,100.0 bd=0.0,0.0,0.0,0.0 flags=0 nparts=7 pmin=81.2 smin=0.0 ls=0,0,0,0
[21:22:49.658] [JOIN] INFO: [event] SEND id=37 ev=1 hand=1,21,1160156288,3,2088989312 actor=11,3573608448 bs 0->3
[21:22:49.903] [JOIN] INFO: [med] SEND hand=5,3528808704 npc=1 blood=108.0 bleed=0.25 fl=-84.7,-15.0,78.9,78.9 bd=0.0,0.0,0.0,0.0 flags=1 nparts=7 pmin=3.4 smin=0.0 ls=0,0,0,0
[21:22:49.944] [JOIN] INFO: [med] SEND hand=4,3726318336 npc=1 blood=56.0 bleed=0.37 fl=-92.9,-34.1,77.3,10.7 bd=0.0,0.0,0.0,0.0 flags=1 nparts=7 pmin=10.7 smin=0.0 ls=0,0,0,0
[21:22:50.033] [JOIN] INFO: [med] SEND hand=10,2510986240 npc=1 blood=71.3 bleed=0.01 fl=100.0,100.0,100.0,100.0 bd=0.0,0.0,0.0,0.0 flags=0 nparts=7 pmin=65.7 smin=0.0 ls=0,0,0,0
[21:22:50.038] [JOIN] INFO: [med] SEND hand=7,1531982464 npc=1 blood=150.2 bleed=0.13 fl=79.1,79.1,79.1,53.5 bd=0.0,0.0,0.0,0.0 flags=1 nparts=7 pmin=52.0 smin=0.0 ls=0,0,0,0
[21:22:50.038] [JOIN] INFO: [stats] SEND hand=2,2692504832 str=5.8 dex=37.2 tough=11.9 stealth=20.0 athl=3.9 xp=0 fap=0
[21:22:50.050] [JOIN] INFO: [med] SEND hand=3,2088989312 npc=1 blood=79.8 bleed=0.33 fl=-65.2,-36.6,-27.0,81.1 bd=0.0,0.0,0.0,0.0 flags=1 nparts=7 pmin=2.8 smin=0.0 ls=0,0,0,0
[21:22:50.084] [JOIN] INFO: [med] SEND hand=9,3676879872 npc=1 blood=168.4 bleed=0.05 fl=72.7,72.7,72.7,72.7 bd=0.0,0.0,0.0,0.0 flags=1 nparts=7 pmin=3.6 smin=0.0 ls=0,0,0,0
[21:22:50.245] [JOIN] INFO: [event] SEND id=38 ev=1 hand=1,21,1160156288,1,170166016 actor=0,0 bs 0->3
[21:22:50.245] [JOIN] INFO: [med] SEND hand=1,170166016 npc=1 blood=157.1 bleed=0.10 fl=77.0,77.0,77.0,35.5 bd=0.0,0.0,0.0,0.0 flags=1 nparts=7 pmin=35.5 smin=0.0 ls=0,0,0,0
[21:22:50.261] [JOIN] INFO: [event] SEND id=39 ev=1 hand=1,21,1160156288,5,3528808704 actor=1,943603520 bs 0->3
[21:22:50.261] [JOIN] INFO: [med] SEND hand=17,2821777408 npc=1 blood=80.1 bleed=0.00 fl=100.0,100.0,100.0,100.0 bd=0.0,0.0,0.0,0.0 flags=0 nparts=7 pmin=100.0 smin=0.0 ls=0,0,0,0
[21:22:50.267] [JOIN] INFO: [med] SEND hand=14,2317260800 npc=1 blood=80.1 bleed=0.00 fl=100.0,100.0,100.0,100.0 bd=0.0,0.0,0.0,0.0 flags=0 nparts=7 pmin=100.0 smin=0.0 ls=0,0,0,0
[21:22:50.267] [JOIN] INFO: [med] SEND hand=16,582763648 npc=1 blood=80.1 bleed=0.00 fl=100.0,100.0,100.0,100.0 bd=0.0,0.0,0.0,0.0 flags=0 nparts=7 pmin=100.0 smin=0.0 ls=0,0,0,0
[21:22:50.272] [JOIN] INFO: [med] SEND hand=11,3573608448 npc=1 blood=80.1 bleed=0.00 fl=100.0,100.0,100.0,100.0 bd=0.0,0.0,0.0,0.0 flags=0 nparts=7 pmin=100.0 smin=0.0 ls=0,0,0,0
[21:22:50.278] [JOIN] INFO: [med] SEND hand=9,562622080 npc=1 blood=80.1 bleed=0.00 fl=100.0,100.0,100.0,100.0 bd=0.0,0.0,0.0,0.0 flags=0 nparts=7 pmin=100.0 smin=0.0 ls=0,0,0,0
[21:22:50.278] [JOIN] INFO: [med] SEND hand=15,3298217728 npc=1 blood=80.1 bleed=0.00 fl=100.0,100.0,100.0,100.0 bd=0.0,0.0,0.0,0.0 flags=0 nparts=7 pmin=100.0 smin=0.0 ls=0,0,0,0
[21:22:50.289] [JOIN] INFO: [med] SEND hand=4,536621088 npc=1 blood=80.1 bleed=0.00 fl=100.0,100.0,100.0,100.0 bd=0.0,0.0,0.0,0.0 flags=0 nparts=7 pmin=100.0 smin=0.0 ls=0,0,0,0
[21:22:50.289] [JOIN] INFO: [med] SEND hand=5,548217792 npc=1 blood=80.1 bleed=0.00 fl=100.0,100.0,100.0,100.0 bd=0.0,0.0,0.0,0.0 flags=0 nparts=7 pmin=100.0 smin=0.0 ls=0,0,0,0
[21:22:50.295] [JOIN] INFO: [med] SEND hand=2,1344116224 npc=1 blood=72.1 bleed=0.01 fl=100.0,100.0,100.0,100.0 bd=0.0,0.0,0.0,0.0 flags=0 nparts=7 pmin=68.8 smin=0.0 ls=0,0,0,0
[21:22:50.295] [JOIN] INFO: [med] SEND hand=3,468139648 npc=1 blood=80.1 bleed=0.00 fl=100.0,100.0,100.0,100.0 bd=0.0,0.0,0.0,0.0 flags=0 nparts=7 pmin=100.0 smin=0.0 ls=0,0,0,0
[21:22:50.295] [JOIN] INFO: [med] SEND hand=8,202880864 npc=1 blood=54.5 bleed=0.03 fl=100.0,100.0,100.0,100.0 bd=0.0,0.0,0.0,0.0 flags=0 nparts=7 pmin=33.1 smin=0.0 ls=0,0,0,0
[21:22:50.306] [JOIN] INFO: [med] SEND hand=7,191528320 npc=1 blood=80.1 bleed=0.00 fl=100.0,100.0,100.0,100.0 bd=0.0,0.0,0.0,0.0 flags=0 nparts=7 pmin=100.0 smin=0.0 ls=0,0,0,0
[21:22:50.418] [JOIN] INFO: [med] SEND hand=10,2605224704 npc=1 blood=80.5 bleed=0.00 fl=80.0,80.0,80.0,80.0 bd=0.0,0.0,0.0,0.0 flags=0 nparts=7 pmin=80.0 smin=0.0 ls=0,0,0,0
[21:22:50.430] [JOIN] INFO: [cam] center=-8057.3,801.2,-127601.4
[21:22:50.500] [JOIN] INFO: [med] SEND hand=18,304565440 npc=1 blood=80.1 bleed=0.00 fl=100.0,100.0,100.0,100.0 bd=0.0,0.0,0.0,0.0 flags=0 nparts=7 pmin=100.0 smin=0.0 ls=0,0,0,0
[21:22:50.500] [JOIN] INFO: [med] SEND hand=19,2222412032 npc=1 blood=71.8 bleed=0.02 fl=100.0,100.0,100.0,100.0 bd=0.0,0.0,0.0,0.0 flags=0 nparts=7 pmin=66.1 smin=0.0 ls=0,0,0,0
[21:22:50.505] [JOIN] INFO: [med] SEND hand=13,517822272 npc=1 blood=71.2 bleed=0.01 fl=100.0,100.0,100.0,100.0 bd=0.0,0.0,0.0,0.0 flags=0 nparts=7 pmin=65.2 smin=0.0 ls=0,0,0,0
[21:22:50.510] [JOIN] INFO: [med] SEND hand=12,1333618176 npc=1 blood=80.1 bleed=0.00 fl=100.0,100.0,100.0,100.0 bd=0.0,0.0,0.0,0.0 flags=0 nparts=7 pmin=100.0 smin=0.0 ls=0,0,0,0
[21:22:50.532] [JOIN] INFO: [med] SEND hand=1,943603520 npc=1 blood=115.4 bleed=0.00 fl=100.0,100.0,100.0,100.0 bd=0.0,0.0,0.0,0.0 flags=0 nparts=7 pmin=100.0 smin=0.0 ls=0,0,0,0
[21:22:50.537] [JOIN] INFO: [stats] SEND hand=1,1803832960 str=6.5 dex=26.5 tough=10.9 stealth=1.0 athl=6.7 xp=0 fap=0
[21:22:50.548] [JOIN] INFO: [med] SEND hand=21,3567260672 npc=1 blood=80.5 bleed=0.00 fl=80.0,80.0,80.0,80.0 bd=0.0,0.0,0.0,0.0 flags=0 nparts=7 pmin=80.0 smin=0.0 ls=0,0,0,0
[21:22:50.614] [JOIN] INFO: [event] SEND id=40 ev=1 hand=1,21,1160156288,2,3323486208 actor=0,0 bs 0->3
[21:22:50.614] [JOIN] INFO: [med] SEND hand=2,3323486208 npc=1 blood=142.5 bleed=0.11 fl=31.2,72.4,35.5,72.4 bd=0.0,0.0,0.0,0.0 flags=1 nparts=7 pmin=31.2 smin=0.0 ls=0,0,0,0
[21:22:50.742] [JOIN] INFO: [med] SEND hand=6,1516113280 npc=1 blood=72.3 bleed=0.01 fl=100.0,100.0,100.0,100.0 bd=0.0,0.0,0.0,0.0 flags=0 nparts=7 pmin=69.1 smin=0.0 ls=0,0,0,0
[21:22:50.903] [JOIN] INFO: [med] SEND hand=5,3528808704 npc=1 blood=107.7 bleed=0.24 fl=-84.8,-15.1,78.9,78.9 bd=0.0,0.0,0.0,0.0 flags=1 nparts=7 pmin=3.4 smin=0.0 ls=0,0,0,0
[21:22:50.945] [JOIN] INFO: [med] SEND hand=4,3726318336 npc=1 blood=55.5 bleed=0.36 fl=-93.0,-34.2,77.3,10.7 bd=0.0,0.0,0.0,0.0 flags=1 nparts=7 pmin=10.7 smin=0.0 ls=0,0,0,0
[21:22:51.052] [JOIN] INFO: [med] SEND hand=3,2088989312 npc=1 blood=79.4 bleed=0.32 fl=-65.3,-36.7,-27.1,81.1 bd=0.0,0.0,0.0,0.0 flags=1 nparts=7 pmin=2.8 smin=0.0 ls=0,0,0,0
[21:22:51.147] [JOIN] INFO: [med] SEND hand=9,3676879872 npc=1 blood=168.4 bleed=0.05 fl=72.7,72.7,72.7,72.7 bd=0.0,0.0,0.0,0.0 flags=1 nparts=7 pmin=3.6 smin=0.0 ls=0,0,0,0
[21:22:51.198] [JOIN] INFO: [med] SEND hand=10,2510986240 npc=1 blood=71.3 bleed=0.01 fl=100.0,100.0,100.0,100.0 bd=0.0,0.0,0.0,0.0 flags=0 nparts=7 pmin=65.7 smin=0.0 ls=0,0,0,0
[21:22:51.225] [JOIN] INFO: [med] SEND hand=7,1531982464 npc=1 blood=150.0 bleed=0.13 fl=79.1,79.1,79.1,53.5 bd=0.0,0.0,0.0,0.0 flags=1 nparts=7 pmin=52.0 smin=0.0 ls=0,0,0,0
[21:22:51.246] [JOIN] INFO: [med] SEND hand=1,170166016 npc=1 blood=157.0 bleed=0.10 fl=77.0,77.0,77.0,35.5 bd=0.0,0.0,0.0,0.0 flags=1 nparts=7 pmin=35.5 smin=0.0 ls=0,0,0,0
[21:22:51.246] [JOIN] INFO: [med] SEND hand=14,2574706944 npc=1 blood=80.0 bleed=0.00 fl=80.0,80.0,80.0,80.0 bd=0.0,0.0,0.0,0.0 flags=0 nparts=7 pmin=80.0 smin=0.0 ls=0,0,0,0
[21:22:51.339] [JOIN] INFO: [med] SEND hand=8,11230469 npc=1 blood=66.4 bleed=0.00 fl=80.0,80.0,47.5,80.0 bd=0.0,0.0,0.0,0.0 flags=0 nparts=7 pmin=45.8 smin=0.0 ls=0,0,0,0
[21:22:51.421] [JOIN] INFO: [med] SEND hand=14,2317260800 npc=1 blood=80.2 bleed=0.00 fl=100.0,100.0,100.0,100.0 bd=0.0,0.0,0.0,0.0 flags=0 nparts=7 pmin=100.0 smin=0.0 ls=0,0,0,0
[21:22:51.421] [JOIN] INFO: [med] SEND hand=16,582763648 npc=1 blood=80.2 bleed=0.00 fl=100.0,100.0,100.0,100.0 bd=0.0,0.0,0.0,0.0 flags=0 nparts=7 pmin=100.0 smin=0.0 ls=0,0,0,0
[21:22:51.421] [JOIN] INFO: [med] SEND hand=17,2821777408 npc=1 blood=80.2 bleed=0.00 fl=100.0,100.0,100.0,100.0 bd=0.0,0.0,0.0,0.0 flags=0 nparts=7 pmin=100.0 smin=0.0 ls=0,0,0,0
[21:22:51.426] [JOIN] INFO: [med] SEND hand=11,3573608448 npc=1 blood=80.2 bleed=0.00 fl=100.0,100.0,100.0,100.0 bd=0.0,0.0,0.0,0.0 flags=0 nparts=7 pmin=100.0 smin=0.0 ls=0,0,0,0
[21:22:51.432] [JOIN] INFO: [med] SEND hand=9,562622080 npc=1 blood=80.2 bleed=0.00 fl=100.0,100.0,100.0,100.0 bd=0.0,0.0,0.0,0.0 flags=0 nparts=7 pmin=100.0 smin=0.0 ls=0,0,0,0
[21:22:51.432] [JOIN] INFO: [med] SEND hand=15,3298217728 npc=1 blood=80.2 bleed=0.00 fl=100.0,100.0,100.0,100.0 bd=0.0,0.0,0.0,0.0 flags=0 nparts=7 pmin=100.0 smin=0.0 ls=0,0,0,0
[21:22:51.437] [JOIN] INFO: [med] SEND hand=5,548217792 npc=1 blood=80.2 bleed=0.00 fl=100.0,100.0,100.0,100.0 bd=0.0,0.0,0.0,0.0 flags=0 nparts=7 pmin=100.0 smin=0.0 ls=0,0,0,0
[21:22:51.437] [JOIN] INFO: [med] SEND hand=8,202880864 npc=1 blood=54.4 bleed=0.03 fl=100.0,100.0,100.0,100.0 bd=0.0,0.0,0.0,0.0 flags=0 nparts=7 pmin=33.0 smin=0.0 ls=0,0,0,0
[21:22:51.443] [JOIN] INFO: [med] SEND hand=2,1344116224 npc=1 blood=72.1 bleed=0.01 fl=100.0,100.0,100.0,100.0 bd=0.0,0.0,0.0,0.0 flags=0 nparts=7 pmin=68.8 smin=0.0 ls=0,0,0,0
[21:22:51.443] [JOIN] INFO: [med] SEND hand=3,468139648 npc=1 blood=80.2 bleed=0.00 fl=100.0,100.0,100.0,100.0 bd=0.0,0.0,0.0,0.0 flags=0 nparts=7 pmin=100.0 smin=0.0 ls=0,0,0,0
[21:22:51.443] [JOIN] INFO: [med] SEND hand=4,536621088 npc=1 blood=80.2 bleed=0.00 fl=100.0,100.0,100.0,100.0 bd=0.0,0.0,0.0,0.0 flags=0 nparts=7 pmin=100.0 smin=0.0 ls=0,0,0,0
[21:22:51.454] [JOIN] INFO: [med] SEND hand=7,191528320 npc=1 blood=80.2 bleed=0.00 fl=100.0,100.0,100.0,100.0 bd=0.0,0.0,0.0,0.0 flags=0 nparts=7 pmin=100.0 smin=0.0 ls=0,0,0,0
[21:22:51.615] [JOIN] INFO: [med] SEND hand=2,3323486208 npc=1 blood=142.4 bleed=0.11 fl=31.2,72.4,35.5,72.4 bd=0.0,0.0,0.0,0.0 flags=1 nparts=7 pmin=31.2 smin=0.0 ls=0,0,0,0
[21:22:51.628] [JOIN] INFO: [ai] suspended=0 driven=0
[21:22:51.628] [JOIN] INFO: [trust] trusted=0 driven=0 grants=0 revokes=0
[21:22:51.647] [JOIN] INFO: [med] SEND hand=18,304565440 npc=1 blood=80.2 bleed=0.00 fl=100.0,100.0,100.0,100.0 bd=0.0,0.0,0.0,0.0 flags=0 nparts=7 pmin=100.0 smin=0.0 ls=0,0,0,0
[21:22:51.648] [JOIN] INFO: [med] SEND hand=19,2222412032 npc=1 blood=71.8 bleed=0.01 fl=100.0,100.0,100.0,100.0 bd=0.0,0.0,0.0,0.0 flags=0 nparts=7 pmin=66.0 smin=0.0 ls=0,0,0,0
[21:22:51.648] [JOIN] INFO: [med] SEND hand=15,620727552 npc=1 blood=73.5 bleed=0.00 fl=80.0,80.0,80.0,80.0 bd=0.0,0.0,0.0,0.0 flags=0 nparts=7 pmin=49.9 smin=0.0 ls=0,0,0,0
[21:22:51.648] [JOIN] INFO: [med] SEND hand=19,3308349696 npc=1 blood=80.5 bleed=0.00 fl=80.0,80.0,80.0,80.0 bd=0.0,0.0,0.0,0.0 flags=0 nparts=7 pmin=80.0 smin=0.0 ls=0,0,0,0
[21:22:51.653] [JOIN] INFO: [med] SEND hand=13,517822272 npc=1 blood=71.2 bleed=0.01 fl=100.0,100.0,100.0,100.0 bd=0.0,0.0,0.0,0.0 flags=0 nparts=7 pmin=65.2 smin=0.0 ls=0,0,0,0
[21:22:51.658] [JOIN] INFO: [med] SEND hand=12,1333618176 npc=1 blood=80.2 bleed=0.00 fl=100.0,100.0,100.0,100.0 bd=0.0,0.0,0.0,0.0 flags=0 nparts=7 pmin=100.0 smin=0.0 ls=0,0,0,0
[21:22:51.680] [JOIN] INFO: [med] SEND hand=1,943603520 npc=1 blood=115.4 bleed=0.00 fl=100.0,100.0,100.0,100.0 bd=0.0,0.0,0.0,0.0 flags=0 nparts=7 pmin=100.0 smin=0.0 ls=0,0,0,0
[21:22:51.685] [JOIN] INFO: [stats] SEND hand=2,2692504832 str=5.8 dex=37.2 tough=11.9 stealth=20.0 athl=4.0 xp=0 fap=0
[21:22:51.755] [JOIN] INFO: [med] SEND hand=11,2351196416 npc=1 blood=80.5 bleed=0.00 fl=80.0,80.0,80.0,80.0 bd=0.0,0.0,0.0,0.0 flags=0 nparts=7 pmin=80.0 smin=0.0 ls=0,0,0,0
[21:22:51.891] [JOIN] INFO: [med] SEND hand=6,1516113280 npc=1 blood=72.3 bleed=0.01 fl=100.0,100.0,100.0,100.0 bd=0.0,0.0,0.0,0.0 flags=0 nparts=7 pmin=69.1 smin=0.0 ls=0,0,0,0
[21:22:51.907] [JOIN] INFO: [med] SEND hand=5,3528808704 npc=1 blood=107.4 bleed=0.23 fl=-84.8,-15.1,78.9,78.9 bd=0.0,0.0,0.0,0.0 flags=1 nparts=7 pmin=3.4 smin=0.0 ls=0,0,0,0
[21:22:51.947] [JOIN] INFO: [med] SEND hand=4,3726318336 npc=1 blood=55.1 bleed=0.35 fl=-93.1,-34.3,77.3,10.7 bd=0.0,0.0,0.0,0.0 flags=1 nparts=7 pmin=10.7 smin=0.0 ls=0,0,0,0
[21:22:52.053] [JOIN] INFO: [med] SEND hand=3,2088989312 npc=1 blood=79.0 bleed=0.31 fl=-65.4,-36.8,-27.2,81.1 bd=0.0,0.0,0.0,0.0 flags=1 nparts=7 pmin=2.7 smin=0.0 ls=0,0,0,0
[21:22:52.170] [JOIN] INFO: [med] SEND hand=20,619384768 npc=1 blood=80.5 bleed=0.00 fl=80.0,80.0,80.0,80.0 bd=0.0,0.0,0.0,0.0 flags=0 nparts=7 pmin=80.0 smin=0.0 ls=0,0,0,0
[21:22:52.228] [JOIN] INFO: [med] SEND hand=7,1531982464 npc=1 blood=149.9 bleed=0.13 fl=79.1,79.1,79.1,53.5 bd=0.0,0.0,0.0,0.0 flags=1 nparts=7 pmin=52.0 smin=0.0 ls=0,0,0,0
[21:22:52.250] [JOIN] INFO: [med] SEND hand=1,170166016 npc=1 blood=156.9 bleed=0.09 fl=77.0,77.0,77.0,35.5 bd=0.0,0.0,0.0,0.0 flags=1 nparts=7 pmin=35.5 smin=0.0 ls=0,0,0,0
[21:22:52.276] [JOIN] INFO: [med] SEND hand=9,3676879872 npc=1 blood=168.3 bleed=0.05 fl=72.7,72.7,72.7,72.7 bd=0.0,0.0,0.0,0.0 flags=1 nparts=7 pmin=3.6 smin=0.0 ls=0,0,0,0
[21:22:52.324] [JOIN] INFO: [med] SEND hand=10,2510986240 npc=1 blood=71.3 bleed=0.01 fl=100.0,100.0,100.0,100.0 bd=0.0,0.0,0.0,0.0 flags=0 nparts=7 pmin=65.7 smin=0.0 ls=0,0,0,0
[21:22:52.398] [JOIN] INFO: [med] SEND hand=4,2141967744 npc=1 blood=80.5 bleed=0.00 fl=80.0,80.0,80.0,80.0 bd=0.0,0.0,0.0,0.0 flags=0 nparts=7 pmin=80.0 smin=0.0 ls=0,0,0,0
[21:22:52.550] [JOIN] INFO: [med] SEND hand=14,2317260800 npc=1 blood=80.2 bleed=0.00 fl=100.0,100.0,100.0,100.0 bd=0.0,0.0,0.0,0.0 flags=0 nparts=7 pmin=100.0 smin=0.0 ls=0,0,0,0
[21:22:52.550] [JOIN] INFO: [med] SEND hand=16,582763648 npc=1 blood=80.2 bleed=0.00 fl=100.0,100.0,100.0,100.0 bd=0.0,0.0,0.0,0.0 flags=0 nparts=7 pmin=100.0 smin=0.0 ls=0,0,0,0
[21:22:52.550] [JOIN] INFO: [med] SEND hand=17,2821777408 npc=1 blood=80.2 bleed=0.00 fl=100.0,100.0,100.0,100.0 bd=0.0,0.0,0.0,0.0 flags=0 nparts=7 pmin=100.0 smin=0.0 ls=0,0,0,0
[21:22:52.556] [JOIN] INFO: [med] SEND hand=11,3573608448 npc=1 blood=80.2 bleed=0.00 fl=100.0,100.0,100.0,100.0 bd=0.0,0.0,0.0,0.0 flags=0 nparts=7 pmin=100.0 smin=0.0 ls=0,0,0,0
[21:22:52.562] [JOIN] INFO: [med] SEND hand=9,562622080 npc=1 blood=80.2 bleed=0.00 fl=100.0,100.0,100.0,100.0 bd=0.0,0.0,0.0,0.0 flags=0 nparts=7 pmin=100.0 smin=0.0 ls=0,0,0,0
[21:22:52.562] [JOIN] INFO: [med] SEND hand=15,3298217728 npc=1 blood=80.2 bleed=0.00 fl=100.0,100.0,100.0,100.0 bd=0.0,0.0,0.0,0.0 flags=0 nparts=7 pmin=100.0 smin=0.0 ls=0,0,0,0
[21:22:52.568] [JOIN] INFO: [med] SEND hand=5,548217792 npc=1 blood=80.2 bleed=0.00 fl=100.0,100.0,100.0,100.0 bd=0.0,0.0,0.0,0.0 flags=0 nparts=7 pmin=100.0 smin=0.0 ls=0,0,0,0
[21:22:52.568] [JOIN] INFO: [med] SEND hand=8,202880864 npc=1 blood=54.4 bleed=0.03 fl=100.0,100.0,100.0,100.0 bd=0.0,0.0,0.0,0.0 flags=0 nparts=7 pmin=33.0 smin=0.0 ls=0,0,0,0
[21:22:52.575] [JOIN] INFO: [med] SEND hand=2,1344116224 npc=1 blood=72.1 bleed=0.01 fl=100.0,100.0,100.0,100.0 bd=0.0,0.0,0.0,0.0 flags=0 nparts=7 pmin=68.8 smin=0.0 ls=0,0,0,0
[21:22:52.575] [JOIN] INFO: [med] SEND hand=3,468139648 npc=1 blood=80.2 bleed=0.00 fl=100.0,100.0,100.0,100.0 bd=0.0,0.0,0.0,0.0 flags=0 nparts=7 pmin=100.0 smin=0.0 ls=0,0,0,0
[21:22:52.575] [JOIN] INFO: [med] SEND hand=4,536621088 npc=1 blood=80.2 bleed=0.00 fl=100.0,100.0,100.0,100.0 bd=0.0,0.0,0.0,0.0 flags=0 nparts=7 pmin=100.0 smin=0.0 ls=0,0,0,0
[21:22:52.587] [JOIN] INFO: [med] SEND hand=7,191528320 npc=1 blood=80.2 bleed=0.00 fl=100.0,100.0,100.0,100.0 bd=0.0,0.0,0.0,0.0 flags=0 nparts=7 pmin=100.0 smin=0.0 ls=0,0,0,0
[21:22:52.618] [JOIN] INFO: [med] SEND hand=2,3323486208 npc=1 blood=142.3 bleed=0.10 fl=31.2,72.4,35.5,72.4 bd=0.0,0.0,0.0,0.0 flags=1 nparts=7 pmin=31.2 smin=0.0 ls=0,0,0,0
[21:22:52.638] [JOIN] INFO: [med] SEND hand=12,2288086016 npc=1 blood=80.5 bleed=0.00 fl=80.0,80.0,80.0,80.0 bd=0.0,0.0,0.0,0.0 flags=0 nparts=7 pmin=80.0 smin=0.0 ls=0,0,0,0
[21:22:52.783] [JOIN] INFO: [med] SEND hand=7,2079345664 npc=1 blood=80.5 bleed=0.00 fl=80.0,80.0,80.0,80.0 bd=0.0,0.0,0.0,0.0 flags=0 nparts=7 pmin=80.0 smin=0.0 ls=0,0,0,0
[21:22:52.821] [JOIN] INFO: [med] SEND hand=18,304565440 npc=1 blood=80.2 bleed=0.00 fl=100.0,100.0,100.0,100.0 bd=0.0,0.0,0.0,0.0 flags=0 nparts=7 pmin=100.0 smin=0.0 ls=0,0,0,0
[21:22:52.821] [JOIN] INFO: [med] SEND hand=19,2222412032 npc=1 blood=71.8 bleed=0.01 fl=100.0,100.0,100.0,100.0 bd=0.0,0.0,0.0,0.0 flags=0 nparts=7 pmin=66.0 smin=0.0 ls=0,0,0,0
[21:22:52.827] [JOIN] INFO: [med] SEND hand=13,517822272 npc=1 blood=71.1 bleed=0.01 fl=100.0,100.0,100.0,100.0 bd=0.0,0.0,0.0,0.0 flags=0 nparts=7 pmin=65.2 smin=0.0 ls=0,0,0,0
[21:22:52.834] [JOIN] INFO: [med] SEND hand=12,1333618176 npc=1 blood=80.2 bleed=0.00 fl=100.0,100.0,100.0,100.0 bd=0.0,0.0,0.0,0.0 flags=0 nparts=7 pmin=100.0 smin=0.0 ls=0,0,0,0
[21:22:52.858] [JOIN] INFO: [med] SEND hand=1,943603520 npc=1 blood=115.4 bleed=0.00 fl=100.0,100.0,100.0,100.0 bd=0.0,0.0,0.0,0.0 flags=0 nparts=7 pmin=100.0 smin=0.0 ls=0,0,0,0
[21:22:52.906] [JOIN] INFO: [med] SEND hand=5,3528808704 npc=1 blood=107.1 bleed=0.23 fl=-84.9,-15.2,78.9,78.9 bd=0.0,0.0,0.0,0.0 flags=1 nparts=7 pmin=3.3 smin=0.0 ls=0,0,0,0
[21:22:52.952] [JOIN] INFO: [med] SEND hand=4,3726318336 npc=1 blood=54.7 bleed=0.34 fl=-93.2,-34.3,77.3,10.7 bd=0.0,0.0,0.0,0.0 flags=1 nparts=7 pmin=10.7 smin=0.0 ls=0,0,0,0
[21:22:53.079] [JOIN] INFO: [med] SEND hand=6,3893066496 npc=1 blood=80.5 bleed=0.00 fl=80.0,80.0,80.0,80.0 bd=0.0,0.0,0.0,0.0 flags=0 nparts=7 pmin=80.0 smin=0.0 ls=0,0,0,0
[21:22:53.100] [JOIN] INFO: [med] SEND hand=6,1516113280 npc=1 blood=72.3 bleed=0.01 fl=100.0,100.0,100.0,100.0 bd=0.0,0.0,0.0,0.0 flags=0 nparts=7 pmin=69.1 smin=0.0 ls=0,0,0,0
[21:22:53.229] [JOIN] INFO: [med] SEND hand=7,1531982464 npc=1 blood=149.7 bleed=0.12 fl=79.1,79.1,79.1,53.5 bd=0.0,0.0,0.0,0.0 flags=1 nparts=7 pmin=52.0 smin=0.0 ls=0,0,0,0
[21:22:53.244] [JOIN] INFO: [med] SEND hand=16,2179199232 npc=1 blood=80.5 bleed=0.00 fl=80.0,80.0,80.0,80.0 bd=0.0,0.0,0.0,0.0 flags=0 nparts=7 pmin=80.0 smin=0.0 ls=0,0,0,0
[21:22:53.265] [JOIN] INFO: [med] SEND hand=17,3389648384 npc=1 blood=80.5 bleed=0.00 fl=80.0,80.0,80.0,80.0 bd=0.0,0.0,0.0,0.0 flags=0 nparts=7 pmin=80.0 smin=0.0 ls=0,0,0,0
[21:22:53.265] [JOIN] INFO: [med] SEND hand=3,2088989312 npc=1 blood=78.6 bleed=0.30 fl=-65.4,-36.8,-27.3,81.1 bd=0.0,0.0,0.0,0.0 flags=1 nparts=7 pmin=2.7 smin=0.0 ls=0,0,0,0
[21:22:53.295] [JOIN] INFO: [med] SEND hand=5,4760742 npc=1 blood=73.0 bleed=0.00 fl=80.0,80.0,80.0,80.0 bd=0.0,0.0,0.0,0.0 flags=0 nparts=7 pmin=47.3 smin=0.0 ls=0,0,0,0
[21:22:53.305] [JOIN] INFO: [med] SEND hand=1,170166016 npc=1 blood=156.8 bleed=0.09 fl=77.0,77.0,77.0,35.5 bd=0.0,0.0,0.0,0.0 flags=1 nparts=7 pmin=35.5 smin=0.0 ls=0,0,0,0
[21:22:53.335] [JOIN] INFO: [stats] SEND hand=2,2692504832 str=5.8 dex=37.2 tough=11.9 stealth=20.0 athl=4.1 xp=0 fap=0
[21:22:53.370] [JOIN] INFO: [med] SEND hand=23,3112182528 npc=1 blood=80.5 bleed=0.00 fl=80.0,80.0,80.0,80.0 bd=0.0,0.0,0.0,0.0 flags=0 nparts=7 pmin=80.0 smin=0.0 ls=0,0,0,0
[21:22:53.478] [JOIN] INFO: [med] SEND hand=9,3676879872 npc=1 blood=168.2 bleed=0.05 fl=72.7,72.7,72.7,72.7 bd=0.0,0.0,0.0,0.0 flags=1 nparts=7 pmin=3.6 smin=0.0 ls=0,0,0,0
[21:22:53.525] [JOIN] INFO: [med] SEND hand=10,2510986240 npc=1 blood=71.3 bleed=0.01 fl=100.0,100.0,100.0,100.0 bd=0.0,0.0,0.0,0.0 flags=0 nparts=7 pmin=65.7 smin=0.0 ls=0,0,0,0
[21:22:53.682] [JOIN] INFO: [census] sent n=134 radius=2000 mid=48
[21:22:53.707] [JOIN] INFO: [med] SEND hand=2,3323486208 npc=1 blood=142.1 bleed=0.10 fl=31.2,72.4,35.5,72.4 bd=0.0,0.0,0.0,0.0 flags=1 nparts=7 pmin=31.2 smin=0.0 ls=0,0,0,0
[21:22:53.738] [JOIN] INFO: [med] SEND hand=14,2317260800 npc=1 blood=80.3 bleed=0.00 fl=100.0,100.0,100.0,100.0 bd=0.0,0.0,0.0,0.0 flags=0 nparts=7 pmin=100.0 smin=0.0 ls=0,0,0,0
[21:22:53.738] [JOIN] INFO: [med] SEND hand=16,582763648 npc=1 blood=80.3 bleed=0.00 fl=100.0,100.0,100.0,100.0 bd=0.0,0.0,0.0,0.0 flags=0 nparts=7 pmin=100.0 smin=0.0 ls=0,0,0,0
[21:22:53.738] [JOIN] INFO: [med] SEND hand=17,2821777408 npc=1 blood=80.3 bleed=0.00 fl=100.0,100.0,100.0,100.0 bd=0.0,0.0,0.0,0.0 flags=0 nparts=7 pmin=100.0 smin=0.0 ls=0,0,0,0
[21:22:53.743] [JOIN] INFO: [med] SEND hand=11,3573608448 npc=1 blood=80.3 bleed=0.00 fl=100.0,100.0,100.0,100.0 bd=0.0,0.0,0.0,0.0 flags=0 nparts=7 pmin=100.0 smin=0.0 ls=0,0,0,0
[21:22:53.748] [JOIN] INFO: [med] SEND hand=9,562622080 npc=1 blood=80.3 bleed=0.00 fl=100.0,100.0,100.0,100.0 bd=0.0,0.0,0.0,0.0 flags=0 nparts=7 pmin=100.0 smin=0.0 ls=0,0,0,0
[21:22:53.748] [JOIN] INFO: [med] SEND hand=15,3298217728 npc=1 blood=80.3 bleed=0.00 fl=100.0,100.0,100.0,100.0 bd=0.0,0.0,0.0,0.0 flags=0 nparts=7 pmin=100.0 smin=0.0 ls=0,0,0,0
[21:22:53.753] [JOIN] INFO: [med] SEND hand=5,548217792 npc=1 blood=80.3 bleed=0.00 fl=100.0,100.0,100.0,100.0 bd=0.0,0.0,0.0,0.0 flags=0 nparts=7 pmin=100.0 smin=0.0 ls=0,0,0,0
[21:22:53.753] [JOIN] INFO: [med] SEND hand=8,202880864 npc=1 blood=54.3 bleed=0.03 fl=100.0,100.0,100.0,100.0 bd=0.0,0.0,0.0,0.0 flags=0 nparts=7 pmin=33.0 smin=0.0 ls=0,0,0,0
[21:22:53.758] [JOIN] INFO: [med] SEND hand=2,1344116224 npc=1 blood=72.1 bleed=0.01 fl=100.0,100.0,100.0,100.0 bd=0.0,0.0,0.0,0.0 flags=0 nparts=7 pmin=68.8 smin=0.0 ls=0,0,0,0
[21:22:53.759] [JOIN] INFO: [med] SEND hand=3,468139648 npc=1 blood=80.3 bleed=0.00 fl=100.0,100.0,100.0,100.0 bd=0.0,0.0,0.0,0.0 flags=0 nparts=7 pmin=100.0 smin=0.0 ls=0,0,0,0
[21:22:53.759] [JOIN] INFO: [med] SEND hand=4,536621088 npc=1 blood=80.3 bleed=0.00 fl=100.0,100.0,100.0,100.0 bd=0.0,0.0,0.0,0.0 flags=0 nparts=7 pmin=100.0 smin=0.0 ls=0,0,0,0
[21:22:53.769] [JOIN] INFO: [med] SEND hand=7,191528320 npc=1 blood=80.3 bleed=0.00 fl=100.0,100.0,100.0,100.0 bd=0.0,0.0,0.0,0.0 flags=0 nparts=7 pmin=100.0 smin=0.0 ls=0,0,0,0
[21:22:53.910] [JOIN] INFO: [med] SEND hand=5,3528808704 npc=1 blood=106.9 bleed=0.22 fl=-85.0,-15.3,78.9,78.9 bd=0.0,0.0,0.0,0.0 flags=1 nparts=7 pmin=3.3 smin=0.0 ls=0,0,0,0
[21:22:53.947] [JOIN] INFO: [med] SEND hand=18,304565440 npc=1 blood=80.3 bleed=0.00 fl=100.0,100.0,100.0,100.0 bd=0.0,0.0,0.0,0.0 flags=0 nparts=7 pmin=100.0 smin=0.0 ls=0,0,0,0
[21:22:53.947] [JOIN] INFO: [med] SEND hand=19,2222412032 npc=1 blood=71.8 bleed=0.01 fl=100.0,100.0,100.0,100.0 bd=0.0,0.0,0.0,0.0 flags=0 nparts=7 pmin=66.0 smin=0.0 ls=0,0,0,0
[21:22:53.952] [JOIN] INFO: [med] SEND hand=13,517822272 npc=1 blood=71.1 bleed=0.01 fl=100.0,100.0,100.0,100.0 bd=0.0,0.0,0.0,0.0 flags=0 nparts=7 pmin=65.2 smin=0.0 ls=0,0,0,0
[21:22:53.957] [JOIN] INFO: [med] SEND hand=12,1333618176 npc=1 blood=80.3 bleed=0.00 fl=100.0,100.0,100.0,100.0 bd=0.0,0.0,0.0,0.0 flags=0 nparts=7 pmin=100.0 smin=0.0 ls=0,0,0,0
[21:22:53.958] [JOIN] INFO: [med] SEND hand=4,3726318336 npc=1 blood=54.3 bleed=0.33 fl=-93.2,-34.4,77.3,10.6 bd=0.0,0.0,0.0,0.0 flags=1 nparts=7 pmin=10.6 smin=0.0 ls=0,0,0,0
[21:22:53.978] [JOIN] INFO: [med] SEND hand=1,943603520 npc=1 blood=115.4 bleed=0.00 fl=100.0,100.0,100.0,100.0 bd=0.0,0.0,0.0,0.0 flags=0 nparts=7 pmin=100.0 smin=0.0 ls=0,0,0,0
[21:22:54.004] [JOIN] INFO: [med] SEND hand=8,11230469 npc=1 blood=66.5 bleed=0.00 fl=80.0,80.0,47.5,80.0 bd=0.0,0.0,0.0,0.0 flags=0 nparts=7 pmin=45.8 smin=0.0 ls=0,0,0,0
[21:22:54.183] [JOIN] INFO: [med] SEND hand=6,1516113280 npc=1 blood=72.3 bleed=0.01 fl=100.0,100.0,100.0,100.0 bd=0.0,0.0,0.0,0.0 flags=0 nparts=7 pmin=69.1 smin=0.0 ls=0,0,0,0
[21:22:54.234] [JOIN] INFO: [med] SEND hand=7,1531982464 npc=1 blood=149.6 bleed=0.12 fl=79.1,79.1,79.1,53.5 bd=0.0,0.0,0.0,0.0 flags=1 nparts=7 pmin=52.0 smin=0.0 ls=0,0,0,0
[21:22:54.267] [JOIN] INFO: [med] SEND hand=3,2088989312 npc=1 blood=78.3 bleed=0.30 fl=-65.5,-36.9,-27.3,81.1 bd=0.0,0.0,0.0,0.0 flags=1 nparts=7 pmin=2.7 smin=0.0 ls=0,0,0,0
[21:22:54.408] [JOIN] INFO: [med] SEND hand=1,170166016 npc=1 blood=156.7 bleed=0.09 fl=77.0,77.0,77.0,35.5 bd=0.0,0.0,0.0,0.0 flags=1 nparts=7 pmin=35.5 smin=0.0 ls=0,0,0,0
[21:22:54.591] [JOIN] INFO: [med] SEND hand=9,3676879872 npc=1 blood=168.2 bleed=0.04 fl=72.7,72.7,72.7,72.7 bd=0.0,0.0,0.0,0.0 flags=1 nparts=7 pmin=3.6 smin=0.0 ls=0,0,0,0
[21:22:54.633] [JOIN] INFO: [ai] suspended=0 driven=0
[21:22:54.633] [JOIN] INFO: [trust] trusted=0 driven=0 grants=0 revokes=0
[21:22:54.642] [JOIN] INFO: [med] SEND hand=10,2510986240 npc=1 blood=71.3 bleed=0.01 fl=100.0,100.0,100.0,100.0 bd=0.0,0.0,0.0,0.0 flags=0 nparts=7 pmin=65.7 smin=0.0 ls=0,0,0,0
[21:22:54.712] [JOIN] INFO: [med] SEND hand=2,3323486208 npc=1 blood=142.0 bleed=0.10 fl=31.2,72.4,35.4,72.4 bd=0.0,0.0,0.0,0.0 flags=1 nparts=7 pmin=31.2 smin=0.0 ls=0,0,0,0
[21:22:54.846] [JOIN] INFO: [med] SEND hand=14,2317260800 npc=1 blood=80.3 bleed=0.00 fl=100.0,100.0,100.0,100.0 bd=0.0,0.0,0.0,0.0 flags=0 nparts=7 pmin=100.0 smin=0.0 ls=0,0,0,0
[21:22:54.846] [JOIN] INFO: [med] SEND hand=16,582763648 npc=1 blood=80.3 bleed=0.00 fl=100.0,100.0,100.0,100.0 bd=0.0,0.0,0.0,0.0 flags=0 nparts=7 pmin=100.0 smin=0.0 ls=0,0,0,0
[21:22:54.846] [JOIN] INFO: [med] SEND hand=17,2821777408 npc=1 blood=80.3 bleed=0.00 fl=100.0,100.0,100.0,100.0 bd=0.0,0.0,0.0,0.0 flags=0 nparts=7 pmin=100.0 smin=0.0 ls=0,0,0,0
[21:22:54.851] [JOIN] INFO: [med] SEND hand=11,3573608448 npc=1 blood=80.3 bleed=0.00 fl=100.0,100.0,100.0,100.0 bd=0.0,0.0,0.0,0.0 flags=0 nparts=7 pmin=100.0 smin=0.0 ls=0,0,0,0
[21:22:54.857] [JOIN] INFO: [med] SEND hand=9,562622080 npc=1 blood=80.3 bleed=0.00 fl=100.0,100.0,100.0,100.0 bd=0.0,0.0,0.0,0.0 flags=0 nparts=7 pmin=100.0 smin=0.0 ls=0,0,0,0
[21:22:54.857] [JOIN] INFO: [med] SEND hand=15,3298217728 npc=1 blood=80.3 bleed=0.00 fl=100.0,100.0,100.0,100.0 bd=0.0,0.0,0.0,0.0 flags=0 nparts=7 pmin=100.0 smin=0.0 ls=0,0,0,0
[21:22:54.862] [JOIN] INFO: [med] SEND hand=5,548217792 npc=1 blood=80.3 bleed=0.00 fl=100.0,100.0,100.0,100.0 bd=0.0,0.0,0.0,0.0 flags=0 nparts=7 pmin=100.0 smin=0.0 ls=0,0,0,0
[21:22:54.862] [JOIN] INFO: [med] SEND hand=8,202880864 npc=1 blood=54.3 bleed=0.03 fl=100.0,100.0,100.0,100.0 bd=0.0,0.0,0.0,0.0 flags=0 nparts=7 pmin=33.0 smin=0.0 ls=0,0,0,0
[21:22:54.867] [JOIN] INFO: [med] SEND hand=2,1344116224 npc=1 blood=72.0 bleed=0.01 fl=100.0,100.0,100.0,100.0 bd=0.0,0.0,0.0,0.0 flags=0 nparts=7 pmin=68.8 smin=0.0 ls=0,0,0,0
[21:22:54.867] [JOIN] INFO: [med] SEND hand=3,468139648 npc=1 blood=80.3 bleed=0.00 fl=100.0,100.0,100.0,100.0 bd=0.0,0.0,0.0,0.0 flags=0 nparts=7 pmin=100.0 smin=0.0 ls=0,0,0,0
[21:22:54.867] [JOIN] INFO: [med] SEND hand=4,536621088 npc=1 blood=80.3 bleed=0.00 fl=100.0,100.0,100.0,100.0 bd=0.0,0.0,0.0,0.0 flags=0 nparts=7 pmin=100.0 smin=0.0 ls=0,0,0,0
[21:22:54.877] [JOIN] INFO: [med] SEND hand=7,191528320 npc=1 blood=80.3 bleed=0.00 fl=100.0,100.0,100.0,100.0 bd=0.0,0.0,0.0,0.0 flags=0 nparts=7 pmin=100.0 smin=0.0 ls=0,0,0,0
[21:22:54.882] [JOIN] INFO: [stats] SEND hand=2,2692504832 str=5.8 dex=37.2 tough=11.9 stealth=20.0 athl=4.2 xp=0 fap=0
[21:22:54.912] [JOIN] INFO: [med] SEND hand=5,3528808704 npc=1 blood=106.7 bleed=0.22 fl=-85.0,-15.3,78.9,78.9 bd=0.0,0.0,0.0,0.0 flags=1 nparts=7 pmin=3.3 smin=0.0 ls=0,0,0,0
[21:22:55.005] [JOIN] INFO: [med] SEND hand=4,3726318336 npc=1 blood=54.0 bleed=0.33 fl=-93.3,-34.5,77.3,10.6 bd=0.0,0.0,0.0,0.0 flags=1 nparts=7 pmin=10.6 smin=0.0 ls=0,0,0,0
[21:22:55.062] [JOIN] INFO: [med] SEND hand=18,304565440 npc=1 blood=80.3 bleed=0.00 fl=100.0,100.0,100.0,100.0 bd=0.0,0.0,0.0,0.0 flags=0 nparts=7 pmin=100.0 smin=0.0 ls=0,0,0,0
[21:22:55.062] [JOIN] INFO: [med] SEND hand=19,2222412032 npc=1 blood=71.8 bleed=0.01 fl=100.0,100.0,100.0,100.0 bd=0.0,0.0,0.0,0.0 flags=0 nparts=7 pmin=66.0 smin=0.0 ls=0,0,0,0
[21:22:55.068] [JOIN] INFO: [med] SEND hand=13,517822272 npc=1 blood=71.1 bleed=0.01 fl=100.0,100.0,100.0,100.0 bd=0.0,0.0,0.0,0.0 flags=0 nparts=7 pmin=65.2 smin=0.0 ls=0,0,0,0
[21:22:55.073] [JOIN] INFO: [med] SEND hand=12,1333618176 npc=1 blood=80.3 bleed=0.00 fl=100.0,100.0,100.0,100.0 bd=0.0,0.0,0.0,0.0 flags=0 nparts=7 pmin=100.0 smin=0.0 ls=0,0,0,0
[21:22:55.093] [JOIN] INFO: [med] SEND hand=1,943603520 npc=1 blood=115.4 bleed=0.00 fl=100.0,100.0,100.0,100.0 bd=0.0,0.0,0.0,0.0 flags=0 nparts=7 pmin=100.0 smin=0.0 ls=0,0,0,0
[21:22:55.237] [JOIN] INFO: [med] SEND hand=7,1531982464 npc=1 blood=149.5 bleed=0.12 fl=79.1,79.1,79.1,53.5 bd=0.0,0.0,0.0,0.0 flags=1 nparts=7 pmin=52.0 smin=0.0 ls=0,0,0,0
[21:22:55.269] [JOIN] INFO: [med] SEND hand=3,2088989312 npc=1 blood=78.0 bleed=0.29 fl=-65.6,-37.0,-27.4,81.1 bd=0.0,0.0,0.0,0.0 flags=1 nparts=7 pmin=2.7 smin=0.0 ls=0,0,0,0
[21:22:55.307] [JOIN] INFO: [med] SEND hand=6,1516113280 npc=1 blood=72.2 bleed=0.01 fl=100.0,100.0,100.0,100.0 bd=0.0,0.0,0.0,0.0 flags=0 nparts=7 pmin=69.1 smin=0.0 ls=0,0,0,0
[21:22:55.432] [JOIN] INFO: [cam] center=-8741.0,780.8,-128739.7
[21:22:55.508] [JOIN] INFO: [med] SEND hand=1,170166016 npc=1 blood=156.6 bleed=0.09 fl=77.0,77.0,77.0,35.5 bd=0.0,0.0,0.0,0.0 flags=1 nparts=7 pmin=35.5 smin=0.0 ls=0,0,0,0
[21:22:55.519] [JOIN] INFO: [med] SEND hand=1,1097534208 npc=1 blood=74.0 bleed=0.00 fl=80.0,80.0,51.0,80.0 bd=0.0,0.0,0.0,0.0 flags=0 nparts=7 pmin=51.0 smin=0.0 ls=0,0,0,0
[21:22:55.716] [JOIN] INFO: [med] SEND hand=2,3323486208 npc=1 blood=141.9 bleed=0.10 fl=31.2,72.4,35.4,72.4 bd=0.0,0.0,0.0,0.0 flags=1 nparts=7 pmin=31.2 smin=0.0 ls=0,0,0,0
[21:22:55.737] [JOIN] INFO: [med] SEND hand=9,3676879872 npc=1 blood=168.1 bleed=0.04 fl=72.7,72.7,72.7,72.7 bd=0.0,0.0,0.0,0.0 flags=1 nparts=7 pmin=3.5 smin=0.0 ls=0,0,0,0
[21:22:55.802] [JOIN] INFO: [med] SEND hand=10,2510986240 npc=1 blood=71.2 bleed=0.01 fl=100.0,100.0,100.0,100.0 bd=0.0,0.0,0.0,0.0 flags=0 nparts=7 pmin=65.7 smin=0.0 ls=0,0,0,0
[21:22:55.864] [JOIN] INFO: [med] SEND hand=2,2692504832 npc=0 blood=78.9 bleed=0.00 fl=100.0,92.6,100.0,92.8 bd=0.0,0.0,0.0,0.0 flags=0 nparts=7 pmin=83.8 smin=0.0 ls=0,0,0,0
[21:22:55.864] [JOIN] INFO: [med] SEND hand=8,202880864 npc=1 blood=54.3 bleed=0.03 fl=100.0,100.0,100.0,100.0 bd=0.0,0.0,0.0,0.0 flags=0 nparts=7 pmin=33.0 smin=0.0 ls=0,0,0,0
[21:22:55.916] [JOIN] INFO: [med] SEND hand=5,3528808704 npc=1 blood=106.5 bleed=0.22 fl=-85.1,-15.4,78.9,78.9 bd=0.0,0.0,0.0,0.0 flags=1 nparts=7 pmin=3.3 smin=0.0 ls=0,0,0,0
[21:22:56.006] [JOIN] INFO: [med] SEND hand=4,3726318336 npc=1 blood=53.7 bleed=0.32 fl=-93.4,-34.5,77.3,10.6 bd=0.0,0.0,0.0,0.0 flags=1 nparts=7 pmin=10.6 smin=0.0 ls=0,0,0,0
[21:22:56.048] [JOIN] INFO: [med] SEND hand=14,2317260800 npc=1 blood=80.4 bleed=0.00 fl=100.0,100.0,100.0,100.0 bd=0.0,0.0,0.0,0.0 flags=0 nparts=7 pmin=100.0 smin=0.0 ls=0,0,0,0
[21:22:56.048] [JOIN] INFO: [med] SEND hand=16,582763648 npc=1 blood=80.4 bleed=0.00 fl=100.0,100.0,100.0,100.0 bd=0.0,0.0,0.0,0.0 flags=0 nparts=7 pmin=100.0 smin=0.0 ls=0,0,0,0
[21:22:56.048] [JOIN] INFO: [med] SEND hand=17,2821777408 npc=1 blood=80.4 bleed=0.00 fl=100.0,100.0,100.0,100.0 bd=0.0,0.0,0.0,0.0 flags=0 nparts=7 pmin=100.0 smin=0.0 ls=0,0,0,0
[21:22:56.053] [JOIN] INFO: [med] SEND hand=11,3573608448 npc=1 blood=80.4 bleed=0.00 fl=100.0,100.0,100.0,100.0 bd=0.0,0.0,0.0,0.0 flags=0 nparts=7 pmin=100.0 smin=0.0 ls=0,0,0,0
[21:22:56.058] [JOIN] INFO: [med] SEND hand=9,562622080 npc=1 blood=80.4 bleed=0.00 fl=100.0,100.0,100.0,100.0 bd=0.0,0.0,0.0,0.0 flags=0 nparts=7 pmin=100.0 smin=0.0 ls=0,0,0,0
[21:22:56.058] [JOIN] INFO: [med] SEND hand=15,3298217728 npc=1 blood=80.4 bleed=0.00 fl=100.0,100.0,100.0,100.0 bd=0.0,0.0,0.0,0.0 flags=0 nparts=7 pmin=100.0 smin=0.0 ls=0,0,0,0
[21:22:56.074] [JOIN] INFO: [med] SEND hand=2,1344116224 npc=1 blood=72.0 bleed=0.01 fl=100.0,100.0,100.0,100.0 bd=0.0,0.0,0.0,0.0 flags=0 nparts=7 pmin=68.8 smin=0.0 ls=0,0,0,0
[21:22:56.074] [JOIN] INFO: [med] SEND hand=3,468139648 npc=1 blood=80.4 bleed=0.00 fl=100.0,100.0,100.0,100.0 bd=0.0,0.0,0.0,0.0 flags=0 nparts=7 pmin=100.0 smin=0.0 ls=0,0,0,0
[21:22:56.074] [JOIN] INFO: [med] SEND hand=4,536621088 npc=1 blood=80.4 bleed=0.00 fl=100.0,100.0,100.0,100.0 bd=0.0,0.0,0.0,0.0 flags=0 nparts=7 pmin=100.0 smin=0.0 ls=0,0,0,0
[21:22:56.074] [JOIN] INFO: [med] SEND hand=5,548217792 npc=1 blood=80.4 bleed=0.00 fl=100.0,100.0,100.0,100.0 bd=0.0,0.0,0.0,0.0 flags=0 nparts=7 pmin=100.0 smin=0.0 ls=0,0,0,0
[21:22:56.084] [JOIN] INFO: [med] SEND hand=7,191528320 npc=1 blood=80.4 bleed=0.00 fl=100.0,100.0,100.0,100.0 bd=0.0,0.0,0.0,0.0 flags=0 nparts=7 pmin=100.0 smin=0.0 ls=0,0,0,0
[21:22:56.273] [JOIN] INFO: [med] SEND hand=3,2088989312 npc=1 blood=77.7 bleed=0.28 fl=-65.6,-37.0,-27.5,81.1 bd=0.0,0.0,0.0,0.0 flags=1 nparts=7 pmin=2.7 smin=0.0 ls=0,0,0,0
[21:22:56.278] [JOIN] INFO: [med] SEND hand=18,304565440 npc=1 blood=80.4 bleed=0.00 fl=100.0,100.0,100.0,100.0 bd=0.0,0.0,0.0,0.0 flags=0 nparts=7 pmin=100.0 smin=0.0 ls=0,0,0,0
[21:22:56.279] [JOIN] INFO: [med] SEND hand=19,2222412032 npc=1 blood=71.7 bleed=0.01 fl=100.0,100.0,100.0,100.0 bd=0.0,0.0,0.0,0.0 flags=0 nparts=7 pmin=66.0 smin=0.0 ls=0,0,0,0
[21:22:56.289] [JOIN] INFO: [med] SEND hand=12,1333618176 npc=1 blood=80.4 bleed=0.00 fl=100.0,100.0,100.0,100.0 bd=0.0,0.0,0.0,0.0 flags=0 nparts=7 pmin=100.0 smin=0.0 ls=0,0,0,0
[21:22:56.289] [JOIN] INFO: [med] SEND hand=13,517822272 npc=1 blood=71.1 bleed=0.01 fl=100.0,100.0,100.0,100.0 bd=0.0,0.0,0.0,0.0 flags=0 nparts=7 pmin=65.2 smin=0.0 ls=0,0,0,0
[21:22:56.311] [JOIN] INFO: [med] SEND hand=1,943603520 npc=1 blood=115.4 bleed=0.00 fl=100.0,100.0,100.0,100.0 bd=0.0,0.0,0.0,0.0 flags=0 nparts=7 pmin=100.0 smin=0.0 ls=0,0,0,0
[21:22:56.316] [JOIN] INFO: [med] SEND hand=7,1531982464 npc=1 blood=149.3 bleed=0.11 fl=79.1,79.1,79.1,53.5 bd=0.0,0.0,0.0,0.0 flags=1 nparts=7 pmin=52.0 smin=0.0 ls=0,0,0,0
[21:22:56.494] [JOIN] INFO: [stats] SEND hand=2,2692504832 str=5.8 dex=37.2 tough=11.9 stealth=20.0 athl=4.3 xp=0 fap=0
[21:22:56.513] [JOIN] INFO: [med] SEND hand=1,170166016 npc=1 blood=156.5 bleed=0.08 fl=77.0,77.0,77.0,35.5 bd=0.0,0.0,0.0,0.0 flags=1 nparts=7 pmin=35.5 smin=0.0 ls=0,0,0,0
[21:22:56.519] [JOIN] INFO: [med] SEND hand=1,1097534208 npc=1 blood=74.0 bleed=0.00 fl=80.0,80.0,51.0,80.0 bd=0.0,0.0,0.0,0.0 flags=0 nparts=7 pmin=51.0 smin=0.0 ls=0,0,0,0
[21:22:56.534] [JOIN] INFO: [med] SEND hand=6,1516113280 npc=1 blood=72.2 bleed=0.01 fl=100.0,100.0,100.0,100.0 bd=0.0,0.0,0.0,0.0 flags=0 nparts=7 pmin=69.1 smin=0.0 ls=0,0,0,0
[21:22:56.539] [JOIN] INFO: [stats] SEND hand=1,1803832960 str=6.5 dex=26.5 tough=10.9 stealth=1.0 athl=6.8 xp=0 fap=0
[21:22:56.719] [JOIN] INFO: [med] SEND hand=2,3323486208 npc=1 blood=141.8 bleed=0.10 fl=31.2,72.4,35.4,72.4 bd=0.0,0.0,0.0,0.0 flags=1 nparts=7 pmin=31.2 smin=0.0 ls=0,0,0,0
[21:22:56.931] [JOIN] INFO: [med] SEND hand=9,3676879872 npc=1 blood=168.1 bleed=0.04 fl=72.7,72.7,72.7,72.7 bd=0.0,0.0,0.0,0.0 flags=1 nparts=7 pmin=3.5 smin=0.0 ls=0,0,0,0
[21:22:56.936] [JOIN] INFO: [med] SEND hand=5,3528808704 npc=1 blood=106.3 bleed=0.21 fl=-85.2,-15.5,78.9,78.9 bd=0.0,0.0,0.0,0.0 flags=1 nparts=7 pmin=3.3 smin=0.0 ls=0,0,0,0
[21:22:56.980] [JOIN] INFO: [med] SEND hand=10,2510986240 npc=1 blood=71.2 bleed=0.01 fl=100.0,100.0,100.0,100.0 bd=0.0,0.0,0.0,0.0 flags=0 nparts=7 pmin=65.7 smin=0.0 ls=0,0,0,0
[21:22:57.010] [JOIN] INFO: [med] SEND hand=4,3726318336 npc=1 blood=53.4 bleed=0.31 fl=-93.4,-34.6,77.3,10.6 bd=0.0,0.0,0.0,0.0 flags=1 nparts=7 pmin=10.6 smin=0.0 ls=0,0,0,0
[21:22:57.205] [JOIN] INFO: [med] SEND hand=14,2317260800 npc=1 blood=80.4 bleed=0.00 fl=100.0,100.0,100.0,100.0 bd=0.0,0.0,0.0,0.0 flags=0 nparts=7 pmin=100.0 smin=0.0 ls=0,0,0,0
[21:22:57.205] [JOIN] INFO: [med] SEND hand=16,582763648 npc=1 blood=80.4 bleed=0.00 fl=100.0,100.0,100.0,100.0 bd=0.0,0.0,0.0,0.0 flags=0 nparts=7 pmin=100.0 smin=0.0 ls=0,0,0,0
[21:22:57.205] [JOIN] INFO: [med] SEND hand=17,2821777408 npc=1 blood=80.4 bleed=0.00 fl=100.0,100.0,100.0,100.0 bd=0.0,0.0,0.0,0.0 flags=0 nparts=7 pmin=100.0 smin=0.0 ls=0,0,0,0
[21:22:57.211] [JOIN] INFO: [med] SEND hand=11,3573608448 npc=1 blood=80.4 bleed=0.00 fl=100.0,100.0,100.0,100.0 bd=0.0,0.0,0.0,0.0 flags=0 nparts=7 pmin=100.0 smin=0.0 ls=0,0,0,0
[21:22:57.217] [JOIN] INFO: [med] SEND hand=9,562622080 npc=1 blood=80.4 bleed=0.00 fl=100.0,100.0,100.0,100.0 bd=0.0,0.0,0.0,0.0 flags=0 nparts=7 pmin=100.0 smin=0.0 ls=0,0,0,0
[21:22:57.217] [JOIN] INFO: [med] SEND hand=15,3298217728 npc=1 blood=80.4 bleed=0.00 fl=100.0,100.0,100.0,100.0 bd=0.0,0.0,0.0,0.0 flags=0 nparts=7 pmin=100.0 smin=0.0 ls=0,0,0,0
[21:22:57.229] [JOIN] INFO: [med] SEND hand=4,536621088 npc=1 blood=80.4 bleed=0.00 fl=100.0,100.0,100.0,100.0 bd=0.0,0.0,0.0,0.0 flags=0 nparts=7 pmin=100.0 smin=0.0 ls=0,0,0,0
[21:22:57.229] [JOIN] INFO: [med] SEND hand=5,548217792 npc=1 blood=80.4 bleed=0.00 fl=100.0,100.0,100.0,100.0 bd=0.0,0.0,0.0,0.0 flags=0 nparts=7 pmin=100.0 smin=0.0 ls=0,0,0,0
[21:22:57.235] [JOIN] INFO: [med] SEND hand=2,1344116224 npc=1 blood=72.0 bleed=0.01 fl=100.0,100.0,100.0,100.0 bd=0.0,0.0,0.0,0.0 flags=0 nparts=7 pmin=68.8 smin=0.0 ls=0,0,0,0
[21:22:57.235] [JOIN] INFO: [med] SEND hand=3,468139648 npc=1 blood=80.4 bleed=0.00 fl=100.0,100.0,100.0,100.0 bd=0.0,0.0,0.0,0.0 flags=0 nparts=7 pmin=100.0 smin=0.0 ls=0,0,0,0
[21:22:57.246] [JOIN] INFO: [med] SEND hand=7,191528320 npc=1 blood=80.4 bleed=0.00 fl=100.0,100.0,100.0,100.0 bd=0.0,0.0,0.0,0.0 flags=0 nparts=7 pmin=100.0 smin=0.0 ls=0,0,0,0
[21:22:57.275] [JOIN] INFO: [med] SEND hand=3,2088989312 npc=1 blood=77.4 bleed=0.28 fl=-65.7,-37.1,-27.5,81.1 bd=0.0,0.0,0.0,0.0 flags=1 nparts=7 pmin=2.7 smin=0.0 ls=0,0,0,0
[21:22:57.464] [JOIN] INFO: [med] SEND hand=18,304565440 npc=1 blood=80.4 bleed=0.00 fl=100.0,100.0,100.0,100.0 bd=0.0,0.0,0.0,0.0 flags=0 nparts=7 pmin=100.0 smin=0.0 ls=0,0,0,0
[21:22:57.464] [JOIN] INFO: [med] SEND hand=19,2222412032 npc=1 blood=71.7 bleed=0.01 fl=100.0,100.0,100.0,100.0 bd=0.0,0.0,0.0,0.0 flags=0 nparts=7 pmin=66.0 smin=0.0 ls=0,0,0,0
[21:22:57.475] [JOIN] INFO: [med] SEND hand=12,1333618176 npc=1 blood=80.4 bleed=0.00 fl=100.0,100.0,100.0,100.0 bd=0.0,0.0,0.0,0.0 flags=0 nparts=7 pmin=100.0 smin=0.0 ls=0,0,0,0
[21:22:57.475] [JOIN] INFO: [med] SEND hand=13,517822272 npc=1 blood=71.1 bleed=0.01 fl=100.0,100.0,100.0,100.0 bd=0.0,0.0,0.0,0.0 flags=0 nparts=7 pmin=65.2 smin=0.0 ls=0,0,0,0
[21:22:57.475] [JOIN] INFO: [med] SEND hand=7,1531982464 npc=1 blood=149.2 bleed=0.11 fl=79.1,79.1,79.1,53.5 bd=0.0,0.0,0.0,0.0 flags=1 nparts=7 pmin=52.0 smin=0.0 ls=0,0,0,0
[21:22:57.499] [JOIN] INFO: [med] SEND hand=1,943603520 npc=1 blood=115.4 bleed=0.00 fl=100.0,100.0,100.0,100.0 bd=0.0,0.0,0.0,0.0 flags=0 nparts=7 pmin=100.0 smin=0.0 ls=0,0,0,0
[21:22:57.516] [JOIN] INFO: [med] SEND hand=1,170166016 npc=1 blood=156.4 bleed=0.08 fl=77.0,77.0,77.0,35.4 bd=0.0,0.0,0.0,0.0 flags=1 nparts=7 pmin=35.4 smin=0.0 ls=0,0,0,0
[21:22:57.540] [JOIN] INFO: [stats] SEND hand=1,1803832960 str=6.5 dex=26.5 tough=10.9 stealth=1.0 athl=6.9 xp=0 fap=0
[21:22:57.638] [JOIN] INFO: [ai] suspended=0 driven=0
[21:22:57.638] [JOIN] INFO: [trust] trusted=0 driven=0 grants=0 revokes=0
[21:22:57.744] [JOIN] INFO: [med] SEND hand=6,1516113280 npc=1 blood=72.2 bleed=0.01 fl=100.0,100.0,100.0,100.0 bd=0.0,0.0,0.0,0.0 flags=0 nparts=7 pmin=69.1 smin=0.0 ls=0,0,0,0
[21:22:57.935] [JOIN] INFO: [med] SEND hand=9,3676879872 npc=1 blood=168.0 bleed=0.04 fl=72.7,72.7,72.7,72.7 bd=0.0,0.0,0.0,0.0 flags=1 nparts=7 pmin=3.5 smin=0.0 ls=0,0,0,0
[21:22:57.941] [JOIN] INFO: [med] SEND hand=5,3528808704 npc=1 blood=106.0 bleed=0.20 fl=-85.3,-15.6,78.9,78.9 bd=0.0,0.0,0.0,0.0 flags=1 nparts=7 pmin=3.2 smin=0.0 ls=0,0,0,0
[21:22:57.958] [JOIN] INFO: [med] SEND hand=2,3323486208 npc=1 blood=141.7 bleed=0.09 fl=31.2,72.4,35.4,72.4 bd=0.0,0.0,0.0,0.0 flags=1 nparts=7 pmin=31.2 smin=0.0 ls=0,0,0,0
[21:22:57.980] [JOIN] INFO: [med] SEND hand=10,2510986240 npc=1 blood=71.2 bleed=0.01 fl=100.0,100.0,100.0,100.0 bd=0.0,0.0,0.0,0.0 flags=0 nparts=7 pmin=65.7 smin=0.0 ls=0,0,0,0
[21:22:58.013] [JOIN] INFO: [med] SEND hand=4,3726318336 npc=1 blood=53.0 bleed=0.30 fl=-93.5,-34.7,77.3,10.6 bd=0.0,0.0,0.0,0.0 flags=1 nparts=7 pmin=10.6 smin=0.0 ls=0,0,0,0
[21:22:58.024] [JOIN] INFO: [med] SEND hand=2,2692504832 npc=0 blood=79.0 bleed=0.00 fl=100.0,92.6,100.0,92.8 bd=0.0,0.0,0.0,0.0 flags=0 nparts=7 pmin=83.8 smin=0.0 ls=0,0,0,0
[21:22:58.113] [JOIN] INFO: [stats] SEND hand=2,2692504832 str=5.8 dex=37.2 tough=11.9 stealth=20.0 athl=4.4 xp=0 fap=0
[21:22:58.207] [JOIN] INFO: [med] SEND hand=14,2317260800 npc=1 blood=80.5 bleed=0.00 fl=100.0,100.0,100.0,100.0 bd=0.0,0.0,0.0,0.0 flags=0 nparts=7 pmin=100.0 smin=0.0 ls=0,0,0,0
[21:22:58.207] [JOIN] INFO: [med] SEND hand=16,582763648 npc=1 blood=80.5 bleed=0.00 fl=100.0,100.0,100.0,100.0 bd=0.0,0.0,0.0,0.0 flags=0 nparts=7 pmin=100.0 smin=0.0 ls=0,0,0,0
[21:22:58.207] [JOIN] INFO: [med] SEND hand=17,2821777408 npc=1 blood=80.5 bleed=0.00 fl=100.0,100.0,100.0,100.0 bd=0.0,0.0,0.0,0.0 flags=0 nparts=7 pmin=100.0 smin=0.0 ls=0,0,0,0
[21:22:58.212] [JOIN] INFO: [med] SEND hand=11,3573608448 npc=1 blood=80.5 bleed=0.00 fl=100.0,100.0,100.0,100.0 bd=0.0,0.0,0.0,0.0 flags=0 nparts=7 pmin=100.0 smin=0.0 ls=0,0,0,0
[21:22:58.217] [JOIN] INFO: [med] SEND hand=9,562622080 npc=1 blood=80.5 bleed=0.00 fl=100.0,100.0,100.0,100.0 bd=0.0,0.0,0.0,0.0 flags=0 nparts=7 pmin=100.0 smin=0.0 ls=0,0,0,0
[21:22:58.217] [JOIN] INFO: [med] SEND hand=15,3298217728 npc=1 blood=80.5 bleed=0.00 fl=100.0,100.0,100.0,100.0 bd=0.0,0.0,0.0,0.0 flags=0 nparts=7 pmin=100.0 smin=0.0 ls=0,0,0,0
[21:22:58.229] [JOIN] INFO: [med] SEND hand=4,536621088 npc=1 blood=80.5 bleed=0.00 fl=100.0,100.0,100.0,100.0 bd=0.0,0.0,0.0,0.0 flags=0 nparts=7 pmin=100.0 smin=0.0 ls=0,0,0,0
[21:22:58.229] [JOIN] INFO: [med] SEND hand=5,548217792 npc=1 blood=80.5 bleed=0.00 fl=100.0,100.0,100.0,100.0 bd=0.0,0.0,0.0,0.0 flags=0 nparts=7 pmin=100.0 smin=0.0 ls=0,0,0,0
[21:22:58.238] [JOIN] INFO: [med] SEND hand=2,1344116224 npc=1 blood=72.0 bleed=0.01 fl=100.0,100.0,100.0,100.0 bd=0.0,0.0,0.0,0.0 flags=0 nparts=7 pmin=68.7 smin=0.0 ls=0,0,0,0
[21:22:58.238] [JOIN] INFO: [med] SEND hand=3,468139648 npc=1 blood=80.5 bleed=0.00 fl=100.0,100.0,100.0,100.0 bd=0.0,0.0,0.0,0.0 flags=0 nparts=7 pmin=100.0 smin=0.0 ls=0,0,0,0
[21:22:58.248] [JOIN] INFO: [med] SEND hand=7,191528320 npc=1 blood=80.5 bleed=0.00 fl=100.0,100.0,100.0,100.0 bd=0.0,0.0,0.0,0.0 flags=0 nparts=7 pmin=100.0 smin=0.0 ls=0,0,0,0
[21:22:58.377] [JOIN] INFO: [med] SEND hand=3,2088989312 npc=1 blood=77.0 bleed=0.27 fl=-65.8,-37.2,-27.6,81.1 bd=0.0,0.0,0.0,0.0 flags=1 nparts=7 pmin=2.6 smin=0.0 ls=0,0,0,0
[21:22:58.426] [JOIN] INFO: [med] SEND hand=2,2692504832 npc=0 blood=79.0 bleed=0.00 fl=100.0,92.6,100.0,92.8 bd=0.0,0.0,0.0,0.0 flags=0 nparts=7 pmin=83.8 smin=0.0 ls=0,0,0,0
[21:22:58.484] [JOIN] INFO: [med] SEND hand=7,1531982464 npc=1 blood=149.1 bleed=0.11 fl=79.1,79.1,79.1,53.5 bd=0.0,0.0,0.0,0.0 flags=1 nparts=7 pmin=52.0 smin=0.0 ls=0,0,0,0
[21:22:58.578] [JOIN] INFO: [med] SEND hand=1,170166016 npc=1 blood=156.3 bleed=0.08 fl=77.0,77.0,77.0,35.4 bd=0.0,0.0,0.0,0.0 flags=1 nparts=7 pmin=35.4 smin=0.0 ls=0,0,0,0
[21:22:58.665] [JOIN] INFO: [med] SEND hand=18,304565440 npc=1 blood=80.5 bleed=0.00 fl=100.0,100.0,100.0,100.0 bd=0.0,0.0,0.0,0.0 flags=0 nparts=7 pmin=100.0 smin=0.0 ls=0,0,0,0
[21:22:58.665] [JOIN] INFO: [med] SEND hand=19,2222412032 npc=1 blood=71.7 bleed=0.01 fl=100.0,100.0,100.0,100.0 bd=0.0,0.0,0.0,0.0 flags=0 nparts=7 pmin=66.0 smin=0.0 ls=0,0,0,0
[21:22:58.674] [JOIN] INFO: [med] SEND hand=12,1333618176 npc=1 blood=80.5 bleed=0.00 fl=100.0,100.0,100.0,100.0 bd=0.0,0.0,0.0,0.0 flags=0 nparts=7 pmin=100.0 smin=0.0 ls=0,0,0,0
[21:22:58.674] [JOIN] INFO: [med] SEND hand=13,517822272 npc=1 blood=71.1 bleed=0.01 fl=100.0,100.0,100.0,100.0 bd=0.0,0.0,0.0,0.0 flags=0 nparts=7 pmin=65.2 smin=0.0 ls=0,0,0,0
[21:22:58.692] [JOIN] INFO: [med] SEND hand=1,943603520 npc=1 blood=115.4 bleed=0.00 fl=100.0,100.0,100.0,100.0 bd=0.0,0.0,0.0,0.0 flags=0 nparts=7 pmin=100.0 smin=0.0 ls=0,0,0,0
[21:22:58.697] [JOIN] INFO: [med] SEND hand=3,2235839744 npc=1 blood=73.0 bleed=0.00 fl=80.0,80.0,80.0,80.0 bd=0.0,0.0,0.0,0.0 flags=0 nparts=7 pmin=45.8 smin=0.0 ls=0,0,0,0
[21:22:58.898] [JOIN] INFO: [med] SEND hand=6,1516113280 npc=1 blood=72.2 bleed=0.01 fl=100.0,100.0,100.0,100.0 bd=0.0,0.0,0.0,0.0 flags=0 nparts=7 pmin=69.1 smin=0.0 ls=0,0,0,0
[21:22:58.937] [JOIN] INFO: [med] SEND hand=9,3676879872 npc=1 blood=168.0 bleed=0.04 fl=72.7,72.7,72.7,72.7 bd=0.0,0.0,0.0,0.0 flags=1 nparts=7 pmin=3.5 smin=0.0 ls=0,0,0,0
[21:22:58.942] [JOIN] INFO: [med] SEND hand=5,3528808704 npc=1 blood=105.8 bleed=0.20 fl=-85.3,-15.6,78.9,78.9 bd=0.0,0.0,0.0,0.0 flags=1 nparts=7 pmin=3.2 smin=0.0 ls=0,0,0,0
[21:22:58.982] [JOIN] INFO: [med] SEND hand=10,2510986240 npc=1 blood=71.2 bleed=0.01 fl=100.0,100.0,100.0,100.0 bd=0.0,0.0,0.0,0.0 flags=0 nparts=7 pmin=65.7 smin=0.0 ls=0,0,0,0
[21:22:59.015] [JOIN] INFO: [med] SEND hand=4,3726318336 npc=1 blood=52.6 bleed=0.29 fl=-93.6,-34.8,77.3,10.6 bd=0.0,0.0,0.0,0.0 flags=1 nparts=7 pmin=10.6 smin=0.0 ls=0,0,0,0
[21:22:59.067] [JOIN] INFO: [med] SEND hand=2,3323486208 npc=1 blood=141.6 bleed=0.09 fl=31.1,72.4,35.4,72.4 bd=0.0,0.0,0.0,0.0 flags=1 nparts=7 pmin=31.1 smin=0.0 ls=0,0,0,0
[21:22:59.145] [JOIN] INFO: [stats] SEND hand=1,1803832960 str=6.5 dex=26.5 tough=10.9 stealth=1.0 athl=7.0 xp=0 fap=0
[21:22:59.207] [JOIN] INFO: [med] SEND hand=14,2317260800 npc=1 blood=80.5 bleed=0.00 fl=100.0,100.0,100.0,100.0 bd=0.0,0.0,0.0,0.0 flags=0 nparts=7 pmin=100.0 smin=0.0 ls=0,0,0,0
[21:22:59.207] [JOIN] INFO: [med] SEND hand=16,582763648 npc=1 blood=80.5 bleed=0.00 fl=100.0,100.0,100.0,100.0 bd=0.0,0.0,0.0,0.0 flags=0 nparts=7 pmin=100.0 smin=0.0 ls=0,0,0,0
[21:22:59.216] [JOIN] INFO: [med] SEND hand=11,3573608448 npc=1 blood=80.5 bleed=0.00 fl=100.0,100.0,100.0,100.0 bd=0.0,0.0,0.0,0.0 flags=0 nparts=7 pmin=100.0 smin=0.0 ls=0,0,0,0
[21:22:59.221] [JOIN] INFO: [med] SEND hand=9,562622080 npc=1 blood=80.5 bleed=0.00 fl=100.0,100.0,100.0,100.0 bd=0.0,0.0,0.0,0.0 flags=0 nparts=7 pmin=100.0 smin=0.0 ls=0,0,0,0
[21:22:59.221] [JOIN] INFO: [med] SEND hand=15,3298217728 npc=1 blood=80.5 bleed=0.00 fl=100.0,100.0,100.0,100.0 bd=0.0,0.0,0.0,0.0 flags=0 nparts=7 pmin=100.0 smin=0.0 ls=0,0,0,0
[21:22:59.231] [JOIN] INFO: [med] SEND hand=4,536621088 npc=1 blood=80.5 bleed=0.00 fl=100.0,100.0,100.0,100.0 bd=0.0,0.0,0.0,0.0 flags=0 nparts=7 pmin=100.0 smin=0.0 ls=0,0,0,0
[21:22:59.231] [JOIN] INFO: [med] SEND hand=5,548217792 npc=1 blood=80.5 bleed=0.00 fl=100.0,100.0,100.0,100.0 bd=0.0,0.0,0.0,0.0 flags=0 nparts=7 pmin=100.0 smin=0.0 ls=0,0,0,0
[21:22:59.240] [JOIN] INFO: [med] SEND hand=2,1344116224 npc=1 blood=72.0 bleed=0.01 fl=100.0,100.0,100.0,100.0 bd=0.0,0.0,0.0,0.0 flags=0 nparts=7 pmin=68.7 smin=0.0 ls=0,0,0,0
[21:22:59.240] [JOIN] INFO: [med] SEND hand=3,468139648 npc=1 blood=80.5 bleed=0.00 fl=100.0,100.0,100.0,100.0 bd=0.0,0.0,0.0,0.0 flags=0 nparts=7 pmin=100.0 smin=0.0 ls=0,0,0,0
[21:22:59.250] [JOIN] INFO: [med] SEND hand=7,191528320 npc=1 blood=80.5 bleed=0.00 fl=100.0,100.0,100.0,100.0 bd=0.0,0.0,0.0,0.0 flags=0 nparts=7 pmin=100.0 smin=0.0 ls=0,0,0,0
[21:22:59.382] [JOIN] INFO: [med] SEND hand=3,2088989312 npc=1 blood=76.7 bleed=0.26 fl=-65.9,-37.3,-27.7,81.1 bd=0.0,0.0,0.0,0.0 flags=1 nparts=7 pmin=2.6 smin=0.0 ls=0,0,0,0
[21:22:59.487] [JOIN] INFO: [med] SEND hand=7,1531982464 npc=1 blood=148.9 bleed=0.10 fl=79.1,79.1,79.1,53.5 bd=0.0,0.0,0.0,0.0 flags=1 nparts=7 pmin=52.0 smin=0.0 ls=0,0,0,0
[21:22:59.578] [JOIN] INFO: [med] SEND hand=1,170166016 npc=1 blood=156.2 bleed=0.08 fl=77.0,77.0,77.0,35.4 bd=0.0,0.0,0.0,0.0 flags=1 nparts=7 pmin=35.4 smin=0.0 ls=0,0,0,0
[21:22:59.734] [JOIN] INFO: [stats] SEND hand=2,2692504832 str=5.8 dex=37.2 tough=11.9 stealth=20.0 athl=4.5 xp=0 fap=0
[21:22:59.937] [JOIN] INFO: [med] SEND hand=9,3676879872 npc=1 blood=167.9 bleed=0.04 fl=72.7,72.7,72.7,72.7 bd=0.0,0.0,0.0,0.0 flags=1 nparts=7 pmin=3.4 smin=0.0 ls=0,0,0,0
[21:22:59.947] [JOIN] INFO: [med] SEND hand=5,3528808704 npc=1 blood=105.5 bleed=0.19 fl=-85.4,-15.7,78.9,78.9 bd=0.0,0.0,0.0,0.0 flags=1 nparts=7 pmin=3.2 smin=0.0 ls=0,0,0,0
[21:23:00.016] [JOIN] INFO: [med] SEND hand=4,3726318336 npc=1 blood=52.3 bleed=0.29 fl=-93.7,-34.8,77.3,10.5 bd=0.0,0.0,0.0,0.0 flags=1 nparts=7 pmin=10.5 smin=0.0 ls=0,0,0,0
[21:23:00.067] [JOIN] INFO: [med] SEND hand=2,3323486208 npc=1 blood=141.5 bleed=0.09 fl=31.1,72.4,35.4,72.4 bd=0.0,0.0,0.0,0.0 flags=1 nparts=7 pmin=31.1 smin=0.0 ls=0,0,0,0
[21:23:00.215] [JOIN] INFO: [fac] AFFECT-EV me='40544-rebirth.mod' whom='518-gamedata.base' event=1 mult=0.000 after=-100.00 skipped=0
[21:23:00.220] [JOIN] INFO: [med] SEND hand=11,3573608448 npc=1 blood=80.6 bleed=0.00 fl=100.0,100.0,100.0,100.0 bd=0.0,0.0,0.0,0.0 flags=0 nparts=7 pmin=100.0 smin=0.0 ls=0,0,0,0
[21:23:00.233] [JOIN] INFO: [med] SEND hand=5,548217792 npc=1 blood=80.6 bleed=0.00 fl=100.0,100.0,100.0,100.0 bd=0.0,0.0,0.0,0.0 flags=0 nparts=7 pmin=100.0 smin=0.0 ls=0,0,0,0
[21:23:00.360] [JOIN] INFO: [fac] AFFECT-EV me='518-gamedata.base' whom='40544-rebirth.mod' event=1 mult=0.600 after=-100.00 skipped=0
[21:23:00.383] [JOIN] INFO: [med] SEND hand=3,2088989312 npc=1 blood=76.4 bleed=0.25 fl=-65.9,-37.3,-27.8,81.1 bd=0.0,0.0,0.0,0.0 flags=1 nparts=7 pmin=2.6 smin=0.0 ls=0,0,0,0
[21:23:00.429] [JOIN] INFO: [med] SEND hand=10,2605224704 npc=1 blood=81.0 bleed=0.00 fl=80.0,80.0,80.0,80.0 bd=0.0,0.0,0.0,0.0 flags=0 nparts=7 pmin=80.0 smin=0.0 ls=0,0,0,0
[21:23:00.430] [JOIN] INFO: [cam] center=-8581.0,797.6,-128780.3
[21:23:00.488] [JOIN] INFO: [med] SEND hand=7,1531982464 npc=1 blood=148.8 bleed=0.10 fl=79.1,79.1,79.1,53.5 bd=0.0,0.0,0.0,0.0 flags=1 nparts=7 pmin=52.0 smin=0.0 ls=0,0,0,0
[21:23:00.557] [JOIN] INFO: [med] SEND hand=21,3567260672 npc=1 blood=81.0 bleed=0.00 fl=80.0,80.0,80.0,80.0 bd=0.0,0.0,0.0,0.0 flags=0 nparts=7 pmin=80.0 smin=0.0 ls=0,0,0,0
[21:23:00.580] [JOIN] INFO: [med] SEND hand=1,170166016 npc=1 blood=156.1 bleed=0.08 fl=77.0,77.0,77.0,35.4 bd=0.0,0.0,0.0,0.0 flags=1 nparts=7 pmin=35.4 smin=0.0 ls=0,0,0,0
[21:23:00.641] [JOIN] INFO: [ai] suspended=0 driven=0
[21:23:00.641] [JOIN] INFO: [trust] trusted=0 driven=0 grants=0 revokes=0
[21:23:00.859] [JOIN] INFO: [stats] SEND hand=1,1803832960 str=6.5 dex=26.5 tough=10.9 stealth=1.0 athl=7.1 xp=0 fap=0
[21:23:00.947] [JOIN] INFO: [med] SEND hand=5,3528808704 npc=1 blood=105.3 bleed=0.19 fl=-85.5,-15.8,78.9,78.9 bd=0.0,0.0,0.0,0.0 flags=1 nparts=7 pmin=3.2 smin=0.0 ls=0,0,0,0
[21:23:00.953] [JOIN] INFO: [med] SEND hand=9,3676879872 npc=1 blood=167.9 bleed=0.04 fl=72.7,72.7,72.7,72.7 bd=0.0,0.0,0.0,0.0 flags=1 nparts=7 pmin=3.4 smin=0.0 ls=0,0,0,0
[21:23:01.019] [JOIN] INFO: [med] SEND hand=4,3726318336 npc=1 blood=52.0 bleed=0.28 fl=-93.7,-34.9,77.3,10.5 bd=0.0,0.0,0.0,0.0 flags=1 nparts=7 pmin=10.5 smin=0.0 ls=0,0,0,0
[21:23:01.071] [JOIN] INFO: [med] SEND hand=2,3323486208 npc=1 blood=141.4 bleed=0.09 fl=31.1,72.4,35.4,72.4 bd=0.0,0.0,0.0,0.0 flags=1 nparts=7 pmin=31.1 smin=0.0 ls=0,0,0,0
[21:23:01.222] [JOIN] INFO: [med] SEND hand=11,3573608448 npc=1 blood=80.6 bleed=0.00 fl=100.0,100.0,100.0,100.0 bd=0.0,0.0,0.0,0.0 flags=0 nparts=7 pmin=100.0 smin=0.0 ls=0,0,0,0
[21:23:01.236] [JOIN] INFO: [med] SEND hand=5,548217792 npc=1 blood=80.6 bleed=0.00 fl=100.0,100.0,100.0,100.0 bd=0.0,0.0,0.0,0.0 flags=0 nparts=7 pmin=100.0 smin=0.0 ls=0,0,0,0
[21:23:01.383] [JOIN] INFO: [med] SEND hand=3,2088989312 npc=1 blood=76.2 bleed=0.25 fl=-66.0,-37.4,-27.8,81.1 bd=0.0,0.0,0.0,0.0 flags=1 nparts=7 pmin=2.6 smin=0.0 ls=0,0,0,0
[21:23:01.454] [JOIN] INFO: [stats] SEND hand=2,2692504832 str=5.8 dex=37.2 tough=11.9 stealth=20.0 athl=4.6 xp=0 fap=0
[21:23:01.492] [JOIN] INFO: [med] SEND hand=7,1531982464 npc=1 blood=148.7 bleed=0.10 fl=79.1,79.1,79.1,53.5 bd=0.0,0.0,0.0,0.0 flags=1 nparts=7 pmin=52.0 smin=0.0 ls=0,0,0,0
[21:23:01.652] [JOIN] INFO: [med] SEND hand=15,620727552 npc=1 blood=74.0 bleed=0.00 fl=80.0,80.0,80.0,80.0 bd=0.0,0.0,0.0,0.0 flags=0 nparts=7 pmin=49.9 smin=0.0 ls=0,0,0,0
[21:23:01.652] [JOIN] INFO: [med] SEND hand=19,3308349696 npc=1 blood=81.0 bleed=0.00 fl=80.0,80.0,80.0,80.0 bd=0.0,0.0,0.0,0.0 flags=0 nparts=7 pmin=80.0 smin=0.0 ls=0,0,0,0
[21:23:02.059] [JOIN] INFO: [med] SEND hand=9,3676879872 npc=1 blood=167.9 bleed=0.04 fl=72.7,72.7,72.7,72.7 bd=0.0,0.0,0.0,0.0 flags=1 nparts=7 pmin=3.4 smin=0.0 ls=0,0,0,0
[21:23:02.078] [JOIN] INFO: [med] SEND hand=2,2692504832 npc=0 blood=79.2 bleed=0.00 fl=100.0,92.6,100.0,92.8 bd=0.0,0.0,0.0,0.0 flags=0 nparts=7 pmin=83.8 smin=0.0 ls=0,0,0,0
[21:23:02.103] [JOIN] INFO: [med] SEND hand=4,3726318336 npc=1 blood=51.7 bleed=0.27 fl=-93.8,-35.0,77.3,10.5 bd=0.0,0.0,0.0,0.0 flags=1 nparts=7 pmin=10.5 smin=0.0 ls=0,0,0,0
[21:23:02.322] [JOIN] INFO: [med] SEND hand=11,3573608448 npc=1 blood=80.6 bleed=0.00 fl=100.0,100.0,100.0,100.0 bd=0.0,0.0,0.0,0.0 flags=0 nparts=7 pmin=100.0 smin=0.0 ls=0,0,0,0
[21:23:02.500] [JOIN] INFO: [med] SEND hand=4,2141967744 npc=1 blood=81.0 bleed=0.00 fl=80.0,80.0,80.0,80.0 bd=0.0,0.0,0.0,0.0 flags=0 nparts=7 pmin=80.0 smin=0.0 ls=0,0,0,0
[21:23:02.565] [JOIN] INFO: [med] SEND hand=7,1531982464 npc=1 blood=148.6 bleed=0.10 fl=79.1,79.1,79.1,53.5 bd=0.0,0.0,0.0,0.0 flags=1 nparts=7 pmin=52.0 smin=0.0 ls=0,0,0,0
[21:23:02.574] [JOIN] INFO: [stats] SEND hand=1,1803832960 str=6.5 dex=26.5 tough=10.9 stealth=1.0 athl=7.2 xp=0 fap=0
[21:23:02.584] [JOIN] INFO: [med] SEND hand=20,619384768 npc=1 blood=81.0 bleed=0.00 fl=80.0,80.0,80.0,80.0 bd=0.0,0.0,0.0,0.0 flags=0 nparts=7 pmin=80.0 smin=0.0 ls=0,0,0,0
[21:23:02.695] [JOIN] INFO: [med] SEND hand=12,2288086016 npc=1 blood=81.0 bleed=0.00 fl=80.0,80.0,80.0,80.0 bd=0.0,0.0,0.0,0.0 flags=0 nparts=7 pmin=80.0 smin=0.0 ls=0,0,0,0
[21:23:03.025] [JOIN] INFO: [stats] SEND hand=2,2692504832 str=5.8 dex=37.2 tough=11.9 stealth=20.0 athl=4.7 xp=0 fap=0
[21:23:03.103] [JOIN] INFO: [med] SEND hand=4,3726318336 npc=1 blood=51.5 bleed=0.27 fl=-93.9,-35.0,77.3,10.5 bd=0.0,0.0,0.0,0.0 flags=1 nparts=7 pmin=10.5 smin=0.0 ls=0,0,0,0
[21:23:03.203] [JOIN] INFO: [med] SEND hand=9,3676879872 npc=1 blood=167.8 bleed=0.04 fl=72.7,72.7,72.7,72.7 bd=0.0,0.0,0.0,0.0 flags=1 nparts=7 pmin=3.4 smin=0.0 ls=0,0,0,0
[21:23:03.389] [JOIN] INFO: [med] SEND hand=7,2079345664 npc=1 blood=81.0 bleed=0.00 fl=80.0,80.0,80.0,80.0 bd=0.0,0.0,0.0,0.0 flags=0 nparts=7 pmin=80.0 smin=0.0 ls=0,0,0,0
[21:23:03.446] [JOIN] INFO: [med] SEND hand=6,3893066496 npc=1 blood=81.0 bleed=0.00 fl=80.0,80.0,80.0,80.0 bd=0.0,0.0,0.0,0.0 flags=0 nparts=7 pmin=80.0 smin=0.0 ls=0,0,0,0
[21:23:03.646] [JOIN] INFO: [ai] suspended=0 driven=0
[21:23:03.646] [JOIN] INFO: [trust] trusted=0 driven=0 grants=0 revokes=0
[21:23:03.655] [JOIN] INFO: [med] SEND hand=5,4760742 npc=1 blood=73.5 bleed=0.00 fl=80.0,80.0,80.0,80.0 bd=0.0,0.0,0.0,0.0 flags=0 nparts=7 pmin=47.2 smin=0.0 ls=0,0,0,0
[21:23:03.681] [JOIN] INFO: [med] SEND hand=16,2179199232 npc=1 blood=81.0 bleed=0.00 fl=80.0,80.0,80.0,80.0 bd=0.0,0.0,0.0,0.0 flags=0 nparts=7 pmin=80.0 smin=0.0 ls=0,0,0,0
[21:23:03.681] [JOIN] INFO: [med] SEND hand=17,3389648384 npc=1 blood=81.0 bleed=0.00 fl=80.0,80.0,80.0,80.0 bd=0.0,0.0,0.0,0.0 flags=0 nparts=7 pmin=80.0 smin=0.0 ls=0,0,0,0
[21:23:03.703] [JOIN] INFO: [census] sent n=95 radius=2000 mid=48
[21:23:03.751] [JOIN] INFO: [med] SEND hand=7,1531982464 npc=1 blood=148.5 bleed=0.09 fl=79.1,79.1,79.1,53.5 bd=0.0,0.0,0.0,0.0 flags=1 nparts=7 pmin=52.0 smin=0.0 ls=0,0,0,0
[21:23:04.093] [JOIN] INFO: [med] SEND hand=8,11230469 npc=1 blood=67.0 bleed=0.00 fl=80.0,80.0,47.4,80.0 bd=0.0,0.0,0.0,0.0 flags=0 nparts=7 pmin=45.7 smin=0.0 ls=0,0,0,0
[21:23:04.304] [JOIN] INFO: [stats] SEND hand=1,1803832960 str=6.5 dex=26.5 tough=10.9 stealth=1.0 athl=7.3 xp=0 fap=0
[21:23:04.667] [JOIN] INFO: [med] SEND hand=23,3112182528 npc=1 blood=81.0 bleed=0.00 fl=80.0,80.0,80.0,80.0 bd=0.0,0.0,0.0,0.0 flags=0 nparts=7 pmin=80.0 smin=0.0 ls=0,0,0,0
[21:23:04.795] [JOIN] INFO: [stats] SEND hand=2,2692504832 str=5.8 dex=37.2 tough=11.9 stealth=20.0 athl=4.8 xp=0 fap=0
[21:23:05.033] [JOIN] INFO: [med] SEND hand=1,1803832960 npc=0 blood=79.9 bleed=0.00 fl=100.0,100.0,92.6,100.0 bd=0.0,0.0,0.0,0.0 flags=0 nparts=7 pmin=81.2 smin=0.0 ls=0,0,0,0
[21:23:05.044] [JOIN] INFO: [med] SEND hand=7,1531982464 npc=1 blood=148.4 bleed=0.09 fl=79.1,79.1,79.1,53.5 bd=0.0,0.0,0.0,0.0 flags=1 nparts=7 pmin=52.0 smin=0.0 ls=0,0,0,0
[21:23:05.094] [JOIN] INFO: [med] SEND hand=4,3726318336 npc=1 blood=50.9 bleed=0.25 fl=-94.0,-35.2,77.3,10.5 bd=0.0,0.0,0.0,0.0 flags=1 nparts=7 pmin=10.5 smin=0.0 ls=0,0,0,0
[21:23:05.094] [JOIN] INFO: [med] SEND hand=9,3676879872 npc=1 blood=167.7 bleed=0.03 fl=72.7,72.7,72.7,72.7 bd=0.0,0.0,0.0,0.0 flags=1 nparts=7 pmin=3.4 smin=0.0 ls=0,0,0,0
[21:23:05.372] [JOIN] INFO: [coop-ui] panel closed
[21:23:05.377] [JOIN] INFO: [speed] REQ mult=1.00 paused=0 combat=0
[21:23:05.433] [JOIN] INFO: [cam] center=-8581.3,806.5,-128886.4
[21:23:05.848] [JOIN] INFO: [coop-ui] panel opened
[21:23:05.860] [JOIN] INFO: [speed] REQ mult=1.00 paused=0 combat=0
[21:23:06.165] [JOIN] INFO: [med] SEND hand=9,3676879872 npc=1 blood=167.7 bleed=0.03 fl=72.7,72.7,72.7,72.7 bd=0.0,0.0,0.0,0.0 flags=1 nparts=7 pmin=3.3 smin=0.0 ls=0,0,0,0
[21:23:06.213] [JOIN] INFO: [med] SEND hand=4,3726318336 npc=1 blood=50.6 bleed=0.24 fl=-94.1,-35.3,77.3,10.4 bd=0.0,0.0,0.0,0.0 flags=1 nparts=7 pmin=10.4 smin=0.0 ls=0,0,0,0
[21:23:06.239] [JOIN] INFO: [med] SEND hand=7,1531982464 npc=1 blood=148.3 bleed=0.09 fl=79.1,79.1,79.1,53.5 bd=0.0,0.0,0.0,0.0 flags=1 nparts=7 pmin=52.0 smin=0.0 ls=0,0,0,0
[21:23:06.239] [JOIN] INFO: [stats] SEND hand=1,1803832960 str=6.5 dex=26.5 tough=10.9 stealth=1.0 athl=7.4 xp=0 fap=0
[21:23:06.495] [JOIN] INFO: [stats] SEND hand=2,2692504832 str=5.8 dex=37.2 tough=11.9 stealth=20.0 athl=4.9 xp=0 fap=0
[21:23:06.525] [JOIN] INFO: [med] SEND hand=1,1097534208 npc=1 blood=74.5 bleed=0.00 fl=80.0,80.0,51.0,80.0 bd=0.0,0.0,0.0,0.0 flags=0 nparts=7 pmin=51.0 smin=0.0 ls=0,0,0,0
[21:23:06.648] [JOIN] INFO: [ai] suspended=0 driven=0
[21:23:06.648] [JOIN] INFO: [trust] trusted=0 driven=0 grants=0 revokes=0
[21:23:06.976] [JOIN] INFO: [fac] AFFECT-EV me='518-gamedata.base' whom='40544-rebirth.mod' event=1 mult=0.600 after=-100.00 skipped=9
[21:23:07.216] [JOIN] INFO: [med] SEND hand=4,3726318336 npc=1 blood=50.4 bleed=0.23 fl=-94.2,-35.3,77.3,10.4 bd=0.0,0.0,0.0,0.0 flags=1 nparts=7 pmin=10.4 smin=0.0 ls=0,0,0,0
[21:23:07.242] [JOIN] INFO: [med] SEND hand=7,1531982464 npc=1 blood=148.2 bleed=0.09 fl=79.1,79.1,79.1,53.5 bd=0.0,0.0,0.0,0.0 flags=1 nparts=7 pmin=52.0 smin=0.0 ls=0,0,0,0
[21:23:07.362] [JOIN] INFO: [med] SEND hand=9,3676879872 npc=1 blood=167.7 bleed=0.03 fl=72.7,72.7,72.7,72.7 bd=0.0,0.0,0.0,0.0 flags=1 nparts=7 pmin=3.3 smin=0.0 ls=0,0,0,0
[21:23:07.371] [JOIN] INFO: [fac] AFFECT-EV me='40544-rebirth.mod' whom='518-gamedata.base' event=1 mult=0.000 after=-100.00 skipped=43
[21:23:07.958] [JOIN] INFO: [stats] SEND hand=1,1803832960 str=6.5 dex=26.5 tough=10.9 stealth=1.0 athl=7.5 xp=0 fap=0
[21:23:07.958] [JOIN] INFO: [stats] SEND hand=2,2692504832 str=5.8 dex=37.2 tough=11.9 stealth=20.0 athl=5.0 xp=0 fap=0
[21:23:08.215] [JOIN] INFO: [med] SEND hand=4,3726318336 npc=1 blood=50.2 bleed=0.23 fl=-94.2,-35.4,77.3,10.4 bd=0.0,0.0,0.0,0.0 flags=1 nparts=7 pmin=10.4 smin=0.0 ls=0,0,0,0
[21:23:08.365] [JOIN] INFO: [med] SEND hand=9,3676879872 npc=1 blood=167.6 bleed=0.03 fl=72.7,72.7,72.7,72.7 bd=0.0,0.0,0.0,0.0 flags=1 nparts=7 pmin=3.3 smin=0.0 ls=0,0,0,0
[21:23:08.493] [JOIN] INFO: [med] SEND hand=7,1531982464 npc=1 blood=148.1 bleed=0.08 fl=79.1,79.1,79.1,53.5 bd=0.0,0.0,0.0,0.0 flags=1 nparts=7 pmin=52.0 smin=0.0 ls=0,0,0,0
[21:23:09.218] [JOIN] INFO: [med] SEND hand=4,3726318336 npc=1 blood=49.9 bleed=0.22 fl=-94.3,-35.5,77.3,10.4 bd=0.0,0.0,0.0,0.0 flags=1 nparts=7 pmin=10.4 smin=0.0 ls=0,0,0,0
[21:23:09.367] [JOIN] INFO: [med] SEND hand=9,3676879872 npc=1 blood=167.6 bleed=0.03 fl=72.7,72.7,72.7,72.7 bd=0.0,0.0,0.0,0.0 flags=1 nparts=7 pmin=3.3 smin=0.0 ls=0,0,0,0
[21:23:09.458] [JOIN] INFO: [med] SEND hand=3,2235839744 npc=1 blood=73.5 bleed=0.00 fl=80.0,80.0,80.0,80.0 bd=0.0,0.0,0.0,0.0 flags=0 nparts=7 pmin=45.8 smin=0.0 ls=0,0,0,0
[21:23:09.494] [JOIN] INFO: [med] SEND hand=7,1531982464 npc=1 blood=148.0 bleed=0.08 fl=79.1,79.1,79.1,53.5 bd=0.0,0.0,0.0,0.0 flags=1 nparts=7 pmin=52.0 smin=0.0 ls=0,0,0,0
[21:23:09.593] [JOIN] INFO: [stats] SEND hand=1,1803832960 str=6.5 dex=26.5 tough=10.9 stealth=1.0 athl=7.6 xp=0 fap=0
[21:23:09.593] [JOIN] INFO: [stats] SEND hand=2,2692504832 str=5.8 dex=37.2 tough=11.9 stealth=20.0 athl=5.1 xp=0 fap=0
[21:23:09.649] [JOIN] INFO: [ai] suspended=0 driven=0
[21:23:09.649] [JOIN] INFO: [trust] trusted=0 driven=0 grants=0 revokes=0
[21:23:10.222] [JOIN] INFO: [med] SEND hand=4,3726318336 npc=1 blood=49.7 bleed=0.21 fl=-94.4,-35.5,77.3,10.4 bd=0.0,0.0,0.0,0.0 flags=1 nparts=7 pmin=10.4 smin=0.0 ls=0,0,0,0
[21:23:10.377] [JOIN] INFO: [med] SEND hand=9,3676879872 npc=1 blood=167.6 bleed=0.03 fl=72.7,72.7,72.7,72.7 bd=0.0,0.0,0.0,0.0 flags=1 nparts=7 pmin=3.3 smin=0.0 ls=0,0,0,0
[21:23:10.433] [JOIN] INFO: [cam] center=-8096.4,791.4,-128890.5
[21:23:10.495] [JOIN] INFO: [med] SEND hand=7,1531982464 npc=1 blood=147.9 bleed=0.08 fl=79.1,79.1,79.1,53.5 bd=0.0,0.0,0.0,0.0 flags=1 nparts=7 pmin=52.0 smin=0.0 ls=0,0,0,0
[21:23:10.500] [JOIN] INFO: [med] SEND hand=10,2605224704 npc=1 blood=81.5 bleed=0.00 fl=80.0,80.0,80.0,80.0 bd=0.0,0.0,0.0,0.0 flags=0 nparts=7 pmin=80.0 smin=0.0 ls=0,0,0,0
[21:23:11.176] [JOIN] INFO: [stats] SEND hand=2,2692504832 str=5.8 dex=37.2 tough=11.9 stealth=20.0 athl=5.2 xp=0 fap=0
[21:23:11.209] [JOIN] INFO: [stats] SEND hand=1,1803832960 str=6.5 dex=26.5 tough=10.9 stealth=1.0 athl=7.7 xp=0 fap=0
[21:23:11.222] [JOIN] INFO: [med] SEND hand=4,3726318336 npc=1 blood=49.5 bleed=0.20 fl=-94.4,-35.6,77.3,10.4 bd=0.0,0.0,0.0,0.0 flags=1 nparts=7 pmin=10.4 smin=0.0 ls=0,0,0,0
[21:23:11.416] [JOIN] INFO: [med] SEND hand=9,3676879872 npc=1 blood=167.6 bleed=0.03 fl=72.7,72.7,72.7,72.7 bd=0.0,0.0,0.0,0.0 flags=1 nparts=7 pmin=3.2 smin=0.0 ls=0,0,0,0
[21:23:11.496] [JOIN] INFO: [med] SEND hand=7,1531982464 npc=1 blood=147.8 bleed=0.07 fl=79.1,79.1,79.1,53.5 bd=0.0,0.0,0.0,0.0 flags=1 nparts=7 pmin=52.0 smin=0.0 ls=0,0,0,0
[21:23:12.149] [JOIN] INFO: [med] SEND hand=19,3308349696 npc=1 blood=81.5 bleed=0.00 fl=80.0,80.0,80.0,80.0 bd=0.0,0.0,0.0,0.0 flags=0 nparts=7 pmin=80.0 smin=0.0 ls=0,0,0,0
[21:23:12.155] [JOIN] INFO: [fac] AFFECT-EV me='518-gamedata.base' whom='40544-rebirth.mod' event=1 mult=0.600 after=-100.00 skipped=46
[21:23:12.224] [JOIN] INFO: [med] SEND hand=4,3726318336 npc=1 blood=49.3 bleed=0.20 fl=-94.5,-35.7,77.3,10.3 bd=0.0,0.0,0.0,0.0 flags=1 nparts=7 pmin=10.3 smin=0.0 ls=0,0,0,0
[21:23:12.240] [JOIN] INFO: [med] SEND hand=15,620727552 npc=1 blood=74.5 bleed=0.00 fl=80.0,80.0,80.0,80.0 bd=0.0,0.0,0.0,0.0 flags=0 nparts=7 pmin=49.8 smin=0.0 ls=0,0,0,0
[21:23:12.436] [JOIN] INFO: [med] SEND hand=9,3676879872 npc=1 blood=167.5 bleed=0.03 fl=72.7,72.7,72.7,72.7 bd=0.0,0.0,0.0,0.0 flags=1 nparts=7 pmin=3.2 smin=0.0 ls=0,0,0,0
[21:23:12.494] [JOIN] INFO: [fac] AFFECT-EV me='40544-rebirth.mod' whom='518-gamedata.base' event=1 mult=0.000 after=-100.00 skipped=23
[21:23:12.499] [JOIN] INFO: [med] SEND hand=7,1531982464 npc=1 blood=147.8 bleed=0.07 fl=79.1,79.1,79.1,53.5 bd=0.0,0.0,0.0,0.0 flags=1 nparts=7 pmin=51.9 smin=0.0 ls=0,0,0,0
[21:23:12.652] [JOIN] INFO: [ai] suspended=0 driven=0
[21:23:12.652] [JOIN] INFO: [trust] trusted=0 driven=0 grants=0 revokes=0
[21:23:12.779] [JOIN] INFO: [fac] AFFECT-EV me='58701-rebirth.mod' whom='518-gamedata.base' event=1 mult=0.000 after=-100.00 skipped=341
[21:23:12.784] [JOIN] INFO: [fac] AFFECT-EV me='518-gamedata.base' whom='58701-rebirth.mod' event=1 mult=0.025 after=-100.00 skipped=1
[21:23:12.925] [JOIN] INFO: [stats] SEND hand=2,2692504832 str=5.8 dex=37.2 tough=11.9 stealth=20.0 athl=5.3 xp=0 fap=0
[21:23:13.159] [JOIN] INFO: [stats] SEND hand=1,1803832960 str=6.5 dex=26.5 tough=10.9 stealth=1.0 athl=7.8 xp=0 fap=0
[21:23:13.229] [JOIN] INFO: [med] SEND hand=4,3726318336 npc=1 blood=49.0 bleed=0.19 fl=-94.6,-35.7,77.3,10.3 bd=0.0,0.0,0.0,0.0 flags=1 nparts=7 pmin=10.3 smin=0.0 ls=0,0,0,0
[21:23:13.421] [JOIN] INFO: [med] SEND hand=4,2141967744 npc=1 blood=81.5 bleed=0.00 fl=80.0,80.0,80.0,80.0 bd=0.0,0.0,0.0,0.0 flags=0 nparts=7 pmin=80.0 smin=0.0 ls=0,0,0,0
[21:23:13.440] [JOIN] INFO: [med] SEND hand=9,3676879872 npc=1 blood=167.5 bleed=0.02 fl=72.7,72.7,72.7,72.7 bd=0.0,0.0,0.0,0.0 flags=1 nparts=7 pmin=3.2 smin=0.0 ls=0,0,0,0
[21:23:13.505] [JOIN] INFO: [med] SEND hand=7,1531982464 npc=1 blood=147.7 bleed=0.07 fl=79.1,79.1,79.1,53.5 bd=0.0,0.0,0.0,0.0 flags=1 nparts=7 pmin=51.9 smin=0.0 ls=0,0,0,0
[21:23:13.565] [JOIN] INFO: [med] SEND hand=20,619384768 npc=1 blood=81.5 bleed=0.00 fl=80.0,80.0,80.0,80.0 bd=0.0,0.0,0.0,0.0 flags=0 nparts=7 pmin=80.0 smin=0.0 ls=0,0,0,0
[21:23:13.731] [JOIN] INFO: [census] sent n=85 radius=2000 mid=48
[21:23:14.230] [JOIN] INFO: [med] SEND hand=4,3726318336 npc=1 blood=48.8 bleed=0.18 fl=-94.7,-35.8,77.3,10.3 bd=0.0,0.0,0.0,0.0 flags=1 nparts=7 pmin=10.3 smin=0.0 ls=0,0,0,0
[21:23:14.443] [JOIN] INFO: [med] SEND hand=9,3676879872 npc=1 blood=167.5 bleed=0.02 fl=72.7,72.7,72.7,72.7 bd=0.0,0.0,0.0,0.0 flags=1 nparts=7 pmin=3.2 smin=0.0 ls=0,0,0,0
[21:23:14.461] [JOIN] INFO: [med] SEND hand=6,3893066496 npc=1 blood=81.5 bleed=0.00 fl=80.0,80.0,80.0,80.0 bd=0.0,0.0,0.0,0.0 flags=0 nparts=7 pmin=80.0 smin=0.0 ls=0,0,0,0
[21:23:14.493] [JOIN] INFO: [med] SEND hand=2,2692504832 npc=0 blood=79.3 bleed=0.00 fl=100.0,92.6,100.0,92.8 bd=0.0,0.0,0.0,0.0 flags=0 nparts=7 pmin=83.8 smin=0.0 ls=0,0,0,0
[21:23:14.505] [JOIN] INFO: [med] SEND hand=7,1531982464 npc=1 blood=147.6 bleed=0.06 fl=79.1,79.1,79.1,53.5 bd=0.0,0.0,0.0,0.0 flags=1 nparts=7 pmin=51.9 smin=0.0 ls=0,0,0,0
[21:23:14.591] [JOIN] INFO: [stats] SEND hand=2,2692504832 str=5.8 dex=37.2 tough=11.9 stealth=20.0 athl=5.4 xp=0 fap=0
[21:23:14.625] [JOIN] INFO: [med] SEND hand=5,4760742 npc=1 blood=74.0 bleed=0.00 fl=80.0,80.0,80.0,80.0 bd=0.0,0.0,0.0,0.0 flags=0 nparts=7 pmin=47.2 smin=0.0 ls=0,0,0,0
[21:23:14.833] [JOIN] INFO: [med] SEND hand=8,11230469 npc=1 blood=67.5 bleed=0.00 fl=80.0,80.0,47.4,80.0 bd=0.0,0.0,0.0,0.0 flags=0 nparts=7 pmin=45.6 smin=0.0 ls=0,0,0,0
[21:23:14.881] [JOIN] INFO: [stats] SEND hand=1,1803832960 str=6.5 dex=26.5 tough=10.9 stealth=1.0 athl=7.9 xp=0 fap=0
[21:23:15.232] [JOIN] INFO: [med] SEND hand=4,3726318336 npc=1 blood=48.6 bleed=0.17 fl=-94.7,-35.9,77.3,10.3 bd=0.0,0.0,0.0,0.0 flags=1 nparts=7 pmin=10.3 smin=0.0 ls=0,0,0,0
[21:23:15.434] [JOIN] INFO: [cam] center=-8092.5,708.6,-128932.7
[21:23:15.550] [JOIN] INFO: [med] SEND hand=9,3676879872 npc=1 blood=167.4 bleed=0.02 fl=72.7,72.7,72.7,72.7 bd=0.0,0.0,0.0,0.0 flags=1 nparts=7 pmin=3.1 smin=0.0 ls=0,0,0,0
[21:23:15.640] [JOIN] INFO: [med] SEND hand=7,1531982464 npc=1 blood=147.5 bleed=0.06 fl=79.1,79.1,79.1,53.5 bd=0.0,0.0,0.0,0.0 flags=1 nparts=7 pmin=51.9 smin=0.0 ls=0,0,0,0
[21:23:15.657] [JOIN] INFO: [ai] suspended=0 driven=0
[21:23:15.657] [JOIN] INFO: [trust] trusted=0 driven=0 grants=0 revokes=0
[21:23:16.235] [JOIN] INFO: [med] SEND hand=4,3726318336 npc=1 blood=48.4 bleed=0.16 fl=-94.8,-36.0,77.3,10.3 bd=0.0,0.0,0.0,0.0 flags=1 nparts=7 pmin=10.3 smin=0.0 ls=0,0,0,0
[21:23:16.357] [JOIN] INFO: [stats] SEND hand=2,2692504832 str=5.8 dex=37.2 tough=11.9 stealth=20.0 athl=5.5 xp=0 fap=0
[21:23:16.615] [JOIN] INFO: [stats] SEND hand=1,1803832960 str=6.5 dex=26.5 tough=10.9 stealth=1.0 athl=8.0 xp=0 fap=0
[21:23:16.642] [JOIN] INFO: [med] SEND hand=7,1531982464 npc=1 blood=147.4 bleed=0.06 fl=79.1,79.1,79.1,53.5 bd=0.0,0.0,0.0,0.0 flags=1 nparts=7 pmin=51.9 smin=0.0 ls=0,0,0,0
[21:23:16.826] [JOIN] INFO: [speed] REQ mult=1.00 paused=0 combat=0
[21:23:16.849] [JOIN] INFO: [med] SEND hand=9,3676879872 npc=1 blood=167.4 bleed=0.02 fl=72.7,72.7,72.7,72.7 bd=0.0,0.0,0.0,0.0 flags=1 nparts=7 pmin=3.1 smin=0.0 ls=0,0,0,0
[21:23:16.887] [JOIN] INFO: [speed] REQ mult=1.00 paused=0 combat=0
[21:23:17.197] [JOIN] INFO: [fac] AFFECT-EV me='518-gamedata.base' whom='40544-rebirth.mod' event=1 mult=0.600 after=-100.00 skipped=64
[21:23:17.235] [JOIN] INFO: [med] SEND hand=4,3726318336 npc=1 blood=48.2 bleed=0.15 fl=-94.9,-36.1,77.3,10.3 bd=0.0,0.0,0.0,0.0 flags=1 nparts=7 pmin=10.3 smin=0.0 ls=0,0,0,0
[21:23:17.437] [JOIN] INFO: [med] SEND hand=1,1803832960 npc=0 blood=79.9 bleed=0.00 fl=100.0,100.0,92.6,100.0 bd=0.0,0.0,0.0,0.0 flags=0 nparts=7 pmin=81.2 smin=0.0 ls=0,0,0,0
[21:23:17.555] [JOIN] INFO: [fac] AFFECT-EV me='40544-rebirth.mod' whom='518-gamedata.base' event=1 mult=0.000 after=-100.00 skipped=53
[21:23:17.645] [JOIN] INFO: [med] SEND hand=7,1531982464 npc=1 blood=147.4 bleed=0.06 fl=79.1,79.1,79.1,53.5 bd=0.0,0.0,0.0,0.0 flags=1 nparts=7 pmin=51.9 smin=0.0 ls=0,0,0,0
[21:23:17.870] [JOIN] INFO: [stats] SEND hand=2,2692504832 str=5.8 dex=37.2 tough=11.9 stealth=20.0 athl=5.6 xp=0 fap=0
[21:23:18.040] [JOIN] INFO: [med] SEND hand=9,3676879872 npc=1 blood=167.4 bleed=0.02 fl=72.7,72.7,72.7,72.7 bd=0.0,0.0,0.0,0.0 flags=1 nparts=7 pmin=3.1 smin=0.0 ls=0,0,0,0
[21:23:18.235] [JOIN] INFO: [med] SEND hand=4,3726318336 npc=1 blood=48.0 bleed=0.15 fl=-95.0,-36.1,77.3,10.2 bd=0.0,0.0,0.0,0.0 flags=1 nparts=7 pmin=10.2 smin=0.0 ls=0,0,0,0
[21:23:18.392] [JOIN] INFO: [stats] SEND hand=1,1803832960 str=6.5 dex=26.5 tough=10.9 stealth=1.0 athl=8.1 xp=0 fap=0
[21:23:18.655] [JOIN] INFO: [med] SEND hand=7,1531982464 npc=1 blood=147.3 bleed=0.05 fl=79.1,79.1,79.1,53.5 bd=0.0,0.0,0.0,0.0 flags=1 nparts=7 pmin=51.9 smin=0.0 ls=0,0,0,0
[21:23:18.662] [JOIN] INFO: [ai] suspended=0 driven=0
[21:23:18.662] [JOIN] INFO: [trust] trusted=0 driven=0 grants=0 revokes=0
[21:23:19.041] [JOIN] INFO: [med] SEND hand=9,3676879872 npc=1 blood=167.4 bleed=0.02 fl=72.7,72.7,72.7,72.7 bd=0.0,0.0,0.0,0.0 flags=1 nparts=7 pmin=3.1 smin=0.0 ls=0,0,0,0
[21:23:19.238] [JOIN] INFO: [med] SEND hand=4,3726318336 npc=1 blood=47.9 bleed=0.14 fl=-95.0,-36.2,77.3,10.2 bd=0.0,0.0,0.0,0.0 flags=1 nparts=7 pmin=10.2 smin=0.0 ls=0,0,0,0
[21:23:19.655] [JOIN] INFO: [med] SEND hand=7,1531982464 npc=1 blood=147.3 bleed=0.05 fl=79.1,79.1,79.1,53.4 bd=0.0,0.0,0.0,0.0 flags=1 nparts=7 pmin=51.9 smin=0.0 ls=0,0,0,0
[21:23:19.690] [JOIN] INFO: [stats] SEND hand=2,2692504832 str=5.8 dex=37.2 tough=11.9 stealth=20.0 athl=5.7 xp=0 fap=0
[21:23:19.940] [JOIN] INFO: [stats] SEND hand=1,1803832960 str=6.5 dex=26.5 tough=10.9 stealth=1.0 athl=8.2 xp=0 fap=0
[21:23:20.105] [JOIN] INFO: [med] SEND hand=9,3676879872 npc=1 blood=167.3 bleed=0.02 fl=72.7,72.7,72.7,72.7 bd=0.0,0.0,0.0,0.0 flags=1 nparts=7 pmin=3.1 smin=0.0 ls=0,0,0,0
[21:23:20.259] [JOIN] INFO: [fac] AFFECT-EV me='58701-rebirth.mod' whom='518-gamedata.base' event=1 mult=0.000 after=-100.00 skipped=28
[21:23:20.411] [JOIN] INFO: [med] SEND hand=4,3726318336 npc=1 blood=47.7 bleed=0.13 fl=-95.1,-36.3,77.3,10.2 bd=0.0,0.0,0.0,0.0 flags=1 nparts=7 pmin=10.2 smin=0.0 ls=0,0,0,0
[21:23:20.430] [JOIN] INFO: [cam] center=-6856.2,643.2,-129034.7
[21:23:20.687] [JOIN] INFO: [med] SEND hand=7,1531982464 npc=1 blood=147.2 bleed=0.05 fl=79.1,79.1,79.1,53.4 bd=0.0,0.0,0.0,0.0 flags=1 nparts=7 pmin=51.9 smin=0.0 ls=0,0,0,0
[21:23:21.109] [JOIN] INFO: [med] SEND hand=9,3676879872 npc=1 blood=167.3 bleed=0.01 fl=72.7,72.7,72.7,72.7 bd=0.0,0.0,0.0,0.0 flags=1 nparts=7 pmin=3.0 smin=0.0 ls=0,0,0,0
[21:23:21.178] [JOIN] INFO: [fac] AFFECT-EV me='518-gamedata.base' whom='58701-rebirth.mod' event=1 mult=0.025 after=-100.00 skipped=2
[21:23:21.181] [JOIN] INFO: [stats] SEND hand=2,2692504832 str=5.8 dex=37.2 tough=11.9 stealth=20.0 athl=5.8 xp=0 fap=0
[21:23:21.412] [JOIN] INFO: [med] SEND hand=4,3726318336 npc=1 blood=47.5 bleed=0.12 fl=-95.2,-36.4,77.3,10.2 bd=0.0,0.0,0.0,0.0 flags=1 nparts=7 pmin=10.2 smin=0.0 ls=0,0,0,0
[21:23:21.667] [JOIN] INFO: [ai] suspended=0 driven=0
[21:23:21.667] [JOIN] INFO: [trust] trusted=0 driven=0 grants=0 revokes=0
[21:23:21.854] [JOIN] INFO: [med] SEND hand=7,1531982464 npc=1 blood=147.1 bleed=0.04 fl=79.1,79.1,79.1,53.4 bd=0.0,0.0,0.0,0.0 flags=1 nparts=7 pmin=51.9 smin=0.0 ls=0,0,0,0
[21:23:21.854] [JOIN] INFO: [stats] SEND hand=1,1803832960 str=6.5 dex=26.5 tough=10.9 stealth=1.0 athl=8.3 xp=0 fap=0
[21:23:22.111] [JOIN] INFO: [med] SEND hand=9,3676879872 npc=1 blood=167.3 bleed=0.01 fl=72.7,72.7,72.7,72.7 bd=0.0,0.0,0.0,0.0 flags=1 nparts=7 pmin=3.0 smin=0.0 ls=0,0,0,0
[21:23:22.328] [JOIN] INFO: [fac] AFFECT-EV me='518-gamedata.base' whom='40544-rebirth.mod' event=1 mult=0.600 after=-100.00 skipped=53
[21:23:22.412] [JOIN] INFO: [med] SEND hand=4,3726318336 npc=1 blood=47.4 bleed=0.11 fl=-95.3,-36.5,77.3,10.2 bd=0.0,0.0,0.0,0.0 flags=1 nparts=7 pmin=10.2 smin=0.0 ls=0,0,0,0
[21:23:22.581] [JOIN] INFO: [fac] AFFECT-EV me='40544-rebirth.mod' whom='518-gamedata.base' event=1 mult=0.000 after=-100.00 skipped=34
[21:23:22.856] [JOIN] INFO: [med] SEND hand=7,1531982464 npc=1 blood=147.1 bleed=0.04 fl=79.1,79.1,79.1,53.4 bd=0.0,0.0,0.0,0.0 flags=1 nparts=7 pmin=51.9 smin=0.0 ls=0,0,0,0
[21:23:23.091] [JOIN] INFO: [stats] SEND hand=2,2692504832 str=5.8 dex=37.2 tough=11.9 stealth=20.0 athl=5.9 xp=0 fap=0
[21:23:23.115] [JOIN] INFO: [med] SEND hand=9,3676879872 npc=1 blood=167.3 bleed=0.01 fl=72.7,72.7,72.7,72.7 bd=0.0,0.0,0.0,0.0 flags=1 nparts=7 pmin=3.0 smin=0.0 ls=0,0,0,0
[21:23:23.416] [JOIN] INFO: [med] SEND hand=4,3726318336 npc=1 blood=47.3 bleed=0.10 fl=-95.4,-36.5,77.3,10.1 bd=0.0,0.0,0.0,0.0 flags=1 nparts=7 pmin=10.1 smin=0.0 ls=0,0,0,0
[21:23:23.472] [JOIN] INFO: [med] SEND hand=2,2692504832 npc=0 blood=79.3 bleed=0.00 fl=100.0,92.6,100.0,92.8 bd=0.0,0.0,0.0,0.0 flags=0 nparts=7 pmin=83.8 smin=0.0 ls=0,0,0,0
[21:23:23.769] [JOIN] INFO: [census] sent n=32 radius=2000 mid=32
[21:23:23.774] [JOIN] INFO: [stats] SEND hand=1,1803832960 str=6.5 dex=26.5 tough=10.9 stealth=1.0 athl=8.4 xp=0 fap=0
[21:23:23.855] [JOIN] INFO: [med] SEND hand=7,1531982464 npc=1 blood=147.0 bleed=0.04 fl=79.1,79.1,79.1,53.4 bd=0.0,0.0,0.0,0.0 flags=1 nparts=7 pmin=51.9 smin=0.0 ls=0,0,0,0
[21:23:24.115] [JOIN] INFO: [med] SEND hand=9,3676879872 npc=1 blood=167.3 bleed=0.01 fl=72.7,72.7,72.7,72.7 bd=0.0,0.0,0.0,0.0 flags=1 nparts=7 pmin=3.0 smin=0.0 ls=0,0,0,0
[21:23:24.419] [JOIN] INFO: [med] SEND hand=4,3726318336 npc=1 blood=47.2 bleed=0.09 fl=-95.5,-36.6,77.3,10.1 bd=0.0,0.0,0.0,0.0 flags=1 nparts=7 pmin=10.1 smin=0.0 ls=0,0,0,0
[21:23:24.672] [JOIN] INFO: [ai] suspended=0 driven=0
[21:23:24.672] [JOIN] INFO: [trust] trusted=0 driven=0 grants=0 revokes=0
[21:23:24.790] [JOIN] INFO: [stats] SEND hand=2,2692504832 str=5.8 dex=37.2 tough=11.9 stealth=20.0 athl=6.0 xp=0 fap=0
[21:23:24.855] [JOIN] INFO: [med] SEND hand=7,1531982464 npc=1 blood=147.0 bleed=0.03 fl=79.1,79.1,79.1,53.4 bd=0.0,0.0,0.0,0.0 flags=1 nparts=7 pmin=51.9 smin=0.0 ls=0,0,0,0
[21:23:25.117] [JOIN] INFO: [med] SEND hand=9,3676879872 npc=1 blood=167.3 bleed=0.01 fl=72.7,72.7,72.7,72.7 bd=0.0,0.0,0.0,0.0 flags=1 nparts=7 pmin=2.9 smin=0.0 ls=0,0,0,0
[21:23:25.331] [JOIN] INFO: [fac] AFFECT-EV me='58701-rebirth.mod' whom='518-gamedata.base' event=1 mult=0.000 after=-100.00 skipped=35
[21:23:25.372] [JOIN] INFO: [stats] SEND hand=1,1803832960 str=6.5 dex=26.5 tough=10.9 stealth=1.0 athl=8.5 xp=0 fap=0
[21:23:25.420] [JOIN] INFO: [med] SEND hand=4,3726318336 npc=1 blood=47.1 bleed=0.08 fl=-95.5,-36.7,77.3,10.1 bd=0.0,0.0,0.0,0.0 flags=1 nparts=7 pmin=10.1 smin=0.0 ls=0,0,0,0
[21:23:25.432] [JOIN] INFO: [cam] center=-6429.1,706.0,-129172.1
[21:23:25.816] [JOIN] INFO: [med] SEND hand=2,2692504832 npc=0 blood=79.3 bleed=0.00 fl=100.0,92.6,100.0,92.8 bd=0.0,0.0,0.0,0.0 flags=0 nparts=7 pmin=83.8 smin=0.0 ls=0,0,0,0
[21:23:25.856] [JOIN] INFO: [med] SEND hand=7,1531982464 npc=1 blood=147.0 bleed=0.03 fl=79.1,79.1,79.1,53.4 bd=0.0,0.0,0.0,0.0 flags=1 nparts=7 pmin=51.9 smin=0.0 ls=0,0,0,0
[21:23:26.154] [JOIN] INFO: [stats] SEND hand=2,2692504832 str=5.8 dex=37.2 tough=11.9 stealth=20.0 athl=6.1 xp=0 fap=0
[21:23:26.323] [JOIN] INFO: [med] SEND hand=9,3676879872 npc=1 blood=167.2 bleed=0.01 fl=72.7,72.7,72.7,72.7 bd=0.0,0.0,0.0,0.0 flags=1 nparts=7 pmin=2.9 smin=0.0 ls=0,0,0,0
[21:23:26.352] [JOIN] INFO: [fac] AFFECT-EV me='518-gamedata.base' whom='58701-rebirth.mod' event=1 mult=0.025 after=-100.00 skipped=16
[21:23:26.420] [JOIN] INFO: [med] SEND hand=4,3726318336 npc=1 blood=47.0 bleed=0.08 fl=-95.6,-36.8,77.3,10.1 bd=0.0,0.0,0.0,0.0 flags=1 nparts=7 pmin=10.1 smin=0.0 ls=0,0,0,0
[21:23:26.861] [JOIN] INFO: [med] SEND hand=7,1531982464 npc=1 blood=146.9 bleed=0.03 fl=79.1,79.1,79.1,53.4 bd=0.0,0.0,0.0,0.0 flags=1 nparts=7 pmin=51.9 smin=0.0 ls=0,0,0,0
[21:23:27.184] [JOIN] INFO: [stats] SEND hand=1,1803832960 str=6.5 dex=26.5 tough=10.9 stealth=1.0 athl=8.6 xp=0 fap=0
[21:23:27.328] [JOIN] INFO: [med] SEND hand=9,3676879872 npc=1 blood=167.2 bleed=0.01 fl=72.7,72.7,72.7,72.7 bd=0.0,0.0,0.0,0.0 flags=1 nparts=7 pmin=2.9 smin=0.0 ls=0,0,0,0
[21:23:27.394] [JOIN] INFO: [fac] AFFECT-EV me='518-gamedata.base' whom='40544-rebirth.mod' event=1 mult=0.600 after=-100.00 skipped=42
[21:23:27.673] [JOIN] INFO: [med] SEND hand=4,3726318336 npc=1 blood=46.9 bleed=0.07 fl=-95.7,-36.9,77.3,10.1 bd=0.0,0.0,0.0,0.0 flags=1 nparts=7 pmin=10.1 smin=0.0 ls=0,0,0,0
[21:23:27.675] [JOIN] INFO: [ai] suspended=0 driven=0
[21:23:27.675] [JOIN] INFO: [trust] trusted=0 driven=0 grants=0 revokes=0
[21:23:27.734] [JOIN] INFO: [fac] AFFECT-EV me='40544-rebirth.mod' whom='518-gamedata.base' event=1 mult=0.000 after=-100.00 skipped=33
[21:23:27.976] [JOIN] INFO: [med] SEND hand=7,1531982464 npc=1 blood=146.9 bleed=0.02 fl=79.1,79.1,79.1,53.4 bd=0.0,0.0,0.0,0.0 flags=1 nparts=7 pmin=51.9 smin=0.0 ls=0,0,0,0
[21:23:27.976] [JOIN] INFO: [stats] SEND hand=2,2692504832 str=5.8 dex=37.2 tough=11.9 stealth=20.0 athl=6.2 xp=0 fap=0
[21:23:28.331] [JOIN] INFO: [med] SEND hand=9,3676879872 npc=1 blood=167.2 bleed=0.01 fl=72.7,72.7,72.7,72.7 bd=0.0,0.0,0.0,0.0 flags=1 nparts=7 pmin=2.9 smin=0.0 ls=0,0,0,0
[21:23:28.678] [JOIN] INFO: [med] SEND hand=4,3726318336 npc=1 blood=46.8 bleed=0.06 fl=-95.8,-37.0,77.3,10.0 bd=0.0,0.0,0.0,0.0 flags=1 nparts=7 pmin=10.0 smin=0.0 ls=0,0,0,0
[21:23:28.979] [JOIN] INFO: [med] SEND hand=7,1531982464 npc=1 blood=146.9 bleed=0.02 fl=79.1,79.1,79.1,53.4 bd=0.0,0.0,0.0,0.0 flags=1 nparts=7 pmin=51.9 smin=0.0 ls=0,0,0,0
[21:23:29.042] [JOIN] INFO: [stats] SEND hand=1,1803832960 str=6.5 dex=26.5 tough=10.9 stealth=1.0 athl=8.7 xp=0 fap=0
[21:23:29.444] [JOIN] INFO: [med] SEND hand=9,3676879872 npc=1 blood=167.2 bleed=0.00 fl=72.7,72.7,72.7,72.7 bd=0.0,0.0,0.0,0.0 flags=1 nparts=7 pmin=2.9 smin=0.0 ls=0,0,0,0
[21:23:29.513] [JOIN] INFO: [stats] SEND hand=2,2692504832 str=5.8 dex=37.2 tough=11.9 stealth=20.0 athl=6.3 xp=0 fap=0
[21:23:29.680] [JOIN] INFO: [med] SEND hand=4,3726318336 npc=1 blood=46.7 bleed=0.05 fl=-95.9,-37.0,77.3,10.0 bd=0.0,0.0,0.0,0.0 flags=1 nparts=7 pmin=10.0 smin=0.0 ls=0,0,0,0
[21:23:29.722] [JOIN] INFO: [med] SEND hand=2,2692504832 npc=0 blood=79.3 bleed=0.00 fl=100.0,92.6,100.0,92.8 bd=0.0,0.0,0.0,0.0 flags=0 nparts=7 pmin=83.8 smin=0.0 ls=0,0,0,0
[21:23:30.004] [JOIN] INFO: [med] SEND hand=7,1531982464 npc=1 blood=146.8 bleed=0.02 fl=79.1,79.1,79.1,53.4 bd=0.0,0.0,0.0,0.0 flags=1 nparts=7 pmin=51.9 smin=0.0 ls=0,0,0,0
[21:23:30.430] [JOIN] INFO: [cam] center=-5995.6,654.8,-129286.8
[21:23:30.537] [JOIN] INFO: [fac] AFFECT-EV me='58701-rebirth.mod' whom='518-gamedata.base' event=1 mult=0.000 after=-100.00 skipped=54
[21:23:30.676] [JOIN] INFO: [ai] suspended=0 driven=0
[21:23:30.676] [JOIN] INFO: [trust] trusted=0 driven=0 grants=0 revokes=0
[21:23:30.680] [JOIN] INFO: [med] SEND hand=4,3726318336 npc=1 blood=46.7 bleed=0.04 fl=-95.9,-37.1,77.3,10.0 bd=0.0,0.0,0.0,0.0 flags=1 nparts=7 pmin=10.0 smin=0.0 ls=0,0,0,0
[21:23:30.684] [JOIN] INFO: [med] SEND hand=9,3676879872 npc=1 blood=167.2 bleed=0.00 fl=72.7,72.7,72.7,72.7 bd=0.0,0.0,0.0,0.0 flags=1 nparts=7 pmin=2.8 smin=0.0 ls=0,0,0,0
[21:23:30.751] [JOIN] INFO: [stats] SEND hand=1,1803832960 str=6.5 dex=26.5 tough=10.9 stealth=1.0 athl=8.8 xp=0 fap=0
[21:23:31.254] [JOIN] INFO: [med] SEND hand=7,1531982464 npc=1 blood=146.8 bleed=0.01 fl=79.1,79.1,79.1,53.4 bd=0.0,0.0,0.0,0.0 flags=1 nparts=7 pmin=51.9 smin=0.0 ls=0,0,0,0
[21:23:31.254] [JOIN] INFO: [stats] SEND hand=2,2692504832 str=5.8 dex=37.2 tough=11.9 stealth=20.0 athl=6.4 xp=0 fap=0
[21:23:31.680] [JOIN] INFO: [fac] AFFECT-EV me='518-gamedata.base' whom='58701-rebirth.mod' event=1 mult=0.025 after=-100.00 skipped=14
[21:23:31.683] [JOIN] INFO: [med] SEND hand=4,3726318336 npc=1 blood=46.6 bleed=0.03 fl=-96.0,-37.2,77.3,10.0 bd=0.0,0.0,0.0,0.0 flags=1 nparts=7 pmin=10.0 smin=0.0 ls=0,0,0,0
[21:23:31.896] [JOIN] INFO: [med] SEND hand=9,3676879872 npc=1 blood=167.2 bleed=0.00 fl=72.7,72.7,72.7,72.7 bd=0.0,0.0,0.0,0.0 flags=1 nparts=7 pmin=2.8 smin=0.0 ls=0,0,0,0
[21:23:32.255] [JOIN] INFO: [med] SEND hand=7,1531982464 npc=1 blood=146.8 bleed=0.01 fl=79.1,79.1,79.1,53.4 bd=0.0,0.0,0.0,0.0 flags=1 nparts=7 pmin=51.9 smin=0.0 ls=0,0,0,0
[21:23:32.406] [JOIN] INFO: [fac] AFFECT-EV me='518-gamedata.base' whom='40544-rebirth.mod' event=1 mult=0.600 after=-100.00 skipped=35
[21:23:32.475] [JOIN] INFO: [stats] SEND hand=1,1803832960 str=6.5 dex=26.5 tough=10.9 stealth=1.0 athl=8.9 xp=0 fap=0
[21:23:32.683] [JOIN] INFO: [med] SEND hand=4,3726318336 npc=1 blood=46.6 bleed=0.02 fl=-96.1,-37.3,77.3,10.0 bd=0.0,0.0,0.0,0.0 flags=1 nparts=7 pmin=10.0 smin=0.0 ls=0,0,0,0
[21:23:32.845] [JOIN] INFO: [med] SEND hand=1,1803832960 npc=0 blood=79.9 bleed=0.00 fl=100.0,100.0,92.6,100.0 bd=0.0,0.0,0.0,0.0 flags=0 nparts=7 pmin=81.2 smin=0.0 ls=0,0,0,0
[21:23:32.946] [JOIN] INFO: [stats] SEND hand=2,2692504832 str=5.8 dex=37.2 tough=11.9 stealth=20.0 athl=6.5 xp=0 fap=0
[21:23:33.020] [JOIN] INFO: [fac] AFFECT-EV me='40544-rebirth.mod' whom='518-gamedata.base' event=1 mult=0.000 after=-100.00 skipped=31
[21:23:33.103] [JOIN] INFO: [med] SEND hand=9,3676879872 npc=1 blood=167.2 bleed=0.00 fl=72.7,72.7,72.7,72.7 bd=0.0,0.0,0.0,0.0 flags=1 nparts=7 pmin=2.8 smin=0.0 ls=0,0,0,0
[21:23:33.399] [JOIN] INFO: [med] SEND hand=7,1531982464 npc=1 blood=146.8 bleed=0.01 fl=79.1,79.1,79.1,53.4 bd=0.0,0.0,0.0,0.0 flags=1 nparts=7 pmin=51.9 smin=0.0 ls=0,0,0,0
[21:23:33.677] [JOIN] INFO: [ai] suspended=0 driven=0
[21:23:33.677] [JOIN] INFO: [trust] trusted=0 driven=0 grants=0 revokes=0
[21:23:33.788] [JOIN] INFO: [census] sent n=32 radius=2000 mid=32
[21:23:33.813] [JOIN] INFO: [med] SEND hand=4,3726318336 npc=1 blood=46.6 bleed=0.02 fl=-96.2,-37.3,77.3,9.9 bd=0.0,0.0,0.0,0.0 flags=1 nparts=7 pmin=9.9 smin=0.0 ls=0,0,0,0
[21:23:34.241] [JOIN] INFO: [med] SEND hand=9,3676879872 npc=1 blood=167.2 bleed=0.00 fl=72.7,72.7,72.7,72.7 bd=0.0,0.0,0.0,0.0 flags=1 nparts=7 pmin=2.8 smin=0.0 ls=0,0,0,0
[21:23:34.305] [JOIN] INFO: [stats] SEND hand=1,1803832960 str=6.5 dex=26.5 tough=10.9 stealth=1.0 athl=9.0 xp=0 fap=0
[21:23:34.526] [JOIN] INFO: [med] SEND hand=7,1531982464 npc=1 blood=146.8 bleed=0.01 fl=79.1,79.1,79.1,53.4 bd=0.0,0.0,0.0,0.0 flags=1 nparts=7 pmin=51.9 smin=0.0 ls=0,0,0,0
[21:23:34.754] [JOIN] INFO: [stats] SEND hand=2,2692504832 str=5.8 dex=37.2 tough=11.9 stealth=20.0 athl=6.6 xp=0 fap=0
[21:23:34.812] [JOIN] INFO: [med] SEND hand=4,3726318336 npc=1 blood=46.6 bleed=0.01 fl=-96.2,-37.4,77.3,9.9 bd=0.0,0.0,0.0,0.0 flags=1 nparts=7 pmin=9.9 smin=0.0 ls=0,0,0,0
[21:23:35.429] [JOIN] INFO: [med] SEND hand=9,3676879872 npc=1 blood=167.2 bleed=0.00 fl=72.7,72.7,72.7,72.7 bd=0.0,0.0,0.0,0.0 flags=1 nparts=7 pmin=2.7 smin=0.0 ls=0,0,0,0
[21:23:35.431] [JOIN] INFO: [cam] center=-6247.8,716.9,-129243.4
[21:23:35.759] [JOIN] INFO: [med] SEND hand=7,1531982464 npc=1 blood=146.8 bleed=0.00 fl=79.1,79.1,79.1,53.4 bd=0.0,0.0,0.0,0.0 flags=1 nparts=7 pmin=51.9 smin=0.0 ls=0,0,0,0
[21:23:35.989] [JOIN] INFO: [med] SEND hand=4,3726318336 npc=1 blood=46.5 bleed=0.01 fl=-96.3,-37.5,77.3,9.9 bd=0.0,0.0,0.0,0.0 flags=1 nparts=7 pmin=9.9 smin=0.0 ls=0,0,0,0
[21:23:36.013] [JOIN] INFO: [stats] SEND hand=1,1803832960 str=6.5 dex=26.5 tough=10.9 stealth=1.0 athl=9.1 xp=0 fap=0
[21:23:36.092] [JOIN] INFO: [fac] AFFECT-EV me='58701-rebirth.mod' whom='518-gamedata.base' event=1 mult=0.000 after=-100.00 skipped=21
[21:23:36.430] [JOIN] INFO: [med] SEND hand=9,3676879872 npc=1 blood=167.3 bleed=0.00 fl=72.7,72.7,72.7,72.7 bd=0.0,0.0,0.0,0.0 flags=1 nparts=7 pmin=2.7 smin=0.0 ls=0,0,0,0
[21:23:36.537] [JOIN] INFO: [stats] SEND hand=2,2692504832 str=5.8 dex=37.2 tough=11.9 stealth=20.0 athl=6.7 xp=0 fap=0
[21:23:36.677] [JOIN] INFO: [ai] suspended=0 driven=0
[21:23:36.677] [JOIN] INFO: [trust] trusted=0 driven=0 grants=0 revokes=0
[21:23:36.760] [JOIN] INFO: [med] SEND hand=7,1531982464 npc=1 blood=146.8 bleed=0.00 fl=79.1,79.1,79.1,53.4 bd=0.0,0.0,0.0,0.0 flags=1 nparts=7 pmin=51.8 smin=0.0 ls=0,0,0,0
[21:23:36.993] [JOIN] INFO: [med] SEND hand=4,3726318336 npc=1 blood=46.5 bleed=0.00 fl=-96.4,-37.5,77.3,9.9 bd=0.0,0.0,0.0,0.0 flags=1 nparts=7 pmin=9.9 smin=0.0 ls=0,0,0,0
[21:23:37.472] [JOIN] INFO: [fac] AFFECT-EV me='518-gamedata.base' whom='40544-rebirth.mod' event=1 mult=0.600 after=-100.00 skipped=40
[21:23:37.475] [JOIN] INFO: [med] SEND hand=9,3676879872 npc=1 blood=167.3 bleed=0.00 fl=72.7,72.7,72.7,72.7 bd=0.0,0.0,0.0,0.0 flags=1 nparts=7 pmin=2.7 smin=0.0 ls=0,0,0,0
[21:23:37.478] [JOIN] INFO: [fac] AFFECT-EV me='518-gamedata.base' whom='58701-rebirth.mod' event=1 mult=0.025 after=-100.00 skipped=9
[21:23:37.804] [JOIN] INFO: [med] SEND hand=7,1531982464 npc=1 blood=146.8 bleed=0.00 fl=79.1,79.1,79.1,53.4 bd=0.0,0.0,0.0,0.0 flags=1 nparts=7 pmin=51.8 smin=0.0 ls=0,0,0,0
[21:23:37.804] [JOIN] INFO: [stats] SEND hand=1,1803832960 str=6.5 dex=26.5 tough=10.9 stealth=1.0 athl=9.2 xp=0 fap=0
[21:23:38.015] [JOIN] INFO: [med] SEND hand=4,3726318336 npc=1 blood=46.5 bleed=0.00 fl=-96.4,-37.6,77.3,9.9 bd=0.0,0.0,0.0,0.0 flags=1 nparts=7 pmin=9.9 smin=0.0 ls=0,0,0,0
[21:23:38.039] [JOIN] INFO: [stats] SEND hand=2,2692504832 str=5.8 dex=37.2 tough=11.9 stealth=20.0 athl=6.8 xp=0 fap=0
[21:23:38.285] [JOIN] INFO: [fac] AFFECT-EV me='40544-rebirth.mod' whom='518-gamedata.base' event=1 mult=0.000 after=-100.00 skipped=18
[21:23:38.717] [JOIN] INFO: [med] SEND hand=9,3676879872 npc=1 blood=167.4 bleed=0.00 fl=72.7,72.7,72.7,72.7 bd=0.0,0.0,0.0,0.0 flags=1 nparts=7 pmin=2.7 smin=0.0 ls=0,0,0,0
[21:23:38.805] [JOIN] INFO: [med] SEND hand=7,1531982464 npc=1 blood=146.8 bleed=0.00 fl=79.1,79.1,79.1,53.4 bd=0.0,0.0,0.0,0.0 flags=1 nparts=7 pmin=51.8 smin=0.0 ls=0,0,0,0
[21:23:39.017] [JOIN] INFO: [med] SEND hand=4,3726318336 npc=1 blood=46.5 bleed=0.00 fl=-96.5,-37.7,77.3,9.9 bd=0.0,0.0,0.0,0.0 flags=1 nparts=7 pmin=9.9 smin=0.0 ls=0,0,0,0
[21:23:39.595] [JOIN] INFO: [stats] SEND hand=1,1803832960 str=6.5 dex=26.5 tough=10.9 stealth=1.0 athl=9.3 xp=0 fap=0
[21:23:39.679] [JOIN] INFO: [ai] suspended=0 driven=0
[21:23:39.679] [JOIN] INFO: [trust] trusted=0 driven=0 grants=0 revokes=0
[21:23:39.717] [JOIN] INFO: [med] SEND hand=9,3676879872 npc=1 blood=167.4 bleed=0.00 fl=72.7,72.7,72.7,72.7 bd=0.0,0.0,0.0,0.0 flags=1 nparts=7 pmin=2.7 smin=0.0 ls=0,0,0,0
[21:23:39.808] [JOIN] INFO: [med] SEND hand=7,1531982464 npc=1 blood=146.8 bleed=0.00 fl=79.1,79.1,79.1,53.4 bd=0.0,0.0,0.0,0.0 flags=1 nparts=7 pmin=51.8 smin=0.0 ls=0,0,0,0
[21:23:39.868] [JOIN] INFO: [stats] SEND hand=2,2692504832 str=5.8 dex=37.2 tough=11.9 stealth=20.0 athl=6.9 xp=0 fap=0
[21:23:40.117] [JOIN] INFO: [med] SEND hand=4,3726318336 npc=1 blood=46.5 bleed=0.00 fl=-96.6,-37.7,77.3,9.8 bd=0.0,0.0,0.0,0.0 flags=1 nparts=7 pmin=9.8 smin=0.0 ls=0,0,0,0
[21:23:40.432] [JOIN] INFO: [cam] center=-5461.4,619.8,-129418.0
[21:23:40.596] [JOIN] INFO: [med] SEND hand=2,2692504832 npc=0 blood=79.3 bleed=0.00 fl=100.0,92.6,100.0,92.8 bd=0.0,0.0,0.0,0.0 flags=0 nparts=7 pmin=83.8 smin=0.0 ls=0,0,0,0
[21:23:40.857] [JOIN] INFO: [med] SEND hand=9,3676879872 npc=1 blood=167.4 bleed=0.00 fl=72.7,72.7,72.7,72.7 bd=0.0,0.0,0.0,0.0 flags=1 nparts=7 pmin=2.6 smin=0.0 ls=0,0,0,0
[21:23:40.933] [JOIN] INFO: [med] SEND hand=7,1531982464 npc=1 blood=146.9 bleed=0.00 fl=79.1,79.1,79.1,53.4 bd=0.0,0.0,0.0,0.0 flags=1 nparts=7 pmin=51.8 smin=0.0 ls=0,0,0,0
[21:23:41.120] [JOIN] INFO: [med] SEND hand=4,3726318336 npc=1 blood=46.6 bleed=0.00 fl=-96.7,-37.8,77.3,9.8 bd=0.0,0.0,0.0,0.0 flags=1 nparts=7 pmin=9.8 smin=0.0 ls=0,0,0,0
[21:23:41.462] [JOIN] INFO: [stats] SEND hand=1,1803832960 str=6.5 dex=26.5 tough=10.9 stealth=1.0 athl=9.4 xp=0 fap=0
[21:23:41.462] [JOIN] INFO: [stats] SEND hand=2,2692504832 str=5.8 dex=37.2 tough=11.9 stealth=20.0 athl=7.0 xp=0 fap=0
[21:23:41.861] [JOIN] INFO: [med] SEND hand=9,3676879872 npc=1 blood=167.5 bleed=0.00 fl=72.7,72.7,72.7,72.7 bd=0.0,0.0,0.0,0.0 flags=1 nparts=7 pmin=2.6 smin=0.0 ls=0,0,0,0
[21:23:41.937] [JOIN] INFO: [med] SEND hand=7,1531982464 npc=1 blood=146.9 bleed=0.00 fl=79.1,79.1,79.1,53.4 bd=0.0,0.0,0.0,0.0 flags=1 nparts=7 pmin=51.8 smin=0.0 ls=0,0,0,0
[21:23:42.121] [JOIN] INFO: [med] SEND hand=4,3726318336 npc=1 blood=46.6 bleed=0.00 fl=-96.7,-37.9,77.3,9.8 bd=0.0,0.0,0.0,0.0 flags=1 nparts=7 pmin=9.8 smin=0.0 ls=0,0,0,0
[21:23:42.604] [JOIN] INFO: [fac] AFFECT-EV me='518-gamedata.base' whom='40544-rebirth.mod' event=1 mult=0.600 after=-100.00 skipped=50
[21:23:42.680] [JOIN] INFO: [ai] suspended=0 driven=0
[21:23:42.680] [JOIN] INFO: [trust] trusted=0 driven=0 grants=0 revokes=0
[21:23:42.792] [JOIN] INFO: [med] SEND hand=1,1803832960 npc=0 blood=79.9 bleed=0.00 fl=100.0,100.0,92.6,100.0 bd=0.0,0.0,0.0,0.0 flags=0 nparts=7 pmin=81.2 smin=0.0 ls=0,0,0,0
[21:23:42.862] [JOIN] INFO: [med] SEND hand=9,3676879872 npc=1 blood=167.5 bleed=0.00 fl=72.7,72.7,72.7,72.7 bd=0.0,0.0,0.0,0.0 flags=1 nparts=7 pmin=2.6 smin=0.0 ls=0,0,0,0
[21:23:42.986] [JOIN] INFO: [med] SEND hand=7,1531982464 npc=1 blood=147.0 bleed=0.00 fl=79.1,79.1,79.1,53.4 bd=0.0,0.0,0.0,0.0 flags=1 nparts=7 pmin=51.8 smin=0.0 ls=0,0,0,0
[21:23:43.260] [JOIN] INFO: [med] SEND hand=4,3726318336 npc=1 blood=46.7 bleed=0.00 fl=-96.8,-38.0,77.3,9.8 bd=0.0,0.0,0.0,0.0 flags=1 nparts=7 pmin=9.8 smin=0.0 ls=0,0,0,0
[21:23:43.289] [JOIN] INFO: [stats] SEND hand=1,1803832960 str=6.5 dex=26.5 tough=10.9 stealth=1.0 athl=9.5 xp=0 fap=0
[21:23:43.289] [JOIN] INFO: [stats] SEND hand=2,2692504832 str=5.8 dex=37.2 tough=11.9 stealth=20.0 athl=7.1 xp=0 fap=0
[21:23:43.293] [JOIN] INFO: [fac] AFFECT-EV me='40544-rebirth.mod' whom='518-gamedata.base' event=1 mult=0.000 after=-100.00 skipped=25
[21:23:43.807] [JOIN] INFO: [census] sent n=11 radius=2000 mid=11
[21:23:43.964] [JOIN] INFO: [med] SEND hand=9,3676879872 npc=1 blood=167.6 bleed=0.00 fl=72.7,72.7,72.7,72.7 bd=0.0,0.0,0.0,0.0 flags=1 nparts=7 pmin=2.6 smin=0.0 ls=0,0,0,0
[21:23:43.990] [JOIN] INFO: [med] SEND hand=7,1531982464 npc=1 blood=147.0 bleed=0.00 fl=79.1,79.1,79.1,53.4 bd=0.0,0.0,0.0,0.0 flags=1 nparts=7 pmin=51.8 smin=0.0 ls=0,0,0,0
[21:23:44.264] [JOIN] INFO: [med] SEND hand=4,3726318336 npc=1 blood=46.7 bleed=0.00 fl=-96.9,-38.0,77.3,9.8 bd=0.0,0.0,0.0,0.0 flags=1 nparts=7 pmin=9.8 smin=0.0 ls=0,0,0,0
[21:23:44.943] [JOIN] INFO: [stats] SEND hand=1,1803832960 str=6.5 dex=26.5 tough=10.9 stealth=1.0 athl=9.6 xp=0 fap=0
[21:23:44.943] [JOIN] INFO: [stats] SEND hand=2,2692504832 str=5.8 dex=37.2 tough=11.9 stealth=20.0 athl=7.2 xp=0 fap=0
[21:23:44.993] [JOIN] INFO: [med] SEND hand=7,1531982464 npc=1 blood=147.0 bleed=0.00 fl=79.1,79.1,79.1,53.4 bd=0.0,0.0,0.0,0.0 flags=1 nparts=7 pmin=51.8 smin=0.0 ls=0,0,0,0
[21:23:45.095] [JOIN] INFO: [med] SEND hand=9,3676879872 npc=1 blood=167.6 bleed=0.00 fl=72.7,72.7,72.7,72.7 bd=0.0,0.0,0.0,0.0 flags=1 nparts=7 pmin=2.6 smin=0.0 ls=0,0,0,0
[21:23:45.363] [JOIN] INFO: [med] SEND hand=4,3726318336 npc=1 blood=46.8 bleed=0.00 fl=-96.9,-38.1,77.3,9.8 bd=0.0,0.0,0.0,0.0 flags=1 nparts=7 pmin=9.8 smin=0.0 ls=0,0,0,0
[21:23:45.431] [JOIN] INFO: [cam] center=-4538.6,687.1,-129328.8
[21:23:45.684] [JOIN] INFO: [ai] suspended=0 driven=0
[21:23:45.684] [JOIN] INFO: [trust] trusted=0 driven=0 grants=0 revokes=0
[21:23:45.993] [JOIN] INFO: [med] SEND hand=7,1531982464 npc=1 blood=147.1 bleed=0.00 fl=79.1,79.1,79.1,53.4 bd=0.0,0.0,0.0,0.0 flags=1 nparts=7 pmin=51.8 smin=0.0 ls=0,0,0,0
[21:23:46.236] [JOIN] INFO: [med] SEND hand=9,3676879872 npc=1 blood=167.7 bleed=0.00 fl=72.7,72.7,72.7,72.7 bd=0.0,0.0,0.0,0.0 flags=1 nparts=7 pmin=2.5 smin=0.0 ls=0,0,0,0
[21:23:46.528] [JOIN] INFO: [stats] SEND hand=2,2692504832 str=5.8 dex=37.2 tough=11.9 stealth=20.0 athl=7.3 xp=0 fap=0
[21:23:47.005] [JOIN] INFO: [med] SEND hand=2,2692504832 npc=0 blood=79.3 bleed=0.00 fl=100.0,92.6,100.0,92.8 bd=0.0,0.0,0.0,0.0 flags=0 nparts=7 pmin=83.8 smin=0.0 ls=0,0,0,0
[21:23:47.796] [JOIN] INFO: [fac] AFFECT-EV me='518-gamedata.base' whom='40544-rebirth.mod' event=1 mult=0.600 after=-100.00 skipped=36
[21:23:48.395] [JOIN] INFO: [stats] SEND hand=2,2692504832 str=5.8 dex=37.2 tough=11.9 stealth=20.0 athl=7.4 xp=0 fap=0
[21:23:48.405] [JOIN] INFO: [fac] AFFECT-EV me='40544-rebirth.mod' whom='518-gamedata.base' event=3 mult=0.000 after=-100.00 skipped=35
[21:23:48.684] [JOIN] INFO: [ai] suspended=0 driven=0
[21:23:48.684] [JOIN] INFO: [trust] trusted=0 driven=0 grants=0 revokes=0
[21:23:49.229] [JOIN] INFO: [med] SEND hand=2,2692504832 npc=0 blood=79.3 bleed=0.00 fl=100.0,92.6,100.0,92.8 bd=0.0,0.0,0.0,0.0 flags=0 nparts=7 pmin=83.8 smin=0.0 ls=0,0,0,0
[21:23:50.026] [JOIN] INFO: [stats] SEND hand=2,2692504832 str=5.8 dex=37.2 tough=11.9 stealth=20.0 athl=7.5 xp=0 fap=0
[21:23:50.429] [JOIN] INFO: [cam] center=-4734.5,696.7,-129381.5
[21:23:50.787] [JOIN] INFO: [taskkey] key=25 desc='First aid' repro=1 subject=1
[21:23:50.787] [JOIN] INFO: [seatres] HOST task=25 npc=1,1803832960 subj=1,1803832960 ok=1 npcpos=-4672.8,-129347.1 subjpos=-4672.8,-129347.1 d=0.0
[21:23:50.892] [JOIN] INFO: [med] SEND hand=1,1803832960 npc=0 blood=79.9 bleed=0.00 fl=100.0,100.0,92.6,100.0 bd=0.0,0.0,0.0,0.0 flags=0 nparts=7 pmin=81.2 smin=0.0 ls=0,0,0,0
[21:23:51.292] [JOIN] INFO: [med] SEND hand=1,1803832960 npc=0 blood=79.9 bleed=0.00 fl=100.0,100.0,92.6,100.0 bd=0.0,0.0,0.0,0.0 flags=0 nparts=7 pmin=81.2 smin=0.0 ls=0,0,0,0
[21:23:51.369] [JOIN] INFO: [stats] SEND hand=1,1803832960 str=6.5 dex=26.5 tough=10.9 stealth=1.0 athl=9.7 xp=0 fap=0
[21:23:51.687] [JOIN] INFO: [ai] suspended=0 driven=0
[21:23:51.687] [JOIN] INFO: [trust] trusted=0 driven=0 grants=0 revokes=0
[21:23:51.695] [JOIN] INFO: [med] SEND hand=1,1803832960 npc=0 blood=79.9 bleed=0.00 fl=100.0,100.0,92.6,100.0 bd=0.0,0.0,0.0,0.0 flags=0 nparts=7 pmin=81.3 smin=0.0 ls=0,0,0,0
[21:23:51.760] [JOIN] INFO: [med] SEND hand=2,2692504832 npc=0 blood=79.3 bleed=0.00 fl=100.0,92.6,100.0,92.8 bd=0.0,0.0,0.0,0.0 flags=0 nparts=7 pmin=83.8 smin=0.0 ls=0,0,0,0
[21:23:51.810] [JOIN] INFO: [stats] SEND hand=2,2692504832 str=5.8 dex=37.2 tough=11.9 stealth=20.0 athl=7.6 xp=0 fap=0
[21:23:52.096] [JOIN] INFO: [med] SEND hand=1,1803832960 npc=0 blood=79.9 bleed=0.00 fl=100.0,100.0,92.6,100.0 bd=0.0,0.0,0.0,0.0 flags=0 nparts=7 pmin=81.3 smin=0.0 ls=0,0,0,0
[21:23:52.369] [JOIN] INFO: [stats] SEND hand=1,1803832960 str=6.5 dex=26.5 tough=10.9 stealth=1.0 athl=9.7 xp=0 fap=0
[21:23:52.496] [JOIN] INFO: [med] SEND hand=1,1803832960 npc=0 blood=79.9 bleed=0.00 fl=100.0,100.0,92.6,100.0 bd=0.0,0.0,0.0,0.0 flags=0 nparts=7 pmin=81.3 smin=0.0 ls=0,0,0,0
[21:23:52.899] [JOIN] INFO: [med] SEND hand=1,1803832960 npc=0 blood=79.9 bleed=0.00 fl=100.0,100.0,92.6,100.0 bd=0.0,0.0,0.0,0.0 flags=0 nparts=7 pmin=81.3 smin=0.0 ls=0,0,0,0
[21:23:53.302] [JOIN] INFO: [med] SEND hand=1,1803832960 npc=0 blood=79.9 bleed=0.00 fl=100.0,100.0,92.6,100.0 bd=0.0,0.0,0.0,0.0 flags=0 nparts=7 pmin=81.3 smin=0.0 ls=0,0,0,0
[21:23:53.372] [JOIN] INFO: [stats] SEND hand=1,1803832960 str=6.5 dex=26.5 tough=10.9 stealth=1.0 athl=9.7 xp=0 fap=0
[21:23:53.635] [JOIN] INFO: [stats] SEND hand=2,2692504832 str=5.8 dex=37.2 tough=11.9 stealth=20.0 athl=7.7 xp=0 fap=0
[21:23:53.647] [JOIN] INFO: [fac] AFFECT-EV me='518-gamedata.base' whom='40544-rebirth.mod' event=1 mult=0.600 after=-100.00 skipped=11
[21:23:53.704] [JOIN] INFO: [med] SEND hand=1,1803832960 npc=0 blood=79.9 bleed=0.00 fl=100.0,100.0,92.6,100.0 bd=0.0,0.0,0.0,0.0 flags=0 nparts=7 pmin=81.3 smin=0.0 ls=0,0,0,0
[21:23:53.830] [JOIN] INFO: [census] sent n=11 radius=2000 mid=11
[21:23:54.107] [JOIN] INFO: [med] SEND hand=1,1803832960 npc=0 blood=79.9 bleed=0.00 fl=100.0,100.0,92.6,100.0 bd=0.0,0.0,0.0,0.0 flags=0 nparts=7 pmin=81.3 smin=0.0 ls=0,0,0,0
[21:23:54.283] [JOIN] INFO: [fac] AFFECT-EV me='40544-rebirth.mod' whom='518-gamedata.base' event=1 mult=0.000 after=-100.00 skipped=25
[21:23:54.373] [JOIN] INFO: [stats] SEND hand=1,1803832960 str=6.5 dex=26.5 tough=10.9 stealth=1.0 athl=9.7 xp=0 fap=0
[21:23:54.510] [JOIN] INFO: [med] SEND hand=1,1803832960 npc=0 blood=79.9 bleed=0.00 fl=100.0,100.0,92.6,100.0 bd=0.0,0.0,0.0,0.0 flags=0 nparts=7 pmin=81.3 smin=0.0 ls=0,0,0,0
[21:23:54.690] [JOIN] INFO: [ai] suspended=0 driven=0
[21:23:54.690] [JOIN] INFO: [trust] trusted=0 driven=0 grants=0 revokes=0
[21:23:54.912] [JOIN] INFO: [med] SEND hand=1,1803832960 npc=0 blood=79.9 bleed=0.00 fl=100.0,100.0,92.6,100.0 bd=0.0,0.0,1.0,0.0 flags=0 nparts=7 pmin=81.3 smin=0.0 ls=0,0,0,0
[21:23:55.188] [JOIN] INFO: [stats] SEND hand=2,2692504832 str=5.8 dex=37.2 tough=11.9 stealth=20.0 athl=7.8 xp=0 fap=0
[21:23:55.205] [JOIN] INFO: [taskkey] key=64 desc='Stand still dammit!' repro=0 subject=1
[21:23:55.313] [JOIN] INFO: [med] SEND hand=1,1803832960 npc=0 blood=79.9 bleed=0.00 fl=100.0,100.0,92.6,100.0 bd=0.0,0.0,3.0,0.0 flags=0 nparts=7 pmin=81.4 smin=0.0 ls=0,0,0,0
[21:23:55.372] [JOIN] INFO: [stats] SEND hand=1,1803832960 str=6.5 dex=26.5 tough=10.9 stealth=1.0 athl=9.7 xp=0 fap=0
[21:23:55.431] [JOIN] INFO: [cam] center=-4758.9,697.4,-129353.9
[21:23:55.579] [JOIN] INFO: [seatres] HOST task=25 npc=2,2692504832 subj=2,2692504832 ok=1 npcpos=-4815.2,-129339.7 subjpos=-4815.2,-129339.7 d=0.0
[21:23:55.634] [JOIN] INFO: [med] SEND hand=2,2692504832 npc=0 blood=79.3 bleed=0.00 fl=100.0,92.6,100.0,92.8 bd=0.0,0.0,0.0,0.0 flags=0 nparts=7 pmin=83.8 smin=0.0 ls=0,0,0,0
[21:23:55.716] [JOIN] INFO: [med] SEND hand=1,1803832960 npc=0 blood=79.9 bleed=0.00 fl=100.0,100.0,92.6,100.0 bd=0.0,0.0,5.0,0.0 flags=0 nparts=7 pmin=81.4 smin=0.0 ls=0,0,0,0
[21:23:56.118] [JOIN] INFO: [med] SEND hand=1,1803832960 npc=0 blood=79.9 bleed=0.00 fl=100.0,100.0,92.6,100.0 bd=0.0,0.0,7.0,0.0 flags=0 nparts=7 pmin=81.4 smin=0.0 ls=0,0,0,0
[21:23:56.375] [JOIN] INFO: [stats] SEND hand=1,1803832960 str=6.5 dex=26.5 tough=10.9 stealth=1.0 athl=9.7 xp=0 fap=0
[21:23:56.521] [JOIN] INFO: [med] SEND hand=1,1803832960 npc=0 blood=79.9 bleed=0.00 fl=100.0,100.0,92.6,100.0 bd=0.0,0.0,7.4,0.0 flags=0 nparts=7 pmin=81.4 smin=0.0 ls=0,0,0,0
[21:23:57.690] [JOIN] INFO: [ai] suspended=0 driven=0
[21:23:57.690] [JOIN] INFO: [trust] trusted=0 driven=0 grants=0 revokes=0
[21:23:59.037] [JOIN] INFO: [med] SEND hand=2,2692504832 npc=0 blood=79.3 bleed=0.00 fl=100.0,92.6,100.0,92.8 bd=0.0,0.0,0.0,0.0 flags=0 nparts=7 pmin=83.9 smin=0.0 ls=0,0,0,0
[21:23:59.438] [JOIN] INFO: [med] SEND hand=2,2692504832 npc=0 blood=79.3 bleed=0.00 fl=100.0,92.6,100.0,92.8 bd=0.0,0.0,0.0,0.0 flags=0 nparts=7 pmin=83.9 smin=0.0 ls=0,0,0,0
[21:23:59.841] [JOIN] INFO: [med] SEND hand=2,2692504832 npc=0 blood=79.3 bleed=0.00 fl=100.0,92.6,100.0,92.8 bd=0.0,0.0,0.0,0.0 flags=0 nparts=7 pmin=83.9 smin=0.0 ls=0,0,0,0
[21:23:59.890] [JOIN] INFO: [stats] SEND hand=2,2692504832 str=5.8 dex=37.2 tough=11.9 stealth=20.0 athl=7.9 xp=0 fap=0
[21:24:00.242] [JOIN] INFO: [med] SEND hand=2,2692504832 npc=0 blood=79.3 bleed=0.00 fl=100.0,92.6,100.0,92.8 bd=0.0,0.0,0.0,0.0 flags=0 nparts=7 pmin=83.9 smin=0.0 ls=0,0,0,0
[21:24:00.430] [JOIN] INFO: [cam] center=-4758.9,697.4,-129353.9
[21:24:00.489] [JOIN] INFO: [med] SEND hand=1,1803832960 npc=0 blood=79.9 bleed=0.00 fl=100.0,100.0,92.7,100.0 bd=0.0,0.0,7.3,0.0 flags=0 nparts=7 pmin=81.5 smin=0.0 ls=0,0,0,0
[21:24:00.643] [JOIN] INFO: [med] SEND hand=2,2692504832 npc=0 blood=79.3 bleed=0.00 fl=100.0,92.6,100.0,92.8 bd=0.0,0.0,0.0,0.0 flags=0 nparts=7 pmin=83.9 smin=0.0 ls=0,0,0,0
[21:24:00.695] [JOIN] INFO: [ai] suspended=0 driven=0
[21:24:00.695] [JOIN] INFO: [trust] trusted=0 driven=0 grants=0 revokes=0
[21:24:00.806] [JOIN] INFO: [coop-ui] panel closed
[21:24:00.814] [JOIN] INFO: [speed] REQ mult=1.00 paused=0 combat=0
[21:24:01.017] [JOIN] INFO: [stats] SEND hand=2,2692504832 str=5.8 dex=37.2 tough=11.9 stealth=20.0 athl=7.9 xp=0 fap=0
[21:24:01.047] [JOIN] INFO: [med] SEND hand=2,2692504832 npc=0 blood=79.3 bleed=0.00 fl=100.0,92.6,100.0,92.8 bd=0.0,0.0,0.0,0.0 flags=0 nparts=7 pmin=84.0 smin=0.0 ls=0,0,0,0
[21:24:01.131] [JOIN] INFO: [fac] AFFECT-EV me='518-gamedata.base' whom='40544-rebirth.mod' event=0 mult=0.600 after=-100.00 skipped=3
[21:24:01.135] [JOIN] INFO: [fac] AFFECT-EV me='40544-rebirth.mod' whom='518-gamedata.base' event=0 mult=0.000 after=-100.00 skipped=2
[21:24:01.449] [JOIN] INFO: [med] SEND hand=2,2692504832 npc=0 blood=79.3 bleed=0.00 fl=100.0,92.6,100.0,92.8 bd=0.0,2.2,0.0,0.0 flags=0 nparts=7 pmin=84.0 smin=0.0 ls=0,0,0,0
[21:24:01.462] [JOIN] INFO: [coop-ui] panel opened
[21:24:01.473] [JOIN] INFO: [speed] REQ mult=1.00 paused=0 combat=0
[21:24:01.848] [JOIN] INFO: [med] SEND hand=2,2692504832 npc=0 blood=79.3 bleed=0.00 fl=100.0,92.6,100.0,92.8 bd=0.0,6.1,0.0,0.0 flags=0 nparts=7 pmin=84.0 smin=0.0 ls=0,0,0,0
[21:24:02.144] [JOIN] INFO: [stats] SEND hand=2,2692504832 str=5.8 dex=37.2 tough=11.9 stealth=20.0 athl=7.9 xp=0 fap=0
[21:24:02.252] [JOIN] INFO: [med] SEND hand=2,2692504832 npc=0 blood=79.3 bleed=0.00 fl=100.0,92.6,100.0,92.8 bd=0.0,7.4,0.0,2.7 flags=0 nparts=7 pmin=84.0 smin=0.0 ls=0,0,0,0
[21:24:02.393] [JOIN] INFO: [med] SEND hand=1,1803832960 npc=0 blood=79.9 bleed=0.00 fl=100.0,100.0,92.8,100.0 bd=0.0,0.0,7.2,0.0 flags=0 nparts=7 pmin=81.6 smin=0.0 ls=0,0,0,0
[21:24:02.653] [JOIN] INFO: [med] SEND hand=2,2692504832 npc=0 blood=79.3 bleed=0.00 fl=100.0,92.6,100.0,92.8 bd=0.0,7.4,0.0,6.7 flags=0 nparts=7 pmin=84.0 smin=0.0 ls=0,0,0,0
[21:24:03.055] [JOIN] INFO: [med] SEND hand=2,2692504832 npc=0 blood=79.3 bleed=0.00 fl=100.0,92.7,100.0,92.8 bd=0.0,7.3,0.0,7.2 flags=0 nparts=7 pmin=84.0 smin=0.0 ls=0,0,0,0
[21:24:03.696] [JOIN] INFO: [ai] suspended=0 driven=0
[21:24:03.696] [JOIN] INFO: [trust] trusted=0 driven=0 grants=0 revokes=0
[21:24:03.846] [JOIN] INFO: [census] sent n=11 radius=2000 mid=11
[21:24:04.155] [JOIN] INFO: [coop-ui] connection -> OFFLINE
[21:24:04.159] [JOIN] INFO: [coop-ui] DISCONNECT requested
[21:24:04.159] [JOIN] INFO: [coop-ui] disconnect
[21:24:04.198] [JOIN] INFO: [leave] cleared proxies=0
[21:24:04.198] [JOIN] INFO: [leave] cleared worldProxies=0 (cleanup=0)
[21:24:04.198] [JOIN] INFO: [load] session reset: pointer caches, session maps, change gates cleared
[21:24:04.198] [JOIN] INFO: [wi] BASELINE seeded=0 (save-native, never-stream)
[21:24:04.198] [JOIN] INFO: [med] SEND hand=1,1803832960 npc=0 blood=79.9 bleed=0.00 fl=100.0,100.0,92.8,100.0 bd=0.0,0.0,7.2,0.0 flags=0 nparts=7 pmin=81.6 smin=0.0 ls=0,0,0,0
[21:24:04.198] [JOIN] INFO: [med] SEND hand=2,2692504832 npc=0 blood=79.3 bleed=0.00 fl=100.0,92.7,100.0,92.9 bd=0.0,7.3,0.0,7.1 flags=0 nparts=7 pmin=84.0 smin=0.0 ls=0,0,0,0
[21:24:04.198] [JOIN] INFO: [stats] SEND hand=1,1803832960 str=6.5 dex=26.5 tough=10.9 stealth=1.0 athl=9.7 xp=0 fap=0
[21:24:04.198] [JOIN] INFO: [stats] SEND hand=2,2692504832 str=5.8 dex=37.2 tough=11.9 stealth=20.0 athl=7.9 xp=0 fap=0
[21:24:04.198] [JOIN] INFO: [research] SEND sid='5359-gamedata.base' seq=14
[21:24:04.198] [JOIN] INFO: [speed] REQ mult=1.00 paused=0 combat=0
[21:24:04.198] [JOIN] INFO: [speed] SET mult=1.00 paused=0 combat=0 (my=1.00)
[21:24:04.548] [JOIN] INFO: [inv] SEND hand=1,1,2021484416,1,1803832960 kind=0 key=1,1,2021484416,1,1803832960 items=7 hash=3933050452
[21:24:04.548] [JOIN] INFO: [inv] SEND hand=1,1,2021484416,2,2692504832 kind=0 key=1,1,2021484416,2,2692504832 items=8 hash=1519498609
[21:24:04.640] [JOIN] INFO: [coop-ui] connection -> ONLINE
[21:24:04.644] [JOIN] INFO: [coop-ui] CONNECT role=HOST transport=steam
[21:24:04.644] [JOIN] INFO: [leave] cleared proxies=0
[21:24:04.644] [JOIN] INFO: [leave] cleared worldProxies=0 (cleanup=0)
[21:24:04.644] [JOIN] INFO: [load] session reset: pointer caches, session maps, change gates cleared
[21:24:04.644] [JOIN] INFO: [dmg] role re-armed: HOST (own swings land natively)
[21:24:04.644] [JOIN] INFO: [coop-ui] connect: role=HOST transport=steam peer=76561199417484463 ownRanks={0} src=role
[21:24:04.644] [JOIN] INFO: [steam] tunnel peer=76561199417484463 slot=0 addr=1.0.0.1 (session pre-accepted)
[21:24:04.644] [JOIN] INFO: [steam] transport=steam armed, 1 tunnel peer(s) (connect by SteamID; no port forwarding)
[21:24:04.644] [JOIN] INFO: KenshiCoop: starting as HOST
[21:24:04.644] [JOIN] INFO: [wi] BASELINE seeded=0 (save-native, never-stream)
[21:24:04.644] [JOIN] INFO: [med] SEND hand=1,1803832960 npc=0 blood=79.9 bleed=0.00 fl=100.0,100.0,92.8,100.0 bd=0.0,0.0,7.2,0.0 flags=0 nparts=7 pmin=81.6 smin=0.0 ls=0,0,0,0
[21:24:04.644] [JOIN] INFO: [med] SEND hand=2,2692504832 npc=0 blood=79.3 bleed=0.00 fl=100.0,92.7,100.0,92.9 bd=0.0,7.3,0.0,7.1 flags=0 nparts=7 pmin=84.1 smin=0.0 ls=0,0,0,0
[21:24:04.644] [JOIN] INFO: [stats] SEND hand=1,1803832960 str=6.5 dex=26.5 tough=10.9 stealth=1.0 athl=9.7 xp=0 fap=0
[21:24:04.644] [JOIN] INFO: [stats] SEND hand=2,2692504832 str=5.8 dex=37.2 tough=11.9 stealth=20.0 athl=7.9 xp=0 fap=0
[21:24:04.644] [JOIN] INFO: [steam] ENet socket hooks installed (tunnel on P2P channel 0)
[21:24:04.644] [JOIN] INFO: [net] transport=steam (ENet tunnelled over Steam P2P)
[21:24:04.644] [JOIN] INFO: [research] SEND sid='5359-gamedata.base' seq=15
[21:24:04.644] [JOIN] INFO: [net] hosting
[21:24:04.644] [JOIN] INFO: [speed] REQ mult=1.00 paused=0 combat=0
[21:24:04.644] [JOIN] INFO: [speed] SET mult=1.00 paused=0 combat=0 (my=1.00)
[21:24:04.950] [JOIN] INFO: [steam] session peer=76561199417484463 active=0 connecting=1 relay=0 err=0
[21:24:04.995] [JOIN] INFO: [inv] SEND hand=1,1,2021484416,1,1803832960 kind=0 key=1,1,2021484416,1,1803832960 items=7 hash=3933050452
[21:24:04.995] [JOIN] INFO: [inv] SEND hand=1,1,2021484416,2,2692504832 kind=0 key=1,1,2021484416,2,2692504832 items=8 hash=1519498609
[21:24:05.432] [JOIN] INFO: [cam] center=-4758.9,697.4,-129353.9
[21:24:06.178] [JOIN] INFO: [med] SEND hand=2,2692504832 npc=0 blood=79.3 bleed=0.00 fl=100.0,92.7,100.0,92.9 bd=0.0,7.3,0.0,7.1 flags=0 nparts=7 pmin=84.1 smin=0.0 ls=0,0,0,0
[21:24:06.697] [JOIN] INFO: [ai] suspended=0 driven=0
[21:24:06.697] [JOIN] INFO: [trust] trusted=0 driven=0 grants=0 revokes=0
[21:24:07.593] [JOIN] INFO: [med] SEND hand=2,2692504832 npc=0 blood=79.3 bleed=0.00 fl=100.0,92.8,100.0,93.0 bd=0.0,7.2,0.0,7.0 flags=0 nparts=7 pmin=84.1 smin=0.0 ls=0,0,0,0
[21:24:08.588] [JOIN] INFO: [med] SEND hand=2,2692504832 npc=0 blood=79.3 bleed=0.00 fl=100.0,92.8,100.0,93.0 bd=0.0,7.2,0.0,7.0 flags=0 nparts=7 pmin=84.2 smin=0.0 ls=0,0,0,0
[21:24:08.992] [JOIN] INFO: [steam] session peer=76561199417484463 active=1 connecting=0 relay=0 err=0
[21:24:09.700] [JOIN] INFO: [ai] suspended=0 driven=0
[21:24:09.700] [JOIN] INFO: [trust] trusted=0 driven=0 grants=0 revokes=0
[21:24:10.430] [JOIN] INFO: [cam] center=-4369.4,703.2,-129011.0
[21:24:10.766] [JOIN] INFO: [med] SEND hand=2,2692504832 npc=0 blood=79.3 bleed=0.00 fl=100.0,92.8,100.0,93.0 bd=0.0,7.2,0.0,7.0 flags=0 nparts=7 pmin=84.2 smin=0.0 ls=0,0,0,0
[21:24:12.168] [JOIN] INFO: [med] SEND hand=1,1803832960 npc=0 blood=79.9 bleed=0.00 fl=100.0,100.0,93.0,100.0 bd=0.0,0.0,7.0,0.0 flags=0 nparts=7 pmin=81.8 smin=0.0 ls=0,0,0,0
[21:24:12.561] [JOIN] INFO: [med] SEND hand=2,2692504832 npc=0 blood=79.3 bleed=0.00 fl=100.0,92.9,100.0,93.1 bd=0.0,7.1,0.0,6.9 flags=0 nparts=7 pmin=84.2 smin=0.0 ls=0,0,0,0
[21:24:12.703] [JOIN] INFO: [ai] suspended=0 driven=0
[21:24:12.703] [JOIN] INFO: [trust] trusted=0 driven=0 grants=0 revokes=0
[21:24:12.963] [JOIN] INFO: [med] SEND hand=2,2692504832 npc=0 blood=79.3 bleed=0.00 fl=100.0,92.9,100.0,93.1 bd=0.0,7.1,0.0,6.9 flags=0 nparts=7 pmin=84.2 smin=0.0 ls=0,0,0,0
[21:24:13.541] [JOIN] INFO: [coop-ui] paste friend id=76561198346257175 ok=1
[21:24:13.552] [JOIN] INFO: [med] SEND hand=1,1803832960 npc=0 blood=79.9 bleed=0.00 fl=100.0,100.0,93.0,100.0 bd=0.0,0.0,7.0,0.0 flags=0 nparts=7 pmin=81.8 smin=0.0 ls=0,0,0,0
[21:24:14.534] [JOIN] INFO: [coop-ui] connection -> OFFLINE
[21:24:14.538] [JOIN] INFO: [coop-ui] DISCONNECT requested
[21:24:14.538] [JOIN] INFO: [coop-ui] disconnect
[21:24:14.561] [JOIN] INFO: [leave] cleared proxies=0
[21:24:14.561] [JOIN] INFO: [leave] cleared worldProxies=0 (cleanup=0)
[21:24:14.561] [JOIN] INFO: [load] session reset: pointer caches, session maps, change gates cleared
[21:24:14.561] [JOIN] INFO: [wi] BASELINE seeded=0 (save-native, never-stream)
[21:24:14.561] [JOIN] INFO: [med] SEND hand=1,1803832960 npc=0 blood=79.9 bleed=0.00 fl=100.0,100.0,93.0,100.0 bd=0.0,0.0,7.0,0.0 flags=0 nparts=7 pmin=81.8 smin=0.0 ls=0,0,0,0
[21:24:14.561] [JOIN] INFO: [med] SEND hand=2,2692504832 npc=0 blood=79.3 bleed=0.00 fl=100.0,92.9,100.0,93.1 bd=0.0,7.1,0.0,6.9 flags=0 nparts=7 pmin=84.3 smin=0.0 ls=0,0,0,0
[21:24:14.561] [JOIN] INFO: [stats] SEND hand=1,1803832960 str=6.5 dex=26.5 tough=10.9 stealth=1.0 athl=9.7 xp=0 fap=0
[21:24:14.561] [JOIN] INFO: [stats] SEND hand=2,2692504832 str=5.8 dex=37.2 tough=11.9 stealth=20.0 athl=7.9 xp=0 fap=0
[21:24:14.561] [JOIN] INFO: [research] SEND sid='5359-gamedata.base' seq=16
[21:24:14.561] [JOIN] INFO: [speed] REQ mult=1.00 paused=0 combat=0
[21:24:14.561] [JOIN] INFO: [speed] SET mult=1.00 paused=0 combat=0 (my=1.00)
[21:24:14.562] [JOIN] INFO: [census] sent n=11 radius=2000 mid=11
[21:24:14.866] [JOIN] INFO: [coop-ui] connection -> ONLINE
[21:24:14.871] [JOIN] INFO: [coop-ui] CONNECT role=HOST transport=steam
[21:24:14.871] [JOIN] INFO: [leave] cleared proxies=0
[21:24:14.871] [JOIN] INFO: [leave] cleared worldProxies=0 (cleanup=0)
[21:24:14.871] [JOIN] INFO: [load] session reset: pointer caches, session maps, change gates cleared
[21:24:14.871] [JOIN] INFO: [dmg] role re-armed: HOST (own swings land natively)
[21:24:14.871] [JOIN] INFO: [coop-ui] connect: role=HOST transport=steam peer=76561198346257175 ownRanks={0} src=role
[21:24:14.871] [JOIN] INFO: [steam] tunnel peer=76561198346257175 slot=0 addr=1.0.0.1 (session pre-accepted)
[21:24:14.871] [JOIN] INFO: [steam] transport=steam armed, 1 tunnel peer(s) (connect by SteamID; no port forwarding)
[21:24:14.871] [JOIN] INFO: KenshiCoop: starting as HOST
[21:24:14.871] [JOIN] INFO: [wi] BASELINE seeded=0 (save-native, never-stream)
[21:24:14.871] [JOIN] INFO: [med] SEND hand=1,1803832960 npc=0 blood=79.9 bleed=0.00 fl=100.0,100.0,93.0,100.0 bd=0.0,0.0,7.0,0.0 flags=0 nparts=7 pmin=81.8 smin=0.0 ls=0,0,0,0
[21:24:14.871] [JOIN] INFO: [med] SEND hand=2,2692504832 npc=0 blood=79.3 bleed=0.00 fl=100.0,92.9,100.0,93.1 bd=0.0,7.1,0.0,6.9 flags=0 nparts=7 pmin=84.3 smin=0.0 ls=0,0,0,0
[21:24:14.871] [JOIN] INFO: [stats] SEND hand=1,1803832960 str=6.5 dex=26.5 tough=10.9 stealth=1.0 athl=9.7 xp=0 fap=0
[21:24:14.871] [JOIN] INFO: [stats] SEND hand=2,2692504832 str=5.8 dex=37.2 tough=11.9 stealth=20.0 athl=7.9 xp=0 fap=0
[21:24:14.871] [JOIN] INFO: [steam] ENet socket hooks installed (tunnel on P2P channel 0)
[21:24:14.871] [JOIN] INFO: [net] transport=steam (ENet tunnelled over Steam P2P)
[21:24:14.871] [JOIN] INFO: [net] hosting
[21:24:14.871] [JOIN] INFO: [research] SEND sid='5359-gamedata.base' seq=17
[21:24:14.871] [JOIN] INFO: [speed] REQ mult=1.00 paused=0 combat=0
[21:24:14.871] [JOIN] INFO: [speed] SET mult=1.00 paused=0 combat=0 (my=1.00)
[21:24:15.223] [JOIN] INFO: [inv] SEND hand=1,1,2021484416,1,1803832960 kind=0 key=1,1,2021484416,1,1803832960 items=7 hash=3933050452
[21:24:15.223] [JOIN] INFO: [inv] SEND hand=1,1,2021484416,2,2692504832 kind=0 key=1,1,2021484416,2,2692504832 items=8 hash=1519498609
[21:24:15.431] [JOIN] INFO: [cam] center=-3859.6,699.7,-128562.2
[21:24:15.704] [JOIN] INFO: [ai] suspended=0 driven=0
[21:24:15.704] [JOIN] INFO: [trust] trusted=0 driven=0 grants=0 revokes=0
[21:24:15.970] [JOIN] INFO: [steam] first tunnel packet received from peer
[21:24:16.030] [JOIN] INFO: [net] peer connecting (awaiting HELLO)
[21:24:16.030] [JOIN] INFO: [net] peer connected id=1 (proto v46) [2/3 players]
[21:24:16.032] [JOIN] INFO: handshake: peer present id=1 (local id=0)
[21:24:16.032] [JOIN] INFO: [latejoin] RESYNC place=0 remove=0 fac=0 door=0 bdoor=0 med=2 stats=2 money=0 inv=2 world=0 prod=0
[21:24:16.032] [JOIN] INFO: [boot] baking save 'duo EV' to push to join on connect
[21:24:16.032] [JOIN] INFO: [save] LOCAL-SAVE name='duo EV' autosave=0 suppressed=0
[21:24:16.034] [JOIN] INFO: [save] WATCH armed folder='C:\Users\Zach Pieper\AppData\Local\kenshi\save\duo EV' baseFiles=98 baseBytes=7306964
[21:24:16.272] [JOIN] INFO: [speed] REQ mult=1.00 paused=0 combat=0
[21:24:18.023] [JOIN] INFO: [save] QUIESCED kind=settled name='duo EV' files=36 bytes=4957939 waitMs=2000
[21:24:18.174] [JOIN] INFO: [boot] GO->join id=1 name='duo EV' fp=dede454d (push on connect)
[21:24:18.707] [JOIN] INFO: [ai] suspended=0 driven=0
[21:24:18.707] [JOIN] INFO: [trust] trusted=0 driven=0 grants=0 revokes=0
[21:24:18.802] [JOIN] INFO: [load] NACK id=1 name='duo EV' joinFp=0ea7044b -> transfer after reload
[21:24:18.802] [JOIN] INFO: [load] starting fallback transfer name='duo EV'
[21:24:18.802] [JOIN] INFO: [save] XFER-BEGIN id=1 name='duo EV' files=36 bytes=4957939
[21:24:19.831] [JOIN] INFO: [med] SEND hand=2,2692504832 npc=0 blood=79.3 bleed=0.00 fl=100.0,93.0,100.0,93.2 bd=0.0,7.0,0.0,6.8 flags=0 nparts=7 pmin=84.3 smin=0.0 ls=0,0,0,0
[21:24:20.434] [JOIN] INFO: [cam] center=-4685.8,708.2,-129350.6
[21:24:21.183] [JOIN] INFO: [save] XFER-SENT id=1 files=36 bytes=4957939 ms=2391
[21:24:21.709] [JOIN] INFO: [ai] suspended=0 driven=0
[21:24:21.709] [JOIN] INFO: [trust] trusted=0 driven=0 grants=0 revokes=0
[21:24:22.880] [JOIN] INFO: [fac] AFFECT-EV me='518-gamedata.base' whom='40544-rebirth.mod' event=0 mult=0.600 after=-100.00 skipped=7
[21:24:22.885] [JOIN] INFO: [fac] AFFECT-EV me='40544-rebirth.mod' whom='518-gamedata.base' event=0 mult=0.000 after=-100.00 skipped=21
[21:24:23.537] [JOIN] INFO: [med] SEND hand=1,1803832960 npc=0 blood=79.9 bleed=0.00 fl=100.0,100.0,93.2,100.0 bd=0.0,0.0,6.8,0.0 flags=0 nparts=7 pmin=82.0 smin=0.0 ls=0,0,0,0
[21:24:23.589] [JOIN] INFO: [med] SEND hand=2,2692504832 npc=0 blood=79.3 bleed=0.00 fl=100.0,93.1,100.0,93.3 bd=0.0,6.9,0.0,6.7 flags=0 nparts=7 pmin=84.4 smin=0.0 ls=0,0,0,0
[21:24:23.959] [JOIN] INFO: [save] XFER-ACK owner=1 id=1 ok=1 files=36 bytes=4957939 (1/1 joins)
[21:24:23.959] [JOIN] INFO: [save] all joins hold this save - world is shared
[21:24:24.712] [JOIN] INFO: [ai] suspended=0 driven=0
[21:24:24.712] [JOIN] INFO: [trust] trusted=0 driven=0 grants=0 revokes=0
[21:24:24.894] [JOIN] INFO: [census] sent n=11 radius=2000 mid=11
[21:24:25.430] [JOIN] INFO: [cam] center=-4715.6,708.4,-129358.7
[21:24:25.440] [JOIN] INFO: [med] SEND hand=1,1803832960 npc=0 blood=79.9 bleed=0.00 fl=100.0,100.0,93.3,100.0 bd=0.0,0.0,6.7,0.0 flags=0 nparts=7 pmin=82.1 smin=0.0 ls=0,0,0,0
[21:24:25.815] [JOIN] INFO: [med] SEND hand=2,2692504832 npc=0 blood=79.3 bleed=0.00 fl=100.0,93.2,100.0,93.3 bd=0.0,6.8,0.0,6.7 flags=0 nparts=7 pmin=84.5 smin=0.0 ls=0,0,0,0
[21:24:27.716] [JOIN] INFO: [ai] suspended=0 driven=0
[21:24:27.716] [JOIN] INFO: [trust] trusted=0 driven=0 grants=0 revokes=0
[21:24:28.584] [JOIN] INFO: [fac] AFFECT-EV me='58701-rebirth.mod' whom='518-gamedata.base' event=1 mult=0.000 after=-100.00 skipped=5
[21:24:29.209] [JOIN] INFO: [fac] AFFECT-EV me='518-gamedata.base' whom='58701-rebirth.mod' event=1 mult=0.025 after=-100.00 skipped=0
[21:24:29.237] [JOIN] INFO: [med] SEND hand=2,2692504832 npc=0 blood=79.3 bleed=0.00 fl=100.0,93.2,100.0,93.4 bd=0.0,6.8,0.0,6.6 flags=0 nparts=7 pmin=84.6 smin=0.0 ls=0,0,0,0
[21:24:30.432] [JOIN] INFO: [cam] center=-4715.6,708.4,-129358.7
[21:24:30.455] [JOIN] INFO: [cam] hints recv n=1 p1=-3860,-128562
[21:24:30.458] [JOIN] INFO: [speed] REQ RECV owner=1 mult=1.00 paused=0 combat=0
[21:24:30.508] [JOIN] INFO: [fac] AFFECT-EV me='518-gamedata.base' whom='40544-rebirth.mod' event=1 mult=0.600 after=-100.00 skipped=1
[21:24:30.512] [JOIN] INFO: [fac] AFFECT-EV me='40544-rebirth.mod' whom='518-gamedata.base' event=0 mult=0.000 after=-100.00 skipped=6
[21:24:30.647] [JOIN] INFO: [med] SEND hand=2,2692504832 npc=0 blood=79.3 bleed=0.00 fl=100.0,93.3,100.0,93.5 bd=0.0,6.7,0.0,6.5 flags=0 nparts=7 pmin=84.6 smin=0.0 ls=0,0,0,0
[21:24:30.717] [JOIN] INFO: [ai] suspended=0 driven=0
[21:24:30.717] [JOIN] INFO: [trust] trusted=0 driven=0 grants=0 revokes=0
[21:24:31.610] [JOIN] INFO: [med] SEND hand=2,2692504832 npc=0 blood=79.3 bleed=0.00 fl=100.0,93.3,100.0,93.5 bd=0.0,6.7,0.0,6.5 flags=0 nparts=7 pmin=84.7 smin=0.0 ls=0,0,0,0
[21:24:32.992] [JOIN] INFO: [med] SEND hand=2,2692504832 npc=0 blood=79.3 bleed=0.00 fl=100.0,93.3,100.0,93.5 bd=0.0,6.7,0.0,6.5 flags=0 nparts=7 pmin=84.7 smin=0.0 ls=0,0,0,0
[21:24:33.722] [JOIN] INFO: [ai] suspended=0 driven=0
[21:24:33.722] [JOIN] INFO: [trust] trusted=0 driven=0 grants=0 revokes=0
[21:24:33.858] [JOIN] INFO: [med] SEND hand=1,1803832960 npc=0 blood=79.9 bleed=0.00 fl=100.0,100.0,93.5,100.0 bd=0.0,0.0,6.5,0.0 flags=0 nparts=7 pmin=82.3 smin=0.0 ls=0,0,0,0
[21:24:34.117] [JOIN] INFO: [med] SEND hand=2,2692504832 npc=0 blood=79.3 bleed=0.00 fl=100.0,93.4,100.0,93.6 bd=0.0,6.6,0.0,6.4 flags=0 nparts=7 pmin=84.7 smin=0.0 ls=0,0,0,0
[21:24:34.631] [JOIN] INFO: [fac] AFFECT-EV me='58701-rebirth.mod' whom='518-gamedata.base' event=1 mult=0.000 after=-100.00 skipped=13
[21:24:34.725] [JOIN] INFO: [med] SEND hand=1,1803832960 npc=0 blood=79.9 bleed=0.00 fl=100.0,100.0,93.5,100.0 bd=0.0,0.0,6.5,0.0 flags=0 nparts=7 pmin=82.3 smin=0.0 ls=0,0,0,0
[21:24:34.913] [JOIN] INFO: [census] sent n=11 radius=2000 mid=11
[21:24:35.032] [JOIN] INFO: [fac] AFFECT-EV me='518-gamedata.base' whom='58701-rebirth.mod' event=1 mult=0.025 after=-100.00 skipped=0
[21:24:35.432] [JOIN] INFO: [cam] center=-4715.6,708.4,-129358.7
[21:24:35.491] [JOIN] INFO: [cam] hints recv n=1 p1=-3860,-128562
[21:24:35.576] [JOIN] INFO: [fac] AFFECT-EV me='40544-rebirth.mod' whom='518-gamedata.base' event=3 mult=0.000 after=-100.00 skipped=2
[21:24:36.726] [JOIN] INFO: [ai] suspended=0 driven=0
[21:24:36.726] [JOIN] INFO: [trust] trusted=0 driven=0 grants=0 revokes=0
[21:24:38.463] [JOIN] INFO: [med] SEND hand=2,2692504832 npc=0 blood=79.3 bleed=0.00 fl=100.0,93.5,100.0,93.7 bd=0.0,6.5,0.0,6.3 flags=0 nparts=7 pmin=84.8 smin=0.0 ls=0,0,0,0
[21:24:38.863] [JOIN] INFO: [med] SEND hand=2,2692504832 npc=0 blood=79.3 bleed=0.00 fl=100.0,93.5,100.0,93.7 bd=0.0,6.5,0.0,6.3 flags=0 nparts=7 pmin=84.9 smin=0.0 ls=0,0,0,0
[21:24:39.727] [JOIN] INFO: [ai] suspended=0 driven=0
[21:24:39.727] [JOIN] INFO: [trust] trusted=0 driven=0 grants=0 revokes=0
[21:24:40.431] [JOIN] INFO: [cam] center=-4715.6,708.4,-129358.7
[21:24:40.537] [JOIN] INFO: [cam] hints recv n=1 p1=-3904,-128602
[21:24:41.718] [JOIN] INFO: [med] SEND hand=1,1803832960 npc=0 blood=79.9 bleed=0.00 fl=100.0,100.0,93.7,100.0 bd=0.0,0.0,6.3,0.0 flags=0 nparts=7 pmin=82.5 smin=0.0 ls=0,0,0,0
[21:24:41.773] [JOIN] INFO: [med] SEND hand=2,2692504832 npc=0 blood=79.3 bleed=0.00 fl=100.0,93.6,100.0,93.8 bd=0.0,6.4,0.0,6.2 flags=0 nparts=7 pmin=84.9 smin=0.0 ls=0,0,0,0
[21:24:42.731] [JOIN] INFO: [ai] suspended=0 driven=0
[21:24:42.731] [JOIN] INFO: [trust] trusted=0 driven=0 grants=0 revokes=0
[21:24:43.613] [JOIN] INFO: [med] SEND hand=1,1803832960 npc=0 blood=79.9 bleed=0.00 fl=100.0,100.0,93.8,100.0 bd=0.0,0.0,6.2,0.0 flags=0 nparts=7 pmin=82.6 smin=0.0 ls=0,0,0,0
[21:24:43.995] [JOIN] INFO: [med] SEND hand=2,2692504832 npc=0 blood=79.3 bleed=0.00 fl=100.0,93.7,100.0,93.8 bd=0.0,6.3,0.0,6.2 flags=0 nparts=7 pmin=85.0 smin=0.0 ls=0,0,0,0
[21:24:44.398] [JOIN] INFO: [med] SEND hand=2,2692504832 npc=0 blood=79.3 bleed=0.00 fl=100.0,93.7,100.0,93.9 bd=0.0,6.3,0.0,6.1 flags=0 nparts=7 pmin=85.0 smin=0.0 ls=0,0,0,0
[21:24:44.925] [JOIN] INFO: [census] sent n=11 radius=2000 mid=11
[21:24:45.126] [JOIN] INFO: [squad] EVT send old=1,1,2021484416,2,2692504832 new=1,34,22094726,1,50048828 exit=0
[21:24:45.132] [JOIN] INFO: [med] SEND hand=1,50048828 npc=0 blood=79.3 bleed=0.00 fl=100.0,93.7,100.0,93.9 bd=0.0,6.3,0.0,6.1 flags=0 nparts=7 pmin=85.0 smin=0.0 ls=0,0,0,0
[21:24:45.132] [JOIN] INFO: [stats] SEND hand=1,50048828 str=5.8 dex=37.2 tough=11.9 stealth=20.0 athl=7.9 xp=0 fap=0
[21:24:45.431] [JOIN] INFO: [cam] center=-4715.6,708.4,-129358.7
[21:24:45.484] [JOIN] INFO: [inv] SEND hand=1,34,22094726,1,50048828 kind=0 key=1,34,22094726,1,50048828 items=8 hash=1519498609
[21:24:45.734] [JOIN] INFO: [ai] suspended=0 driven=0
[21:24:45.734] [JOIN] INFO: [trust] trusted=0 driven=0 grants=0 revokes=0
[21:24:46.690] [JOIN] INFO: [cam] hints recv n=1 p1=-3904,-128602
[21:24:48.738] [JOIN] INFO: [ai] suspended=0 driven=0
[21:24:48.738] [JOIN] INFO: [trust] trusted=0 driven=0 grants=0 revokes=0
[21:24:48.882] [JOIN] INFO: [med] SEND hand=1,50048828 npc=0 blood=79.3 bleed=0.00 fl=100.0,93.7,100.0,93.9 bd=0.0,6.3,0.0,6.1 flags=0 nparts=7 pmin=85.1 smin=0.0 ls=0,0,0,0
[21:24:49.300] [JOIN] INFO: [stats] SEND hand=1,1803832960 str=6.5 dex=26.5 tough=10.9 stealth=1.0 athl=9.7 xp=0 fap=0
[21:24:50.431] [JOIN] INFO: [cam] center=-4712.2,708.2,-129359.2
[21:24:51.133] [JOIN] INFO: [med] SEND hand=1,50048828 npc=0 blood=79.3 bleed=0.00 fl=100.0,93.8,100.0,94.0 bd=0.0,6.2,0.0,6.0 flags=0 nparts=7 pmin=85.1 smin=0.0 ls=0,0,0,0
[21:24:51.738] [JOIN] INFO: [ai] suspended=0 driven=0
[21:24:51.738] [JOIN] INFO: [trust] trusted=0 driven=0 grants=0 revokes=0
[21:24:52.598] [JOIN] INFO: [cam] hints recv n=1 p1=-4735,-129355
[21:24:52.673] [JOIN] INFO: [med] SEND hand=1,50048828 npc=0 blood=79.3 bleed=0.00 fl=100.0,93.8,100.0,94.0 bd=0.0,6.2,0.0,6.0 flags=0 nparts=7 pmin=85.2 smin=0.0 ls=0,0,0,0
[21:24:53.071] [JOIN] INFO: [med] SEND hand=1,50048828 npc=0 blood=79.3 bleed=0.00 fl=100.0,93.8,100.0,94.0 bd=0.0,6.2,0.0,6.0 flags=0 nparts=7 pmin=85.2 smin=0.0 ls=0,0,0,0
[21:24:54.743] [JOIN] INFO: [ai] suspended=0 driven=0
[21:24:54.743] [JOIN] INFO: [trust] trusted=0 driven=0 grants=0 revokes=0
[21:24:54.897] [JOIN] INFO: [med] SEND hand=1,50048828 npc=0 blood=79.3 bleed=0.00 fl=100.0,93.8,100.0,94.0 bd=0.0,6.2,0.0,6.0 flags=0 nparts=7 pmin=85.2 smin=0.0 ls=0,0,0,0
[21:24:54.944] [JOIN] INFO: [census] sent n=11 radius=2000 mid=11
[21:24:55.430] [JOIN] INFO: [cam] center=-4712.2,708.2,-129359.2
[21:24:56.267] [JOIN] INFO: [med] SEND hand=1,1803832960 npc=0 blood=79.9 bleed=0.00 fl=100.0,100.0,94.0,100.0 bd=0.0,0.0,6.0,0.0 flags=0 nparts=7 pmin=82.8 smin=0.0 ls=0,0,0,0
[21:24:56.684] [JOIN] INFO: [med] SEND hand=1,50048828 npc=0 blood=79.3 bleed=0.00 fl=100.0,93.9,100.0,94.1 bd=0.0,6.1,0.0,5.9 flags=0 nparts=7 pmin=85.2 smin=0.0 ls=0,0,0,0
[21:24:57.088] [JOIN] INFO: [med] SEND hand=1,50048828 npc=0 blood=79.3 bleed=0.00 fl=100.0,93.9,100.0,94.1 bd=0.0,6.1,0.0,5.9 flags=0 nparts=7 pmin=85.2 smin=0.0 ls=0,0,0,0
[21:24:57.656] [JOIN] INFO: [med] SEND hand=1,1803832960 npc=0 blood=79.9 bleed=0.00 fl=100.0,100.0,94.0,100.0 bd=0.0,0.0,6.0,0.0 flags=0 nparts=7 pmin=82.8 smin=0.0 ls=0,0,0,0
[21:24:57.747] [JOIN] INFO: [ai] suspended=0 driven=0
[21:24:57.747] [JOIN] INFO: [trust] trusted=0 driven=0 grants=0 revokes=0
[21:24:58.631] [JOIN] INFO: [cam] hints recv n=1 p1=-4735,-129354
[21:25:00.429] [JOIN] INFO: [cam] center=-4632.1,715.5,-129342.3
[21:25:00.438] [JOIN] INFO: [stats] SEND hand=1,1803832960 str=6.5 dex=26.5 tough=10.9 stealth=1.0 athl=9.8 xp=0 fap=0
[21:25:00.751] [JOIN] INFO: [ai] suspended=0 driven=0
[21:25:00.751] [JOIN] INFO: [trust] trusted=0 driven=0 grants=0 revokes=0
[21:25:01.614] [JOIN] INFO: [speed] REQ RECV owner=1 mult=0.00 paused=1 combat=0
[21:25:01.614] [JOIN] INFO: [speed] SET mult=0.00 paused=1 combat=0 (my=1.00 p1=0.00)
[21:25:02.505] [JOIN] INFO: [speed] REQ RECV owner=1 mult=1.00 paused=0 combat=0
[21:25:02.505] [JOIN] INFO: [speed] SET mult=1.00 paused=0 combat=0 (my=1.00 p1=1.00)
[21:25:03.756] [JOIN] INFO: [ai] suspended=0 driven=0
[21:25:03.757] [JOIN] INFO: [trust] trusted=0 driven=0 grants=0 revokes=0
[21:25:04.533] [JOIN] INFO: [med] SEND hand=1,50048828 npc=0 blood=79.3 bleed=0.00 fl=100.0,94.0,100.0,94.2 bd=0.0,6.0,0.0,5.8 flags=0 nparts=7 pmin=85.3 smin=0.0 ls=0,0,0,0
[21:25:04.587] [JOIN] INFO: [cam] hints recv n=1 p1=-4734,-129355
[21:25:04.938] [JOIN] INFO: [med] SEND hand=1,50048828 npc=0 blood=79.3 bleed=0.00 fl=100.0,94.0,100.0,94.2 bd=0.0,6.0,0.0,5.8 flags=0 nparts=7 pmin=85.4 smin=0.0 ls=0,0,0,0
[21:25:04.959] [JOIN] INFO: [census] sent n=11 radius=2000 mid=11
[21:25:05.429] [JOIN] INFO: [cam] center=-4605.9,711.9,-129355.3
[21:25:06.758] [JOIN] INFO: [ai] suspended=0 driven=0
[21:25:06.758] [JOIN] INFO: [trust] trusted=0 driven=0 grants=0 revokes=0
[21:25:09.021] [JOIN] INFO: [stats] SEND hand=1,1803832960 str=6.5 dex=26.5 tough=10.9 stealth=1.0 athl=9.9 xp=0 fap=0
[21:25:09.604] [JOIN] INFO: [cam] hints recv n=1 p1=-4734,-129355
[21:25:09.764] [JOIN] INFO: [ai] suspended=0 driven=0
[21:25:09.764] [JOIN] INFO: [trust] trusted=0 driven=0 grants=0 revokes=0
[21:25:09.839] [JOIN] INFO: [med] SEND hand=1,50048828 npc=0 blood=79.3 bleed=0.00 fl=100.0,94.1,100.0,94.3 bd=0.0,5.9,0.0,5.7 flags=0 nparts=7 pmin=85.4 smin=0.0 ls=0,0,0,0
[21:25:10.005] [JOIN] INFO: [stats] SEND hand=1,50048828 str=5.8 dex=37.2 tough=11.9 stealth=20.0 athl=7.9 xp=0 fap=0
[21:25:10.075] [JOIN] INFO: [med] SEND hand=1,1803832960 npc=0 blood=79.9 bleed=0.00 fl=100.0,100.0,94.2,100.0 bd=0.0,0.0,5.8,0.0 flags=0 nparts=7 pmin=83.0 smin=0.0 ls=0,0,0,0
[21:25:10.362] [JOIN] INFO: [speed] REQ RECV owner=1 mult=0.00 paused=1 combat=0
[21:25:10.362] [JOIN] INFO: [speed] SET mult=0.00 paused=1 combat=0 (my=1.00 p1=0.00)
[21:25:10.432] [JOIN] INFO: [cam] center=-4539.5,717.8,-129214.7
[21:25:10.778] [JOIN] INFO: [speed] REQ RECV owner=1 mult=1.00 paused=0 combat=0
[21:25:10.778] [JOIN] INFO: [speed] SET mult=1.00 paused=0 combat=0 (my=1.00 p1=1.00)
[21:25:11.422] [JOIN] INFO: [stats] SEND hand=1,1803832960 str=6.5 dex=26.5 tough=10.9 stealth=1.0 athl=10.0 xp=0 fap=0
[21:25:12.177] [JOIN] INFO: [stats] SEND hand=1,50048828 str=5.8 dex=37.2 tough=11.9 stealth=20.0 athl=8.0 xp=0 fap=0
[21:25:12.610] [JOIN] INFO: [fac] AFFECT-EV me='518-gamedata.base' whom='58701-rebirth.mod' event=1 mult=0.025 after=-100.00 skipped=1
[21:25:12.619] [JOIN] INFO: [fac] AFFECT-EV me='58701-rebirth.mod' whom='518-gamedata.base' event=0 mult=0.000 after=-100.00 skipped=15
[21:25:12.767] [JOIN] INFO: [ai] suspended=0 driven=0
[21:25:12.767] [JOIN] INFO: [trust] trusted=0 driven=0 grants=0 revokes=0
[21:25:13.484] [JOIN] INFO: [med] SEND hand=1,1803832960 npc=0 blood=79.9 bleed=0.00 fl=100.0,100.0,94.3,100.0 bd=0.0,0.0,5.7,0.0 flags=0 nparts=7 pmin=83.1 smin=0.0 ls=0,0,0,0
[21:25:13.803] [JOIN] INFO: [med] SEND hand=1,50048828 npc=0 blood=79.3 bleed=0.00 fl=100.0,94.2,100.0,94.3 bd=0.0,5.8,0.0,5.7 flags=0 nparts=7 pmin=85.5 smin=0.0 ls=0,0,0,0
[21:25:14.119] [JOIN] INFO: [stats] SEND hand=1,50048828 str=5.8 dex=37.2 tough=11.9 stealth=20.0 athl=8.1 xp=0 fap=0
[21:25:14.243] [JOIN] INFO: [speed] REQ RECV owner=1 mult=0.00 paused=1 combat=0
[21:25:14.243] [JOIN] INFO: [speed] SET mult=0.00 paused=1 combat=0 (my=1.00 p1=0.00)
[21:25:14.633] [JOIN] INFO: [cam] hints recv n=1 p1=-4562,-129187
[21:25:14.979] [JOIN] INFO: [census] sent n=11 radius=2000 mid=11
[21:25:15.433] [JOIN] INFO: [cam] center=-4444.7,721.1,-129057.1
[21:25:15.770] [JOIN] INFO: [ai] suspended=0 driven=0
[21:25:15.770] [JOIN] INFO: [trust] trusted=0 driven=0 grants=0 revokes=0
[21:25:18.774] [JOIN] INFO: [ai] suspended=0 driven=0
[21:25:18.774] [JOIN] INFO: [trust] trusted=0 driven=0 grants=0 revokes=0
[21:25:20.430] [JOIN] INFO: [cam] center=-4444.7,721.1,-129057.1
[21:25:21.776] [JOIN] INFO: [ai] suspended=0 driven=0
[21:25:21.776] [JOIN] INFO: [trust] trusted=0 driven=0 grants=0 revokes=0
[21:25:24.777] [JOIN] INFO: [ai] suspended=0 driven=0
[21:25:24.777] [JOIN] INFO: [trust] trusted=0 driven=0 grants=0 revokes=0
[21:25:25.008] [JOIN] INFO: [census] sent n=11 radius=2000 mid=11
[21:25:25.430] [JOIN] INFO: [cam] center=-4444.7,721.1,-129057.1
[21:25:25.820] [JOIN] INFO: [net] peer disconnected id=1 [1/3 players]
[21:25:25.824] [JOIN] INFO: handshake: peer left id=1
[21:25:25.825] [JOIN] INFO: [leave] cleared proxies=0
[21:25:25.825] [JOIN] INFO: [leave] cleared worldProxies=0 (cleanup=0)
[21:25:25.825] [JOIN] INFO: [load] session reset: pointer caches, session maps, change gates cleared
[21:25:25.825] [JOIN] INFO: [wi] BASELINE seeded=0 (save-native, never-stream)
[21:25:25.825] [JOIN] INFO: [med] SEND hand=1,1803832960 npc=0 blood=79.9 bleed=0.00 fl=100.0,100.0,94.3,100.0 bd=0.0,0.0,5.7,0.0 flags=0 nparts=7 pmin=83.1 smin=0.0 ls=0,0,0,0
[21:25:25.825] [JOIN] INFO: [stats] SEND hand=1,1803832960 str=6.5 dex=26.5 tough=10.9 stealth=1.0 athl=10.0 xp=0 fap=0
[21:25:25.825] [JOIN] INFO: [research] SEND sid='5359-gamedata.base' seq=22
[21:25:25.825] [JOIN] INFO: [speed] REQ mult=0.00 paused=1 combat=0
[21:25:25.825] [JOIN] INFO: [speed] SET mult=0.00 paused=1 combat=0 (my=0.00)
[21:25:26.178] [JOIN] INFO: [inv] SEND hand=1,1,2021484416,1,1803832960 kind=0 key=1,1,2021484416,1,1803832960 items=7 hash=3933050452
[21:25:27.782] [JOIN] INFO: [ai] suspended=0 driven=0
[21:25:27.783] [JOIN] INFO: [trust] trusted=0 driven=0 grants=0 revokes=0
[21:25:28.106] [JOIN] INFO: [net] peer connecting (awaiting HELLO)
[21:25:28.106] [JOIN] INFO: [net] peer connected id=1 (proto v46) [2/3 players]
[21:25:28.106] [JOIN] INFO: handshake: peer present id=1 (local id=0)
[21:25:28.106] [JOIN] INFO: [latejoin] RESYNC place=0 remove=0 fac=0 door=0 bdoor=0 med=1 stats=1 money=0 inv=1 world=0 prod=0
[21:25:28.106] [JOIN] INFO: [boot] baking save 'duo EV' to push to join on connect
[21:25:28.106] [JOIN] INFO: [save] LOCAL-SAVE name='duo EV' autosave=0 suppressed=0
[21:25:28.106] [JOIN] INFO: [save] WATCH armed folder='C:\Users\Zach Pieper\AppData\Local\kenshi\save\duo EV' baseFiles=36 baseBytes=4957939
[21:25:28.327] [JOIN] INFO: [speed] REQ mult=1.00 paused=0 combat=0
[21:25:28.327] [JOIN] INFO: [speed] SET mult=1.00 paused=0 combat=0 (my=1.00)
[21:25:29.463] [JOIN] INFO: [fac] AFFECT-EV me='58701-rebirth.mod' whom='518-gamedata.base' event=0 mult=0.000 after=-100.00 skipped=0
[21:25:29.856] [JOIN] INFO: [save] QUIESCED kind=settled name='duo EV' files=37 bytes=4992656 waitMs=1750
[21:25:29.997] [JOIN] INFO: [boot] GO->join id=2 name='duo EV' fp=79f006ab (push on connect)
[21:25:30.150] [JOIN] INFO: [load] NACK id=2 name='duo EV' joinFp=dede454d -> transfer after reload
[21:25:30.150] [JOIN] INFO: [load] starting fallback transfer name='duo EV'
[21:25:30.150] [JOIN] INFO: [save] XFER-BEGIN id=2 name='duo EV' files=37 bytes=4992656
[21:25:30.328] [JOIN] INFO: [fac] AFFECT-EV me='518-gamedata.base' whom='58701-rebirth.mod' event=1 mult=0.025 after=-100.00 skipped=0
[21:25:30.431] [JOIN] INFO: [cam] center=-4452.6,733.3,-128961.1
[21:25:30.785] [JOIN] INFO: [ai] suspended=0 driven=0
[21:25:30.785] [JOIN] INFO: [trust] trusted=0 driven=0 grants=0 revokes=0
[21:25:31.998] [JOIN] INFO: [stats] SEND hand=1,1803832960 str=6.5 dex=26.5 tough=10.9 stealth=1.0 athl=10.1 xp=0 fap=0
[21:25:32.527] [JOIN] INFO: [save] XFER-SENT id=2 files=37 bytes=4992656 ms=2375
[21:25:33.789] [JOIN] INFO: [ai] suspended=0 driven=0
[21:25:33.789] [JOIN] INFO: [trust] trusted=0 driven=0 grants=0 revokes=0
[21:25:33.964] [JOIN] INFO: [stats] SEND hand=1,1803832960 str=6.5 dex=26.5 tough=10.9 stealth=1.0 athl=10.2 xp=0 fap=0
[21:25:35.416] [JOIN] INFO: [save] XFER-ACK owner=1 id=2 ok=1 files=37 bytes=4992656 (1/1 joins)
[21:25:35.416] [JOIN] INFO: [save] all joins hold this save - world is shared
[21:25:35.431] [JOIN] INFO: [cam] center=-4494.8,716.4,-128862.7
[21:25:35.856] [JOIN] INFO: [census] sent n=11 radius=2000 mid=11
[21:25:36.152] [JOIN] INFO: [med] SEND hand=1,1803832960 npc=0 blood=79.9 bleed=0.00 fl=100.0,100.0,94.5,100.0 bd=0.0,0.0,5.5,0.0 flags=0 nparts=7 pmin=83.3 smin=0.0 ls=0,0,0,0
[21:25:36.529] [JOIN] INFO: [stats] SEND hand=1,1803832960 str=6.5 dex=26.5 tough=10.9 stealth=1.0 athl=10.3 xp=0 fap=0
[21:25:36.552] [JOIN] INFO: [med] SEND hand=1,1803832960 npc=0 blood=79.9 bleed=0.00 fl=100.0,100.0,94.5,100.0 bd=0.0,0.0,5.5,0.0 flags=0 nparts=7 pmin=83.3 smin=0.0 ls=0,0,0,0
[21:25:36.794] [JOIN] INFO: [ai] suspended=0 driven=0
[21:25:36.794] [JOIN] INFO: [trust] trusted=0 driven=0 grants=0 revokes=0
[21:25:37.022] [JOIN] INFO: [med] SEND hand=1,1803832960 npc=0 blood=79.9 bleed=0.00 fl=100.0,100.0,94.5,100.0 bd=0.0,0.0,5.5,0.0 flags=0 nparts=7 pmin=83.3 smin=0.0 ls=0,0,0,0
[21:25:39.798] [JOIN] INFO: [ai] suspended=0 driven=0
[21:25:39.798] [JOIN] INFO: [trust] trusted=0 driven=0 grants=0 revokes=0
[21:25:40.429] [JOIN] INFO: [cam] center=-4460.6,713.2,-129042.9
[21:25:40.494] [JOIN] INFO: [stats] RECV hand=1,50048828 ok=1 str=5.8 dex=37.2 tough=11.9 stealth=20.0 athl=8.1 xp=0
[21:25:40.494] [JOIN] INFO: [speed] REQ RECV owner=1 mult=1.00 paused=0 combat=0
[21:25:40.495] [JOIN] INFO: [life] hand=1,34,22094726,1,50048828 from=UNKNOWN to=HI reason=drive
[21:25:40.495] [JOIN] INFO: [snap] squad hand=1,50048828 name='Evan' gap=107.5 gate=8.0 srcVel=0.0 cSpeed=66.6 mult=1.00 slew=1.00 dest=0 skipped=0
[21:25:40.495] [JOIN] INFO: [interp] lerp=0 extrap=0 clamp=0 seg=0 single=1 snapSq=1 snapNpc=0 reissueSq=0 reissueNpc=0 restFlip=0 delay=50 jit=0.0 starve=0 snapMid=0 restFlipMid=0
[21:25:40.495] [JOIN] INFO: [wd] PICKUP-APPLY id=1 sid='2154-gamedata.base' owner=1,34,22094726,1,50048828 ref=0/0 moved=0 trackedLeft=0
[21:25:40.495] [JOIN] INFO: [wd] PICKUP-APPLY id=2 sid='2164-gamedata.base' owner=1,34,22094726,1,50048828 ref=0/0 moved=0 trackedLeft=0
[21:25:40.495] [JOIN] INFO: [wd] PICKUP-APPLY id=3 sid='2212-gamedata.base' owner=1,34,22094726,1,50048828 ref=0/0 moved=0 trackedLeft=0
[21:25:40.495] [JOIN] INFO: [wd] PICKUP-APPLY id=4 sid='550-gamedata.base' owner=1,34,22094726,1,50048828 ref=0/0 moved=0 trackedLeft=0
[21:25:40.496] [JOIN] INFO: [wd] PICKUP-APPLY id=5 sid='556-gamedata.base' owner=1,34,22094726,1,50048828 ref=0/0 moved=0 trackedLeft=0
[21:25:40.496] [JOIN] INFO: [wd] PICKUP-APPLY id=6 sid='903-gamedata.base' owner=1,34,22094726,1,50048828 ref=0/0 moved=0 trackedLeft=0
[21:25:40.496] [JOIN] INFO: [cam] hints recv n=1 p1=-4445,-129057
[21:25:40.604] [JOIN] INFO: [inv] APPLY hand=1,34,22094726,1,50048828 items=8
[21:25:41.251] [JOIN] INFO: [stats] RECV hand=1,50048828 ok=1 str=5.8 dex=37.2 tough=11.9 stealth=20.0 athl=8.2 xp=0
[21:25:42.800] [JOIN] INFO: [ai] suspended=1 driven=1
[21:25:42.800] [JOIN] INFO: [trust] trusted=0 driven=1 grants=0 revokes=0
[21:25:43.850] [JOIN] INFO: [stats] RECV hand=1,50048828 ok=1 str=5.8 dex=37.2 tough=11.9 stealth=20.0 athl=8.3 xp=0
[21:25:44.017] [JOIN] INFO: [med] SEND hand=1,1803832960 npc=0 blood=79.9 bleed=0.00 fl=100.0,100.0,94.7,100.0 bd=0.0,0.0,5.3,0.0 flags=0 nparts=7 pmin=83.5 smin=0.0 ls=0,0,0,0
[21:25:44.419] [JOIN] INFO: [med] SEND hand=1,1803832960 npc=0 blood=79.9 bleed=0.00 fl=100.0,100.0,94.7,100.0 bd=0.0,0.0,5.3,0.0 flags=0 nparts=7 pmin=83.5 smin=0.0 ls=0,0,0,0
[21:25:44.508] [JOIN] INFO: [stats] SEND hand=1,1803832960 str=6.5 dex=26.5 tough=10.9 stealth=1.0 athl=10.4 xp=0 fap=0
[21:25:45.433] [JOIN] INFO: [cam] center=-4451.4,711.6,-129038.6
[21:25:45.499] [JOIN] INFO: [interp] lerp=1013 extrap=14 clamp=0 seg=0 single=24 snapSq=1 snapNpc=0 reissueSq=27 reissueNpc=0 restFlip=0 delay=129 jit=10.6 starve=0 snapMid=0 restFlipMid=0
[21:25:45.499] [JOIN] INFO: [interp] worstZero hand=1,50048828 zero=29 active=495 seg=82
[21:25:45.729] [JOIN] INFO: [inv] APPLY hand=1,34,22094726,1,50048828 items=8
[21:25:45.801] [JOIN] INFO: [ai] suspended=1 driven=1
[21:25:45.801] [JOIN] INFO: [trust] trusted=0 driven=1 grants=0 revokes=0
[21:25:45.872] [JOIN] INFO: [census] sent n=11 radius=2000 mid=11
[21:25:45.908] [JOIN] INFO: [med] SEND hand=1,1803832960 npc=0 blood=79.9 bleed=0.00 fl=100.0,100.0,94.8,100.0 bd=0.0,0.0,5.2,0.0 flags=0 nparts=7 pmin=83.6 smin=0.0 ls=0,0,0,0
[21:25:46.305] [JOIN] INFO: [cam] hints recv n=1 p1=-4340,-128960
[21:25:46.351] [JOIN] INFO: [stats] SEND hand=1,1803832960 str=6.5 dex=26.5 tough=10.9 stealth=1.0 athl=10.5 xp=0 fap=0
[21:25:48.311] [JOIN] INFO: [stats] SEND hand=1,1803832960 str=6.5 dex=26.5 tough=10.9 stealth=1.0 athl=10.6 xp=0 fap=0
[21:25:48.803] [JOIN] INFO: [ai] suspended=1 driven=1
[21:25:48.803] [JOIN] INFO: [trust] trusted=0 driven=1 grants=0 revokes=0
[21:25:48.867] [JOIN] INFO: [stats] RECV hand=1,50048828 ok=1 str=5.8 dex=37.2 tough=11.9 stealth=20.0 athl=8.3 xp=0
[21:25:49.092] [JOIN] INFO: [fac] AFFECT-EV me='40544-rebirth.mod' whom='518-gamedata.base' event=1 mult=0.000 after=-100.00 skipped=0
[21:25:50.125] [JOIN] INFO: [stats] SEND hand=1,1803832960 str=6.5 dex=26.5 tough=10.9 stealth=1.0 athl=10.7 xp=0 fap=0
[21:25:50.433] [JOIN] INFO: [cam] center=-4345.7,693.6,-129287.5
[21:25:50.503] [JOIN] INFO: [interp] lerp=2047 extrap=71 clamp=0 seg=0 single=24 snapSq=1 snapNpc=0 reissueSq=27 reissueNpc=0 restFlip=0 delay=142 jit=21.7 starve=0 snapMid=0 restFlipMid=0
[21:25:50.503] [JOIN] INFO: [interp] worstZero hand=1,50048828 zero=29 active=495 seg=94
[21:25:50.649] [JOIN] INFO: [inv] APPLY hand=1,34,22094726,1,50048828 items=8
[21:25:51.337] [JOIN] INFO: [cam] hints recv n=1 p1=-4340,-128960
[21:25:51.805] [JOIN] INFO: [ai] suspended=1 driven=1
[21:25:51.805] [JOIN] INFO: [trust] trusted=0 driven=1 grants=0 revokes=0
[21:25:53.871] [JOIN] INFO: [stats] RECV hand=1,50048828 ok=1 str=5.8 dex=37.2 tough=11.9 stealth=20.0 athl=8.3 xp=0
[21:25:54.334] [JOIN] INFO: [med] SEND hand=1,1803832960 npc=0 blood=79.9 bleed=0.00 fl=100.0,100.0,95.0,100.0 bd=0.0,0.0,5.0,0.0 flags=0 nparts=7 pmin=83.8 smin=0.0 ls=0,0,0,0
[21:25:54.736] [JOIN] INFO: [med] SEND hand=1,1803832960 npc=0 blood=79.9 bleed=0.00 fl=100.0,100.0,95.0,100.0 bd=0.0,0.0,5.0,0.0 flags=0 nparts=7 pmin=83.8 smin=0.0 ls=0,0,0,0
[21:25:54.806] [JOIN] INFO: [ai] suspended=1 driven=1
[21:25:54.806] [JOIN] INFO: [trust] trusted=0 driven=1 grants=0 revokes=0
[21:25:55.206] [JOIN] INFO: [med] SEND hand=1,1803832960 npc=0 blood=79.9 bleed=0.00 fl=100.0,100.0,95.0,100.0 bd=0.0,0.0,5.0,0.0 flags=0 nparts=7 pmin=83.8 smin=0.0 ls=0,0,0,0
[21:25:55.434] [JOIN] INFO: [cam] center=-4345.7,693.6,-129287.5
[21:25:55.504] [JOIN] INFO: [interp] lerp=3172 extrap=84 clamp=0 seg=0 single=24 snapSq=1 snapNpc=0 reissueSq=27 reissueNpc=0 restFlip=0 delay=131 jit=16.6 starve=0 snapMid=0 restFlipMid=0
[21:25:55.504] [JOIN] INFO: [interp] worstZero hand=1,50048828 zero=29 active=495 seg=69
[21:25:55.628] [JOIN] INFO: [inv] APPLY hand=1,34,22094726,1,50048828 items=8
[21:25:55.885] [JOIN] INFO: [census] sent n=11 radius=2000 mid=11
[21:25:56.420] [JOIN] INFO: [cam] hints recv n=1 p1=-4340,-128960
[21:25:57.809] [JOIN] INFO: [ai] suspended=1 driven=1
[21:25:57.809] [JOIN] INFO: [trust] trusted=0 driven=1 grants=0 revokes=0
[21:25:58.813] [JOIN] INFO: [stats] RECV hand=1,50048828 ok=1 str=5.8 dex=37.2 tough=11.9 stealth=20.0 athl=8.3 xp=0
[21:26:00.432] [JOIN] INFO: [cam] center=-4160.2,647.3,-129236.1
[21:26:00.506] [JOIN] INFO: [interp] lerp=4103 extrap=140 clamp=0 seg=0 single=24 snapSq=1 snapNpc=0 reissueSq=27 reissueNpc=0 restFlip=0 delay=175 jit=33.0 starve=0 snapMid=0 restFlipMid=0
[21:26:00.506] [JOIN] INFO: [interp] worstZero hand=1,50048828 zero=29 active=495 seg=89
[21:26:00.813] [JOIN] INFO: [ai] suspended=1 driven=1
[21:26:00.813] [JOIN] INFO: [trust] trusted=0 driven=1 grants=0 revokes=0
[21:26:00.825] [JOIN] INFO: [inv] APPLY hand=1,34,22094726,1,50048828 items=8
[21:26:02.370] [JOIN] INFO: [cam] hints recv n=1 p1=-4340,-128960
[21:26:03.407] [JOIN] INFO: [med] SEND hand=1,1803832960 npc=0 blood=79.9 bleed=0.00 fl=100.0,100.0,95.2,100.0 bd=0.0,0.0,4.8,0.0 flags=0 nparts=7 pmin=84.0 smin=0.0 ls=0,0,0,0
[21:26:03.445] [JOIN] INFO: [fac] AFFECT-EV me='518-gamedata.base' whom='40544-rebirth.mod' event=1 mult=0.025 after=-100.00 skipped=2
[21:26:03.449] [JOIN] INFO: [fac] AFFECT-EV me='40544-rebirth.mod' whom='518-gamedata.base' event=0 mult=0.000 after=-100.00 skipped=17
[21:26:03.807] [JOIN] INFO: [med] SEND hand=1,1803832960 npc=0 blood=79.9 bleed=0.00 fl=100.0,100.0,95.2,100.0 bd=0.0,0.0,4.8,0.0 flags=0 nparts=7 pmin=84.0 smin=0.0 ls=0,0,0,0
[21:26:03.817] [JOIN] INFO: [ai] suspended=1 driven=1
[21:26:03.817] [JOIN] INFO: [trust] trusted=0 driven=1 grants=0 revokes=0
[21:26:03.900] [JOIN] INFO: [stats] RECV hand=1,50048828 ok=1 str=5.8 dex=37.2 tough=11.9 stealth=20.0 athl=8.3 xp=0
[21:26:05.298] [JOIN] INFO: [med] SEND hand=1,1803832960 npc=0 blood=79.9 bleed=0.00 fl=100.0,100.0,95.3,100.0 bd=0.0,0.0,4.7,0.0 flags=0 nparts=7 pmin=84.1 smin=0.0 ls=0,0,0,0
[21:26:05.402] [JOIN] INFO: [fac] AFFECT-EV me='58701-rebirth.mod' whom='518-gamedata.base' event=0 mult=0.000 after=-100.00 skipped=12
[21:26:05.430] [JOIN] INFO: [cam] center=-4160.2,647.3,-129236.1
[21:26:05.508] [JOIN] INFO: [interp] lerp=5034 extrap=165 clamp=0 seg=0 single=24 snapSq=1 snapNpc=0 reissueSq=27 reissueNpc=0 restFlip=0 delay=134 jit=19.2 starve=0 snapMid=0 restFlipMid=0
[21:26:05.508] [JOIN] INFO: [interp] worstZero hand=1,50048828 zero=29 active=495 seg=115
[21:26:05.634] [JOIN] INFO: [inv] APPLY hand=1,34,22094726,1,50048828 items=8
[21:26:05.897] [JOIN] INFO: [census] sent n=11 radius=2000 mid=11
[21:26:06.822] [JOIN] INFO: [ai] suspended=1 driven=1
[21:26:06.822] [JOIN] INFO: [trust] trusted=0 driven=1 grants=0 revokes=0
[21:26:07.420] [JOIN] INFO: [cam] hints recv n=1 p1=-4339,-128993
[21:26:08.167] [JOIN] INFO: [stats] RECV hand=1,50048828 ok=1 str=5.8 dex=37.2 tough=11.9 stealth=20.0 athl=8.4 xp=0
[21:26:08.746] [JOIN] INFO: [fac] AFFECT-EV me='518-gamedata.base' whom='58701-rebirth.mod' event=1 mult=0.025 after=-100.00 skipped=0
[21:26:08.820] [JOIN] INFO: [fac] AFFECT-EV me='40544-rebirth.mod' whom='518-gamedata.base' event=1 mult=0.000 after=-100.00 skipped=13
[21:26:09.827] [JOIN] INFO: [ai] suspended=1 driven=1
[21:26:09.827] [JOIN] INFO: [trust] trusted=0 driven=1 grants=0 revokes=0
[21:26:09.997] [JOIN] INFO: [stats] RECV hand=1,50048828 ok=1 str=5.8 dex=37.2 tough=11.9 stealth=20.0 athl=8.5 xp=0
[21:26:10.429] [JOIN] INFO: [cam] center=-4240.7,661.1,-129501.0
[21:26:10.512] [JOIN] INFO: [interp] lerp=5941 extrap=247 clamp=0 seg=0 single=24 snapSq=1 snapNpc=0 reissueSq=70 reissueNpc=0 restFlip=0 delay=143 jit=29.1 starve=0 snapMid=0 restFlipMid=0
[21:26:10.512] [JOIN] INFO: [interp] worstZero hand=1,50048828 zero=33 active=1235 seg=60
[21:26:10.665] [JOIN] INFO: [inv] APPLY hand=1,34,22094726,1,50048828 items=8
[21:26:10.736] [JOIN] INFO: [fac] AFFECT-EV me='518-gamedata.base' whom='40544-rebirth.mod' event=1 mult=0.025 after=-100.00 skipped=4
[21:26:11.337] [JOIN] INFO: [stats] SEND hand=1,1803832960 str=6.5 dex=26.5 tough=10.9 stealth=1.0 athl=10.8 xp=0 fap=0
[21:26:11.616] [JOIN] INFO: [stats] RECV hand=1,50048828 ok=1 str=5.8 dex=37.2 tough=11.9 stealth=20.0 athl=8.6 xp=0
[21:26:12.827] [JOIN] INFO: [ai] suspended=1 driven=1
[21:26:12.827] [JOIN] INFO: [trust] trusted=0 driven=1 grants=0 revokes=0
[21:26:13.124] [JOIN] INFO: [stats] SEND hand=1,1803832960 str=6.5 dex=26.5 tough=10.9 stealth=1.0 athl=10.9 xp=0 fap=0
[21:26:13.353] [JOIN] INFO: [stats] RECV hand=1,50048828 ok=1 str=5.8 dex=37.2 tough=11.9 stealth=20.0 athl=8.7 xp=0
[21:26:13.445] [JOIN] INFO: [cam] hints recv n=1 p1=-4304,-129432
[21:26:13.618] [JOIN] INFO: [fac] AFFECT-EV me='58701-rebirth.mod' whom='518-gamedata.base' event=1 mult=0.000 after=-100.00 skipped=17
[21:26:14.046] [JOIN] INFO: [fac] AFFECT-EV me='40544-rebirth.mod' whom='518-gamedata.base' event=1 mult=0.000 after=-100.00 skipped=42
[21:26:14.180] [JOIN] INFO: [speed] REQ RECV owner=1 mult=2.00 paused=0 combat=0
[21:26:14.341] [JOIN] INFO: [fac] AFFECT-EV me='518-gamedata.base' whom='58701-rebirth.mod' event=1 mult=0.025 after=-100.00 skipped=0
[21:26:14.390] [JOIN] INFO: [speed] REQ mult=1.00 paused=0 combat=0
[21:26:14.496] [JOIN] INFO: [speed] REQ mult=1.00 paused=0 combat=0
[21:26:14.704] [JOIN] INFO: [med] SEND hand=1,1803832960 npc=0 blood=79.9 bleed=0.00 fl=100.0,100.0,95.5,100.0 bd=0.0,0.0,4.5,0.0 flags=0 nparts=7 pmin=84.3 smin=0.0 ls=0,0,0,0
[21:26:15.114] [JOIN] INFO: [stats] SEND hand=1,1803832960 str=6.5 dex=26.5 tough=10.9 stealth=1.0 athl=11.0 xp=0 fap=0
[21:26:15.196] [JOIN] INFO: [stats] RECV hand=1,50048828 ok=1 str=5.8 dex=37.2 tough=11.9 stealth=20.0 athl=8.8 xp=0
[21:26:15.431] [JOIN] INFO: [cam] center=-4864.5,630.2,-131390.8
[21:26:15.513] [JOIN] INFO: [interp] lerp=6897 extrap=305 clamp=0 seg=0 single=24 snapSq=1 snapNpc=0 reissueSq=123 reissueNpc=0 restFlip=0 delay=149 jit=21.7 starve=0 snapMid=0 restFlipMid=0
[21:26:15.513] [JOIN] INFO: [interp] worstZero hand=1,50048828 zero=33 active=2249 seg=79
[21:26:15.638] [JOIN] INFO: [inv] APPLY hand=1,34,22094726,1,50048828 items=8
[21:26:15.781] [JOIN] INFO: [med] SEND hand=1,1803832960 npc=0 blood=79.9 bleed=0.00 fl=100.0,100.0,95.5,100.0 bd=0.0,0.0,4.5,0.0 flags=0 nparts=7 pmin=84.3 smin=0.0 ls=0,0,0,0
[21:26:15.831] [JOIN] INFO: [ai] suspended=1 driven=1
[21:26:15.831] [JOIN] INFO: [trust] trusted=0 driven=1 grants=0 revokes=0
[21:26:15.913] [JOIN] INFO: [census] sent n=0 radius=2000 mid=0
[21:26:16.346] [JOIN] INFO: [fac] AFFECT-EV me='518-gamedata.base' whom='40544-rebirth.mod' event=0 mult=0.025 after=-100.00 skipped=11
[21:26:16.838] [JOIN] INFO: [stats] SEND hand=1,1803832960 str=6.5 dex=26.5 tough=10.9 stealth=1.0 athl=11.1 xp=0 fap=0
[21:26:17.021] [JOIN] INFO: [stats] RECV hand=1,50048828 ok=1 str=5.8 dex=37.2 tough=11.9 stealth=20.0 athl=8.9 xp=0
[21:26:18.479] [JOIN] INFO: [cam] hints recv n=1 p1=-4347,-129797
[21:26:18.695] [JOIN] INFO: [stats] SEND hand=1,1803832960 str=6.5 dex=26.5 tough=10.9 stealth=1.0 athl=11.2 xp=0 fap=0
[21:26:18.731] [JOIN] INFO: [stats] RECV hand=1,50048828 ok=1 str=5.8 dex=37.2 tough=11.9 stealth=20.0 athl=9.0 xp=0
[21:26:18.832] [JOIN] INFO: [ai] suspended=1 driven=1
[21:26:18.832] [JOIN] INFO: [trust] trusted=0 driven=1 grants=0 revokes=0
[21:26:20.133] [JOIN] INFO: [spawn] INFO send hand=1,39,2886352640,1,1714843776 found=1 dead=0 age=1.00 sid='4007-gamedata.base' fac='42097-rebirth.mod'
[21:26:20.133] [JOIN] INFO: [spawn] INFO send hand=1,39,2886352640,2,3957519616 found=1 dead=0 age=0.82 sid='3993-gamedata.base' fac='42097-rebirth.mod'
[21:26:20.133] [JOIN] INFO: [spawn] INFO send hand=1,39,2886352640,3,2468261632 found=1 dead=0 age=0.84 sid='3993-gamedata.base' fac='42097-rebirth.mod'
[21:26:20.133] [JOIN] INFO: [spawn] INFO send hand=1,39,2886352640,4,2784179712 found=1 dead=0 age=0.69 sid='3993-gamedata.base' fac='42097-rebirth.mod'
[21:26:20.133] [JOIN] INFO: [spawn] INFO send hand=1,39,2886352640,5,3010864384 found=1 dead=0 age=0.86 sid='3993-gamedata.base' fac='42097-rebirth.mod'
[21:26:20.133] [JOIN] INFO: [spawn] INFO send hand=1,39,2886352640,6,3469360384 found=1 dead=0 age=0.67 sid='3993-gamedata.base' fac='42097-rebirth.mod'
[21:26:20.133] [JOIN] INFO: [spawn] INFO send hand=1,39,2886352640,7,3067382784 found=1 dead=0 age=0.71 sid='3993-gamedata.base' fac='42097-rebirth.mod'
[21:26:20.133] [JOIN] INFO: [spawn] INFO send hand=1,39,2886352640,8,556152320 found=1 dead=0 age=0.68 sid='3993-gamedata.base' fac='42097-rebirth.mod'
[21:26:20.133] [JOIN] INFO: [spawn] INFO send hand=1,39,2886352640,9,1058837888 found=1 dead=0 age=0.91 sid='3993-gamedata.base' fac='42097-rebirth.mod'
[21:26:20.133] [JOIN] INFO: [spawn] INFO send hand=1,41,2061767552,1,3922363392 found=1 dead=0 age=1.00 sid='50517-rebirth.mod' fac='518-gamedata.base'
[21:26:20.133] [JOIN] INFO: [spawn] INFO send hand=1,41,2061767552,2,2260986368 found=1 dead=0 age=1.00 sid='50517-rebirth.mod' fac='518-gamedata.base'
[21:26:20.133] [JOIN] INFO: [spawn] INFO send hand=1,41,2061767552,3,70678712 found=1 dead=0 age=1.00 sid='50517-rebirth.mod' fac='518-gamedata.base'
[21:26:20.133] [JOIN] INFO: [spawn] INFO send hand=1,41,2061767552,4,1063720704 found=1 dead=0 age=1.00 sid='50517-rebirth.mod' fac='518-gamedata.base'
[21:26:20.133] [JOIN] INFO: [spawn] INFO send hand=1,41,2061767552,5,477294912 found=1 dead=0 age=1.00 sid='50517-rebirth.mod' fac='518-gamedata.base'
[21:26:20.133] [JOIN] INFO: [spawn] INFO send hand=1,41,2061767552,6,1978515584 found=1 dead=0 age=1.00 sid='50517-rebirth.mod' fac='518-gamedata.base'
[21:26:20.133] [JOIN] INFO: [spawn] INFO send hand=1,41,2061767552,7,1873168896 found=1 dead=0 age=1.00 sid='50517-rebirth.mod' fac='518-gamedata.base'
[21:26:20.133] [JOIN] INFO: [spawn] INFO send hand=1,41,2061767552,8,3068603392 found=1 dead=0 age=1.00 sid='50517-rebirth.mod' fac='518-gamedata.base'
[21:26:20.133] [JOIN] INFO: [spawn] INFO send hand=1,41,2061767552,9,1002807616 found=1 dead=0 age=1.00 sid='50517-rebirth.mod' fac='518-gamedata.base'
[21:26:20.134] [JOIN] INFO: [spawn] INFO send hand=1,41,2061767552,10,2528076288 found=1 dead=0 age=1.00 sid='50517-rebirth.mod' fac='518-gamedata.base'
[21:26:20.134] [JOIN] INFO: [spawn] INFO send hand=1,41,2061767552,11,2535034112 found=1 dead=0 age=1.00 sid='50517-rebirth.mod' fac='518-gamedata.base'
[21:26:20.134] [JOIN] INFO: [spawn] INFO send hand=1,41,2061767552,12,457641600 found=1 dead=0 age=1.00 sid='50517-rebirth.mod' fac='518-gamedata.base'
[21:26:20.134] [JOIN] INFO: [spawn] INFO send hand=1,41,2061767552,13,1166503936 found=1 dead=0 age=1.00 sid='50517-rebirth.mod' fac='518-gamedata.base'
[21:26:20.134] [JOIN] INFO: [spawn] INFO send hand=1,41,2061767552,14,3163940352 found=1 dead=0 age=1.00 sid='50517-rebirth.mod' fac='518-gamedata.base'
[21:26:20.134] [JOIN] INFO: [spawn] INFO send hand=1,41,2061767552,15,2609130752 found=1 dead=0 age=1.00 sid='50517-rebirth.mod' fac='518-gamedata.base'
[21:26:20.134] [JOIN] INFO: [spawn] INFO send hand=1,41,2061767552,16,316162112 found=1 dead=0 age=1.00 sid='50517-rebirth.mod' fac='518-gamedata.base'
[21:26:20.134] [JOIN] INFO: [spawn] INFO send hand=1,41,2061767552,17,2337890560 found=1 dead=0 age=1.00 sid='50517-rebirth.mod' fac='518-gamedata.base'
[21:26:20.134] [JOIN] INFO: [spawn] INFO send hand=1,41,2061767552,18,957885760 found=1 dead=0 age=1.00 sid='50517-rebirth.mod' fac='518-gamedata.base'
[21:26:20.134] [JOIN] INFO: [spawn] INFO send hand=1,41,2061767552,19,268798816 found=1 dead=0 age=1.00 sid='50517-rebirth.mod' fac='518-gamedata.base'
[21:26:20.134] [JOIN] INFO: [spawn] INFO send hand=1,41,2061767552,20,3166015744 found=1 dead=0 age=1.00 sid='50517-rebirth.mod' fac='518-gamedata.base'
[21:26:20.134] [JOIN] INFO: [spawn] INFO send hand=1,41,2061767552,21,2820556544 found=1 dead=0 age=1.00 sid='50517-rebirth.mod' fac='518-gamedata.base'
[21:26:20.134] [JOIN] INFO: [spawn] INFO send hand=1,41,2061767552,22,2473388544 found=1 dead=0 age=1.00 sid='50517-rebirth.mod' fac='518-gamedata.base'
[21:26:20.432] [JOIN] INFO: [cam] center=-5269.5,516.5,-132221.0
[21:26:20.515] [JOIN] INFO: [interp] lerp=7956 extrap=379 clamp=0 seg=0 single=24 snapSq=1 snapNpc=0 reissueSq=172 reissueNpc=0 restFlip=0 delay=200 jit=43.6 starve=0 snapMid=0 restFlipMid=0
[21:26:20.515] [JOIN] INFO: [interp] worstZero hand=1,50048828 zero=33 active=3382 seg=254
[21:26:20.631] [JOIN] INFO: [stats] RECV hand=1,50048828 ok=1 str=5.8 dex=37.2 tough=11.9 stealth=20.0 athl=9.1 xp=0
[21:26:20.758] [JOIN] INFO: [inv] APPLY hand=1,34,22094726,1,50048828 items=8
[21:26:20.811] [JOIN] INFO: [stats] SEND hand=1,1803832960 str=6.5 dex=26.5 tough=10.9 stealth=1.0 athl=11.3 xp=0 fap=0
[21:26:21.593] [JOIN] INFO: [fac] AFFECT-EV me='518-gamedata.base' whom='40544-rebirth.mod' event=0 mult=0.600 after=-100.00 skipped=20
[21:26:21.835] [JOIN] INFO: [ai] suspended=1 driven=1
[21:26:21.835] [JOIN] INFO: [trust] trusted=0 driven=1 grants=0 revokes=0
[21:26:22.274] [JOIN] INFO: [stats] RECV hand=1,50048828 ok=1 str=5.8 dex=37.2 tough=11.9 stealth=20.0 athl=9.2 xp=0
[21:26:22.581] [JOIN] INFO: [stats] SEND hand=1,1803832960 str=6.5 dex=26.5 tough=10.9 stealth=1.0 athl=11.4 xp=0 fap=0
[21:26:22.585] [JOIN] INFO: [taskkey] key=87 desc='Operating machine' repro=1 subject=1
[21:26:22.585] [JOIN] INFO: [seatres] HOST task=87 npc=1,1714843776 subj=75,855468736 ok=1 npcpos=-6768.4,-134171.4 subjpos=-6768.4,-134171.4 d=0.0
[21:26:23.528] [JOIN] INFO: [cam] hints recv n=1 p1=-4451,-130152
[21:26:24.195] [JOIN] INFO: [stats] RECV hand=1,50048828 ok=1 str=5.8 dex=37.2 tough=11.9 stealth=20.0 athl=9.3 xp=0
[21:26:24.426] [JOIN] INFO: [stats] SEND hand=1,1803832960 str=6.5 dex=26.5 tough=10.9 stealth=1.0 athl=11.5 xp=0 fap=0
[21:26:24.836] [JOIN] INFO: [ai] suspended=1 driven=1
[21:26:24.836] [JOIN] INFO: [trust] trusted=0 driven=1 grants=0 revokes=0
[21:26:25.353] [JOIN] INFO: [med] SEND hand=1,1803832960 npc=0 blood=79.9 bleed=0.00 fl=100.0,100.0,95.7,100.0 bd=0.0,0.0,4.3,0.0 flags=0 nparts=7 pmin=84.5 smin=0.0 ls=0,0,0,0
[21:26:25.431] [JOIN] INFO: [cam] center=-5495.7,471.8,-132665.7
[21:26:25.515] [JOIN] INFO: [interp] lerp=8532 extrap=1072 clamp=0 seg=102 single=24 snapSq=1 snapNpc=0 reissueSq=187 reissueNpc=0 restFlip=0 delay=200 jit=136.6 starve=0 snapMid=0 restFlipMid=0
[21:26:25.515] [JOIN] INFO: [interp] worstZero hand=1,50048828 zero=33 active=4753 seg=76
[21:26:25.667] [JOIN] INFO: [inv] APPLY hand=1,34,22094726,1,50048828 items=8
[21:26:25.755] [JOIN] INFO: [med] SEND hand=1,1803832960 npc=0 blood=79.9 bleed=0.00 fl=100.0,100.0,95.7,100.0 bd=0.0,0.0,4.3,0.0 flags=0 nparts=7 pmin=84.5 smin=0.0 ls=0,0,0,0
[21:26:25.916] [JOIN] INFO: [stats] RECV hand=1,50048828 ok=1 str=5.8 dex=37.2 tough=11.9 stealth=20.0 athl=9.4 xp=0
[21:26:25.930] [JOIN] INFO: [census] sent n=31 radius=2000 mid=31
[21:26:26.108] [JOIN] INFO: [spawn] INFO send hand=1,39,2886352640,1,1714843776 found=1 dead=0 age=1.00 sid='4007-gamedata.base' fac='42097-rebirth.mod'
[21:26:26.108] [JOIN] INFO: [spawn] INFO send hand=1,39,2886352640,2,3957519616 found=1 dead=0 age=0.82 sid='3993-gamedata.base' fac='42097-rebirth.mod'
[21:26:26.108] [JOIN] INFO: [spawn] INFO send hand=1,39,2886352640,3,2468261632 found=1 dead=0 age=0.84 sid='3993-gamedata.base' fac='42097-rebirth.mod'
[21:26:26.108] [JOIN] INFO: [spawn] INFO send hand=1,39,2886352640,4,2784179712 found=1 dead=0 age=0.69 sid='3993-gamedata.base' fac='42097-rebirth.mod'
[21:26:26.108] [JOIN] INFO: [spawn] INFO send hand=1,39,2886352640,5,3010864384 found=1 dead=0 age=0.86 sid='3993-gamedata.base' fac='42097-rebirth.mod'
[21:26:26.108] [JOIN] INFO: [spawn] INFO send hand=1,39,2886352640,6,3469360384 found=1 dead=0 age=0.67 sid='3993-gamedata.base' fac='42097-rebirth.mod'
[21:26:26.108] [JOIN] INFO: [spawn] INFO send hand=1,39,2886352640,7,3067382784 found=1 dead=0 age=0.71 sid='3993-gamedata.base' fac='42097-rebirth.mod'
[21:26:26.108] [JOIN] INFO: [spawn] INFO send hand=1,39,2886352640,8,556152320 found=1 dead=0 age=0.68 sid='3993-gamedata.base' fac='42097-rebirth.mod'
[21:26:26.108] [JOIN] INFO: [spawn] INFO send hand=1,39,2886352640,9,1058837888 found=1 dead=0 age=0.91 sid='3993-gamedata.base' fac='42097-rebirth.mod'
[21:26:26.110] [JOIN] INFO: [spawn] INFO send hand=1,41,2061767552,1,3922363392 found=1 dead=0 age=1.00 sid='50517-rebirth.mod' fac='518-gamedata.base'
[21:26:26.110] [JOIN] INFO: [spawn] INFO send hand=1,41,2061767552,2,2260986368 found=1 dead=0 age=1.00 sid='50517-rebirth.mod' fac='518-gamedata.base'
[21:26:26.110] [JOIN] INFO: [spawn] INFO send hand=1,41,2061767552,3,70678712 found=1 dead=0 age=1.00 sid='50517-rebirth.mod' fac='518-gamedata.base'
[21:26:26.110] [JOIN] INFO: [spawn] INFO send hand=1,41,2061767552,4,1063720704 found=1 dead=0 age=1.00 sid='50517-rebirth.mod' fac='518-gamedata.base'
[21:26:26.110] [JOIN] INFO: [spawn] INFO send hand=1,41,2061767552,5,477294912 found=1 dead=0 age=1.00 sid='50517-rebirth.mod' fac='518-gamedata.base'
[21:26:26.110] [JOIN] INFO: [spawn] INFO send hand=1,41,2061767552,6,1978515584 found=1 dead=0 age=1.00 sid='50517-rebirth.mod' fac='518-gamedata.base'
[21:26:26.110] [JOIN] INFO: [spawn] INFO send hand=1,41,2061767552,7,1873168896 found=1 dead=0 age=1.00 sid='50517-rebirth.mod' fac='518-gamedata.base'
[21:26:26.110] [JOIN] INFO: [spawn] INFO send hand=1,41,2061767552,8,3068603392 found=1 dead=0 age=1.00 sid='50517-rebirth.mod' fac='518-gamedata.base'
[21:26:26.110] [JOIN] INFO: [spawn] INFO send hand=1,41,2061767552,9,1002807616 found=1 dead=0 age=1.00 sid='50517-rebirth.mod' fac='518-gamedata.base'
[21:26:26.110] [JOIN] INFO: [spawn] INFO send hand=1,41,2061767552,10,2528076288 found=1 dead=0 age=1.00 sid='50517-rebirth.mod' fac='518-gamedata.base'
[21:26:26.110] [JOIN] INFO: [spawn] INFO send hand=1,41,2061767552,11,2535034112 found=1 dead=0 age=1.00 sid='50517-rebirth.mod' fac='518-gamedata.base'
[21:26:26.110] [JOIN] INFO: [spawn] INFO send hand=1,41,2061767552,12,457641600 found=1 dead=0 age=1.00 sid='50517-rebirth.mod' fac='518-gamedata.base'
[21:26:26.110] [JOIN] INFO: [spawn] INFO send hand=1,41,2061767552,13,1166503936 found=1 dead=0 age=1.00 sid='50517-rebirth.mod' fac='518-gamedata.base'
[21:26:26.110] [JOIN] INFO: [spawn] INFO send hand=1,41,2061767552,14,3163940352 found=1 dead=0 age=1.00 sid='50517-rebirth.mod' fac='518-gamedata.base'
[21:26:26.110] [JOIN] INFO: [spawn] INFO send hand=1,41,2061767552,15,2609130752 found=1 dead=0 age=1.00 sid='50517-rebirth.mod' fac='518-gamedata.base'
[21:26:26.110] [JOIN] INFO: [spawn] INFO send hand=1,41,2061767552,16,316162112 found=1 dead=0 age=1.00 sid='50517-rebirth.mod' fac='518-gamedata.base'
[21:26:26.110] [JOIN] INFO: [spawn] INFO send hand=1,41,2061767552,17,2337890560 found=1 dead=0 age=1.00 sid='50517-rebirth.mod' fac='518-gamedata.base'
[21:26:26.110] [JOIN] INFO: [spawn] INFO send hand=1,41,2061767552,18,957885760 found=1 dead=0 age=1.00 sid='50517-rebirth.mod' fac='518-gamedata.base'
[21:26:26.110] [JOIN] INFO: [spawn] INFO send hand=1,41,2061767552,19,268798816 found=1 dead=0 age=1.00 sid='50517-rebirth.mod' fac='518-gamedata.base'
[21:26:26.110] [JOIN] INFO: [spawn] INFO send hand=1,41,2061767552,20,3166015744 found=1 dead=0 age=1.00 sid='50517-rebirth.mod' fac='518-gamedata.base'
[21:26:26.110] [JOIN] INFO: [spawn] INFO send hand=1,41,2061767552,21,2820556544 found=1 dead=0 age=1.00 sid='50517-rebirth.mod' fac='518-gamedata.base'
[21:26:26.110] [JOIN] INFO: [spawn] INFO send hand=1,41,2061767552,22,2473388544 found=1 dead=0 age=1.00 sid='50517-rebirth.mod' fac='518-gamedata.base'
[21:26:26.335] [JOIN] INFO: [stats] SEND hand=1,1803832960 str=6.5 dex=26.5 tough=10.9 stealth=1.0 athl=11.6 xp=0 fap=0
[21:26:27.700] [JOIN] INFO: [stats] RECV hand=1,50048828 ok=1 str=5.8 dex=37.2 tough=11.9 stealth=20.0 athl=9.5 xp=0
[21:26:27.839] [JOIN] INFO: [ai] suspended=1 driven=1
[21:26:27.839] [JOIN] INFO: [trust] trusted=0 driven=1 grants=0 revokes=0
[21:26:27.930] [JOIN] INFO: [taskkey] key=36 desc='Patrolling town' repro=0 subject=0
[21:26:28.234] [JOIN] INFO: [spawn] INFO send hand=1,45,1159912064,1,477905280 found=1 dead=0 age=1.00 sid='50517-rebirth.mod' fac='518-gamedata.base'
[21:26:28.234] [JOIN] INFO: [spawn] INFO send hand=1,45,1159912064,2,2719604480 found=1 dead=0 age=1.00 sid='50517-rebirth.mod' fac='518-gamedata.base'
[21:26:28.234] [JOIN] INFO: [spawn] INFO send hand=1,45,1159912064,3,2679077120 found=1 dead=0 age=1.00 sid='50517-rebirth.mod' fac='518-gamedata.base'
[21:26:28.234] [JOIN] INFO: [spawn] INFO send hand=1,45,1159912064,4,242797856 found=1 dead=0 age=1.00 sid='50517-rebirth.mod' fac='518-gamedata.base'
[21:26:28.234] [JOIN] INFO: [spawn] INFO send hand=1,45,1159912064,5,2722289920 found=1 dead=0 age=1.00 sid='50517-rebirth.mod' fac='518-gamedata.base'
[21:26:28.234] [JOIN] INFO: [spawn] INFO send hand=1,45,1159912064,6,3239257856 found=1 dead=0 age=1.00 sid='50517-rebirth.mod' fac='518-gamedata.base'
[21:26:28.234] [JOIN] INFO: [spawn] INFO send hand=1,45,1159912064,7,2974853632 found=1 dead=0 age=1.00 sid='50517-rebirth.mod' fac='518-gamedata.base'
[21:26:28.234] [JOIN] INFO: [spawn] INFO send hand=1,45,1159912064,8,1441772416 found=1 dead=0 age=1.00 sid='50517-rebirth.mod' fac='518-gamedata.base'
[21:26:28.234] [JOIN] INFO: [spawn] INFO send hand=1,45,1159912064,9,437255872 found=1 dead=0 age=1.00 sid='50517-rebirth.mod' fac='518-gamedata.base'
[21:26:28.234] [JOIN] INFO: [spawn] INFO send hand=1,45,1159912064,10,1653686528 found=1 dead=0 age=1.00 sid='50517-rebirth.mod' fac='518-gamedata.base'
[21:26:28.234] [JOIN] INFO: [spawn] INFO send hand=1,45,1159912064,11,1934814464 found=1 dead=0 age=1.00 sid='50517-rebirth.mod' fac='518-gamedata.base'
[21:26:28.234] [JOIN] INFO: [spawn] INFO send hand=1,45,1159912064,12,3394653440 found=1 dead=0 age=1.00 sid='50517-rebirth.mod' fac='518-gamedata.base'
[21:26:28.234] [JOIN] INFO: [spawn] INFO send hand=1,45,1159912064,13,2076904320 found=1 dead=0 age=1.00 sid='50517-rebirth.mod' fac='518-gamedata.base'
[21:26:28.234] [JOIN] INFO: [spawn] INFO send hand=1,45,1159912064,14,3673339904 found=1 dead=0 age=1.00 sid='50517-rebirth.mod' fac='518-gamedata.base'
[21:26:28.234] [JOIN] INFO: [spawn] INFO send hand=1,45,1159912064,15,3388793856 found=1 dead=0 age=1.00 sid='50517-rebirth.mod' fac='518-gamedata.base'
[21:26:28.234] [JOIN] INFO: [spawn] INFO send hand=1,45,1159912064,16,1626098688 found=1 dead=0 age=1.00 sid='50517-rebirth.mod' fac='518-gamedata.base'
[21:26:28.234] [JOIN] INFO: [spawn] INFO send hand=1,45,1159912064,17,2365478400 found=1 dead=0 age=1.00 sid='50517-rebirth.mod' fac='518-gamedata.base'
[21:26:28.234] [JOIN] INFO: [spawn] INFO send hand=1,46,3989257728,1,3868408320 found=1 dead=0 age=1.00 sid='50517-rebirth.mod' fac='518-gamedata.base'
[21:26:28.234] [JOIN] INFO: [spawn] INFO send hand=1,46,3989257728,2,1326293888 found=1 dead=0 age=1.00 sid='50517-rebirth.mod' fac='518-gamedata.base'
[21:26:28.234] [JOIN] INFO: [spawn] INFO send hand=1,46,3989257728,3,877929664 found=1 dead=0 age=1.00 sid='50517-rebirth.mod' fac='518-gamedata.base'
[21:26:28.234] [JOIN] INFO: [spawn] INFO send hand=1,46,3989257728,4,697021504 found=1 dead=0 age=1.00 sid='50517-rebirth.mod' fac='518-gamedata.base'
[21:26:28.234] [JOIN] INFO: [spawn] INFO send hand=1,46,3989257728,5,566528320 found=1 dead=0 age=1.00 sid='50517-rebirth.mod' fac='518-gamedata.base'
[21:26:28.234] [JOIN] INFO: [spawn] INFO send hand=1,46,3989257728,6,727050752 found=1 dead=0 age=1.00 sid='50517-rebirth.mod' fac='518-gamedata.base'
[21:26:28.234] [JOIN] INFO: [spawn] INFO send hand=1,46,3989257728,7,3980835072 found=1 dead=0 age=1.00 sid='50517-rebirth.mod' fac='518-gamedata.base'
[21:26:28.234] [JOIN] INFO: [spawn] INFO send hand=1,46,3989257728,8,3369506816 found=1 dead=0 age=1.00 sid='50517-rebirth.mod' fac='518-gamedata.base'
[21:26:28.234] [JOIN] INFO: [spawn] INFO send hand=1,46,3989257728,9,1750488320 found=1 dead=0 age=1.00 sid='50517-rebirth.mod' fac='518-gamedata.base'
[21:26:28.234] [JOIN] INFO: [spawn] INFO send hand=1,46,3989257728,10,3996093696 found=1 dead=0 age=1.00 sid='50517-rebirth.mod' fac='518-gamedata.base'
[21:26:28.234] [JOIN] INFO: [spawn] INFO send hand=1,46,3989257728,11,1672729472 found=1 dead=0 age=1.00 sid='50517-rebirth.mod' fac='518-gamedata.base'
[21:26:28.234] [JOIN] INFO: [spawn] INFO send hand=1,46,3989257728,12,1112304640 found=1 dead=0 age=1.00 sid='50517-rebirth.mod' fac='518-gamedata.base'
[21:26:28.234] [JOIN] INFO: [spawn] INFO send hand=1,46,3989257728,13,3796386816 found=1 dead=0 age=1.00 sid='50517-rebirth.mod' fac='518-gamedata.base'
[21:26:28.234] [JOIN] INFO: [spawn] INFO send hand=1,46,3989257728,14,3005859328 found=1 dead=0 age=1.00 sid='50517-rebirth.mod' fac='518-gamedata.base'
[21:26:28.234] [JOIN] INFO: [spawn] INFO send hand=1,46,3989257728,15,71533200 found=1 dead=0 age=1.00 sid='50517-rebirth.mod' fac='518-gamedata.base'
[21:26:28.234] [JOIN] INFO: [spawn] INFO send hand=1,46,3989257728,16,2351318272 found=1 dead=0 age=1.00 sid='50517-rebirth.mod' fac='518-gamedata.base'
[21:26:28.234] [JOIN] INFO: [spawn] INFO send hand=1,46,3989257728,17,1795410176 found=1 dead=0 age=1.00 sid='50517-rebirth.mod' fac='518-gamedata.base'
[21:26:28.234] [JOIN] INFO: [spawn] INFO send hand=1,46,3989257728,18,2008544896 found=1 dead=0 age=1.00 sid='50517-rebirth.mod' fac='518-gamedata.base'
[21:26:28.234] [JOIN] INFO: [spawn] INFO send hand=1,46,3989257728,19,1180786176 found=1 dead=0 age=1.00 sid='50517-rebirth.mod' fac='518-gamedata.base'
[21:26:28.234] [JOIN] INFO: [spawn] INFO send hand=1,46,3989257728,20,3356811520 found=1 dead=0 age=1.00 sid='50517-rebirth.mod' fac='518-gamedata.base'
[21:26:28.234] [JOIN] INFO: [spawn] INFO send hand=1,46,3989257728,21,2559326208 found=1 dead=0 age=1.00 sid='50517-rebirth.mod' fac='518-gamedata.base'
[21:26:28.234] [JOIN] INFO: [spawn] INFO send hand=1,46,3989257728,22,3597167872 found=1 dead=0 age=1.00 sid='50517-rebirth.mod' fac='518-gamedata.base'
[21:26:28.264] [JOIN] INFO: [stats] SEND hand=1,1803832960 str=6.5 dex=26.5 tough=10.9 stealth=1.0 athl=11.7 xp=0 fap=0
[21:26:28.327] [JOIN] INFO: [med] SEND hand=1,1803832960 npc=0 blood=79.9 bleed=0.00 fl=100.0,100.0,95.8,100.0 bd=0.0,0.0,4.2,0.0 flags=0 nparts=7 pmin=84.6 smin=0.0 ls=0,0,0,0
[21:26:28.933] [JOIN] INFO: [seatres] HOST task=87 npc=12,1112304640 subj=202,3096191488 ok=1 npcpos=-7288.0,-132526.5 subjpos=-7282.6,-132521.8 d=7.2
[21:26:29.451] [JOIN] INFO: [stats] RECV hand=1,50048828 ok=1 str=5.8 dex=37.2 tough=11.9 stealth=20.0 athl=9.6 xp=0
[21:26:29.452] [JOIN] INFO: [cam] hints recv n=1 p1=-4610,-130566
[21:26:29.854] [JOIN] INFO: [seatres] HOST task=87 npc=11,1672729472 subj=200,1110473600 ok=1 npcpos=-7288.0,-132497.4 subjpos=-7288.0,-132497.4 d=0.0
[21:26:29.937] [JOIN] INFO: [seatres] HOST task=87 npc=17,1795410176 subj=204,3343872000 ok=1 npcpos=-7304.9,-132485.3 subjpos=-7304.9,-132485.3 d=0.0
[21:26:29.937] [JOIN] INFO: [seatres] HOST task=87 npc=19,1180786176 subj=203,2286010624 ok=1 npcpos=-7317.6,-132499.0 subjpos=-7317.6,-132499.0 d=0.0
[21:26:30.154] [JOIN] INFO: [stats] SEND hand=1,1803832960 str=6.5 dex=26.5 tough=10.9 stealth=1.0 athl=11.8 xp=0 fap=0
[21:26:30.326] [JOIN] INFO: [seatres] HOST task=87 npc=22,3597167872 subj=201,3046508800 ok=1 npcpos=-7282.3,-132473.3 subjpos=-7282.3,-132473.3 d=0.0
[21:26:30.429] [JOIN] INFO: [cam] center=-5495.7,465.4,-132665.7
[21:26:30.520] [JOIN] INFO: [interp] lerp=9454 extrap=1194 clamp=0 seg=102 single=24 snapSq=1 snapNpc=0 reissueSq=226 reissueNpc=0 restFlip=0 delay=200 jit=44.4 starve=0 snapMid=0 restFlipMid=0
[21:26:30.520] [JOIN] INFO: [interp] worstZero hand=1,50048828 zero=33 active=5797 seg=62
[21:26:30.778] [JOIN] INFO: [inv] APPLY hand=1,34,22094726,1,50048828 items=8
[21:26:30.800] [JOIN] INFO: [seatres] HOST task=87 npc=18,2008544896 subj=205,223632816 ok=1 npcpos=-7259.9,-132484.4 subjpos=-7259.9,-132484.4 d=0.0
[21:26:30.844] [JOIN] INFO: [ai] suspended=1 driven=1
[21:26:30.844] [JOIN] INFO: [trust] trusted=0 driven=1 grants=0 revokes=0
[21:26:30.940] [JOIN] INFO: [seatres] HOST task=87 npc=20,3356811520 subj=206,2872802816 ok=1 npcpos=-7326.3,-132475.5 subjpos=-7326.3,-132475.5 d=0.0
[21:26:31.302] [JOIN] INFO: [stats] RECV hand=1,50048828 ok=1 str=5.8 dex=37.2 tough=11.9 stealth=20.0 athl=9.7 xp=0
[21:26:32.035] [JOIN] INFO: [stats] SEND hand=1,1803832960 str=6.5 dex=26.5 tough=10.9 stealth=1.0 athl=11.9 xp=0 fap=0
[21:26:32.105] [JOIN] INFO: [spawn] INFO send hand=1,39,2886352640,1,1714843776 found=1 dead=0 age=1.00 sid='4007-gamedata.base' fac='42097-rebirth.mod'
[21:26:32.105] [JOIN] INFO: [spawn] INFO send hand=1,39,2886352640,2,3957519616 found=1 dead=0 age=0.82 sid='3993-gamedata.base' fac='42097-rebirth.mod'
[21:26:32.105] [JOIN] INFO: [spawn] INFO send hand=1,39,2886352640,3,2468261632 found=1 dead=0 age=0.84 sid='3993-gamedata.base' fac='42097-rebirth.mod'
[21:26:32.105] [JOIN] INFO: [spawn] INFO send hand=1,39,2886352640,4,2784179712 found=1 dead=0 age=0.69 sid='3993-gamedata.base' fac='42097-rebirth.mod'
[21:26:32.105] [JOIN] INFO: [spawn] INFO send hand=1,39,2886352640,5,3010864384 found=1 dead=0 age=0.86 sid='3993-gamedata.base' fac='42097-rebirth.mod'
[21:26:32.105] [JOIN] INFO: [spawn] INFO send hand=1,39,2886352640,6,3469360384 found=1 dead=0 age=0.67 sid='3993-gamedata.base' fac='42097-rebirth.mod'
[21:26:32.105] [JOIN] INFO: [spawn] INFO send hand=1,39,2886352640,7,3067382784 found=1 dead=0 age=0.71 sid='3993-gamedata.base' fac='42097-rebirth.mod'
[21:26:32.105] [JOIN] INFO: [spawn] INFO send hand=1,39,2886352640,8,556152320 found=1 dead=0 age=0.68 sid='3993-gamedata.base' fac='42097-rebirth.mod'
[21:26:32.105] [JOIN] INFO: [spawn] INFO send hand=1,39,2886352640,9,1058837888 found=1 dead=0 age=0.91 sid='3993-gamedata.base' fac='42097-rebirth.mod'
[21:26:32.105] [JOIN] INFO: [spawn] INFO send hand=1,41,2061767552,1,3922363392 found=1 dead=0 age=1.00 sid='50517-rebirth.mod' fac='518-gamedata.base'
[21:26:32.105] [JOIN] INFO: [spawn] INFO send hand=1,41,2061767552,2,2260986368 found=1 dead=0 age=1.00 sid='50517-rebirth.mod' fac='518-gamedata.base'
[21:26:32.105] [JOIN] INFO: [spawn] INFO send hand=1,41,2061767552,3,70678712 found=1 dead=0 age=1.00 sid='50517-rebirth.mod' fac='518-gamedata.base'
[21:26:32.105] [JOIN] INFO: [spawn] INFO send hand=1,41,2061767552,4,1063720704 found=1 dead=0 age=1.00 sid='50517-rebirth.mod' fac='518-gamedata.base'
[21:26:32.105] [JOIN] INFO: [spawn] INFO send hand=1,41,2061767552,5,477294912 found=1 dead=0 age=1.00 sid='50517-rebirth.mod' fac='518-gamedata.base'
[21:26:32.105] [JOIN] INFO: [spawn] INFO send hand=1,41,2061767552,6,1978515584 found=1 dead=0 age=1.00 sid='50517-rebirth.mod' fac='518-gamedata.base'
[21:26:32.105] [JOIN] INFO: [spawn] INFO send hand=1,41,2061767552,7,1873168896 found=1 dead=0 age=1.00 sid='50517-rebirth.mod' fac='518-gamedata.base'
[21:26:32.105] [JOIN] INFO: [spawn] INFO send hand=1,41,2061767552,8,3068603392 found=1 dead=0 age=1.00 sid='50517-rebirth.mod' fac='518-gamedata.base'
[21:26:32.105] [JOIN] INFO: [spawn] INFO send hand=1,41,2061767552,9,1002807616 found=1 dead=0 age=1.00 sid='50517-rebirth.mod' fac='518-gamedata.base'
[21:26:32.105] [JOIN] INFO: [spawn] INFO send hand=1,41,2061767552,10,2528076288 found=1 dead=0 age=1.00 sid='50517-rebirth.mod' fac='518-gamedata.base'
[21:26:32.105] [JOIN] INFO: [spawn] INFO send hand=1,41,2061767552,11,2535034112 found=1 dead=0 age=1.00 sid='50517-rebirth.mod' fac='518-gamedata.base'
[21:26:32.105] [JOIN] INFO: [spawn] INFO send hand=1,41,2061767552,12,457641600 found=1 dead=0 age=1.00 sid='50517-rebirth.mod' fac='518-gamedata.base'
[21:26:32.105] [JOIN] INFO: [spawn] INFO send hand=1,41,2061767552,13,1166503936 found=1 dead=0 age=1.00 sid='50517-rebirth.mod' fac='518-gamedata.base'
[21:26:32.105] [JOIN] INFO: [spawn] INFO send hand=1,41,2061767552,14,3163940352 found=1 dead=0 age=1.00 sid='50517-rebirth.mod' fac='518-gamedata.base'
[21:26:32.105] [JOIN] INFO: [spawn] INFO send hand=1,41,2061767552,15,2609130752 found=1 dead=0 age=1.00 sid='50517-rebirth.mod' fac='518-gamedata.base'
[21:26:32.105] [JOIN] INFO: [spawn] INFO send hand=1,41,2061767552,16,316162112 found=1 dead=0 age=1.00 sid='50517-rebirth.mod' fac='518-gamedata.base'
[21:26:32.105] [JOIN] INFO: [spawn] INFO send hand=1,41,2061767552,17,2337890560 found=1 dead=0 age=1.00 sid='50517-rebirth.mod' fac='518-gamedata.base'
[21:26:32.105] [JOIN] INFO: [spawn] INFO send hand=1,41,2061767552,18,957885760 found=1 dead=0 age=1.00 sid='50517-rebirth.mod' fac='518-gamedata.base'
[21:26:32.105] [JOIN] INFO: [spawn] INFO send hand=1,41,2061767552,19,268798816 found=1 dead=0 age=1.00 sid='50517-rebirth.mod' fac='518-gamedata.base'
[21:26:32.105] [JOIN] INFO: [spawn] INFO send hand=1,41,2061767552,20,3166015744 found=1 dead=0 age=1.00 sid='50517-rebirth.mod' fac='518-gamedata.base'
[21:26:32.105] [JOIN] INFO: [spawn] INFO send hand=1,41,2061767552,21,2820556544 found=1 dead=0 age=1.00 sid='50517-rebirth.mod' fac='518-gamedata.base'
[21:26:32.105] [JOIN] INFO: [spawn] INFO send hand=1,41,2061767552,22,2473388544 found=1 dead=0 age=1.00 sid='50517-rebirth.mod' fac='518-gamedata.base'
[21:26:33.165] [JOIN] INFO: [stats] RECV hand=1,50048828 ok=1 str=5.8 dex=37.2 tough=11.9 stealth=20.0 athl=9.8 xp=0
[21:26:33.849] [JOIN] INFO: [ai] suspended=1 driven=1
[21:26:33.849] [JOIN] INFO: [trust] trusted=0 driven=1 grants=0 revokes=0
[21:26:33.961] [JOIN] INFO: [stats] SEND hand=1,1803832960 str=6.5 dex=26.5 tough=10.9 stealth=1.0 athl=12.0 xp=0 fap=0
[21:26:34.137] [JOIN] INFO: [spawn] INFO send hand=1,39,2886352640,5,3010864384 found=1 dead=0 age=0.86 sid='3993-gamedata.base' fac='42097-rebirth.mod'
[21:26:34.137] [JOIN] INFO: [spawn] INFO send hand=1,39,2886352640,6,3469360384 found=1 dead=0 age=0.67 sid='3993-gamedata.base' fac='42097-rebirth.mod'
[21:26:34.137] [JOIN] INFO: [spawn] INFO send hand=1,39,2886352640,7,3067382784 found=1 dead=0 age=0.71 sid='3993-gamedata.base' fac='42097-rebirth.mod'
[21:26:34.137] [JOIN] INFO: [spawn] INFO send hand=1,39,2886352640,8,556152320 found=1 dead=0 age=0.68 sid='3993-gamedata.base' fac='42097-rebirth.mod'
[21:26:34.137] [JOIN] INFO: [spawn] INFO send hand=1,41,2061767552,4,1063720704 found=1 dead=0 age=1.00 sid='50517-rebirth.mod' fac='518-gamedata.base'
[21:26:34.137] [JOIN] INFO: [spawn] INFO send hand=1,41,2061767552,5,477294912 found=1 dead=0 age=1.00 sid='50517-rebirth.mod' fac='518-gamedata.base'
[21:26:34.137] [JOIN] INFO: [spawn] INFO send hand=1,41,2061767552,6,1978515584 found=1 dead=0 age=1.00 sid='50517-rebirth.mod' fac='518-gamedata.base'
[21:26:34.137] [JOIN] INFO: [spawn] INFO send hand=1,41,2061767552,7,1873168896 found=1 dead=0 age=1.00 sid='50517-rebirth.mod' fac='518-gamedata.base'
[21:26:34.137] [JOIN] INFO: [spawn] INFO send hand=1,41,2061767552,8,3068603392 found=1 dead=0 age=1.00 sid='50517-rebirth.mod' fac='518-gamedata.base'
[21:26:34.137] [JOIN] INFO: [spawn] INFO send hand=1,41,2061767552,9,1002807616 found=1 dead=0 age=1.00 sid='50517-rebirth.mod' fac='518-gamedata.base'
[21:26:34.137] [JOIN] INFO: [spawn] INFO send hand=1,41,2061767552,10,2528076288 found=1 dead=0 age=1.00 sid='50517-rebirth.mod' fac='518-gamedata.base'
[21:26:34.137] [JOIN] INFO: [spawn] INFO send hand=1,41,2061767552,11,2535034112 found=1 dead=0 age=1.00 sid='50517-rebirth.mod' fac='518-gamedata.base'
[21:26:34.137] [JOIN] INFO: [spawn] INFO send hand=1,41,2061767552,12,457641600 found=1 dead=0 age=1.00 sid='50517-rebirth.mod' fac='518-gamedata.base'
[21:26:34.137] [JOIN] INFO: [spawn] INFO send hand=1,41,2061767552,13,1166503936 found=1 dead=0 age=1.00 sid='50517-rebirth.mod' fac='518-gamedata.base'
[21:26:34.137] [JOIN] INFO: [spawn] INFO send hand=1,41,2061767552,14,3163940352 found=1 dead=0 age=1.00 sid='50517-rebirth.mod' fac='518-gamedata.base'
[21:26:34.137] [JOIN] INFO: [spawn] INFO send hand=1,41,2061767552,15,2609130752 found=1 dead=0 age=1.00 sid='50517-rebirth.mod' fac='518-gamedata.base'
[21:26:34.137] [JOIN] INFO: [spawn] INFO send hand=1,41,2061767552,16,316162112 found=1 dead=0 age=1.00 sid='50517-rebirth.mod' fac='518-gamedata.base'
[21:26:34.137] [JOIN] INFO: [spawn] INFO send hand=1,41,2061767552,17,2337890560 found=1 dead=0 age=1.00 sid='50517-rebirth.mod' fac='518-gamedata.base'
[21:26:34.137] [JOIN] INFO: [spawn] INFO send hand=1,41,2061767552,18,957885760 found=1 dead=0 age=1.00 sid='50517-rebirth.mod' fac='518-gamedata.base'
[21:26:34.137] [JOIN] INFO: [spawn] INFO send hand=1,41,2061767552,19,268798816 found=1 dead=0 age=1.00 sid='50517-rebirth.mod' fac='518-gamedata.base'
[21:26:34.137] [JOIN] INFO: [spawn] INFO send hand=1,41,2061767552,20,3166015744 found=1 dead=0 age=1.00 sid='50517-rebirth.mod' fac='518-gamedata.base'
[21:26:34.137] [JOIN] INFO: [spawn] INFO send hand=1,41,2061767552,21,2820556544 found=1 dead=0 age=1.00 sid='50517-rebirth.mod' fac='518-gamedata.base'
[21:26:34.137] [JOIN] INFO: [spawn] INFO send hand=1,41,2061767552,22,2473388544 found=1 dead=0 age=1.00 sid='50517-rebirth.mod' fac='518-gamedata.base'
[21:26:34.137] [JOIN] INFO: [spawn] INFO send hand=1,45,1159912064,1,477905280 found=1 dead=0 age=1.00 sid='50517-rebirth.mod' fac='518-gamedata.base'
[21:26:34.137] [JOIN] INFO: [spawn] INFO send hand=1,45,1159912064,2,2719604480 found=1 dead=0 age=1.00 sid='50517-rebirth.mod' fac='518-gamedata.base'
[21:26:34.137] [JOIN] INFO: [spawn] INFO send hand=1,45,1159912064,3,2679077120 found=1 dead=0 age=1.00 sid='50517-rebirth.mod' fac='518-gamedata.base'
[21:26:34.137] [JOIN] INFO: [spawn] INFO send hand=1,45,1159912064,4,242797856 found=1 dead=0 age=1.00 sid='50517-rebirth.mod' fac='518-gamedata.base'
[21:26:34.137] [JOIN] INFO: [spawn] INFO send hand=1,45,1159912064,5,2722289920 found=1 dead=0 age=1.00 sid='50517-rebirth.mod' fac='518-gamedata.base'
[21:26:34.137] [JOIN] INFO: [spawn] INFO send hand=1,45,1159912064,6,3239257856 found=1 dead=0 age=1.00 sid='50517-rebirth.mod' fac='518-gamedata.base'
[21:26:34.137] [JOIN] INFO: [spawn] INFO send hand=1,45,1159912064,7,2974853632 found=1 dead=0 age=1.00 sid='50517-rebirth.mod' fac='518-gamedata.base'
[21:26:34.137] [JOIN] INFO: [spawn] INFO send hand=1,45,1159912064,8,1441772416 found=1 dead=0 age=1.00 sid='50517-rebirth.mod' fac='518-gamedata.base'
[21:26:34.137] [JOIN] INFO: [spawn] INFO send hand=1,45,1159912064,9,437255872 found=1 dead=0 age=1.00 sid='50517-rebirth.mod' fac='518-gamedata.base'
[21:26:34.137] [JOIN] INFO: [spawn] INFO send hand=1,45,1159912064,10,1653686528 found=1 dead=0 age=1.00 sid='50517-rebirth.mod' fac='518-gamedata.base'
[21:26:34.137] [JOIN] INFO: [spawn] INFO send hand=1,45,1159912064,11,1934814464 found=1 dead=0 age=1.00 sid='50517-rebirth.mod' fac='518-gamedata.base'
[21:26:34.137] [JOIN] INFO: [spawn] INFO send hand=1,45,1159912064,12,3394653440 found=1 dead=0 age=1.00 sid='50517-rebirth.mod' fac='518-gamedata.base'
[21:26:34.137] [JOIN] INFO: [spawn] INFO send hand=1,45,1159912064,13,2076904320 found=1 dead=0 age=1.00 sid='50517-rebirth.mod' fac='518-gamedata.base'
[21:26:34.137] [JOIN] INFO: [spawn] INFO send hand=1,45,1159912064,14,3673339904 found=1 dead=0 age=1.00 sid='50517-rebirth.mod' fac='518-gamedata.base'
[21:26:34.137] [JOIN] INFO: [spawn] INFO send hand=1,45,1159912064,15,3388793856 found=1 dead=0 age=1.00 sid='50517-rebirth.mod' fac='518-gamedata.base'
[21:26:34.137] [JOIN] INFO: [spawn] INFO send hand=1,45,1159912064,16,1626098688 found=1 dead=0 age=1.00 sid='50517-rebirth.mod' fac='518-gamedata.base'
[21:26:34.137] [JOIN] INFO: [spawn] INFO send hand=1,45,1159912064,17,2365478400 found=1 dead=0 age=1.00 sid='50517-rebirth.mod' fac='518-gamedata.base'
[21:26:34.137] [JOIN] INFO: [spawn] INFO send hand=1,46,3989257728,1,3868408320 found=1 dead=0 age=1.00 sid='50517-rebirth.mod' fac='518-gamedata.base'
[21:26:34.137] [JOIN] INFO: [spawn] INFO send hand=1,46,3989257728,2,1326293888 found=1 dead=0 age=1.00 sid='50517-rebirth.mod' fac='518-gamedata.base'
[21:26:34.137] [JOIN] INFO: [spawn] INFO send hand=1,46,3989257728,3,877929664 found=1 dead=0 age=1.00 sid='50517-rebirth.mod' fac='518-gamedata.base'
[21:26:34.137] [JOIN] INFO: [spawn] INFO send hand=1,46,3989257728,4,697021504 found=1 dead=0 age=1.00 sid='50517-rebirth.mod' fac='518-gamedata.base'
[21:26:34.137] [JOIN] INFO: [spawn] INFO send hand=1,46,3989257728,5,566528320 found=1 dead=0 age=1.00 sid='50517-rebirth.mod' fac='518-gamedata.base'
[21:26:34.137] [JOIN] INFO: [spawn] INFO send hand=1,46,3989257728,6,727050752 found=1 dead=0 age=1.00 sid='50517-rebirth.mod' fac='518-gamedata.base'
[21:26:34.137] [JOIN] INFO: [spawn] INFO send hand=1,46,3989257728,7,3980835072 found=1 dead=0 age=1.00 sid='50517-rebirth.mod' fac='518-gamedata.base'
[21:26:34.137] [JOIN] INFO: [spawn] INFO send hand=1,46,3989257728,8,3369506816 found=1 dead=0 age=1.00 sid='50517-rebirth.mod' fac='518-gamedata.base'
[21:26:34.137] [JOIN] INFO: [spawn] INFO send hand=1,46,3989257728,9,1750488320 found=1 dead=0 age=1.00 sid='50517-rebirth.mod' fac='518-gamedata.base'
[21:26:34.137] [JOIN] INFO: [spawn] INFO send hand=1,46,3989257728,10,3996093696 found=1 dead=0 age=1.00 sid='50517-rebirth.mod' fac='518-gamedata.base'
[21:26:34.137] [JOIN] INFO: [spawn] INFO send hand=1,46,3989257728,11,1672729472 found=1 dead=0 age=1.00 sid='50517-rebirth.mod' fac='518-gamedata.base'
[21:26:34.137] [JOIN] INFO: [spawn] INFO send hand=1,46,3989257728,12,1112304640 found=1 dead=0 age=1.00 sid='50517-rebirth.mod' fac='518-gamedata.base'
[21:26:34.137] [JOIN] INFO: [spawn] INFO send hand=1,46,3989257728,13,3796386816 found=1 dead=0 age=1.00 sid='50517-rebirth.mod' fac='518-gamedata.base'
[21:26:34.137] [JOIN] INFO: [spawn] INFO send hand=1,46,3989257728,14,3005859328 found=1 dead=0 age=1.00 sid='50517-rebirth.mod' fac='518-gamedata.base'
[21:26:34.137] [JOIN] INFO: [spawn] INFO send hand=1,46,3989257728,15,71533200 found=1 dead=0 age=1.00 sid='50517-rebirth.mod' fac='518-gamedata.base'
[21:26:34.137] [JOIN] INFO: [spawn] INFO send hand=1,46,3989257728,16,2351318272 found=1 dead=0 age=1.00 sid='50517-rebirth.mod' fac='518-gamedata.base'
[21:26:34.137] [JOIN] INFO: [spawn] INFO send hand=1,46,3989257728,17,1795410176 found=1 dead=0 age=1.00 sid='50517-rebirth.mod' fac='518-gamedata.base'
[21:26:34.137] [JOIN] INFO: [spawn] INFO send hand=1,46,3989257728,18,2008544896 found=1 dead=0 age=1.00 sid='50517-rebirth.mod' fac='518-gamedata.base'
[21:26:34.137] [JOIN] INFO: [spawn] INFO send hand=1,46,3989257728,19,1180786176 found=1 dead=0 age=1.00 sid='50517-rebirth.mod' fac='518-gamedata.base'
[21:26:34.137] [JOIN] INFO: [spawn] INFO send hand=1,46,3989257728,20,3356811520 found=1 dead=0 age=1.00 sid='50517-rebirth.mod' fac='518-gamedata.base'
[21:26:34.137] [JOIN] INFO: [spawn] INFO send hand=1,46,3989257728,21,2559326208 found=1 dead=0 age=1.00 sid='50517-rebirth.mod' fac='518-gamedata.base'
[21:26:34.137] [JOIN] INFO: [spawn] INFO send hand=1,46,3989257728,22,3597167872 found=1 dead=0 age=1.00 sid='50517-rebirth.mod' fac='518-gamedata.base'
[21:26:34.586] [JOIN] INFO: [cam] hints recv n=1 p1=-4750,-130908
[21:26:34.945] [JOIN] INFO: [seatres] HOST task=87 npc=2,1326293888 subj=225,1891479552 ok=1 npcpos=-7517.9,-132604.9 subjpos=-7517.9,-132604.9 d=0.0
[21:26:34.945] [JOIN] INFO: [seatres] HOST task=87 npc=3,877929664 subj=226,2097656192 ok=1 npcpos=-7527.3,-132582.3 subjpos=-7527.3,-132582.3 d=0.0
[21:26:34.945] [JOIN] INFO: [seatres] HOST task=87 npc=4,697021504 subj=224,2410400512 ok=1 npcpos=-7490.7,-132615.1 subjpos=-7490.7,-132615.1 d=0.0
[21:26:34.945] [JOIN] INFO: [seatres] HOST task=87 npc=5,566528320 subj=228,3965698304 ok=1 npcpos=-7498.3,-132592.6 subjpos=-7498.3,-132592.6 d=0.0
[21:26:34.945] [JOIN] INFO: [seatres] HOST task=87 npc=7,3980835072 subj=227,607665984 ok=1 npcpos=-7500.0,-132617.8 subjpos=-7508.4,-132620.6 d=8.9
[21:26:34.995] [JOIN] INFO: [stats] RECV hand=1,50048828 ok=1 str=5.8 dex=37.2 tough=11.9 stealth=20.0 athl=9.9 xp=0
[21:26:35.341] [JOIN] INFO: [seatres] HOST task=87 npc=16,2351318272 subj=249,2780761600 ok=1 npcpos=-7263.0,-132329.5 subjpos=-7263.0,-132329.5 d=0.0
[21:26:35.433] [JOIN] INFO: [cam] center=-5600.7,512.9,-132647.8
[21:26:35.523] [JOIN] INFO: [interp] lerp=10465 extrap=1308 clamp=0 seg=102 single=24 snapSq=1 snapNpc=0 reissueSq=276 reissueNpc=0 restFlip=0 delay=189 jit=29.4 starve=0 snapMid=0 restFlipMid=0
[21:26:35.523] [JOIN] INFO: [interp] worstZero hand=1,50048828 zero=33 active=6922 seg=62
[21:26:35.714] [JOIN] INFO: [inv] APPLY hand=1,34,22094726,1,50048828 items=8
[21:26:35.807] [JOIN] INFO: [seatres] HOST task=87 npc=13,3796386816 subj=243,2308960000 ok=1 npcpos=-7266.6,-132317.1 subjpos=-7264.8,-132307.4 d=9.8
[21:26:35.883] [JOIN] INFO: [seatres] HOST task=87 npc=10,3996093696 subj=245,1898925824 ok=1 npcpos=-7277.6,-132312.3 subjpos=-7276.1,-132303.1 d=9.4
[21:26:35.892] [JOIN] INFO: [stats] SEND hand=1,1803832960 str=6.5 dex=26.5 tough=10.9 stealth=1.0 athl=12.1 xp=0 fap=0
[21:26:35.946] [JOIN] INFO: [seatres] HOST task=87 npc=15,71533200 subj=247,3538818304 ok=1 npcpos=-7284.7,-132323.1 subjpos=-7284.7,-132323.1 d=0.0
[21:26:35.946] [JOIN] INFO: [seatres] HOST task=87 npc=21,2559326208 subj=229,1466308608 ok=1 npcpos=-7544.8,-132584.1 subjpos=-7544.8,-132584.1 d=0.0
[21:26:35.946] [JOIN] INFO: [census] sent n=70 radius=2000 mid=48
[21:26:36.274] [JOIN] INFO: [seatres] HOST task=87 npc=9,1750488320 subj=248,151733392 ok=1 npcpos=-7239.7,-132314.7 subjpos=-7237.2,-132307.2 d=7.9
[21:26:36.728] [JOIN] INFO: [stats] RECV hand=1,50048828 ok=1 str=5.8 dex=37.2 tough=11.9 stealth=20.0 athl=10.0 xp=0
[21:26:36.794] [JOIN] INFO: [seatres] HOST task=87 npc=6,727050752 subj=244,300903328 ok=1 npcpos=-7254.7,-132289.4 subjpos=-7254.7,-132289.4 d=0.0
[21:26:36.849] [JOIN] INFO: [ai] suspended=1 driven=1
[21:26:36.849] [JOIN] INFO: [trust] trusted=0 driven=1 grants=0 revokes=0
[21:26:36.947] [JOIN] INFO: [seatres] HOST task=87 npc=8,3369506816 subj=246,1090209920 ok=1 npcpos=-7293.5,-132285.2 subjpos=-7293.5,-132285.2 d=0.0
[21:26:37.773] [JOIN] INFO: [stats] SEND hand=1,1803832960 str=6.5 dex=26.5 tough=10.9 stealth=1.0 athl=12.2 xp=0 fap=0
[21:26:38.070] [JOIN] INFO: [spawn] INFO send hand=1,41,2061767552,4,1063720704 found=1 dead=0 age=1.00 sid='50517-rebirth.mod' fac='518-gamedata.base'
[21:26:38.070] [JOIN] INFO: [spawn] INFO send hand=1,41,2061767552,5,477294912 found=1 dead=0 age=1.00 sid='50517-rebirth.mod' fac='518-gamedata.base'
[21:26:38.070] [JOIN] INFO: [spawn] INFO send hand=1,41,2061767552,6,1978515584 found=1 dead=0 age=1.00 sid='50517-rebirth.mod' fac='518-gamedata.base'
[21:26:38.070] [JOIN] INFO: [spawn] INFO send hand=1,41,2061767552,7,1873168896 found=1 dead=0 age=1.00 sid='50517-rebirth.mod' fac='518-gamedata.base'
[21:26:38.070] [JOIN] INFO: [spawn] INFO send hand=1,41,2061767552,12,457641600 found=1 dead=0 age=1.00 sid='50517-rebirth.mod' fac='518-gamedata.base'
[21:26:38.070] [JOIN] INFO: [spawn] INFO send hand=1,41,2061767552,13,1166503936 found=1 dead=0 age=1.00 sid='50517-rebirth.mod' fac='518-gamedata.base'
[21:26:38.070] [JOIN] INFO: [spawn] INFO send hand=1,41,2061767552,14,3163940352 found=1 dead=0 age=1.00 sid='50517-rebirth.mod' fac='518-gamedata.base'
[21:26:38.070] [JOIN] INFO: [spawn] INFO send hand=1,41,2061767552,15,2609130752 found=1 dead=0 age=1.00 sid='50517-rebirth.mod' fac='518-gamedata.base'
[21:26:38.070] [JOIN] INFO: [spawn] INFO send hand=1,41,2061767552,16,316162112 found=1 dead=0 age=1.00 sid='50517-rebirth.mod' fac='518-gamedata.base'
[21:26:38.070] [JOIN] INFO: [spawn] INFO send hand=1,41,2061767552,17,2337890560 found=1 dead=0 age=1.00 sid='50517-rebirth.mod' fac='518-gamedata.base'
[21:26:38.070] [JOIN] INFO: [spawn] INFO send hand=1,41,2061767552,18,957885760 found=1 dead=0 age=1.00 sid='50517-rebirth.mod' fac='518-gamedata.base'
[21:26:38.070] [JOIN] INFO: [spawn] INFO send hand=1,41,2061767552,19,268798816 found=1 dead=0 age=1.00 sid='50517-rebirth.mod' fac='518-gamedata.base'
[21:26:38.070] [JOIN] INFO: [spawn] INFO send hand=1,41,2061767552,20,3166015744 found=1 dead=0 age=1.00 sid='50517-rebirth.mod' fac='518-gamedata.base'
[21:26:38.070] [JOIN] INFO: [spawn] INFO send hand=1,41,2061767552,21,2820556544 found=1 dead=0 age=1.00 sid='50517-rebirth.mod' fac='518-gamedata.base'
[21:26:38.070] [JOIN] INFO: [spawn] INFO send hand=1,41,2061767552,22,2473388544 found=1 dead=0 age=1.00 sid='50517-rebirth.mod' fac='518-gamedata.base'
[21:26:38.696] [JOIN] INFO: [stats] RECV hand=1,50048828 ok=1 str=5.8 dex=37.2 tough=11.9 stealth=20.0 athl=10.1 xp=0
[21:26:39.641] [JOIN] INFO: [stats] SEND hand=1,1803832960 str=6.5 dex=26.5 tough=10.9 stealth=1.0 athl=12.3 xp=0 fap=0
[21:26:39.851] [JOIN] INFO: [ai] suspended=1 driven=1
[21:26:39.851] [JOIN] INFO: [trust] trusted=0 driven=1 grants=0 revokes=0
[21:26:40.089] [JOIN] INFO: [spawn] INFO send hand=1,41,2061767552,12,457641600 found=1 dead=0 age=1.00 sid='50517-rebirth.mod' fac='518-gamedata.base'
[21:26:40.089] [JOIN] INFO: [spawn] INFO send hand=1,41,2061767552,13,1166503936 found=1 dead=0 age=1.00 sid='50517-rebirth.mod' fac='518-gamedata.base'
[21:26:40.089] [JOIN] INFO: [spawn] INFO send hand=1,41,2061767552,14,3163940352 found=1 dead=0 age=1.00 sid='50517-rebirth.mod' fac='518-gamedata.base'
[21:26:40.089] [JOIN] INFO: [spawn] INFO send hand=1,41,2061767552,15,2609130752 found=1 dead=0 age=1.00 sid='50517-rebirth.mod' fac='518-gamedata.base'
[21:26:40.089] [JOIN] INFO: [spawn] INFO send hand=1,41,2061767552,20,3166015744 found=1 dead=0 age=1.00 sid='50517-rebirth.mod' fac='518-gamedata.base'
[21:26:40.089] [JOIN] INFO: [spawn] INFO send hand=1,41,2061767552,21,2820556544 found=1 dead=0 age=1.00 sid='50517-rebirth.mod' fac='518-gamedata.base'
[21:26:40.089] [JOIN] INFO: [spawn] INFO send hand=1,41,2061767552,22,2473388544 found=1 dead=0 age=1.00 sid='50517-rebirth.mod' fac='518-gamedata.base'
[21:26:40.089] [JOIN] INFO: [spawn] INFO send hand=1,45,1159912064,1,477905280 found=1 dead=0 age=1.00 sid='50517-rebirth.mod' fac='518-gamedata.base'
[21:26:40.089] [JOIN] INFO: [spawn] INFO send hand=1,45,1159912064,2,2719604480 found=1 dead=0 age=1.00 sid='50517-rebirth.mod' fac='518-gamedata.base'
[21:26:40.089] [JOIN] INFO: [spawn] INFO send hand=1,45,1159912064,3,2679077120 found=1 dead=0 age=1.00 sid='50517-rebirth.mod' fac='518-gamedata.base'
[21:26:40.089] [JOIN] INFO: [spawn] INFO send hand=1,45,1159912064,4,242797856 found=1 dead=0 age=1.00 sid='50517-rebirth.mod' fac='518-gamedata.base'
[21:26:40.089] [JOIN] INFO: [spawn] INFO send hand=1,45,1159912064,5,2722289920 found=1 dead=0 age=1.00 sid='50517-rebirth.mod' fac='518-gamedata.base'
[21:26:40.089] [JOIN] INFO: [spawn] INFO send hand=1,45,1159912064,6,3239257856 found=1 dead=0 age=1.00 sid='50517-rebirth.mod' fac='518-gamedata.base'
[21:26:40.089] [JOIN] INFO: [spawn] INFO send hand=1,45,1159912064,7,2974853632 found=1 dead=0 age=1.00 sid='50517-rebirth.mod' fac='518-gamedata.base'
[21:26:40.089] [JOIN] INFO: [spawn] INFO send hand=1,45,1159912064,8,1441772416 found=1 dead=0 age=1.00 sid='50517-rebirth.mod' fac='518-gamedata.base'
[21:26:40.089] [JOIN] INFO: [spawn] INFO send hand=1,45,1159912064,9,437255872 found=1 dead=0 age=1.00 sid='50517-rebirth.mod' fac='518-gamedata.base'
[21:26:40.089] [JOIN] INFO: [spawn] INFO send hand=1,45,1159912064,10,1653686528 found=1 dead=0 age=1.00 sid='50517-rebirth.mod' fac='518-gamedata.base'
[21:26:40.089] [JOIN] INFO: [spawn] INFO send hand=1,45,1159912064,11,1934814464 found=1 dead=0 age=1.00 sid='50517-rebirth.mod' fac='518-gamedata.base'
[21:26:40.089] [JOIN] INFO: [spawn] INFO send hand=1,45,1159912064,12,3394653440 found=1 dead=0 age=1.00 sid='50517-rebirth.mod' fac='518-gamedata.base'
[21:26:40.089] [JOIN] INFO: [spawn] INFO send hand=1,45,1159912064,13,2076904320 found=1 dead=0 age=1.00 sid='50517-rebirth.mod' fac='518-gamedata.base'
[21:26:40.089] [JOIN] INFO: [spawn] INFO send hand=1,45,1159912064,14,3673339904 found=1 dead=0 age=1.00 sid='50517-rebirth.mod' fac='518-gamedata.base'
[21:26:40.089] [JOIN] INFO: [spawn] INFO send hand=1,45,1159912064,15,3388793856 found=1 dead=0 age=1.00 sid='50517-rebirth.mod' fac='518-gamedata.base'
[21:26:40.089] [JOIN] INFO: [spawn] INFO send hand=1,45,1159912064,16,1626098688 found=1 dead=0 age=1.00 sid='50517-rebirth.mod' fac='518-gamedata.base'
[21:26:40.089] [JOIN] INFO: [spawn] INFO send hand=1,45,1159912064,17,2365478400 found=1 dead=0 age=1.00 sid='50517-rebirth.mod' fac='518-gamedata.base'
[21:26:40.089] [JOIN] INFO: [spawn] INFO send hand=1,46,3989257728,1,3868408320 found=1 dead=0 age=1.00 sid='50517-rebirth.mod' fac='518-gamedata.base'
[21:26:40.089] [JOIN] INFO: [spawn] INFO send hand=1,46,3989257728,2,1326293888 found=1 dead=0 age=1.00 sid='50517-rebirth.mod' fac='518-gamedata.base'
[21:26:40.089] [JOIN] INFO: [spawn] INFO send hand=1,46,3989257728,3,877929664 found=1 dead=0 age=1.00 sid='50517-rebirth.mod' fac='518-gamedata.base'
[21:26:40.089] [JOIN] INFO: [spawn] INFO send hand=1,46,3989257728,4,697021504 found=1 dead=0 age=1.00 sid='50517-rebirth.mod' fac='518-gamedata.base'
[21:26:40.089] [JOIN] INFO: [spawn] INFO send hand=1,46,3989257728,5,566528320 found=1 dead=0 age=1.00 sid='50517-rebirth.mod' fac='518-gamedata.base'
[21:26:40.089] [JOIN] INFO: [spawn] INFO send hand=1,46,3989257728,6,727050752 found=1 dead=0 age=1.00 sid='50517-rebirth.mod' fac='518-gamedata.base'
[21:26:40.089] [JOIN] INFO: [spawn] INFO send hand=1,46,3989257728,7,3980835072 found=1 dead=0 age=1.00 sid='50517-rebirth.mod' fac='518-gamedata.base'
[21:26:40.089] [JOIN] INFO: [spawn] INFO send hand=1,46,3989257728,8,3369506816 found=1 dead=0 age=1.00 sid='50517-rebirth.mod' fac='518-gamedata.base'
[21:26:40.089] [JOIN] INFO: [spawn] INFO send hand=1,46,3989257728,9,1750488320 found=1 dead=0 age=1.00 sid='50517-rebirth.mod' fac='518-gamedata.base'
[21:26:40.089] [JOIN] INFO: [spawn] INFO send hand=1,46,3989257728,10,3996093696 found=1 dead=0 age=1.00 sid='50517-rebirth.mod' fac='518-gamedata.base'
[21:26:40.089] [JOIN] INFO: [spawn] INFO send hand=1,46,3989257728,11,1672729472 found=1 dead=0 age=1.00 sid='50517-rebirth.mod' fac='518-gamedata.base'
[21:26:40.089] [JOIN] INFO: [spawn] INFO send hand=1,46,3989257728,12,1112304640 found=1 dead=0 age=1.00 sid='50517-rebirth.mod' fac='518-gamedata.base'
[21:26:40.089] [JOIN] INFO: [spawn] INFO send hand=1,46,3989257728,13,3796386816 found=1 dead=0 age=1.00 sid='50517-rebirth.mod' fac='518-gamedata.base'
[21:26:40.089] [JOIN] INFO: [spawn] INFO send hand=1,46,3989257728,14,3005859328 found=1 dead=0 age=1.00 sid='50517-rebirth.mod' fac='518-gamedata.base'
[21:26:40.089] [JOIN] INFO: [spawn] INFO send hand=1,46,3989257728,15,71533200 found=1 dead=0 age=1.00 sid='50517-rebirth.mod' fac='518-gamedata.base'
[21:26:40.089] [JOIN] INFO: [spawn] INFO send hand=1,46,3989257728,16,2351318272 found=1 dead=0 age=1.00 sid='50517-rebirth.mod' fac='518-gamedata.base'
[21:26:40.089] [JOIN] INFO: [spawn] INFO send hand=1,46,3989257728,17,1795410176 found=1 dead=0 age=1.00 sid='50517-rebirth.mod' fac='518-gamedata.base'
[21:26:40.089] [JOIN] INFO: [spawn] INFO send hand=1,46,3989257728,18,2008544896 found=1 dead=0 age=1.00 sid='50517-rebirth.mod' fac='518-gamedata.base'
[21:26:40.089] [JOIN] INFO: [spawn] INFO send hand=1,46,3989257728,19,1180786176 found=1 dead=0 age=1.00 sid='50517-rebirth.mod' fac='518-gamedata.base'
[21:26:40.089] [JOIN] INFO: [spawn] INFO send hand=1,46,3989257728,20,3356811520 found=1 dead=0 age=1.00 sid='50517-rebirth.mod' fac='518-gamedata.base'
[21:26:40.089] [JOIN] INFO: [spawn] INFO send hand=1,46,3989257728,21,2559326208 found=1 dead=0 age=1.00 sid='50517-rebirth.mod' fac='518-gamedata.base'
[21:26:40.089] [JOIN] INFO: [spawn] INFO send hand=1,46,3989257728,22,3597167872 found=1 dead=0 age=1.00 sid='50517-rebirth.mod' fac='518-gamedata.base'
[21:26:40.430] [JOIN] INFO: [cam] center=-5329.3,464.4,-132700.3
[21:26:40.446] [JOIN] INFO: [stats] RECV hand=1,50048828 ok=1 str=5.8 dex=37.2 tough=11.9 stealth=20.0 athl=10.2 xp=0
[21:26:40.512] [JOIN] INFO: [cam] hints recv n=1 p1=-4907,-131320
[21:26:40.529] [JOIN] INFO: [interp] lerp=11498 extrap=1376 clamp=0 seg=102 single=24 snapSq=1 snapNpc=0 reissueSq=329 reissueNpc=0 restFlip=0 delay=159 jit=24.5 starve=0 snapMid=0 restFlipMid=0
[21:26:40.529] [JOIN] INFO: [interp] worstZero hand=1,50048828 zero=33 active=8023 seg=67
[21:26:40.701] [JOIN] INFO: [inv] APPLY hand=1,34,22094726,1,50048828 items=8
[21:26:40.845] [JOIN] INFO: [med] SEND hand=1,1803832960 npc=0 blood=79.9 bleed=0.00 fl=100.0,100.0,96.0,100.0 bd=0.0,0.0,4.0,0.0 flags=0 nparts=7 pmin=84.8 smin=0.0 ls=0,0,0,0
[21:26:41.247] [JOIN] INFO: [med] SEND hand=1,1803832960 npc=0 blood=79.9 bleed=0.00 fl=100.0,100.0,96.0,100.0 bd=0.0,0.0,4.0,0.0 flags=0 nparts=7 pmin=84.8 smin=0.0 ls=0,0,0,0
[21:26:41.561] [JOIN] INFO: [stats] SEND hand=1,1803832960 str=6.5 dex=26.5 tough=10.9 stealth=1.0 athl=12.4 xp=0 fap=0
[21:26:42.093] [JOIN] INFO: [spawn] INFO send hand=1,41,2061767552,20,3166015744 found=1 dead=0 age=1.00 sid='50517-rebirth.mod' fac='518-gamedata.base'
[21:26:42.093] [JOIN] INFO: [spawn] INFO send hand=1,41,2061767552,21,2820556544 found=1 dead=0 age=1.00 sid='50517-rebirth.mod' fac='518-gamedata.base'
[21:26:42.093] [JOIN] INFO: [spawn] INFO send hand=1,41,2061767552,22,2473388544 found=1 dead=0 age=1.00 sid='50517-rebirth.mod' fac='518-gamedata.base'
[21:26:42.093] [JOIN] INFO: [spawn] INFO send hand=1,45,1159912064,1,477905280 found=1 dead=0 age=1.00 sid='50517-rebirth.mod' fac='518-gamedata.base'
[21:26:42.093] [JOIN] INFO: [spawn] INFO send hand=1,45,1159912064,2,2719604480 found=1 dead=0 age=1.00 sid='50517-rebirth.mod' fac='518-gamedata.base'
[21:26:42.093] [JOIN] INFO: [spawn] INFO send hand=1,45,1159912064,3,2679077120 found=1 dead=0 age=1.00 sid='50517-rebirth.mod' fac='518-gamedata.base'
[21:26:42.094] [JOIN] INFO: [spawn] INFO send hand=1,45,1159912064,4,242797856 found=1 dead=0 age=1.00 sid='50517-rebirth.mod' fac='518-gamedata.base'
[21:26:42.094] [JOIN] INFO: [spawn] INFO send hand=1,45,1159912064,5,2722289920 found=1 dead=0 age=1.00 sid='50517-rebirth.mod' fac='518-gamedata.base'
[21:26:42.094] [JOIN] INFO: [spawn] INFO send hand=1,45,1159912064,6,3239257856 found=1 dead=0 age=1.00 sid='50517-rebirth.mod' fac='518-gamedata.base'
[21:26:42.094] [JOIN] INFO: [spawn] INFO send hand=1,45,1159912064,7,2974853632 found=1 dead=0 age=1.00 sid='50517-rebirth.mod' fac='518-gamedata.base'
[21:26:42.094] [JOIN] INFO: [spawn] INFO send hand=1,45,1159912064,8,1441772416 found=1 dead=0 age=1.00 sid='50517-rebirth.mod' fac='518-gamedata.base'
[21:26:42.094] [JOIN] INFO: [spawn] INFO send hand=1,45,1159912064,9,437255872 found=1 dead=0 age=1.00 sid='50517-rebirth.mod' fac='518-gamedata.base'
[21:26:42.094] [JOIN] INFO: [spawn] INFO send hand=1,45,1159912064,10,1653686528 found=1 dead=0 age=1.00 sid='50517-rebirth.mod' fac='518-gamedata.base'
[21:26:42.094] [JOIN] INFO: [spawn] INFO send hand=1,45,1159912064,11,1934814464 found=1 dead=0 age=1.00 sid='50517-rebirth.mod' fac='518-gamedata.base'
[21:26:42.094] [JOIN] INFO: [spawn] INFO send hand=1,45,1159912064,12,3394653440 found=1 dead=0 age=1.00 sid='50517-rebirth.mod' fac='518-gamedata.base'
[21:26:42.094] [JOIN] INFO: [spawn] INFO send hand=1,45,1159912064,13,2076904320 found=1 dead=0 age=1.00 sid='50517-rebirth.mod' fac='518-gamedata.base'
[21:26:42.094] [JOIN] INFO: [spawn] INFO send hand=1,45,1159912064,14,3673339904 found=1 dead=0 age=1.00 sid='50517-rebirth.mod' fac='518-gamedata.base'
[21:26:42.094] [JOIN] INFO: [spawn] INFO send hand=1,45,1159912064,15,3388793856 found=1 dead=0 age=1.00 sid='50517-rebirth.mod' fac='518-gamedata.base'
[21:26:42.094] [JOIN] INFO: [spawn] INFO send hand=1,45,1159912064,16,1626098688 found=1 dead=0 age=1.00 sid='50517-rebirth.mod' fac='518-gamedata.base'
[21:26:42.094] [JOIN] INFO: [spawn] INFO send hand=1,45,1159912064,17,2365478400 found=1 dead=0 age=1.00 sid='50517-rebirth.mod' fac='518-gamedata.base'
[21:26:42.094] [JOIN] INFO: [spawn] INFO send hand=1,46,3989257728,1,3868408320 found=1 dead=0 age=1.00 sid='50517-rebirth.mod' fac='518-gamedata.base'
[21:26:42.094] [JOIN] INFO: [spawn] INFO send hand=1,46,3989257728,2,1326293888 found=1 dead=0 age=1.00 sid='50517-rebirth.mod' fac='518-gamedata.base'
[21:26:42.094] [JOIN] INFO: [spawn] INFO send hand=1,46,3989257728,3,877929664 found=1 dead=0 age=1.00 sid='50517-rebirth.mod' fac='518-gamedata.base'
[21:26:42.094] [JOIN] INFO: [spawn] INFO send hand=1,46,3989257728,4,697021504 found=1 dead=0 age=1.00 sid='50517-rebirth.mod' fac='518-gamedata.base'
[21:26:42.094] [JOIN] INFO: [spawn] INFO send hand=1,46,3989257728,5,566528320 found=1 dead=0 age=1.00 sid='50517-rebirth.mod' fac='518-gamedata.base'
[21:26:42.094] [JOIN] INFO: [spawn] INFO send hand=1,46,3989257728,6,727050752 found=1 dead=0 age=1.00 sid='50517-rebirth.mod' fac='518-gamedata.base'
[21:26:42.094] [JOIN] INFO: [spawn] INFO send hand=1,46,3989257728,7,3980835072 found=1 dead=0 age=1.00 sid='50517-rebirth.mod' fac='518-gamedata.base'
[21:26:42.094] [JOIN] INFO: [spawn] INFO send hand=1,46,3989257728,8,3369506816 found=1 dead=0 age=1.00 sid='50517-rebirth.mod' fac='518-gamedata.base'
[21:26:42.094] [JOIN] INFO: [spawn] INFO send hand=1,46,3989257728,9,1750488320 found=1 dead=0 age=1.00 sid='50517-rebirth.mod' fac='518-gamedata.base'
[21:26:42.094] [JOIN] INFO: [spawn] INFO send hand=1,46,3989257728,10,3996093696 found=1 dead=0 age=1.00 sid='50517-rebirth.mod' fac='518-gamedata.base'
[21:26:42.094] [JOIN] INFO: [spawn] INFO send hand=1,46,3989257728,11,1672729472 found=1 dead=0 age=1.00 sid='50517-rebirth.mod' fac='518-gamedata.base'
[21:26:42.094] [JOIN] INFO: [spawn] INFO send hand=1,46,3989257728,12,1112304640 found=1 dead=0 age=1.00 sid='50517-rebirth.mod' fac='518-gamedata.base'
[21:26:42.094] [JOIN] INFO: [spawn] INFO send hand=1,46,3989257728,13,3796386816 found=1 dead=0 age=1.00 sid='50517-rebirth.mod' fac='518-gamedata.base'
[21:26:42.094] [JOIN] INFO: [spawn] INFO send hand=1,46,3989257728,14,3005859328 found=1 dead=0 age=1.00 sid='50517-rebirth.mod' fac='518-gamedata.base'
[21:26:42.094] [JOIN] INFO: [spawn] INFO send hand=1,46,3989257728,15,71533200 found=1 dead=0 age=1.00 sid='50517-rebirth.mod' fac='518-gamedata.base'
[21:26:42.094] [JOIN] INFO: [spawn] INFO send hand=1,46,3989257728,16,2351318272 found=1 dead=0 age=1.00 sid='50517-rebirth.mod' fac='518-gamedata.base'
[21:26:42.094] [JOIN] INFO: [spawn] INFO send hand=1,46,3989257728,17,1795410176 found=1 dead=0 age=1.00 sid='50517-rebirth.mod' fac='518-gamedata.base'
[21:26:42.094] [JOIN] INFO: [spawn] INFO send hand=1,46,3989257728,18,2008544896 found=1 dead=0 age=1.00 sid='50517-rebirth.mod' fac='518-gamedata.base'
[21:26:42.094] [JOIN] INFO: [spawn] INFO send hand=1,46,3989257728,19,1180786176 found=1 dead=0 age=1.00 sid='50517-rebirth.mod' fac='518-gamedata.base'
[21:26:42.094] [JOIN] INFO: [spawn] INFO send hand=1,46,3989257728,20,3356811520 found=1 dead=0 age=1.00 sid='50517-rebirth.mod' fac='518-gamedata.base'
[21:26:42.094] [JOIN] INFO: [spawn] INFO send hand=1,46,3989257728,21,2559326208 found=1 dead=0 age=1.00 sid='50517-rebirth.mod' fac='518-gamedata.base'
[21:26:42.094] [JOIN] INFO: [spawn] INFO send hand=1,46,3989257728,22,3597167872 found=1 dead=0 age=1.00 sid='50517-rebirth.mod' fac='518-gamedata.base'
[21:26:42.221] [JOIN] INFO: [stats] RECV hand=1,50048828 ok=1 str=5.8 dex=37.2 tough=11.9 stealth=20.0 athl=10.3 xp=0
[21:26:42.289] [JOIN] INFO: [med] SEND hand=1,1803832960 npc=0 blood=79.9 bleed=0.00 fl=100.0,100.0,96.0,100.0 bd=0.0,0.0,4.0,0.0 flags=0 nparts=7 pmin=84.8 smin=0.0 ls=0,0,0,0
[21:26:42.854] [JOIN] INFO: [ai] suspended=1 driven=1
[21:26:42.854] [JOIN] INFO: [trust] trusted=0 driven=1 grants=0 revokes=0
[21:26:43.575] [JOIN] INFO: [stats] SEND hand=1,1803832960 str=6.5 dex=26.5 tough=10.9 stealth=1.0 athl=12.5 xp=0 fap=0
[21:26:44.076] [JOIN] INFO: [stats] RECV hand=1,50048828 ok=1 str=5.8 dex=37.2 tough=11.9 stealth=20.0 athl=10.4 xp=0
[21:26:45.429] [JOIN] INFO: [cam] center=-5321.1,473.0,-132697.6
[21:26:45.446] [JOIN] INFO: [stats] SEND hand=1,1803832960 str=6.5 dex=26.5 tough=10.9 stealth=1.0 athl=12.6 xp=0 fap=0
[21:26:45.524] [JOIN] INFO: [cam] hints recv n=1 p1=-5033,-131669
[21:26:45.533] [JOIN] INFO: [interp] lerp=12455 extrap=1448 clamp=0 seg=102 single=24 snapSq=1 snapNpc=0 reissueSq=386 reissueNpc=0 restFlip=0 delay=139 jit=23.0 starve=0 snapMid=0 restFlipMid=0
[21:26:45.533] [JOIN] INFO: [interp] worstZero hand=1,50048828 zero=33 active=9052 seg=58
[21:26:45.697] [JOIN] INFO: [inv] APPLY hand=1,34,22094726,1,50048828 items=8
[21:26:45.857] [JOIN] INFO: [ai] suspended=1 driven=1
[21:26:45.857] [JOIN] INFO: [trust] trusted=0 driven=1 grants=0 revokes=0
[21:26:45.964] [JOIN] INFO: [census] sent n=70 radius=2000 mid=48
[21:26:45.981] [JOIN] INFO: [stats] RECV hand=1,50048828 ok=1 str=5.8 dex=37.2 tough=11.9 stealth=20.0 athl=10.5 xp=0
[21:26:46.166] [JOIN] INFO: [spawn] INFO send hand=1,45,1159912064,2,2719604480 found=1 dead=0 age=1.00 sid='50517-rebirth.mod' fac='518-gamedata.base'
[21:26:46.166] [JOIN] INFO: [spawn] INFO send hand=1,45,1159912064,3,2679077120 found=1 dead=0 age=1.00 sid='50517-rebirth.mod' fac='518-gamedata.base'
[21:26:46.166] [JOIN] INFO: [spawn] INFO send hand=1,45,1159912064,4,242797856 found=1 dead=0 age=1.00 sid='50517-rebirth.mod' fac='518-gamedata.base'
[21:26:46.166] [JOIN] INFO: [spawn] INFO send hand=1,45,1159912064,5,2722289920 found=1 dead=0 age=1.00 sid='50517-rebirth.mod' fac='518-gamedata.base'
[21:26:46.166] [JOIN] INFO: [spawn] INFO send hand=1,45,1159912064,6,3239257856 found=1 dead=0 age=1.00 sid='50517-rebirth.mod' fac='518-gamedata.base'
[21:26:46.166] [JOIN] INFO: [spawn] INFO send hand=1,45,1159912064,7,2974853632 found=1 dead=0 age=1.00 sid='50517-rebirth.mod' fac='518-gamedata.base'
[21:26:46.166] [JOIN] INFO: [spawn] INFO send hand=1,45,1159912064,8,1441772416 found=1 dead=0 age=1.00 sid='50517-rebirth.mod' fac='518-gamedata.base'
[21:26:46.166] [JOIN] INFO: [spawn] INFO send hand=1,45,1159912064,9,437255872 found=1 dead=0 age=1.00 sid='50517-rebirth.mod' fac='518-gamedata.base'
[21:26:46.166] [JOIN] INFO: [spawn] INFO send hand=1,45,1159912064,10,1653686528 found=1 dead=0 age=1.00 sid='50517-rebirth.mod' fac='518-gamedata.base'
[21:26:46.166] [JOIN] INFO: [spawn] INFO send hand=1,45,1159912064,11,1934814464 found=1 dead=0 age=1.00 sid='50517-rebirth.mod' fac='518-gamedata.base'
[21:26:46.166] [JOIN] INFO: [spawn] INFO send hand=1,45,1159912064,12,3394653440 found=1 dead=0 age=1.00 sid='50517-rebirth.mod' fac='518-gamedata.base'
[21:26:46.166] [JOIN] INFO: [spawn] INFO send hand=1,45,1159912064,13,2076904320 found=1 dead=0 age=1.00 sid='50517-rebirth.mod' fac='518-gamedata.base'
[21:26:46.166] [JOIN] INFO: [spawn] INFO send hand=1,45,1159912064,14,3673339904 found=1 dead=0 age=1.00 sid='50517-rebirth.mod' fac='518-gamedata.base'
[21:26:46.166] [JOIN] INFO: [spawn] INFO send hand=1,45,1159912064,15,3388793856 found=1 dead=0 age=1.00 sid='50517-rebirth.mod' fac='518-gamedata.base'
[21:26:46.166] [JOIN] INFO: [spawn] INFO send hand=1,45,1159912064,16,1626098688 found=1 dead=0 age=1.00 sid='50517-rebirth.mod' fac='518-gamedata.base'
[21:26:46.166] [JOIN] INFO: [spawn] INFO send hand=1,45,1159912064,17,2365478400 found=1 dead=0 age=1.00 sid='50517-rebirth.mod' fac='518-gamedata.base'
[21:26:46.166] [JOIN] INFO: [spawn] INFO send hand=1,46,3989257728,1,3868408320 found=1 dead=0 age=1.00 sid='50517-rebirth.mod' fac='518-gamedata.base'
[21:26:46.166] [JOIN] INFO: [spawn] INFO send hand=1,46,3989257728,2,1326293888 found=1 dead=0 age=1.00 sid='50517-rebirth.mod' fac='518-gamedata.base'
[21:26:46.166] [JOIN] INFO: [spawn] INFO send hand=1,46,3989257728,3,877929664 found=1 dead=0 age=1.00 sid='50517-rebirth.mod' fac='518-gamedata.base'
[21:26:46.166] [JOIN] INFO: [spawn] INFO send hand=1,46,3989257728,4,697021504 found=1 dead=0 age=1.00 sid='50517-rebirth.mod' fac='518-gamedata.base'
[21:26:46.166] [JOIN] INFO: [spawn] INFO send hand=1,46,3989257728,5,566528320 found=1 dead=0 age=1.00 sid='50517-rebirth.mod' fac='518-gamedata.base'
[21:26:46.166] [JOIN] INFO: [spawn] INFO send hand=1,46,3989257728,6,727050752 found=1 dead=0 age=1.00 sid='50517-rebirth.mod' fac='518-gamedata.base'
[21:26:46.166] [JOIN] INFO: [spawn] INFO send hand=1,46,3989257728,7,3980835072 found=1 dead=0 age=1.00 sid='50517-rebirth.mod' fac='518-gamedata.base'
[21:26:46.166] [JOIN] INFO: [spawn] INFO send hand=1,46,3989257728,8,3369506816 found=1 dead=0 age=1.00 sid='50517-rebirth.mod' fac='518-gamedata.base'
[21:26:46.166] [JOIN] INFO: [spawn] INFO send hand=1,46,3989257728,9,1750488320 found=1 dead=0 age=1.00 sid='50517-rebirth.mod' fac='518-gamedata.base'
[21:26:46.166] [JOIN] INFO: [spawn] INFO send hand=1,46,3989257728,10,3996093696 found=1 dead=0 age=1.00 sid='50517-rebirth.mod' fac='518-gamedata.base'
[21:26:46.166] [JOIN] INFO: [spawn] INFO send hand=1,46,3989257728,11,1672729472 found=1 dead=0 age=1.00 sid='50517-rebirth.mod' fac='518-gamedata.base'
[21:26:46.166] [JOIN] INFO: [spawn] INFO send hand=1,46,3989257728,12,1112304640 found=1 dead=0 age=1.00 sid='50517-rebirth.mod' fac='518-gamedata.base'
[21:26:46.166] [JOIN] INFO: [spawn] INFO send hand=1,46,3989257728,13,3796386816 found=1 dead=0 age=1.00 sid='50517-rebirth.mod' fac='518-gamedata.base'
[21:26:46.166] [JOIN] INFO: [spawn] INFO send hand=1,46,3989257728,14,3005859328 found=1 dead=0 age=1.00 sid='50517-rebirth.mod' fac='518-gamedata.base'
[21:26:46.166] [JOIN] INFO: [spawn] INFO send hand=1,46,3989257728,15,71533200 found=1 dead=0 age=1.00 sid='50517-rebirth.mod' fac='518-gamedata.base'
[21:26:46.166] [JOIN] INFO: [spawn] INFO send hand=1,46,3989257728,16,2351318272 found=1 dead=0 age=1.00 sid='50517-rebirth.mod' fac='518-gamedata.base'
[21:26:46.166] [JOIN] INFO: [spawn] INFO send hand=1,46,3989257728,17,1795410176 found=1 dead=0 age=1.00 sid='50517-rebirth.mod' fac='518-gamedata.base'
[21:26:46.166] [JOIN] INFO: [spawn] INFO send hand=1,46,3989257728,18,2008544896 found=1 dead=0 age=1.00 sid='50517-rebirth.mod' fac='518-gamedata.base'
[21:26:46.166] [JOIN] INFO: [spawn] INFO send hand=1,46,3989257728,19,1180786176 found=1 dead=0 age=1.00 sid='50517-rebirth.mod' fac='518-gamedata.base'
[21:26:46.166] [JOIN] INFO: [spawn] INFO send hand=1,46,3989257728,20,3356811520 found=1 dead=0 age=1.00 sid='50517-rebirth.mod' fac='518-gamedata.base'
[21:26:46.166] [JOIN] INFO: [spawn] INFO send hand=1,46,3989257728,21,2559326208 found=1 dead=0 age=1.00 sid='50517-rebirth.mod' fac='518-gamedata.base'
[21:26:46.166] [JOIN] INFO: [spawn] INFO send hand=1,46,3989257728,22,3597167872 found=1 dead=0 age=1.00 sid='50517-rebirth.mod' fac='518-gamedata.base'
[21:26:46.691] [JOIN] INFO: [taskkey] key=82 desc='Moving to door' repro=0 subject=1
[21:26:47.402] [JOIN] INFO: [stats] SEND hand=1,1803832960 str=6.5 dex=26.5 tough=10.9 stealth=1.0 athl=12.7 xp=0 fap=0
[21:26:47.930] [JOIN] INFO: [stats] RECV hand=1,50048828 ok=1 str=5.8 dex=37.2 tough=11.9 stealth=20.0 athl=10.6 xp=0
[21:26:48.861] [JOIN] INFO: [ai] suspended=1 driven=1
[21:26:48.861] [JOIN] INFO: [trust] trusted=0 driven=1 grants=0 revokes=0
[21:26:49.088] [JOIN] INFO: [taskkey] key=226 desc='Bashing door' repro=0 subject=1
[21:26:49.745] [JOIN] INFO: [stats] RECV hand=1,50048828 ok=1 str=5.8 dex=37.2 tough=11.9 stealth=20.0 athl=10.7 xp=0
[21:26:50.105] [JOIN] INFO: [spawn] INFO send hand=1,45,1159912064,6,3239257856 found=1 dead=0 age=1.00 sid='50517-rebirth.mod' fac='518-gamedata.base'
[21:26:50.105] [JOIN] INFO: [spawn] INFO send hand=1,45,1159912064,7,2974853632 found=1 dead=0 age=1.00 sid='50517-rebirth.mod' fac='518-gamedata.base'
[21:26:50.105] [JOIN] INFO: [spawn] INFO send hand=1,45,1159912064,8,1441772416 found=1 dead=0 age=1.00 sid='50517-rebirth.mod' fac='518-gamedata.base'
[21:26:50.105] [JOIN] INFO: [spawn] INFO send hand=1,45,1159912064,9,437255872 found=1 dead=0 age=1.00 sid='50517-rebirth.mod' fac='518-gamedata.base'
[21:26:50.105] [JOIN] INFO: [spawn] INFO send hand=1,45,1159912064,10,1653686528 found=1 dead=0 age=1.00 sid='50517-rebirth.mod' fac='518-gamedata.base'
[21:26:50.105] [JOIN] INFO: [spawn] INFO send hand=1,45,1159912064,11,1934814464 found=1 dead=0 age=1.00 sid='50517-rebirth.mod' fac='518-gamedata.base'
[21:26:50.105] [JOIN] INFO: [spawn] INFO send hand=1,45,1159912064,12,3394653440 found=1 dead=0 age=1.00 sid='50517-rebirth.mod' fac='518-gamedata.base'
[21:26:50.105] [JOIN] INFO: [spawn] INFO send hand=1,45,1159912064,13,2076904320 found=1 dead=0 age=1.00 sid='50517-rebirth.mod' fac='518-gamedata.base'
[21:26:50.105] [JOIN] INFO: [spawn] INFO send hand=1,45,1159912064,14,3673339904 found=1 dead=0 age=1.00 sid='50517-rebirth.mod' fac='518-gamedata.base'
[21:26:50.105] [JOIN] INFO: [spawn] INFO send hand=1,45,1159912064,15,3388793856 found=1 dead=0 age=1.00 sid='50517-rebirth.mod' fac='518-gamedata.base'
[21:26:50.105] [JOIN] INFO: [spawn] INFO send hand=1,45,1159912064,16,1626098688 found=1 dead=0 age=1.00 sid='50517-rebirth.mod' fac='518-gamedata.base'
[21:26:50.105] [JOIN] INFO: [spawn] INFO send hand=1,45,1159912064,17,2365478400 found=1 dead=0 age=1.00 sid='50517-rebirth.mod' fac='518-gamedata.base'
[21:26:50.105] [JOIN] INFO: [spawn] INFO send hand=1,46,3989257728,1,3868408320 found=1 dead=0 age=1.00 sid='50517-rebirth.mod' fac='518-gamedata.base'
[21:26:50.105] [JOIN] INFO: [spawn] INFO send hand=1,46,3989257728,2,1326293888 found=1 dead=0 age=1.00 sid='50517-rebirth.mod' fac='518-gamedata.base'
[21:26:50.105] [JOIN] INFO: [spawn] INFO send hand=1,46,3989257728,3,877929664 found=1 dead=0 age=1.00 sid='50517-rebirth.mod' fac='518-gamedata.base'
[21:26:50.105] [JOIN] INFO: [spawn] INFO send hand=1,46,3989257728,4,697021504 found=1 dead=0 age=1.00 sid='50517-rebirth.mod' fac='518-gamedata.base'
[21:26:50.105] [JOIN] INFO: [spawn] INFO send hand=1,46,3989257728,5,566528320 found=1 dead=0 age=1.00 sid='50517-rebirth.mod' fac='518-gamedata.base'
[21:26:50.105] [JOIN] INFO: [spawn] INFO send hand=1,46,3989257728,6,727050752 found=1 dead=0 age=1.00 sid='50517-rebirth.mod' fac='518-gamedata.base'
[21:26:50.105] [JOIN] INFO: [spawn] INFO send hand=1,46,3989257728,7,3980835072 found=1 dead=0 age=1.00 sid='50517-rebirth.mod' fac='518-gamedata.base'
[21:26:50.105] [JOIN] INFO: [spawn] INFO send hand=1,46,3989257728,8,3369506816 found=1 dead=0 age=1.00 sid='50517-rebirth.mod' fac='518-gamedata.base'
[21:26:50.105] [JOIN] INFO: [spawn] INFO send hand=1,46,3989257728,9,1750488320 found=1 dead=0 age=1.00 sid='50517-rebirth.mod' fac='518-gamedata.base'
[21:26:50.105] [JOIN] INFO: [spawn] INFO send hand=1,46,3989257728,10,3996093696 found=1 dead=0 age=1.00 sid='50517-rebirth.mod' fac='518-gamedata.base'
[21:26:50.105] [JOIN] INFO: [spawn] INFO send hand=1,46,3989257728,11,1672729472 found=1 dead=0 age=1.00 sid='50517-rebirth.mod' fac='518-gamedata.base'
[21:26:50.105] [JOIN] INFO: [spawn] INFO send hand=1,46,3989257728,12,1112304640 found=1 dead=0 age=1.00 sid='50517-rebirth.mod' fac='518-gamedata.base'
[21:26:50.105] [JOIN] INFO: [spawn] INFO send hand=1,46,3989257728,13,3796386816 found=1 dead=0 age=1.00 sid='50517-rebirth.mod' fac='518-gamedata.base'
[21:26:50.105] [JOIN] INFO: [spawn] INFO send hand=1,46,3989257728,14,3005859328 found=1 dead=0 age=1.00 sid='50517-rebirth.mod' fac='518-gamedata.base'
[21:26:50.105] [JOIN] INFO: [spawn] INFO send hand=1,46,3989257728,15,71533200 found=1 dead=0 age=1.00 sid='50517-rebirth.mod' fac='518-gamedata.base'
[21:26:50.105] [JOIN] INFO: [spawn] INFO send hand=1,46,3989257728,16,2351318272 found=1 dead=0 age=1.00 sid='50517-rebirth.mod' fac='518-gamedata.base'
[21:26:50.105] [JOIN] INFO: [spawn] INFO send hand=1,46,3989257728,17,1795410176 found=1 dead=0 age=1.00 sid='50517-rebirth.mod' fac='518-gamedata.base'
[21:26:50.105] [JOIN] INFO: [spawn] INFO send hand=1,46,3989257728,18,2008544896 found=1 dead=0 age=1.00 sid='50517-rebirth.mod' fac='518-gamedata.base'
[21:26:50.105] [JOIN] INFO: [spawn] INFO send hand=1,46,3989257728,19,1180786176 found=1 dead=0 age=1.00 sid='50517-rebirth.mod' fac='518-gamedata.base'
[21:26:50.105] [JOIN] INFO: [spawn] INFO send hand=1,46,3989257728,20,3356811520 found=1 dead=0 age=1.00 sid='50517-rebirth.mod' fac='518-gamedata.base'
[21:26:50.105] [JOIN] INFO: [spawn] INFO send hand=1,46,3989257728,21,2559326208 found=1 dead=0 age=1.00 sid='50517-rebirth.mod' fac='518-gamedata.base'
[21:26:50.105] [JOIN] INFO: [spawn] INFO send hand=1,46,3989257728,22,3597167872 found=1 dead=0 age=1.00 sid='50517-rebirth.mod' fac='518-gamedata.base'
[21:26:50.431] [JOIN] INFO: [cam] center=-5238.7,494.5,-132727.8
[21:26:50.534] [JOIN] INFO: [interp] lerp=13548 extrap=1459 clamp=0 seg=102 single=24 snapSq=1 snapNpc=0 reissueSq=443 reissueNpc=0 restFlip=0 delay=122 jit=14.7 starve=0 snapMid=0 restFlipMid=0
[21:26:50.534] [JOIN] INFO: [interp] worstZero hand=1,50048828 zero=33 active=10156 seg=63
[21:26:50.590] [JOIN] INFO: [cam] hints recv n=1 p1=-5145,-132024
[21:26:50.671] [JOIN] INFO: [inv] APPLY hand=1,34,22094726,1,50048828 items=8
[21:26:51.431] [JOIN] INFO: [stats] RECV hand=1,50048828 ok=1 str=5.8 dex=37.2 tough=11.9 stealth=20.0 athl=10.8 xp=0
[21:26:51.863] [JOIN] INFO: [ai] suspended=1 driven=1
[21:26:51.863] [JOIN] INFO: [trust] trusted=0 driven=1 grants=0 revokes=0
[21:26:52.526] [JOIN] INFO: [med] SEND hand=1,1803832960 npc=0 blood=79.9 bleed=0.00 fl=100.0,100.0,96.2,100.0 bd=0.0,0.0,3.8,0.0 flags=0 nparts=7 pmin=85.0 smin=0.0 ls=0,0,0,0
[21:26:52.926] [JOIN] INFO: [med] SEND hand=1,1803832960 npc=0 blood=79.9 bleed=0.00 fl=100.0,100.0,96.2,100.0 bd=0.0,0.0,3.8,0.0 flags=0 nparts=7 pmin=85.0 smin=0.0 ls=0,0,0,0
[21:26:53.405] [JOIN] INFO: [stats] RECV hand=1,50048828 ok=1 str=5.8 dex=37.2 tough=11.9 stealth=20.0 athl=10.9 xp=0
[21:26:54.132] [JOIN] INFO: [spawn] INFO send hand=1,45,1159912064,10,1653686528 found=1 dead=0 age=1.00 sid='50517-rebirth.mod' fac='518-gamedata.base'
[21:26:54.132] [JOIN] INFO: [spawn] INFO send hand=1,45,1159912064,11,1934814464 found=1 dead=0 age=1.00 sid='50517-rebirth.mod' fac='518-gamedata.base'
[21:26:54.132] [JOIN] INFO: [spawn] INFO send hand=1,45,1159912064,12,3394653440 found=1 dead=0 age=1.00 sid='50517-rebirth.mod' fac='518-gamedata.base'
[21:26:54.132] [JOIN] INFO: [spawn] INFO send hand=1,45,1159912064,13,2076904320 found=1 dead=0 age=1.00 sid='50517-rebirth.mod' fac='518-gamedata.base'
[21:26:54.132] [JOIN] INFO: [spawn] INFO send hand=1,45,1159912064,14,3673339904 found=1 dead=0 age=1.00 sid='50517-rebirth.mod' fac='518-gamedata.base'
[21:26:54.132] [JOIN] INFO: [spawn] INFO send hand=1,45,1159912064,15,3388793856 found=1 dead=0 age=1.00 sid='50517-rebirth.mod' fac='518-gamedata.base'
[21:26:54.132] [JOIN] INFO: [spawn] INFO send hand=1,45,1159912064,16,1626098688 found=1 dead=0 age=1.00 sid='50517-rebirth.mod' fac='518-gamedata.base'
[21:26:54.132] [JOIN] INFO: [spawn] INFO send hand=1,45,1159912064,17,2365478400 found=1 dead=0 age=1.00 sid='50517-rebirth.mod' fac='518-gamedata.base'
[21:26:54.132] [JOIN] INFO: [spawn] INFO send hand=1,46,3989257728,1,3868408320 found=1 dead=0 age=1.00 sid='50517-rebirth.mod' fac='518-gamedata.base'
[21:26:54.132] [JOIN] INFO: [spawn] INFO send hand=1,46,3989257728,2,1326293888 found=1 dead=0 age=1.00 sid='50517-rebirth.mod' fac='518-gamedata.base'
[21:26:54.132] [JOIN] INFO: [spawn] INFO send hand=1,46,3989257728,3,877929664 found=1 dead=0 age=1.00 sid='50517-rebirth.mod' fac='518-gamedata.base'
[21:26:54.132] [JOIN] INFO: [spawn] INFO send hand=1,46,3989257728,4,697021504 found=1 dead=0 age=1.00 sid='50517-rebirth.mod' fac='518-gamedata.base'
[21:26:54.132] [JOIN] INFO: [spawn] INFO send hand=1,46,3989257728,5,566528320 found=1 dead=0 age=1.00 sid='50517-rebirth.mod' fac='518-gamedata.base'
[21:26:54.132] [JOIN] INFO: [spawn] INFO send hand=1,46,3989257728,6,727050752 found=1 dead=0 age=1.00 sid='50517-rebirth.mod' fac='518-gamedata.base'
[21:26:54.132] [JOIN] INFO: [spawn] INFO send hand=1,46,3989257728,7,3980835072 found=1 dead=0 age=1.00 sid='50517-rebirth.mod' fac='518-gamedata.base'
[21:26:54.132] [JOIN] INFO: [spawn] INFO send hand=1,46,3989257728,8,3369506816 found=1 dead=0 age=1.00 sid='50517-rebirth.mod' fac='518-gamedata.base'
[21:26:54.132] [JOIN] INFO: [spawn] INFO send hand=1,46,3989257728,9,1750488320 found=1 dead=0 age=1.00 sid='50517-rebirth.mod' fac='518-gamedata.base'
[21:26:54.132] [JOIN] INFO: [spawn] INFO send hand=1,46,3989257728,10,3996093696 found=1 dead=0 age=1.00 sid='50517-rebirth.mod' fac='518-gamedata.base'
[21:26:54.132] [JOIN] INFO: [spawn] INFO send hand=1,46,3989257728,11,1672729472 found=1 dead=0 age=1.00 sid='50517-rebirth.mod' fac='518-gamedata.base'
[21:26:54.132] [JOIN] INFO: [spawn] INFO send hand=1,46,3989257728,12,1112304640 found=1 dead=0 age=1.00 sid='50517-rebirth.mod' fac='518-gamedata.base'
[21:26:54.132] [JOIN] INFO: [spawn] INFO send hand=1,46,3989257728,13,3796386816 found=1 dead=0 age=1.00 sid='50517-rebirth.mod' fac='518-gamedata.base'
[21:26:54.132] [JOIN] INFO: [spawn] INFO send hand=1,46,3989257728,14,3005859328 found=1 dead=0 age=1.00 sid='50517-rebirth.mod' fac='518-gamedata.base'
[21:26:54.132] [JOIN] INFO: [spawn] INFO send hand=1,46,3989257728,15,71533200 found=1 dead=0 age=1.00 sid='50517-rebirth.mod' fac='518-gamedata.base'
[21:26:54.132] [JOIN] INFO: [spawn] INFO send hand=1,46,3989257728,16,2351318272 found=1 dead=0 age=1.00 sid='50517-rebirth.mod' fac='518-gamedata.base'
[21:26:54.132] [JOIN] INFO: [spawn] INFO send hand=1,46,3989257728,17,1795410176 found=1 dead=0 age=1.00 sid='50517-rebirth.mod' fac='518-gamedata.base'
[21:26:54.132] [JOIN] INFO: [spawn] INFO send hand=1,46,3989257728,18,2008544896 found=1 dead=0 age=1.00 sid='50517-rebirth.mod' fac='518-gamedata.base'
[21:26:54.132] [JOIN] INFO: [spawn] INFO send hand=1,46,3989257728,19,1180786176 found=1 dead=0 age=1.00 sid='50517-rebirth.mod' fac='518-gamedata.base'
[21:26:54.132] [JOIN] INFO: [spawn] INFO send hand=1,46,3989257728,20,3356811520 found=1 dead=0 age=1.00 sid='50517-rebirth.mod' fac='518-gamedata.base'
[21:26:54.863] [JOIN] INFO: [ai] suspended=1 driven=1
[21:26:54.863] [JOIN] INFO: [trust] trusted=0 driven=1 grants=0 revokes=0
[21:26:55.211] [JOIN] INFO: [stats] RECV hand=1,50048828 ok=1 str=5.8 dex=37.2 tough=11.9 stealth=20.0 athl=11.0 xp=0
[21:26:55.431] [JOIN] INFO: [cam] center=-5488.0,489.8,-133031.5
[21:26:55.534] [JOIN] INFO: [interp] lerp=14653 extrap=1519 clamp=0 seg=102 single=24 snapSq=1 snapNpc=0 reissueSq=504 reissueNpc=0 restFlip=0 delay=119 jit=18.0 starve=0 snapMid=0 restFlipMid=0
[21:26:55.534] [JOIN] INFO: [interp] worstZero hand=1,50048828 zero=33 active=11321 seg=61
[21:26:55.676] [JOIN] INFO: [med] SEND hand=1,1803832960 npc=0 blood=79.9 bleed=0.00 fl=100.0,100.0,96.3,100.0 bd=0.0,0.0,3.7,0.0 flags=0 nparts=7 pmin=85.1 smin=0.0 ls=0,0,0,0
[21:26:55.702] [JOIN] INFO: [inv] APPLY hand=1,34,22094726,1,50048828 items=8
[21:26:55.981] [JOIN] INFO: [census] sent n=70 radius=2000 mid=48
[21:26:56.171] [JOIN] INFO: [spawn] INFO send hand=1,45,1159912064,14,3673339904 found=1 dead=0 age=1.00 sid='50517-rebirth.mod' fac='518-gamedata.base'
[21:26:56.171] [JOIN] INFO: [spawn] INFO send hand=1,45,1159912064,15,3388793856 found=1 dead=0 age=1.00 sid='50517-rebirth.mod' fac='518-gamedata.base'
[21:26:56.171] [JOIN] INFO: [spawn] INFO send hand=1,45,1159912064,16,1626098688 found=1 dead=0 age=1.00 sid='50517-rebirth.mod' fac='518-gamedata.base'
[21:26:56.171] [JOIN] INFO: [spawn] INFO send hand=1,45,1159912064,17,2365478400 found=1 dead=0 age=1.00 sid='50517-rebirth.mod' fac='518-gamedata.base'
[21:26:56.171] [JOIN] INFO: [spawn] INFO send hand=1,46,3989257728,1,3868408320 found=1 dead=0 age=1.00 sid='50517-rebirth.mod' fac='518-gamedata.base'
[21:26:56.171] [JOIN] INFO: [spawn] INFO send hand=1,46,3989257728,2,1326293888 found=1 dead=0 age=1.00 sid='50517-rebirth.mod' fac='518-gamedata.base'
[21:26:56.171] [JOIN] INFO: [spawn] INFO send hand=1,46,3989257728,3,877929664 found=1 dead=0 age=1.00 sid='50517-rebirth.mod' fac='518-gamedata.base'
[21:26:56.171] [JOIN] INFO: [spawn] INFO send hand=1,46,3989257728,4,697021504 found=1 dead=0 age=1.00 sid='50517-rebirth.mod' fac='518-gamedata.base'
[21:26:56.171] [JOIN] INFO: [spawn] INFO send hand=1,46,3989257728,5,566528320 found=1 dead=0 age=1.00 sid='50517-rebirth.mod' fac='518-gamedata.base'
[21:26:56.171] [JOIN] INFO: [spawn] INFO send hand=1,46,3989257728,6,727050752 found=1 dead=0 age=1.00 sid='50517-rebirth.mod' fac='518-gamedata.base'
[21:26:56.171] [JOIN] INFO: [spawn] INFO send hand=1,46,3989257728,7,3980835072 found=1 dead=0 age=1.00 sid='50517-rebirth.mod' fac='518-gamedata.base'
[21:26:56.171] [JOIN] INFO: [spawn] INFO send hand=1,46,3989257728,8,3369506816 found=1 dead=0 age=1.00 sid='50517-rebirth.mod' fac='518-gamedata.base'
[21:26:56.171] [JOIN] INFO: [spawn] INFO send hand=1,46,3989257728,9,1750488320 found=1 dead=0 age=1.00 sid='50517-rebirth.mod' fac='518-gamedata.base'
[21:26:56.171] [JOIN] INFO: [spawn] INFO send hand=1,46,3989257728,10,3996093696 found=1 dead=0 age=1.00 sid='50517-rebirth.mod' fac='518-gamedata.base'
[21:26:56.171] [JOIN] INFO: [spawn] INFO send hand=1,46,3989257728,11,1672729472 found=1 dead=0 age=1.00 sid='50517-rebirth.mod' fac='518-gamedata.base'
[21:26:56.171] [JOIN] INFO: [spawn] INFO send hand=1,46,3989257728,12,1112304640 found=1 dead=0 age=1.00 sid='50517-rebirth.mod' fac='518-gamedata.base'
[21:26:56.171] [JOIN] INFO: [spawn] INFO send hand=1,46,3989257728,13,3796386816 found=1 dead=0 age=1.00 sid='50517-rebirth.mod' fac='518-gamedata.base'
[21:26:56.171] [JOIN] INFO: [spawn] INFO send hand=1,46,3989257728,14,3005859328 found=1 dead=0 age=1.00 sid='50517-rebirth.mod' fac='518-gamedata.base'
[21:26:56.171] [JOIN] INFO: [spawn] INFO send hand=1,46,3989257728,15,71533200 found=1 dead=0 age=1.00 sid='50517-rebirth.mod' fac='518-gamedata.base'
[21:26:56.171] [JOIN] INFO: [spawn] INFO send hand=1,46,3989257728,16,2351318272 found=1 dead=0 age=1.00 sid='50517-rebirth.mod' fac='518-gamedata.base'
[21:26:56.171] [JOIN] INFO: [spawn] INFO send hand=1,46,3989257728,17,1795410176 found=1 dead=0 age=1.00 sid='50517-rebirth.mod' fac='518-gamedata.base'
[21:26:56.171] [JOIN] INFO: [spawn] INFO send hand=1,46,3989257728,18,2008544896 found=1 dead=0 age=1.00 sid='50517-rebirth.mod' fac='518-gamedata.base'
[21:26:56.171] [JOIN] INFO: [spawn] INFO send hand=1,46,3989257728,19,1180786176 found=1 dead=0 age=1.00 sid='50517-rebirth.mod' fac='518-gamedata.base'
[21:26:56.171] [JOIN] INFO: [spawn] INFO send hand=1,46,3989257728,20,3356811520 found=1 dead=0 age=1.00 sid='50517-rebirth.mod' fac='518-gamedata.base'
[21:26:57.089] [JOIN] INFO: [stats] RECV hand=1,50048828 ok=1 str=5.8 dex=37.2 tough=11.9 stealth=20.0 athl=11.1 xp=0
[21:26:57.865] [JOIN] INFO: [ai] suspended=1 driven=1
[21:26:57.865] [JOIN] INFO: [trust] trusted=0 driven=1 grants=0 revokes=0
[21:26:58.289] [JOIN] INFO: [spawn] INFO send hand=1,46,3989257728,1,3868408320 found=1 dead=0 age=1.00 sid='50517-rebirth.mod' fac='518-gamedata.base'
[21:26:58.289] [JOIN] INFO: [spawn] INFO send hand=1,46,3989257728,2,1326293888 found=1 dead=0 age=1.00 sid='50517-rebirth.mod' fac='518-gamedata.base'
[21:26:58.289] [JOIN] INFO: [spawn] INFO send hand=1,46,3989257728,3,877929664 found=1 dead=0 age=1.00 sid='50517-rebirth.mod' fac='518-gamedata.base'
[21:26:58.289] [JOIN] INFO: [spawn] INFO send hand=1,46,3989257728,4,697021504 found=1 dead=0 age=1.00 sid='50517-rebirth.mod' fac='518-gamedata.base'
[21:26:58.289] [JOIN] INFO: [spawn] INFO send hand=1,46,3989257728,5,566528320 found=1 dead=0 age=1.00 sid='50517-rebirth.mod' fac='518-gamedata.base'
[21:26:58.290] [JOIN] INFO: [spawn] INFO send hand=1,46,3989257728,6,727050752 found=1 dead=0 age=1.00 sid='50517-rebirth.mod' fac='518-gamedata.base'
[21:26:58.290] [JOIN] INFO: [spawn] INFO send hand=1,46,3989257728,7,3980835072 found=1 dead=0 age=1.00 sid='50517-rebirth.mod' fac='518-gamedata.base'
[21:26:58.290] [JOIN] INFO: [spawn] INFO send hand=1,46,3989257728,8,3369506816 found=1 dead=0 age=1.00 sid='50517-rebirth.mod' fac='518-gamedata.base'
[21:26:58.290] [JOIN] INFO: [spawn] INFO send hand=1,46,3989257728,9,1750488320 found=1 dead=0 age=1.00 sid='50517-rebirth.mod' fac='518-gamedata.base'
[21:26:58.290] [JOIN] INFO: [spawn] INFO send hand=1,46,3989257728,10,3996093696 found=1 dead=0 age=1.00 sid='50517-rebirth.mod' fac='518-gamedata.base'
[21:26:58.290] [JOIN] INFO: [spawn] INFO send hand=1,46,3989257728,11,1672729472 found=1 dead=0 age=1.00 sid='50517-rebirth.mod' fac='518-gamedata.base'
[21:26:58.290] [JOIN] INFO: [spawn] INFO send hand=1,46,3989257728,12,1112304640 found=1 dead=0 age=1.00 sid='50517-rebirth.mod' fac='518-gamedata.base'
[21:26:58.290] [JOIN] INFO: [spawn] INFO send hand=1,46,3989257728,17,1795410176 found=1 dead=0 age=1.00 sid='50517-rebirth.mod' fac='518-gamedata.base'
[21:26:58.290] [JOIN] INFO: [spawn] INFO send hand=1,46,3989257728,18,2008544896 found=1 dead=0 age=1.00 sid='50517-rebirth.mod' fac='518-gamedata.base'
[21:26:58.290] [JOIN] INFO: [spawn] INFO send hand=1,46,3989257728,19,1180786176 found=1 dead=0 age=1.00 sid='50517-rebirth.mod' fac='518-gamedata.base'
[21:26:58.290] [JOIN] INFO: [spawn] INFO send hand=1,46,3989257728,20,3356811520 found=1 dead=0 age=1.00 sid='50517-rebirth.mod' fac='518-gamedata.base'
[21:26:58.542] [JOIN] INFO: [cam] hints recv n=1 p1=-5317,-132594
[21:26:58.859] [JOIN] INFO: [med] SEND hand=14,3163940352 npc=1 blood=77.6 bleed=0.00 fl=80.0,80.0,80.0,80.0 bd=0.0,0.0,0.0,0.0 flags=0 nparts=7 pmin=80.0 smin=0.0 ls=0,0,0,0
[21:26:58.962] [JOIN] INFO: [stats] RECV hand=1,50048828 ok=1 str=5.8 dex=37.2 tough=11.9 stealth=20.0 athl=11.2 xp=0
[21:27:00.432] [JOIN] INFO: [cam] center=-5241.4,502.7,-132683.5
[21:27:00.537] [JOIN] INFO: [interp] lerp=15310 extrap=1832 clamp=0 seg=150 single=24 snapSq=1 snapNpc=0 reissueSq=544 reissueNpc=0 restFlip=0 delay=156 jit=28.5 starve=0 snapMid=0 restFlipMid=0
[21:27:00.537] [JOIN] INFO: [interp] worstZero hand=1,50048828 zero=33 active=12339 seg=81
[21:27:00.703] [JOIN] INFO: [inv] APPLY hand=1,34,22094726,1,50048828 items=8
[21:27:00.869] [JOIN] INFO: [ai] suspended=1 driven=1
[21:27:00.869] [JOIN] INFO: [trust] trusted=0 driven=1 grants=0 revokes=0
[21:27:01.638] [JOIN] INFO: [stats] RECV hand=1,50048828 ok=1 str=5.8 dex=37.2 tough=11.9 stealth=20.0 athl=11.3 xp=0
[21:27:02.232] [JOIN] INFO: [spawn] INFO send hand=1,46,3989257728,5,566528320 found=1 dead=0 age=1.00 sid='50517-rebirth.mod' fac='518-gamedata.base'
[21:27:02.232] [JOIN] INFO: [spawn] INFO send hand=1,46,3989257728,6,727050752 found=1 dead=0 age=1.00 sid='50517-rebirth.mod' fac='518-gamedata.base'
[21:27:02.232] [JOIN] INFO: [spawn] INFO send hand=1,46,3989257728,7,3980835072 found=1 dead=0 age=1.00 sid='50517-rebirth.mod' fac='518-gamedata.base'
[21:27:02.232] [JOIN] INFO: [spawn] INFO send hand=1,46,3989257728,8,3369506816 found=1 dead=0 age=1.00 sid='50517-rebirth.mod' fac='518-gamedata.base'
[21:27:02.232] [JOIN] INFO: [spawn] INFO send hand=1,46,3989257728,9,1750488320 found=1 dead=0 age=1.00 sid='50517-rebirth.mod' fac='518-gamedata.base'
[21:27:02.232] [JOIN] INFO: [spawn] INFO send hand=1,46,3989257728,10,3996093696 found=1 dead=0 age=1.00 sid='50517-rebirth.mod' fac='518-gamedata.base'
[21:27:02.232] [JOIN] INFO: [spawn] INFO send hand=1,46,3989257728,11,1672729472 found=1 dead=0 age=1.00 sid='50517-rebirth.mod' fac='518-gamedata.base'
[21:27:02.232] [JOIN] INFO: [spawn] INFO send hand=1,46,3989257728,12,1112304640 found=1 dead=0 age=1.00 sid='50517-rebirth.mod' fac='518-gamedata.base'
[21:27:02.232] [JOIN] INFO: [spawn] INFO send hand=1,46,3989257728,17,1795410176 found=1 dead=0 age=1.00 sid='50517-rebirth.mod' fac='518-gamedata.base'
[21:27:02.232] [JOIN] INFO: [spawn] INFO send hand=1,46,3989257728,18,2008544896 found=1 dead=0 age=1.00 sid='50517-rebirth.mod' fac='518-gamedata.base'
[21:27:02.232] [JOIN] INFO: [spawn] INFO send hand=1,46,3989257728,19,1180786176 found=1 dead=0 age=1.00 sid='50517-rebirth.mod' fac='518-gamedata.base'
[21:27:02.232] [JOIN] INFO: [spawn] INFO send hand=1,46,3989257728,20,3356811520 found=1 dead=0 age=1.00 sid='50517-rebirth.mod' fac='518-gamedata.base'
[21:27:03.559] [JOIN] INFO: [cam] hints recv n=1 p1=-5334,-132551
[21:27:03.656] [JOIN] INFO: [stats] RECV hand=1,50048828 ok=1 str=5.8 dex=37.2 tough=11.9 stealth=20.0 athl=11.4 xp=0
[21:27:03.874] [JOIN] INFO: [ai] suspended=1 driven=1
[21:27:03.874] [JOIN] INFO: [trust] trusted=0 driven=1 grants=0 revokes=0
[21:27:04.298] [JOIN] INFO: [spawn] INFO send hand=1,46,3989257728,9,1750488320 found=1 dead=0 age=1.00 sid='50517-rebirth.mod' fac='518-gamedata.base'
[21:27:04.298] [JOIN] INFO: [spawn] INFO send hand=1,46,3989257728,10,3996093696 found=1 dead=0 age=1.00 sid='50517-rebirth.mod' fac='518-gamedata.base'
[21:27:04.298] [JOIN] INFO: [spawn] INFO send hand=1,46,3989257728,11,1672729472 found=1 dead=0 age=1.00 sid='50517-rebirth.mod' fac='518-gamedata.base'
[21:27:04.298] [JOIN] INFO: [spawn] INFO send hand=1,46,3989257728,12,1112304640 found=1 dead=0 age=1.00 sid='50517-rebirth.mod' fac='518-gamedata.base'
[21:27:04.298] [JOIN] INFO: [spawn] INFO send hand=1,46,3989257728,17,1795410176 found=1 dead=0 age=1.00 sid='50517-rebirth.mod' fac='518-gamedata.base'
[21:27:04.298] [JOIN] INFO: [spawn] INFO send hand=1,46,3989257728,18,2008544896 found=1 dead=0 age=1.00 sid='50517-rebirth.mod' fac='518-gamedata.base'
[21:27:04.298] [JOIN] INFO: [spawn] INFO send hand=1,46,3989257728,19,1180786176 found=1 dead=0 age=1.00 sid='50517-rebirth.mod' fac='518-gamedata.base'
[21:27:04.298] [JOIN] INFO: [spawn] INFO send hand=1,46,3989257728,20,3356811520 found=1 dead=0 age=1.00 sid='50517-rebirth.mod' fac='518-gamedata.base'
[21:27:05.434] [JOIN] INFO: [cam] center=-4501.5,700.6,-132421.8
[21:27:05.537] [JOIN] INFO: [interp] lerp=16274 extrap=1883 clamp=0 seg=150 single=24 snapSq=1 snapNpc=0 reissueSq=594 reissueNpc=0 restFlip=0 delay=200 jit=43.8 starve=0 snapMid=0 restFlipMid=0
[21:27:05.537] [JOIN] INFO: [interp] worstZero hand=1,50048828 zero=33 active=13317 seg=186
[21:27:05.686] [JOIN] INFO: [inv] APPLY hand=1,34,22094726,1,50048828 items=8
[21:27:05.993] [JOIN] INFO: [census] sent n=70 radius=2000 mid=48
[21:27:06.559] [JOIN] INFO: [med] SEND hand=14,3163940352 npc=1 blood=78.0 bleed=0.00 fl=80.0,80.0,80.0,80.0 bd=0.0,0.0,0.0,0.0 flags=0 nparts=7 pmin=80.0 smin=0.0 ls=0,0,0,0
[21:27:06.874] [JOIN] INFO: [ai] suspended=1 driven=1
[21:27:06.874] [JOIN] INFO: [trust] trusted=0 driven=1 grants=0 revokes=0
[21:27:06.931] [JOIN] INFO: [stats] RECV hand=1,50048828 ok=1 str=5.8 dex=37.2 tough=11.9 stealth=20.0 athl=11.5 xp=0
[21:27:07.236] [JOIN] INFO: [med] SEND hand=13,1166503936 npc=1 blood=77.9 bleed=0.00 fl=80.0,80.0,80.0,80.0 bd=0.0,0.0,0.0,0.0 flags=0 nparts=7 pmin=80.0 smin=0.0 ls=0,0,0,0
[21:27:08.153] [JOIN] INFO: [spawn] INFO send hand=1,46,3989257728,17,1795410176 found=1 dead=0 age=1.00 sid='50517-rebirth.mod' fac='518-gamedata.base'
[21:27:08.153] [JOIN] INFO: [spawn] INFO send hand=1,46,3989257728,18,2008544896 found=1 dead=0 age=1.00 sid='50517-rebirth.mod' fac='518-gamedata.base'
[21:27:08.153] [JOIN] INFO: [spawn] INFO send hand=1,46,3989257728,19,1180786176 found=1 dead=0 age=1.00 sid='50517-rebirth.mod' fac='518-gamedata.base'
[21:27:08.153] [JOIN] INFO: [spawn] INFO send hand=1,46,3989257728,20,3356811520 found=1 dead=0 age=1.00 sid='50517-rebirth.mod' fac='518-gamedata.base'
[21:27:08.572] [JOIN] INFO: [cam] hints recv n=1 p1=-5276,-132665
[21:27:08.697] [JOIN] INFO: [med] SEND hand=1,1803832960 npc=0 blood=79.9 bleed=0.00 fl=100.0,100.0,96.5,100.0 bd=0.0,0.0,3.5,0.0 flags=0 nparts=7 pmin=85.3 smin=0.0 ls=0,0,0,0
[21:27:09.096] [JOIN] INFO: [med] SEND hand=1,1803832960 npc=0 blood=79.9 bleed=0.00 fl=100.0,100.0,96.5,100.0 bd=0.0,0.0,3.5,0.0 flags=0 nparts=7 pmin=85.3 smin=0.0 ls=0,0,0,0
[21:27:09.876] [JOIN] INFO: [ai] suspended=1 driven=1
[21:27:09.876] [JOIN] INFO: [trust] trusted=0 driven=1 grants=0 revokes=0
[21:27:10.037] [JOIN] INFO: [med] SEND hand=1,1803832960 npc=0 blood=79.9 bleed=0.00 fl=100.0,100.0,96.5,100.0 bd=0.0,0.0,3.5,0.0 flags=0 nparts=7 pmin=85.3 smin=0.0 ls=0,0,0,0
[21:27:10.168] [JOIN] INFO: [med] SEND hand=13,1166503936 npc=1 blood=78.0 bleed=0.00 fl=80.0,80.0,80.0,80.0 bd=0.0,0.0,0.0,0.0 flags=0 nparts=7 pmin=80.0 smin=0.0 ls=0,0,0,0
[21:27:10.430] [JOIN] INFO: [cam] center=-5244.2,495.9,-132658.8
[21:27:10.541] [JOIN] INFO: [interp] lerp=17178 extrap=1922 clamp=0 seg=150 single=24 snapSq=1 snapNpc=0 reissueSq=623 reissueNpc=0 restFlip=0 delay=141 jit=18.3 starve=0 snapMid=0 restFlipMid=0
[21:27:10.541] [JOIN] INFO: [interp] worstZero hand=1,50048828 zero=39 active=13734 seg=106
[21:27:10.686] [JOIN] INFO: [inv] APPLY hand=1,34,22094726,1,50048828 items=8
[21:27:11.931] [JOIN] INFO: [stats] RECV hand=1,50048828 ok=1 str=5.8 dex=37.2 tough=11.9 stealth=20.0 athl=11.6 xp=0
[21:27:12.877] [JOIN] INFO: [ai] suspended=1 driven=1
[21:27:12.877] [JOIN] INFO: [trust] trusted=0 driven=1 grants=0 revokes=0
[21:27:13.698] [JOIN] INFO: [cam] hints recv n=1 p1=-5276,-132665
[21:27:15.430] [JOIN] INFO: [cam] center=-5247.2,495.1,-132675.1
[21:27:15.544] [JOIN] INFO: [interp] lerp=18323 extrap=2012 clamp=0 seg=150 single=24 snapSq=1 snapNpc=0 reissueSq=629 reissueNpc=0 restFlip=0 delay=175 jit=36.0 starve=0 snapMid=0 restFlipMid=0
[21:27:15.544] [JOIN] INFO: [interp] worstZero hand=1,50048828 zero=43 active=13896 seg=92
[21:27:15.721] [JOIN] INFO: [inv] APPLY hand=1,34,22094726,1,50048828 items=8
[21:27:15.878] [JOIN] INFO: [ai] suspended=1 driven=1
[21:27:15.878] [JOIN] INFO: [trust] trusted=0 driven=1 grants=0 revokes=0
[21:27:16.006] [JOIN] INFO: [census] sent n=70 radius=2000 mid=48
[21:27:17.035] [JOIN] INFO: [med] SEND hand=1,1803832960 npc=0 blood=79.9 bleed=0.00 fl=100.0,100.0,96.7,100.0 bd=0.0,0.0,3.3,0.0 flags=0 nparts=7 pmin=85.5 smin=0.0 ls=0,0,0,0
[21:27:17.062] [JOIN] INFO: [stats] RECV hand=1,50048828 ok=1 str=5.8 dex=37.2 tough=11.9 stealth=20.0 athl=11.6 xp=0
[21:27:17.435] [JOIN] INFO: [med] SEND hand=1,1803832960 npc=0 blood=79.9 bleed=0.00 fl=100.0,100.0,96.7,100.0 bd=0.0,0.0,3.3,0.0 flags=0 nparts=7 pmin=85.5 smin=0.0 ls=0,0,0,0
[21:27:18.884] [JOIN] INFO: [ai] suspended=1 driven=1
[21:27:18.884] [JOIN] INFO: [trust] trusted=0 driven=1 grants=0 revokes=0
[21:27:19.655] [JOIN] INFO: [cam] hints recv n=1 p1=-5268,-132699
[21:27:20.146] [JOIN] INFO: [med] SEND hand=1,1803832960 npc=0 blood=79.9 bleed=0.00 fl=100.0,100.0,96.8,100.0 bd=0.0,0.0,3.2,0.0 flags=0 nparts=7 pmin=85.6 smin=0.0 ls=0,0,0,0
[21:27:20.432] [JOIN] INFO: [cam] center=-5254.0,497.6,-132639.3
[21:27:20.546] [JOIN] INFO: [interp] lerp=19181 extrap=2122 clamp=0 seg=150 single=24 snapSq=1 snapNpc=0 reissueSq=629 reissueNpc=0 restFlip=0 delay=162 jit=28.0 starve=0 snapMid=0 restFlipMid=0
[21:27:20.546] [JOIN] INFO: [interp] worstZero hand=1,50048828 zero=43 active=13941 seg=113
[21:27:20.702] [JOIN] INFO: [inv] APPLY hand=1,34,22094726,1,50048828 items=8
[21:27:21.887] [JOIN] INFO: [ai] suspended=1 driven=1
[21:27:21.887] [JOIN] INFO: [trust] trusted=0 driven=1 grants=0 revokes=0
[21:27:21.965] [JOIN] INFO: [stats] RECV hand=1,50048828 ok=1 str=5.8 dex=37.2 tough=11.9 stealth=20.0 athl=11.6 xp=0
[21:27:24.887] [JOIN] INFO: [ai] suspended=1 driven=1
[21:27:24.887] [JOIN] INFO: [trust] trusted=0 driven=1 grants=0 revokes=0
[21:27:25.320] [JOIN] INFO: [speed] REQ mult=0.00 paused=1 combat=0
[21:27:25.320] [JOIN] INFO: [speed] SET mult=0.00 paused=1 combat=0 (my=0.00 p1=2.00)
[21:27:25.434] [JOIN] INFO: [cam] center=-5356.5,465.6,-132679.4
[21:27:25.548] [JOIN] INFO: [interp] lerp=20297 extrap=2198 clamp=0 seg=150 single=24 snapSq=1 snapNpc=0 reissueSq=629 reissueNpc=0 restFlip=0 delay=125 jit=13.5 starve=0 snapMid=0 restFlipMid=0
[21:27:25.549] [JOIN] INFO: [interp] worstZero hand=1,50048828 zero=43 active=13941 seg=82
[21:27:25.688] [JOIN] INFO: [cam] hints recv n=1 p1=-5268,-132699
[21:27:25.762] [JOIN] INFO: [inv] APPLY hand=1,34,22094726,1,50048828 items=8
[21:27:26.024] [JOIN] INFO: [census] sent n=70 radius=2000 mid=48
[21:27:26.996] [JOIN] INFO: [stats] RECV hand=1,50048828 ok=1 str=5.8 dex=37.2 tough=11.9 stealth=20.0 athl=11.6 xp=0
[21:27:27.893] [JOIN] INFO: [ai] suspended=1 driven=1
[21:27:27.893] [JOIN] INFO: [trust] trusted=0 driven=1 grants=0 revokes=0
[21:27:29.533] [JOIN] INFO: [save] LOCAL-SAVE name='duo EV' autosave=0 suppressed=0
[21:27:29.537] [JOIN] INFO: [save] WATCH armed folder='C:\Users\Zach Pieper\AppData\Local\kenshi\save\duo EV' baseFiles=37 baseBytes=4992656
[21:27:29.735] [JOIN] INFO: [speed] REQ mult=1.00 paused=0 combat=0
[21:27:29.735] [JOIN] INFO: [speed] SET mult=1.00 paused=0 combat=0 (my=1.00 p1=2.00)
[21:27:30.235] [JOIN] INFO: [speed] REQ mult=0.00 paused=1 combat=0
[21:27:30.235] [JOIN] INFO: [speed] SET mult=0.00 paused=1 combat=0 (my=0.00 p1=2.00)
[21:27:30.429] [JOIN] INFO: [cam] center=-5356.5,465.6,-132679.4
[21:27:30.552] [JOIN] INFO: [interp] lerp=21421 extrap=2235 clamp=0 seg=150 single=24 snapSq=1 snapNpc=0 reissueSq=629 reissueNpc=0 restFlip=0 delay=200 jit=21.1 starve=0 snapMid=0 restFlipMid=0
[21:27:30.552] [JOIN] INFO: [interp] worstZero hand=1,50048828 zero=43 active=13941 seg=58
[21:27:30.564] [JOIN] INFO: [speed] REQ mult=1.00 paused=0 combat=0
[21:27:30.564] [JOIN] INFO: [speed] SET mult=1.00 paused=0 combat=0 (my=1.00 p1=2.00)
[21:27:30.688] [JOIN] INFO: [cam] hints recv n=1 p1=-5268,-132699
[21:27:30.797] [JOIN] INFO: [inv] APPLY hand=1,34,22094726,1,50048828 items=8
[21:27:30.896] [JOIN] INFO: [ai] suspended=1 driven=1
[21:27:30.896] [JOIN] INFO: [trust] trusted=0 driven=1 grants=0 revokes=0
[21:27:31.273] [JOIN] INFO: [save] QUIESCED kind=settled name='duo EV' files=34 bytes=3966164 waitMs=1750
[21:27:31.273] [JOIN] INFO: [save] XFER-BEGIN id=3 name='duo EV' files=34 bytes=3966164
[21:27:32.407] [JOIN] INFO: [speed] REQ mult=0.00 paused=1 combat=0
[21:27:32.407] [JOIN] INFO: [speed] SET mult=0.00 paused=1 combat=0 (my=0.00 p1=2.00)
[21:27:33.171] [JOIN] INFO: [save] XFER-SENT id=3 files=34 bytes=3966164 ms=1890
