[15:40:06.518] [HOST] INFO: log opened (previous run preserved as *.log.prev)
[15:40:06.518] [HOST] INFO: KenshiCoop loaded! (clean rebuild)
[15:40:06.519] [HOST] INFO: KenshiCoop: build Aug  6 2026 21:32:36
[15:40:06.519] [HOST] INFO: KenshiCoop: role=HOST proto=v46 port=27800 save=''
[15:40:06.519] [HOST] INFO: KenshiCoop: effective cfg scenario='' transport=steam on=[inv,xfer,world,med,speed,stats,carry,furn,chain,stealth,spawn,recruit,faction,time,door,build,bdoor,hunger,save,load,prod,research,store,squad,latejoin,aiSuspend,gateAuth,camInterest,censusFreezeAi] off=[blockXfer,money] censusR=2000 mintR=600 park=120 snap=8.0/0.75s armMs=45000
[15:40:06.544] [HOST] INFO: [engine] CAPS saveload=1 savepath=1 hand_resolve=1 npc_stream=1 limb=1 stats=1 carry=1 furniture=1 chain=1 shackle=1 slave=1 stealth=1 camera=1 speed=1 quiet_speed=1 door=1 build=1 machine=1 time=1 wallet=1 faction=1 combat_escalate=1
[15:40:06.545] [HOST] INFO: KenshiCoop: ownership ranks = {0} (bidirectional presence)
[15:40:06.545] [HOST] INFO: KenshiCoop: interp delay=50-200ms extrap=250ms stale=2000ms snap=50u drive catchupK=2.00 snapDist=8.0u snapSec=0.75 sendStamp=1 census=2000u mint=600u park=120u starveHold=10000ms
[15:40:06.571] [HOST] INFO: [ai] periodicUpdate detour installed; AI-suspend ON (default)
[15:40:06.596] [HOST] INFO: [dmg] hitByMeleeAttack detour installed; damage guard ON (host, driven peer-squad bodies)
[15:40:06.620] [HOST] INFO: [wi] dropItem detour installed; query-free drop capture ON
[15:40:06.644] [HOST] INFO: [recruit] recruit detour installed; recruitment sync ON
[15:40:06.669] [HOST] INFO: [build] placeFinalPreviewBuilding detour installed; placement logging ON
[15:40:06.693] [HOST] INFO: [build] dismantle detour installed; removal logging ON
[15:40:06.742] [HOST] INFO: [fac] affectRelations detours installed; relation logging ON
[15:40:06.767] [HOST] INFO: [save] save detour installed; coordinated save ON
[15:40:06.817] [HOST] INFO: [load] load detour installed; coordinated load ON
[15:40:06.842] [HOST] INFO: KenshiCoop: title hook armed (F2 panel + push-on-connect at menu; no auto-load save)
[15:40:06.843] [HOST] INFO: [steam] id=76561199025713332 loggedOn=1 iface=SteamNetworking005
[15:40:06.843] [HOST] INFO: [invite] ready: mm=SteamMatchMaking009 friends=SteamFriends015 (in-panel friend picker armed)
[15:40:06.843] [HOST] INFO: KenshiCoop: session DEFERRED - press F2 in-game to pick role/transport, enter the friend's Steam ID, and check CONNECTED
[15:40:08.299] [HOST] INFO: [boot] title-tick running=0 host=1 started=0 saveEmpty=1
[15:40:08.300] [HOST] INFO: [coop-ui] gui ptr=00007FF66F952750
[15:40:11.523] [HOST] INFO: [steam] accepted inbound session from 76561198346257175
[15:40:29.048] [HOST] INFO: [load] LOCAL-LOAD name='DUO' suppressed=0 bypass=0 via=menu
[15:40:31.842] [HOST] INFO: [coop-ui] panel opened
[15:40:34.964] [HOST] INFO: KenshiCoop: gameplay started
[15:40:34.964] [HOST] INFO: [load] 1 pre-gameplay load edge(s) discarded (title-screen auto-load)
[15:40:35.044] [HOST] INFO: [speed] intent hooks installed (setGameSpeed/userPause/togglePause)
[15:40:35.044] [HOST] INFO: [event] SEND id=1 ev=1 hand=1,1,3629760768,1,1913818368 actor=0,0 bs 0->3
[15:40:35.044] [HOST] INFO: [event] SEND id=2 ev=2 hand=1,447,3477661184,1,746337920 actor=0,0 bs 0->7
[15:40:35.044] [HOST] INFO: [event] SEND id=3 ev=1 hand=1,471,490478528,1,637207040 actor=0,0 bs 0->3
[15:40:35.044] [HOST] INFO: [event] SEND id=4 ev=1 hand=1,467,483642592,1,2005981440 actor=0,0 bs 0->3
[15:40:35.044] [HOST] INFO: [wi] BASELINE seeded=0 (save-native, never-stream)
[15:40:35.044] [HOST] INFO: [med] SEND hand=1,1913818368 npc=0 blood=134.2 bleed=0.00 fl=100.0,100.0,100.0,100.0 bd=0.0,0.0,0.0,0.0 flags=1 nparts=7 pmin=100.0 smin=0.0 ls=0,0,0,0
[15:40:35.045] [HOST] INFO: [med] SEND hand=1,746337920 npc=1 blood=185.8 bleed=0.00 fl=81.7,-239.1,119.4,139.4 bd=0.0,0.0,0.0,0.0 flags=3 nparts=7 pmin=79.5 smin=0.0 ls=0,0,0,0
[15:40:35.045] [HOST] INFO: [med] SEND hand=1,2005981440 npc=1 blood=57.0 bleed=0.00 fl=54.6,100.0,100.0,100.0 bd=0.0,0.0,0.0,0.0 flags=1 nparts=7 pmin=54.6 smin=0.0 ls=0,0,0,0
[15:40:35.045] [HOST] INFO: [med] SEND hand=1,637207040 npc=1 blood=103.3 bleed=0.01 fl=61.3,113.3,138.7,62.2 bd=0.0,0.0,0.0,0.0 flags=1 nparts=7 pmin=39.5 smin=0.0 ls=0,0,0,0
[15:40:35.045] [HOST] INFO: [stats] SEND hand=1,1913818368 str=78.9 dex=21.9 tough=53.9 stealth=86.6 athl=69.9 xp=0 fap=0
[15:40:35.064] [HOST] INFO: [r401] lever scan isKnown=00007ff66e04e430 can=00007ff66e0520d0 start=00007ff66e053680
[15:40:35.064] [HOST] INFO: [r401] levers located by prologue scan
[15:40:35.064] [HOST] INFO: [research] SEND sid='5359-gamedata.base' seq=1
[15:40:35.064] [HOST] INFO: [speed] REQ mult=1.00 paused=0 combat=0
[15:40:35.064] [HOST] INFO: [speed] SET mult=1.00 paused=0 combat=0 (my=1.00)
[15:40:35.066] [HOST] INFO: [ai] suspended=0 driven=0
[15:40:35.066] [HOST] INFO: [census] sent n=21 radius=2000 mid=17
[15:40:35.066] [HOST] INFO: [cam] center=-37191.6,504.1,2403.5
[15:40:35.090] [HOST] INFO: [taskkey] key=215 desc='Mission formation' repro=0 subject=0
[15:40:35.093] [HOST] INFO: [taskkey] key=22 desc='Patrolling' repro=0 subject=0
[15:40:35.093] [HOST] INFO: [taskkey] key=141 desc='Following leader' repro=0 subject=1
[15:40:35.115] [HOST] INFO: [taskkey] key=1 desc='Moving' repro=0 subject=1
[15:40:35.395] [HOST] INFO: [inv] SEND hand=1,1,3629760768,1,1913818368 kind=0 key=1,1,3629760768,1,1913818368 items=11 hash=3852448789
[15:40:36.044] [HOST] INFO: [med] SEND hand=1,637207040 npc=1 blood=103.2 bleed=0.01 fl=61.3,113.3,138.7,62.1 bd=0.0,0.0,0.0,0.0 flags=1 nparts=7 pmin=39.5 smin=0.0 ls=0,0,0,0
[15:40:36.090] [HOST] INFO: [med] SEND hand=1,2005981440 npc=1 blood=57.1 bleed=0.00 fl=54.6,100.0,100.0,100.0 bd=0.0,0.0,0.0,0.0 flags=1 nparts=7 pmin=54.6 smin=0.0 ls=0,0,0,0
[15:40:36.853] [HOST] INFO: [fac] AFFECT-EV me='40544-rebirth.mod' whom='56128-rebirth.mod' event=1 mult=0.000 after=0.00 skipped=0
[15:40:36.859] [HOST] INFO: [fac] AFFECT-EV me='56128-rebirth.mod' whom='40544-rebirth.mod' event=0 mult=0.000 after=0.00 skipped=0
[15:40:37.010] [HOST] INFO: [taskkey] key=87 desc='Operating machine' repro=1 subject=1
[15:40:37.011] [HOST] INFO: [seatres] HOST task=87 npc=4,2040161152 subj=860,3075317504 ok=1 npcpos=-37664.0,2342.9 subjpos=-37664.0,2342.9 d=0.0
[15:40:37.046] [HOST] INFO: [med] SEND hand=1,637207040 npc=1 blood=103.2 bleed=0.01 fl=61.3,113.3,138.7,62.1 bd=0.0,0.0,0.0,0.0 flags=1 nparts=7 pmin=39.5 smin=0.0 ls=0,0,0,0
[15:40:37.131] [HOST] INFO: [med] SEND hand=1,2005981440 npc=1 blood=57.2 bleed=0.00 fl=54.6,100.0,100.0,100.0 bd=0.0,0.0,0.0,0.0 flags=1 nparts=7 pmin=54.6 smin=0.0 ls=0,0,0,0
[15:40:38.024] [HOST] INFO: [seatres] HOST task=87 npc=8,3380737280 subj=847,2201538048 ok=1 npcpos=-37611.1,2295.6 subjpos=-37618.3,2294.0 d=7.4
[15:40:38.048] [HOST] INFO: [med] SEND hand=1,637207040 npc=1 blood=103.2 bleed=0.01 fl=61.3,113.3,138.7,62.1 bd=0.0,0.0,0.0,0.0 flags=1 nparts=7 pmin=39.5 smin=0.0 ls=0,0,0,0
[15:40:38.068] [HOST] INFO: [ai] suspended=0 driven=0
[15:40:38.143] [HOST] INFO: [med] SEND hand=1,2005981440 npc=1 blood=57.2 bleed=0.00 fl=54.6,100.0,100.0,100.0 bd=0.0,0.0,0.0,0.0 flags=1 nparts=7 pmin=54.6 smin=0.0 ls=0,0,0,0
[15:40:38.351] [HOST] INFO: [seatres] HOST task=87 npc=12,3937744128 subj=857,3486328064 ok=1 npcpos=-37663.9,2322.9 subjpos=-37661.5,2315.2 d=8.1
[15:40:38.493] [HOST] INFO: [seatres] HOST task=87 npc=10,663696320 subj=855,2345703168 ok=1 npcpos=-37593.3,2311.2 subjpos=-37593.3,2311.2 d=0.0
[15:40:38.493] [HOST] INFO: [seatres] HOST task=87 npc=1,2277710080 subj=861,212036128 ok=1 npcpos=-37619.5,2311.9 subjpos=-37626.9,2305.9 d=9.6
[15:40:38.844] [HOST] INFO: [seatres] HOST task=87 npc=7,836669952 subj=856,3691162112 ok=1 npcpos=-37650.2,2336.5 subjpos=-37643.6,2330.3 d=9.0
[15:40:38.904] [HOST] INFO: [seatres] HOST task=87 npc=6,1523559552 subj=859,619873024 ok=1 npcpos=-37597.2,2299.7 subjpos=-37605.0,2296.9 d=8.3
[15:40:39.050] [HOST] INFO: [med] SEND hand=1,637207040 npc=1 blood=103.2 bleed=0.01 fl=61.3,113.3,138.7,62.1 bd=0.0,0.0,0.0,0.0 flags=1 nparts=7 pmin=39.5 smin=0.0 ls=0,0,0,0
[15:40:39.195] [HOST] INFO: [med] SEND hand=1,2005981440 npc=1 blood=57.3 bleed=0.00 fl=54.6,100.0,100.0,100.0 bd=0.0,0.0,0.0,0.0 flags=1 nparts=7 pmin=54.6 smin=0.0 ls=0,0,0,0
[15:40:39.367] [HOST] INFO: [seatres] HOST task=87 npc=6,1953369088 subj=858,18310546 ok=1 npcpos=-37639.9,2305.0 subjpos=-37639.9,2305.0 d=0.0
[15:40:40.054] [HOST] INFO: [cam] center=-37191.6,504.1,2403.5
[15:40:40.056] [HOST] INFO: [med] SEND hand=1,637207040 npc=1 blood=103.2 bleed=0.01 fl=61.3,113.3,138.7,62.1 bd=0.0,0.0,0.0,0.0 flags=1 nparts=7 pmin=39.5 smin=0.0 ls=0,0,0,0
[15:40:40.197] [HOST] INFO: [med] SEND hand=1,2005981440 npc=1 blood=57.3 bleed=0.00 fl=54.6,100.0,100.0,100.0 bd=0.0,0.0,0.0,0.0 flags=1 nparts=7 pmin=54.6 smin=0.0 ls=0,0,0,0
[15:40:40.708] [HOST] INFO: [seatres] HOST task=87 npc=5,3521606400 subj=854,3958496000 ok=1 npcpos=-37646.8,2272.7 subjpos=-37646.8,2272.7 d=0.0
[15:40:40.708] [HOST] INFO: [seatres] HOST task=87 npc=2,3667846656 subj=853,491577152 ok=1 npcpos=-37627.9,2286.8 subjpos=-37627.9,2286.8 d=0.0
[15:40:41.056] [HOST] INFO: [med] SEND hand=1,637207040 npc=1 blood=103.2 bleed=0.01 fl=61.2,113.3,138.7,62.1 bd=0.0,0.0,0.0,0.0 flags=1 nparts=7 pmin=39.5 smin=0.0 ls=0,0,0,0
[15:40:41.071] [HOST] INFO: [ai] suspended=0 driven=0
[15:40:41.196] [HOST] INFO: [med] SEND hand=1,2005981440 npc=1 blood=57.4 bleed=0.00 fl=54.6,100.0,100.0,100.0 bd=0.0,0.0,0.0,0.0 flags=1 nparts=7 pmin=54.6 smin=0.0 ls=0,0,0,0
[15:40:41.521] [HOST] INFO: [taskkey] key=65 desc='Getting up' repro=0 subject=0
[15:40:41.572] [HOST] INFO: [seatres] HOST task=87 npc=9,3555419904 subj=862,1175048832 ok=1 npcpos=-37581.1,2292.8 subjpos=-37581.1,2292.8 d=0.0
[15:40:42.047] [HOST] INFO: [fac] AFFECT-EV me='40544-rebirth.mod' whom='56128-rebirth.mod' event=3 mult=0.000 after=0.00 skipped=9
[15:40:42.057] [HOST] INFO: [med] SEND hand=1,637207040 npc=1 blood=103.2 bleed=0.01 fl=61.2,113.3,138.7,62.1 bd=0.0,0.0,0.0,0.0 flags=1 nparts=7 pmin=39.4 smin=0.0 ls=0,0,0,0
[15:40:42.142] [HOST] INFO: [fac] AFFECT-EV me='56128-rebirth.mod' whom='40544-rebirth.mod' event=1 mult=0.000 after=0.00 skipped=14
[15:40:42.197] [HOST] INFO: [med] SEND hand=1,2005981440 npc=1 blood=57.5 bleed=0.00 fl=54.6,100.0,100.0,100.0 bd=0.0,0.0,0.0,0.0 flags=1 nparts=7 pmin=54.6 smin=0.0 ls=0,0,0,0
[15:40:42.641] [HOST] INFO: [med] SEND hand=1,1913818368 npc=0 blood=134.2 bleed=0.00 fl=100.0,100.0,100.0,100.0 bd=0.0,0.0,0.0,0.0 flags=1 nparts=7 pmin=100.0 smin=0.0 ls=0,0,0,0
[15:40:43.060] [HOST] INFO: [med] SEND hand=1,637207040 npc=1 blood=103.2 bleed=0.01 fl=61.2,113.3,138.7,62.1 bd=0.0,0.0,0.0,0.0 flags=1 nparts=7 pmin=39.4 smin=0.0 ls=0,0,0,0
[15:40:43.186] [HOST] INFO: [med] SEND hand=1,1913818368 npc=0 blood=134.2 bleed=0.00 fl=100.0,100.0,100.0,100.0 bd=0.0,0.0,0.0,0.0 flags=1 nparts=7 pmin=100.0 smin=0.0 ls=0,0,0,0
[15:40:43.200] [HOST] INFO: [med] SEND hand=1,2005981440 npc=1 blood=57.5 bleed=0.00 fl=54.5,100.0,100.0,100.0 bd=0.0,0.0,0.0,0.0 flags=1 nparts=7 pmin=54.5 smin=0.0 ls=0,0,0,0
[15:40:43.687] [HOST] INFO: [coop-ui] panel closed
[15:40:43.691] [HOST] INFO: [speed] REQ mult=1.00 paused=0 combat=0
[15:40:43.728] [HOST] INFO: [seatres] HOST task=87 npc=11,3683593728 subj=876,3798461952 ok=1 npcpos=-37495.1,2417.0 subjpos=-37485.3,2416.6 d=9.7
[15:40:44.073] [HOST] INFO: [ai] suspended=0 driven=0
[15:40:44.111] [HOST] INFO: [med] SEND hand=1,637207040 npc=1 blood=103.2 bleed=0.00 fl=61.2,113.3,138.7,62.1 bd=0.0,0.0,0.0,0.0 flags=1 nparts=7 pmin=39.4 smin=0.0 ls=0,0,0,0
[15:40:44.203] [HOST] INFO: [med] SEND hand=1,2005981440 npc=1 blood=57.6 bleed=0.00 fl=54.5,100.0,100.0,100.0 bd=0.0,0.0,0.0,0.0 flags=1 nparts=7 pmin=54.5 smin=0.0 ls=0,0,0,0
[15:40:44.309] [HOST] INFO: [coop-ui] panel opened
[15:40:44.316] [HOST] INFO: [speed] REQ mult=1.00 paused=0 combat=0
[15:40:44.346] [HOST] INFO: [seatres] HOST task=87 npc=13,3717895424 subj=875,214355472 ok=1 npcpos=-37465.3,2380.2 subjpos=-37458.1,2386.9 d=9.8
[15:40:44.847] [HOST] INFO: [seatres] HOST task=87 npc=3,1853149440 subj=874,3729248000 ok=1 npcpos=-37481.8,2369.0 subjpos=-37472.5,2372.4 d=9.9
[15:40:45.053] [HOST] INFO: [cam] center=-37191.6,504.1,2403.5
[15:40:45.081] [HOST] INFO: [census] sent n=21 radius=2000 mid=17
[15:40:45.111] [HOST] INFO: [med] SEND hand=1,637207040 npc=1 blood=103.1 bleed=0.00 fl=61.2,113.3,138.7,62.1 bd=0.0,0.0,0.0,0.0 flags=1 nparts=7 pmin=39.4 smin=0.0 ls=0,0,0,0
[15:40:45.266] [HOST] INFO: [med] SEND hand=1,2005981440 npc=1 blood=57.6 bleed=0.00 fl=54.5,100.0,100.0,100.0 bd=0.0,0.0,0.0,0.0 flags=1 nparts=7 pmin=54.5 smin=0.0 ls=0,0,0,0
[15:40:45.308] [HOST] INFO: [coop-ui] connection -> ONLINE
[15:40:45.311] [HOST] INFO: [coop-ui] CONNECT role=HOST transport=steam
[15:40:45.311] [HOST] INFO: [leave] cleared proxies=0
[15:40:45.311] [HOST] INFO: [leave] cleared worldProxies=0 (cleanup=0)
[15:40:45.311] [HOST] INFO: [load] session reset: pointer caches, session maps, change gates cleared
[15:40:45.311] [HOST] INFO: [dmg] role re-armed: HOST (own swings land natively)
[15:40:45.311] [HOST] INFO: [coop-ui] connect: role=HOST transport=steam peer=76561198346257175 ownRanks={0} src=role
[15:40:45.311] [HOST] INFO: [steam] tunnel peer=76561198346257175 slot=0 addr=1.0.0.1 (session pre-accepted)
[15:40:45.311] [HOST] INFO: [steam] transport=steam armed, 1 tunnel peer(s) (connect by SteamID; no port forwarding)
[15:40:45.311] [HOST] INFO: KenshiCoop: starting as HOST
[15:40:45.311] [HOST] INFO: [event] SEND id=5 ev=1 hand=1,1,3629760768,1,1913818368 actor=0,0 bs 0->3
[15:40:45.311] [HOST] INFO: [event] SEND id=6 ev=2 hand=1,447,3477661184,1,746337920 actor=0,0 bs 0->7
[15:40:45.311] [HOST] INFO: [event] SEND id=7 ev=1 hand=1,471,490478528,1,637207040 actor=0,0 bs 0->3
[15:40:45.311] [HOST] INFO: [event] SEND id=8 ev=1 hand=1,467,483642592,1,2005981440 actor=0,0 bs 0->3
[15:40:45.311] [HOST] INFO: [wi] BASELINE seeded=0 (save-native, never-stream)
[15:40:45.311] [HOST] INFO: [med] SEND hand=1,1913818368 npc=0 blood=134.2 bleed=0.00 fl=100.0,100.0,100.0,100.0 bd=0.0,0.0,0.0,0.0 flags=1 nparts=7 pmin=100.0 smin=0.0 ls=0,0,0,0
[15:40:45.311] [HOST] INFO: [med] SEND hand=1,746337920 npc=1 blood=185.8 bleed=0.00 fl=81.7,-239.1,119.4,139.4 bd=0.0,0.0,0.0,0.0 flags=3 nparts=7 pmin=79.5 smin=0.0 ls=0,0,0,0
[15:40:45.311] [HOST] INFO: [med] SEND hand=1,2005981440 npc=1 blood=57.6 bleed=0.00 fl=54.5,100.0,100.0,100.0 bd=0.0,0.0,0.0,0.0 flags=1 nparts=7 pmin=54.5 smin=0.0 ls=0,0,0,0
[15:40:45.311] [HOST] INFO: [med] SEND hand=1,637207040 npc=1 blood=103.1 bleed=0.00 fl=61.2,113.3,138.7,62.1 bd=0.0,0.0,0.0,0.0 flags=1 nparts=7 pmin=39.4 smin=0.0 ls=0,0,0,0
[15:40:45.311] [HOST] INFO: [stats] SEND hand=1,1913818368 str=78.9 dex=21.9 tough=53.9 stealth=86.6 athl=69.9 xp=0 fap=0
[15:40:45.311] [HOST] INFO: [steam] ENet socket hooks installed (tunnel on P2P channel 0)
[15:40:45.311] [HOST] INFO: [net] transport=steam (ENet tunnelled over Steam P2P)
[15:40:45.311] [HOST] INFO: [research] SEND sid='5359-gamedata.base' seq=2
[15:40:45.311] [HOST] INFO: [speed] REQ mult=1.00 paused=0 combat=0
[15:40:45.311] [HOST] INFO: [speed] SET mult=1.00 paused=0 combat=0 (my=1.00)
[15:40:45.311] [HOST] INFO: [net] hosting
[15:40:45.311] [HOST] INFO: [steam] session peer=76561198346257175 active=1 connecting=0 relay=0 err=0
[15:40:45.312] [HOST] INFO: [steam] first tunnel packet received from peer
[15:40:45.344] [HOST] INFO: [seatres] HOST task=87 npc=8,363281248 subj=867,640014656 ok=1 npcpos=-37669.0,2132.8 subjpos=-37672.0,2123.7 d=9.5
[15:40:45.486] [HOST] INFO: [net] peer connecting (awaiting HELLO)
[15:40:45.486] [HOST] INFO: [net] peer connected id=1 (proto v46) [2/3 players]
[15:40:45.488] [HOST] INFO: handshake: peer present id=1 (local id=0)
[15:40:45.488] [HOST] INFO: [latejoin] RESYNC place=0 remove=0 fac=0 door=0 bdoor=0 med=4 stats=1 money=0 inv=0 world=0 prod=0
[15:40:45.488] [HOST] INFO: [boot] baking save 'DUO' to push to join on connect
[15:40:45.488] [HOST] INFO: [save] LOCAL-SAVE name='DUO' autosave=0 suppressed=0
[15:40:45.488] [HOST] INFO: [med] SEND hand=1,2005981440 npc=1 blood=57.6 bleed=0.00 fl=54.5,100.0,100.0,100.0 bd=0.0,0.0,0.0,0.0 flags=1 nparts=7 pmin=54.5 smin=0.0 ls=0,0,0,0
[15:40:45.489] [HOST] INFO: [save] WATCH armed folder='C:\Users\Zach Pieper\AppData\Local\kenshi\save\DUO' baseFiles=84 baseBytes=6413925
[15:40:45.698] [HOST] INFO: [inv] SEND hand=1,1,3629760768,1,1913818368 kind=0 key=1,1,3629760768,1,1913818368 items=11 hash=3852448789
[15:40:45.698] [HOST] INFO: [speed] REQ mult=1.00 paused=0 combat=0
[15:40:46.542] [HOST] INFO: [med] SEND hand=1,637207040 npc=1 blood=103.1 bleed=0.00 fl=61.2,113.3,138.7,62.0 bd=0.0,0.0,0.0,0.0 flags=1 nparts=7 pmin=39.4 smin=0.0 ls=0,0,0,0
[15:40:46.578] [HOST] INFO: [med] SEND hand=1,2005981440 npc=1 blood=57.7 bleed=0.00 fl=54.5,100.0,100.0,100.0 bd=0.0,0.0,0.0,0.0 flags=1 nparts=7 pmin=54.5 smin=0.0 ls=0,0,0,0
[15:40:47.044] [HOST] INFO: [fac] AFFECT-EV me='40544-rebirth.mod' whom='56128-rebirth.mod' event=1 mult=0.000 after=0.00 skipped=25
[15:40:47.074] [HOST] INFO: [ai] suspended=0 driven=0
[15:40:47.255] [HOST] INFO: [fac] AFFECT-EV me='56128-rebirth.mod' whom='40544-rebirth.mod' event=1 mult=0.000 after=0.00 skipped=43
[15:40:47.288] [HOST] INFO: [save] QUIESCED kind=settled name='DUO' files=86 bytes=6542798 waitMs=1812
[15:40:47.440] [HOST] INFO: [boot] GO->join id=1 name='DUO' fp=bcd0dee2 (push on connect)
[15:40:47.545] [HOST] INFO: [med] SEND hand=1,637207040 npc=1 blood=103.1 bleed=0.00 fl=61.2,113.3,138.7,62.0 bd=0.0,0.0,0.0,0.0 flags=1 nparts=7 pmin=39.4 smin=0.0 ls=0,0,0,0
[15:40:47.568] [HOST] INFO: [load] NACK id=1 name='DUO' joinFp=2c091966 -> transfer after reload
[15:40:47.568] [HOST] INFO: [load] starting fallback transfer name='DUO'
[15:40:47.568] [HOST] INFO: [save] XFER-BEGIN id=1 name='DUO' files=86 bytes=6542798
[15:40:47.578] [HOST] INFO: [med] SEND hand=1,2005981440 npc=1 blood=57.7 bleed=0.00 fl=54.5,100.0,100.0,100.0 bd=0.0,0.0,0.0,0.0 flags=1 nparts=7 pmin=54.5 smin=0.0 ls=0,0,0,0
[15:40:48.578] [HOST] INFO: [med] SEND hand=1,2005981440 npc=1 blood=57.8 bleed=0.00 fl=54.5,100.0,100.0,100.0 bd=0.0,0.0,0.0,0.0 flags=1 nparts=7 pmin=54.5 smin=0.0 ls=0,0,0,0
[15:40:48.605] [HOST] INFO: [med] SEND hand=1,637207040 npc=1 blood=103.1 bleed=0.00 fl=61.2,113.3,138.7,62.0 bd=0.0,0.0,0.0,0.0 flags=1 nparts=7 pmin=39.3 smin=0.0 ls=0,0,0,0
[15:40:49.463] [HOST] INFO: [taskkey] key=6 desc='Equipping weapon' repro=0 subject=1
[15:40:49.471] [HOST] INFO: [fac] AFFECT-EV me='200-gamedata.base' whom='56128-rebirth.mod' event=1 mult=1.000 after=-90.05 skipped=0
[15:40:49.473] [HOST] INFO: [taskkey] key=227 desc='Attacking' repro=0 subject=1
[15:40:49.473] [HOST] INFO: [med] SEND hand=1,2819091712 npc=1 blood=82.4 bleed=0.00 fl=53.2,11.3,131.9,14.5 bd=0.0,0.0,0.0,0.0 flags=0 nparts=7 pmin=11.3 smin=0.0 ls=0,0,0,0
[15:40:49.473] [HOST] INFO: [med] SEND hand=5,3976684544 npc=1 blood=54.4 bleed=0.00 fl=74.2,100.0,80.2,100.0 bd=0.0,0.0,0.0,0.0 flags=0 nparts=7 pmin=53.9 smin=0.0 ls=0,0,0,0
[15:40:49.479] [HOST] INFO: [fac] AFFECT-EV me='56128-rebirth.mod' whom='200-gamedata.base' event=1 mult=0.000 after=-10.00 skipped=0
[15:40:49.480] [HOST] INFO: [taskkey] key=4 desc='Attacking' repro=0 subject=1
[15:40:49.606] [HOST] INFO: [med] SEND hand=1,637207040 npc=1 blood=103.1 bleed=0.00 fl=61.2,113.3,138.7,62.0 bd=0.0,0.0,0.0,0.0 flags=1 nparts=7 pmin=39.3 smin=0.0 ls=0,0,0,0
[15:40:49.632] [HOST] INFO: [med] SEND hand=1,2005981440 npc=1 blood=57.9 bleed=0.00 fl=54.5,100.0,100.0,100.0 bd=0.0,0.0,0.0,0.0 flags=1 nparts=7 pmin=54.5 smin=0.0 ls=0,0,0,0
[15:40:50.053] [HOST] INFO: [cam] center=-37191.6,504.1,2403.5
[15:40:50.075] [HOST] INFO: [ai] suspended=0 driven=0
[15:40:50.474] [HOST] INFO: [med] SEND hand=1,2819091712 npc=1 blood=82.5 bleed=0.00 fl=53.2,11.3,131.9,14.5 bd=0.0,0.0,0.0,0.0 flags=0 nparts=7 pmin=11.3 smin=0.0 ls=0,0,0,0
[15:40:50.480] [HOST] INFO: [med] SEND hand=5,3976684544 npc=1 blood=54.4 bleed=0.00 fl=74.1,100.0,80.2,100.0 bd=0.0,0.0,0.0,0.0 flags=0 nparts=7 pmin=53.8 smin=0.0 ls=0,0,0,0
[15:40:50.525] [HOST] INFO: [med] SEND hand=2,3667846656 npc=1 blood=87.4 bleed=0.00 fl=100.0,100.0,100.0,100.0 bd=0.0,0.0,0.0,0.0 flags=0 nparts=7 pmin=100.0 smin=0.0 ls=0,0,0,0
[15:40:50.607] [HOST] INFO: [med] SEND hand=1,637207040 npc=1 blood=103.1 bleed=0.00 fl=61.2,113.3,138.7,62.0 bd=0.0,0.0,0.0,0.0 flags=1 nparts=7 pmin=39.3 smin=0.0 ls=0,0,0,0
[15:40:50.633] [HOST] INFO: [med] SEND hand=1,2005981440 npc=1 blood=57.9 bleed=0.00 fl=54.5,100.0,100.0,100.0 bd=0.0,0.0,0.0,0.0 flags=1 nparts=7 pmin=54.5 smin=0.0 ls=0,0,0,0
[15:40:50.758] [HOST] INFO: [save] XFER-SENT id=1 files=86 bytes=6542798 ms=3203
[15:40:51.480] [HOST] INFO: [med] SEND hand=5,3976684544 npc=1 blood=44.2 bleed=0.02 fl=74.1,100.0,37.3,100.0 bd=0.0,0.0,0.0,0.0 flags=0 nparts=7 pmin=37.3 smin=0.0 ls=0,0,0,0
[15:40:51.544] [HOST] INFO: [med] SEND hand=1,2819091712 npc=1 blood=82.6 bleed=0.00 fl=53.2,11.3,131.9,14.5 bd=0.0,0.0,0.0,0.0 flags=0 nparts=7 pmin=11.3 smin=0.0 ls=0,0,0,0
[15:40:51.592] [HOST] INFO: [med] SEND hand=2,3667846656 npc=1 blood=87.4 bleed=0.00 fl=100.0,100.0,100.0,100.0 bd=0.0,0.0,0.0,0.0 flags=0 nparts=7 pmin=100.0 smin=0.0 ls=0,0,0,0
[15:40:51.608] [HOST] INFO: [med] SEND hand=1,637207040 npc=1 blood=103.2 bleed=0.00 fl=61.1,113.3,138.7,62.0 bd=0.0,0.0,0.0,0.0 flags=1 nparts=7 pmin=39.3 smin=0.0 ls=0,0,0,0
[15:40:51.633] [HOST] INFO: [med] SEND hand=1,2005981440 npc=1 blood=58.0 bleed=0.00 fl=54.5,100.0,100.0,100.0 bd=0.0,0.0,0.0,0.0 flags=1 nparts=7 pmin=54.5 smin=0.0 ls=0,0,0,0
[15:40:52.107] [HOST] INFO: [fac] AFFECT-EV me='40544-rebirth.mod' whom='56128-rebirth.mod' event=1 mult=0.000 after=0.00 skipped=33
[15:40:52.403] [HOST] INFO: [fac] AFFECT-EV me='56128-rebirth.mod' whom='40544-rebirth.mod' event=1 mult=0.000 after=0.00 skipped=54
[15:40:52.481] [HOST] INFO: [med] SEND hand=5,3976684544 npc=1 blood=33.8 bleed=0.04 fl=74.1,56.8,37.3,100.0 bd=0.0,0.0,0.0,0.0 flags=0 nparts=7 pmin=37.3 smin=0.0 ls=0,0,0,0
[15:40:52.545] [HOST] INFO: [med] SEND hand=1,2819091712 npc=1 blood=82.6 bleed=0.00 fl=53.2,11.3,131.9,14.5 bd=0.0,0.0,0.0,0.0 flags=0 nparts=7 pmin=11.3 smin=0.0 ls=0,0,0,0
[15:40:52.592] [HOST] INFO: [med] SEND hand=2,3667846656 npc=1 blood=87.4 bleed=0.00 fl=100.0,100.0,100.0,100.0 bd=0.0,0.0,0.0,0.0 flags=0 nparts=7 pmin=100.0 smin=0.0 ls=0,0,0,0
[15:40:52.608] [HOST] INFO: [med] SEND hand=1,637207040 npc=1 blood=103.3 bleed=0.00 fl=61.1,113.3,138.7,62.0 bd=0.0,0.0,0.0,0.0 flags=1 nparts=7 pmin=39.3 smin=0.0 ls=0,0,0,0
[15:40:52.634] [HOST] INFO: [med] SEND hand=1,2005981440 npc=1 blood=58.0 bleed=0.00 fl=54.5,100.0,100.0,100.0 bd=0.0,0.0,0.0,0.0 flags=1 nparts=7 pmin=54.5 smin=0.0 ls=0,0,0,0
[15:40:53.077] [HOST] INFO: [ai] suspended=0 driven=0
[15:40:53.482] [HOST] INFO: [med] SEND hand=5,3976684544 npc=1 blood=23.3 bleed=0.06 fl=74.1,56.8,37.3,100.0 bd=0.0,0.0,0.0,0.0 flags=0 nparts=7 pmin=13.1 smin=0.0 ls=0,0,0,0
[15:40:53.573] [HOST] INFO: [med] SEND hand=1,2819091712 npc=1 blood=82.7 bleed=0.00 fl=53.2,11.3,131.9,14.5 bd=0.0,0.0,0.0,0.0 flags=0 nparts=7 pmin=11.3 smin=0.0 ls=0,0,0,0
[15:40:53.586] [HOST] INFO: [speed] REQ mult=5.00 paused=0 combat=0
[15:40:53.586] [HOST] INFO: [speed] SET mult=5.00 paused=0 combat=0 (my=5.00)
[15:40:53.627] [HOST] INFO: [med] SEND hand=2,3667846656 npc=1 blood=87.4 bleed=0.00 fl=100.0,100.0,100.0,100.0 bd=0.0,0.0,0.0,0.0 flags=0 nparts=7 pmin=100.0 smin=0.0 ls=0,0,0,0
[15:40:53.648] [HOST] INFO: [med] SEND hand=1,637207040 npc=1 blood=103.4 bleed=0.00 fl=61.1,113.3,138.7,62.0 bd=0.0,0.0,0.0,0.0 flags=1 nparts=7 pmin=39.3 smin=0.0 ls=0,0,0,0
[15:40:53.670] [HOST] INFO: [med] SEND hand=1,2005981440 npc=1 blood=58.1 bleed=0.00 fl=54.5,100.0,100.0,100.0 bd=0.0,0.0,0.0,0.0 flags=1 nparts=7 pmin=54.5 smin=0.0 ls=0,0,0,0
[15:40:54.018] [HOST] INFO: [med] SEND hand=13,3717895424 npc=1 blood=66.4 bleed=0.00 fl=46.5,100.0,57.1,100.0 bd=0.0,0.0,0.0,0.0 flags=0 nparts=7 pmin=46.5 smin=0.0 ls=0,0,0,0
[15:40:54.042] [HOST] INFO: [med] SEND hand=11,3683593728 npc=1 blood=85.7 bleed=0.00 fl=125.0,125.0,125.0,125.0 bd=0.0,0.0,0.0,0.0 flags=0 nparts=7 pmin=125.0 smin=0.0 ls=0,0,0,0
[15:40:54.306] [HOST] INFO: [taskkey] key=7 desc='Sheathing weapon' repro=0 subject=1
[15:40:54.461] [HOST] ERROR: [save] XFER-ACK owner=1 id=1 ok=0 files=0 bytes=0 (1/1 joins)
[15:40:54.484] [HOST] INFO: [med] SEND hand=5,3976684544 npc=1 blood=22.9 bleed=0.05 fl=74.1,56.8,37.2,100.0 bd=0.0,0.0,0.0,0.0 flags=0 nparts=7 pmin=13.0 smin=0.0 ls=0,0,0,0
[15:40:54.574] [HOST] INFO: [med] SEND hand=1,2819091712 npc=1 blood=79.1 bleed=0.01 fl=53.3,11.4,132.0,14.6 bd=0.0,0.0,0.0,0.0 flags=1 nparts=7 pmin=11.4 smin=0.0 ls=0,0,0,0
[15:40:54.626] [HOST] INFO: [med] SEND hand=2,3667846656 npc=1 blood=87.4 bleed=0.00 fl=100.0,100.0,100.0,100.0 bd=0.0,0.0,0.0,0.0 flags=0 nparts=7 pmin=100.0 smin=0.0 ls=0,0,0,0
[15:40:54.648] [HOST] INFO: [med] SEND hand=1,637207040 npc=1 blood=103.8 bleed=0.00 fl=61.1,113.3,138.7,61.9 bd=0.0,0.0,0.0,0.0 flags=1 nparts=7 pmin=39.2 smin=0.0 ls=0,0,0,0
[15:40:54.671] [HOST] INFO: [med] SEND hand=1,2005981440 npc=1 blood=58.4 bleed=0.00 fl=54.4,100.0,100.0,100.0 bd=0.0,0.0,0.0,0.0 flags=1 nparts=7 pmin=54.4 smin=0.0 ls=0,0,0,0
[15:40:55.019] [HOST] INFO: [med] SEND hand=13,3717895424 npc=1 blood=66.6 bleed=0.00 fl=46.5,100.0,57.1,100.0 bd=0.0,0.0,0.0,0.0 flags=0 nparts=7 pmin=46.5 smin=0.0 ls=0,0,0,0
[15:40:55.057] [HOST] INFO: [cam] center=-37199.7,503.5,2400.4
[15:40:55.076] [HOST] INFO: [med] SEND hand=11,3683593728 npc=1 blood=85.7 bleed=0.00 fl=125.0,125.0,125.0,125.0 bd=0.0,0.0,0.0,0.0 flags=0 nparts=7 pmin=125.0 smin=0.0 ls=0,0,0,0
[15:40:55.456] [HOST] INFO: [census] sent n=21 radius=2000 mid=18
[15:40:55.487] [HOST] INFO: [med] SEND hand=5,3976684544 npc=1 blood=22.7 bleed=0.03 fl=74.1,56.7,37.1,100.0 bd=0.0,0.0,0.0,0.0 flags=0 nparts=7 pmin=12.9 smin=0.0 ls=0,0,0,0
[15:40:55.573] [HOST] INFO: [med] SEND hand=1,2819091712 npc=1 blood=79.0 bleed=0.01 fl=53.2,11.3,132.0,14.5 bd=0.0,0.0,0.0,0.0 flags=1 nparts=7 pmin=11.3 smin=0.0 ls=0,0,0,0
[15:40:55.649] [HOST] INFO: [med] SEND hand=1,637207040 npc=1 blood=104.3 bleed=0.00 fl=61.0,113.3,138.7,61.9 bd=0.0,0.0,0.0,0.0 flags=1 nparts=7 pmin=39.1 smin=0.0 ls=0,0,0,0
[15:40:55.658] [HOST] INFO: [med] SEND hand=2,3667846656 npc=1 blood=87.4 bleed=0.00 fl=100.0,100.0,100.0,100.0 bd=0.0,0.0,0.0,0.0 flags=0 nparts=7 pmin=100.0 smin=0.0 ls=0,0,0,0
[15:40:55.671] [HOST] INFO: [med] SEND hand=1,2005981440 npc=1 blood=58.7 bleed=0.00 fl=54.4,100.0,100.0,100.0 bd=0.0,0.0,0.0,0.0 flags=1 nparts=7 pmin=54.4 smin=0.0 ls=0,0,0,0
[15:40:56.076] [HOST] INFO: [med] SEND hand=11,3683593728 npc=1 blood=85.7 bleed=0.00 fl=125.0,125.0,125.0,125.0 bd=0.0,0.0,0.0,0.0 flags=0 nparts=7 pmin=125.0 smin=0.0 ls=0,0,0,0
[15:40:56.080] [HOST] INFO: [ai] suspended=0 driven=0
[15:40:56.089] [HOST] INFO: [med] SEND hand=13,3717895424 npc=1 blood=66.8 bleed=0.00 fl=46.5,100.0,57.0,100.0 bd=0.0,0.0,0.0,0.0 flags=0 nparts=7 pmin=46.5 smin=0.0 ls=0,0,0,0
[15:40:56.489] [HOST] INFO: [med] SEND hand=5,3976684544 npc=1 blood=22.5 bleed=0.02 fl=74.1,56.7,37.1,100.0 bd=0.0,0.0,0.0,0.0 flags=0 nparts=7 pmin=12.8 smin=0.0 ls=0,0,0,0
[15:40:56.629] [HOST] INFO: [med] SEND hand=1,2819091712 npc=1 blood=79.0 bleed=0.00 fl=53.2,11.2,132.0,14.4 bd=0.0,0.0,0.0,0.0 flags=1 nparts=7 pmin=11.2 smin=0.0 ls=0,0,0,0
[15:40:56.632] [HOST] INFO: [med] SEND hand=1,1913818368 npc=0 blood=134.2 bleed=0.00 fl=100.0,100.0,100.0,100.0 bd=0.0,0.0,0.0,0.0 flags=0 nparts=7 pmin=0.0 smin=0.0 ls=0,0,0,0
[15:40:56.648] [HOST] INFO: [med] SEND hand=1,637207040 npc=1 blood=104.7 bleed=0.00 fl=61.0,113.3,138.7,61.8 bd=0.0,0.0,0.0,0.0 flags=1 nparts=7 pmin=39.1 smin=0.0 ls=0,0,0,0
[15:40:56.659] [HOST] INFO: [med] SEND hand=2,3667846656 npc=1 blood=87.4 bleed=0.00 fl=100.0,100.0,100.0,100.0 bd=0.0,0.0,0.0,0.0 flags=0 nparts=7 pmin=100.0 smin=0.0 ls=0,0,0,0
[15:40:56.672] [HOST] INFO: [med] SEND hand=1,2005981440 npc=1 blood=59.0 bleed=0.00 fl=54.4,100.0,100.0,100.0 bd=0.0,0.0,0.0,0.0 flags=1 nparts=7 pmin=54.4 smin=0.0 ls=0,0,0,0
[15:40:56.711] [HOST] INFO: [event] SEND id=9 ev=3 hand=1,1,3629760768,1,1913818368 actor=0,0 bs 2->0
[15:40:57.034] [HOST] INFO: [med] SEND hand=1,1913818368 npc=0 blood=134.2 bleed=0.00 fl=100.0,100.0,100.0,100.0 bd=0.0,0.0,0.0,0.0 flags=0 nparts=7 pmin=0.0 smin=0.0 ls=0,0,0,0
[15:40:57.092] [HOST] INFO: [med] SEND hand=13,3717895424 npc=1 blood=67.0 bleed=0.00 fl=46.4,100.0,57.0,100.0 bd=0.0,0.0,0.0,0.0 flags=0 nparts=7 pmin=46.4 smin=0.0 ls=0,0,0,0
[15:40:57.144] [HOST] INFO: [med] SEND hand=11,3683593728 npc=1 blood=85.7 bleed=0.00 fl=125.0,125.0,125.0,125.0 bd=0.0,0.0,0.0,0.0 flags=0 nparts=7 pmin=125.0 smin=0.0 ls=0,0,0,0
[15:40:57.183] [HOST] INFO: [fac] AFFECT-EV me='40544-rebirth.mod' whom='56128-rebirth.mod' event=1 mult=0.000 after=0.00 skipped=68
[15:40:57.410] [HOST] INFO: [fac] AFFECT-EV me='56128-rebirth.mod' whom='40544-rebirth.mod' event=1 mult=0.000 after=0.00 skipped=47
[15:40:57.492] [HOST] INFO: [med] SEND hand=5,3976684544 npc=1 blood=22.3 bleed=0.01 fl=74.1,56.7,37.0,100.0 bd=0.0,0.0,0.0,0.0 flags=0 nparts=7 pmin=12.7 smin=0.0 ls=0,0,0,0
[15:40:57.630] [HOST] INFO: [med] SEND hand=1,2819091712 npc=1 blood=79.0 bleed=0.00 fl=53.1,11.1,132.0,14.3 bd=0.0,0.0,0.0,0.0 flags=1 nparts=7 pmin=11.1 smin=0.0 ls=0,0,0,0
[15:40:57.650] [HOST] INFO: [med] SEND hand=1,637207040 npc=1 blood=105.1 bleed=0.00 fl=60.9,113.3,138.7,61.8 bd=0.0,0.0,0.0,0.0 flags=1 nparts=7 pmin=39.0 smin=0.0 ls=0,0,0,0
[15:40:57.660] [HOST] INFO: [med] SEND hand=2,3667846656 npc=1 blood=87.4 bleed=0.00 fl=100.0,100.0,100.0,100.0 bd=0.0,0.0,0.0,0.0 flags=0 nparts=7 pmin=100.0 smin=0.0 ls=0,0,0,0
[15:40:57.673] [HOST] INFO: [med] SEND hand=1,2005981440 npc=1 blood=59.2 bleed=0.00 fl=54.3,100.0,100.0,100.0 bd=0.0,0.0,0.0,0.0 flags=1 nparts=7 pmin=54.3 smin=0.0 ls=0,0,0,0
[15:40:58.093] [HOST] INFO: [med] SEND hand=13,3717895424 npc=1 blood=67.3 bleed=0.00 fl=46.4,100.0,57.0,100.0 bd=0.0,0.0,0.0,0.0 flags=0 nparts=7 pmin=46.4 smin=0.0 ls=0,0,0,0
[15:40:58.146] [HOST] INFO: [med] SEND hand=11,3683593728 npc=1 blood=85.7 bleed=0.00 fl=125.0,125.0,125.0,125.0 bd=0.0,0.0,0.0,0.0 flags=0 nparts=7 pmin=125.0 smin=0.0 ls=0,0,0,0
[15:40:58.493] [HOST] INFO: [med] SEND hand=5,3976684544 npc=1 blood=22.3 bleed=0.00 fl=74.1,56.6,37.0,100.0 bd=0.0,0.0,0.0,0.0 flags=0 nparts=7 pmin=12.6 smin=0.0 ls=0,0,0,0
[15:40:58.633] [HOST] INFO: [med] SEND hand=1,2819091712 npc=1 blood=79.3 bleed=0.00 fl=53.1,11.0,132.0,14.2 bd=0.0,0.0,0.0,0.0 flags=1 nparts=7 pmin=11.0 smin=0.0 ls=0,0,0,0
[15:40:58.650] [HOST] INFO: [med] SEND hand=1,637207040 npc=1 blood=105.5 bleed=0.00 fl=60.9,113.3,138.7,61.7 bd=0.0,0.0,0.0,0.0 flags=1 nparts=7 pmin=38.9 smin=0.0 ls=0,0,0,0
[15:40:58.660] [HOST] INFO: [med] SEND hand=2,3667846656 npc=1 blood=87.4 bleed=0.00 fl=100.0,100.0,100.0,100.0 bd=0.0,0.0,0.0,0.0 flags=0 nparts=7 pmin=100.0 smin=0.0 ls=0,0,0,0
[15:40:58.673] [HOST] INFO: [med] SEND hand=1,2005981440 npc=1 blood=59.5 bleed=0.00 fl=54.3,100.0,100.0,100.0 bd=0.0,0.0,0.0,0.0 flags=1 nparts=7 pmin=54.3 smin=0.0 ls=0,0,0,0
[15:40:59.083] [HOST] INFO: [ai] suspended=0 driven=0
[15:40:59.094] [HOST] INFO: [med] SEND hand=13,3717895424 npc=1 blood=67.6 bleed=0.00 fl=46.3,100.0,56.9,100.0 bd=0.0,0.0,0.0,0.0 flags=0 nparts=7 pmin=46.3 smin=0.0 ls=0,0,0,0
[15:40:59.148] [HOST] INFO: [med] SEND hand=11,3683593728 npc=1 blood=85.7 bleed=0.00 fl=125.0,125.0,125.0,125.0 bd=0.0,0.0,0.0,0.0 flags=0 nparts=7 pmin=125.0 smin=0.0 ls=0,0,0,0
[15:40:59.546] [HOST] INFO: [med] SEND hand=5,3976684544 npc=1 blood=22.3 bleed=0.00 fl=74.1,56.6,36.9,100.0 bd=0.0,0.0,0.0,0.0 flags=0 nparts=7 pmin=12.5 smin=0.0 ls=0,0,0,0
[15:40:59.634] [HOST] INFO: [med] SEND hand=1,2819091712 npc=1 blood=79.7 bleed=0.00 fl=53.0,10.9,132.0,14.1 bd=0.0,0.0,0.0,0.0 flags=1 nparts=7 pmin=10.9 smin=0.0 ls=0,0,0,0
[15:40:59.650] [HOST] INFO: [med] SEND hand=1,637207040 npc=1 blood=105.9 bleed=0.00 fl=60.8,113.3,138.7,61.7 bd=0.0,0.0,0.0,0.0 flags=1 nparts=7 pmin=38.9 smin=0.0 ls=0,0,0,0
[15:40:59.675] [HOST] INFO: [med] SEND hand=1,2005981440 npc=1 blood=59.8 bleed=0.00 fl=54.3,100.0,100.0,100.0 bd=0.0,0.0,0.0,0.0 flags=1 nparts=7 pmin=54.3 smin=0.0 ls=0,0,0,0
[15:40:59.687] [HOST] INFO: [med] SEND hand=2,3667846656 npc=1 blood=87.4 bleed=0.00 fl=100.0,100.0,100.0,100.0 bd=0.0,0.0,0.0,0.0 flags=0 nparts=7 pmin=100.0 smin=0.0 ls=0,0,0,0
[15:41:00.056] [HOST] INFO: [cam] center=-37235.0,508.8,2410.9
[15:41:00.095] [HOST] INFO: [med] SEND hand=13,3717895424 npc=1 blood=67.8 bleed=0.00 fl=46.3,100.0,56.9,100.0 bd=0.0,0.0,0.0,0.0 flags=0 nparts=7 pmin=46.3 smin=0.0 ls=0,0,0,0
[15:41:00.157] [HOST] INFO: [med] SEND hand=11,3683593728 npc=1 blood=85.7 bleed=0.00 fl=125.0,125.0,125.0,125.0 bd=0.0,0.0,0.0,0.0 flags=0 nparts=7 pmin=125.0 smin=0.0 ls=0,0,0,0
[15:41:00.546] [HOST] INFO: [med] SEND hand=5,3976684544 npc=1 blood=22.6 bleed=0.00 fl=74.1,56.6,36.9,100.0 bd=0.0,0.0,0.0,0.0 flags=0 nparts=7 pmin=12.4 smin=0.0 ls=0,0,0,0
[15:41:00.635] [HOST] INFO: [med] SEND hand=1,2819091712 npc=1 blood=80.1 bleed=0.00 fl=52.9,10.7,132.0,14.0 bd=0.0,0.0,0.0,0.0 flags=1 nparts=7 pmin=10.7 smin=0.0 ls=0,0,0,0
[15:41:00.650] [HOST] INFO: [med] SEND hand=1,637207040 npc=1 blood=106.3 bleed=0.00 fl=60.8,113.3,138.7,61.6 bd=0.0,0.0,0.0,0.0 flags=1 nparts=7 pmin=38.8 smin=0.0 ls=0,0,0,0
[15:41:00.676] [HOST] INFO: [med] SEND hand=1,2005981440 npc=1 blood=60.0 bleed=0.00 fl=54.2,100.0,100.0,100.0 bd=0.0,0.0,0.0,0.0 flags=1 nparts=7 pmin=54.2 smin=0.0 ls=0,0,0,0
[15:41:00.720] [HOST] INFO: [med] SEND hand=2,3667846656 npc=1 blood=87.4 bleed=0.00 fl=100.0,100.0,100.0,100.0 bd=0.0,0.0,0.0,0.0 flags=0 nparts=7 pmin=100.0 smin=0.0 ls=0,0,0,0
[15:41:01.096] [HOST] INFO: [med] SEND hand=13,3717895424 npc=1 blood=68.1 bleed=0.00 fl=46.2,100.0,56.9,100.0 bd=0.0,0.0,0.0,0.0 flags=0 nparts=7 pmin=46.2 smin=0.0 ls=0,0,0,0
[15:41:01.185] [HOST] INFO: [med] SEND hand=11,3683593728 npc=1 blood=85.7 bleed=0.00 fl=125.0,125.0,125.0,125.0 bd=0.0,0.0,0.0,0.0 flags=0 nparts=7 pmin=125.0 smin=0.0 ls=0,0,0,0
[15:41:01.210] [HOST] INFO: [taskkey] key=67 desc='Running' repro=0 subject=1
[15:41:01.489] [HOST] INFO: [taskkey] key=25 desc='First aid' repro=1 subject=1
[15:41:01.489] [HOST] INFO: [seatres] HOST task=25 npc=1,1913818368 subj=1,1962646528 ok=1 npcpos=-37200.5,2413.9 subjpos=-37205.0,2426.7 d=13.6
[15:41:01.546] [HOST] INFO: [med] SEND hand=5,3976684544 npc=1 blood=22.8 bleed=0.00 fl=74.1,56.6,36.8,100.0 bd=0.0,0.0,0.0,0.0 flags=0 nparts=7 pmin=12.4 smin=0.0 ls=0,0,0,0
[15:41:01.603] [HOST] INFO: [stats] SEND hand=1,1913818368 str=78.9 dex=21.9 tough=53.9 stealth=86.6 athl=69.9 xp=0 fap=0
[15:41:01.635] [HOST] INFO: [med] SEND hand=1,2819091712 npc=1 blood=80.5 bleed=0.00 fl=52.9,10.6,132.0,13.8 bd=0.0,0.0,0.0,0.0 flags=1 nparts=7 pmin=10.6 smin=0.0 ls=0,0,0,0
[15:41:01.651] [HOST] INFO: [med] SEND hand=1,637207040 npc=1 blood=106.7 bleed=0.00 fl=60.7,113.3,138.7,61.6 bd=0.0,0.0,0.0,0.0 flags=1 nparts=7 pmin=38.7 smin=0.0 ls=0,0,0,0
[15:41:01.676] [HOST] INFO: [med] SEND hand=1,2005981440 npc=1 blood=60.3 bleed=0.00 fl=54.2,100.0,100.0,100.0 bd=0.0,0.0,0.0,0.0 flags=1 nparts=7 pmin=54.2 smin=0.0 ls=0,0,0,0
[15:41:01.746] [HOST] INFO: [med] SEND hand=2,3667846656 npc=1 blood=87.4 bleed=0.00 fl=100.0,100.0,100.0,100.0 bd=0.0,0.0,0.0,0.0 flags=0 nparts=7 pmin=100.0 smin=0.0 ls=0,0,0,0
[15:41:01.785] [HOST] INFO: [seatres] HOST task=87 npc=5,3976684544 subj=870,2985229568 ok=1 npcpos=-37694.7,2130.5 subjpos=-37695.3,2128.9 d=1.7
[15:41:01.886] [HOST] INFO: [med] SEND hand=1,1913818368 npc=0 blood=134.2 bleed=0.00 fl=100.0,100.0,100.0,100.0 bd=0.0,0.0,0.0,0.0 flags=0 nparts=7 pmin=0.5 smin=0.0 ls=0,0,0,0
[15:41:02.086] [HOST] INFO: [ai] suspended=0 driven=0
[15:41:02.097] [HOST] INFO: [med] SEND hand=13,3717895424 npc=1 blood=68.3 bleed=0.00 fl=46.2,100.0,56.9,100.0 bd=0.0,0.0,0.0,0.0 flags=0 nparts=7 pmin=46.2 smin=0.0 ls=0,0,0,0
[15:41:02.214] [HOST] INFO: [med] SEND hand=11,3683593728 npc=1 blood=85.7 bleed=0.00 fl=125.0,125.0,125.0,125.0 bd=0.0,0.0,0.0,0.0 flags=0 nparts=7 pmin=125.0 smin=0.0 ls=0,0,0,0
[15:41:02.247] [HOST] INFO: [fac] AFFECT-EV me='40544-rebirth.mod' whom='56128-rebirth.mod' event=1 mult=0.000 after=0.00 skipped=69
[15:41:02.286] [HOST] INFO: [med] SEND hand=1,1913818368 npc=0 blood=134.2 bleed=0.00 fl=100.0,100.0,100.0,100.0 bd=0.0,0.0,0.0,0.0 flags=0 nparts=7 pmin=0.5 smin=0.0 ls=0,0,0,0
[15:41:02.562] [HOST] INFO: [fac] AFFECT-EV me='56128-rebirth.mod' whom='40544-rebirth.mod' event=1 mult=0.000 after=0.00 skipped=63
[15:41:02.600] [HOST] INFO: [med] SEND hand=5,3976684544 npc=1 blood=23.0 bleed=0.00 fl=74.1,56.5,36.8,100.0 bd=0.0,0.0,0.0,0.0 flags=0 nparts=7 pmin=12.3 smin=0.0 ls=0,0,0,0
[15:41:02.603] [HOST] INFO: [stats] SEND hand=1,1913818368 str=78.9 dex=21.9 tough=53.9 stealth=86.6 athl=69.9 xp=0 fap=0
[15:41:02.637] [HOST] INFO: [med] SEND hand=1,2819091712 npc=1 blood=81.0 bleed=0.00 fl=52.8,10.5,132.0,13.7 bd=0.0,0.0,0.0,0.0 flags=1 nparts=7 pmin=10.5 smin=0.0 ls=0,0,0,0
[15:41:02.654] [HOST] INFO: [med] SEND hand=1,637207040 npc=1 blood=107.2 bleed=0.00 fl=60.7,113.3,138.7,61.5 bd=0.0,0.0,0.0,0.0 flags=1 nparts=7 pmin=38.6 smin=0.0 ls=0,0,0,0
[15:41:02.679] [HOST] INFO: [med] SEND hand=1,2005981440 npc=1 blood=60.6 bleed=0.00 fl=54.2,100.0,100.0,100.0 bd=0.0,0.0,0.0,0.0 flags=1 nparts=7 pmin=54.2 smin=0.0 ls=0,0,0,0
[15:41:02.814] [HOST] INFO: [med] SEND hand=2,3667846656 npc=1 blood=87.4 bleed=0.00 fl=100.0,100.0,100.0,100.0 bd=0.0,0.0,0.0,0.0 flags=0 nparts=7 pmin=100.0 smin=0.0 ls=0,0,0,0
[15:41:03.096] [HOST] INFO: [med] SEND hand=13,3717895424 npc=1 blood=68.5 bleed=0.00 fl=46.1,100.0,56.8,100.0 bd=0.0,0.0,0.0,0.0 flags=0 nparts=7 pmin=46.1 smin=0.0 ls=0,0,0,0
[15:41:03.214] [HOST] INFO: [med] SEND hand=11,3683593728 npc=1 blood=85.7 bleed=0.00 fl=125.0,125.0,125.0,125.0 bd=0.0,0.0,0.0,0.0 flags=0 nparts=7 pmin=125.0 smin=0.0 ls=0,0,0,0
[15:41:03.602] [HOST] INFO: [med] SEND hand=5,3976684544 npc=1 blood=23.2 bleed=0.00 fl=74.1,56.5,36.7,100.0 bd=0.0,0.0,0.0,0.0 flags=0 nparts=7 pmin=12.2 smin=0.0 ls=0,0,0,0
[15:41:03.606] [HOST] INFO: [stats] SEND hand=1,1913818368 str=78.9 dex=21.9 tough=53.9 stealth=86.6 athl=69.9 xp=0 fap=0
[15:41:03.639] [HOST] INFO: [med] SEND hand=1,2819091712 npc=1 blood=81.4 bleed=0.00 fl=52.7,10.4,132.0,13.6 bd=0.0,0.0,0.0,0.0 flags=1 nparts=7 pmin=10.4 smin=0.0 ls=0,0,0,0
[15:41:03.657] [HOST] INFO: [med] SEND hand=1,637207040 npc=1 blood=107.5 bleed=0.00 fl=60.6,113.3,138.7,61.5 bd=0.0,0.0,0.0,0.0 flags=1 nparts=7 pmin=38.6 smin=0.0 ls=0,0,0,0
[15:41:03.682] [HOST] INFO: [med] SEND hand=1,2005981440 npc=1 blood=60.9 bleed=0.00 fl=54.1,100.0,100.0,100.0 bd=0.0,0.0,0.0,0.0 flags=1 nparts=7 pmin=54.1 smin=0.0 ls=0,0,0,0
[15:41:03.859] [HOST] INFO: [med] SEND hand=2,3667846656 npc=1 blood=87.4 bleed=0.00 fl=100.0,100.0,100.0,100.0 bd=0.0,0.0,0.0,0.0 flags=0 nparts=7 pmin=100.0 smin=0.0 ls=0,0,0,0
[15:41:04.101] [HOST] INFO: [med] SEND hand=13,3717895424 npc=1 blood=68.8 bleed=0.00 fl=46.1,100.0,56.8,100.0 bd=0.0,0.0,0.0,0.0 flags=0 nparts=7 pmin=46.1 smin=0.0 ls=0,0,0,0
[15:41:04.215] [HOST] INFO: [med] SEND hand=11,3683593728 npc=1 blood=85.7 bleed=0.00 fl=125.0,125.0,125.0,125.0 bd=0.0,0.0,0.0,0.0 flags=0 nparts=7 pmin=125.0 smin=0.0 ls=0,0,0,0
[15:41:04.655] [HOST] INFO: [med] SEND hand=5,3976684544 npc=1 blood=23.5 bleed=0.00 fl=74.1,56.5,36.6,100.0 bd=0.0,0.0,0.0,0.0 flags=0 nparts=7 pmin=12.1 smin=0.0 ls=0,0,0,0
[15:41:04.659] [HOST] INFO: [med] SEND hand=1,637207040 npc=1 blood=107.9 bleed=0.00 fl=60.6,113.3,138.7,61.5 bd=0.0,0.0,0.0,0.0 flags=1 nparts=7 pmin=38.5 smin=0.0 ls=0,0,0,0
[15:41:04.684] [HOST] INFO: [med] SEND hand=1,2005981440 npc=1 blood=61.1 bleed=0.00 fl=54.1,100.0,100.0,100.0 bd=0.0,0.0,0.0,0.0 flags=1 nparts=7 pmin=54.1 smin=0.0 ls=0,0,0,0
[15:41:04.931] [HOST] INFO: [med] SEND hand=2,3667846656 npc=1 blood=87.4 bleed=0.00 fl=100.0,100.0,100.0,100.0 bd=0.0,0.0,0.0,0.0 flags=0 nparts=7 pmin=100.0 smin=0.0 ls=0,0,0,0
[15:41:05.056] [HOST] INFO: [cam] center=-37235.0,508.8,2410.9
[15:41:05.087] [HOST] INFO: [ai] suspended=0 driven=0
[15:41:05.470] [HOST] INFO: [census] sent n=21 radius=2000 mid=18
[15:41:05.656] [HOST] INFO: [med] SEND hand=5,3976684544 npc=1 blood=23.7 bleed=0.00 fl=74.1,56.4,36.6,100.0 bd=0.0,0.0,0.0,0.0 flags=0 nparts=7 pmin=12.0 smin=0.0 ls=0,0,0,0
[15:41:05.660] [HOST] INFO: [med] SEND hand=1,637207040 npc=1 blood=108.3 bleed=0.00 fl=60.6,113.3,138.7,61.4 bd=0.0,0.0,0.0,0.0 flags=1 nparts=7 pmin=38.5 smin=0.0 ls=0,0,0,0
[15:41:05.686] [HOST] INFO: [med] SEND hand=1,2005981440 npc=1 blood=61.4 bleed=0.00 fl=54.1,100.0,100.0,100.0 bd=0.0,0.0,0.0,0.0 flags=1 nparts=7 pmin=54.1 smin=0.0 ls=0,0,0,0
[15:41:05.932] [HOST] INFO: [med] SEND hand=2,3667846656 npc=1 blood=87.4 bleed=0.00 fl=100.0,100.0,100.0,100.0 bd=0.0,0.0,0.0,0.0 flags=0 nparts=7 pmin=100.0 smin=0.0 ls=0,0,0,0
[15:41:06.658] [HOST] INFO: [med] SEND hand=5,3976684544 npc=1 blood=23.9 bleed=0.00 fl=74.0,56.4,36.5,100.0 bd=0.0,0.0,0.0,0.0 flags=0 nparts=7 pmin=11.9 smin=0.0 ls=0,0,0,0
[15:41:06.662] [HOST] INFO: [med] SEND hand=1,637207040 npc=1 blood=108.6 bleed=0.00 fl=60.5,113.3,138.7,61.4 bd=0.0,0.0,0.0,0.0 flags=1 nparts=7 pmin=38.4 smin=0.0 ls=0,0,0,0
[15:41:06.687] [HOST] INFO: [med] SEND hand=1,2005981440 npc=1 blood=61.6 bleed=0.00 fl=54.0,100.0,100.0,100.0 bd=0.0,0.0,0.0,0.0 flags=1 nparts=7 pmin=54.0 smin=0.0 ls=0,0,0,0
[15:41:06.932] [HOST] INFO: [med] SEND hand=2,3667846656 npc=1 blood=87.4 bleed=0.00 fl=100.0,100.0,100.0,100.0 bd=0.0,0.0,0.0,0.0 flags=0 nparts=7 pmin=100.0 smin=0.0 ls=0,0,0,0
[15:41:07.159] [HOST] INFO: [taskkey] key=29 desc='Move order' repro=0 subject=0
[15:41:07.260] [HOST] INFO: [fac] AFFECT-EV me='40544-rebirth.mod' whom='56128-rebirth.mod' event=1 mult=0.000 after=0.00 skipped=77
[15:41:07.665] [HOST] INFO: [med] SEND hand=1,637207040 npc=1 blood=109.0 bleed=0.00 fl=60.5,113.3,138.7,61.3 bd=0.0,0.0,0.0,0.0 flags=1 nparts=7 pmin=38.3 smin=0.0 ls=0,0,0,0
[15:41:07.689] [HOST] INFO: [med] SEND hand=1,2005981440 npc=1 blood=61.8 bleed=0.00 fl=54.0,100.0,100.0,100.0 bd=0.0,0.0,0.0,0.0 flags=1 nparts=7 pmin=54.0 smin=0.0 ls=0,0,0,0
[15:41:07.696] [HOST] INFO: [fac] AFFECT-EV me='56128-rebirth.mod' whom='40544-rebirth.mod' event=1 mult=0.000 after=0.00 skipped=62
[15:41:07.737] [HOST] INFO: [med] SEND hand=1,1913818368 npc=0 blood=134.2 bleed=0.00 fl=100.0,100.0,100.0,100.0 bd=0.0,0.0,0.0,0.0 flags=0 nparts=7 pmin=1.0 smin=0.0 ls=0,0,0,0
[15:41:08.090] [HOST] INFO: [ai] suspended=0 driven=0
[15:41:08.140] [HOST] INFO: [med] SEND hand=1,1913818368 npc=0 blood=134.2 bleed=0.00 fl=100.0,100.0,100.0,100.0 bd=0.0,0.0,0.0,0.0 flags=0 nparts=7 pmin=1.0 smin=0.0 ls=0,0,0,0
[15:41:08.320] [HOST] INFO: [stats] SEND hand=1,1913818368 str=78.9 dex=21.9 tough=53.9 stealth=86.6 athl=69.9 xp=0 fap=0
[15:41:08.665] [HOST] INFO: [med] SEND hand=1,637207040 npc=1 blood=109.3 bleed=0.00 fl=60.4,113.3,138.7,61.3 bd=0.0,0.0,0.0,0.0 flags=1 nparts=7 pmin=38.3 smin=0.0 ls=0,0,0,0
[15:41:08.679] [HOST] INFO: [med] SEND hand=13,3717895424 npc=1 blood=69.9 bleed=0.00 fl=45.9,100.0,56.7,100.0 bd=0.0,0.0,0.0,0.0 flags=0 nparts=7 pmin=45.9 smin=0.0 ls=0,0,0,0
[15:41:08.690] [HOST] INFO: [med] SEND hand=1,2005981440 npc=1 blood=62.1 bleed=0.00 fl=54.0,100.0,100.0,100.0 bd=0.0,0.0,0.0,0.0 flags=1 nparts=7 pmin=54.0 smin=0.0 ls=0,0,0,0
[15:41:08.789] [HOST] INFO: [med] SEND hand=3,1853149440 npc=1 blood=87.2 bleed=0.00 fl=100.0,100.0,100.0,100.0 bd=0.0,0.0,0.0,0.0 flags=0 nparts=7 pmin=100.0 smin=0.0 ls=0,0,0,0
[15:41:09.442] [HOST] INFO: [event] SEND id=10 ev=3 hand=1,471,490478528,1,637207040 actor=0,0 bs 2->0
[15:41:09.667] [HOST] INFO: [med] SEND hand=1,637207040 npc=1 blood=109.7 bleed=0.00 fl=60.4,113.3,138.8,61.3 bd=0.0,0.0,0.0,0.0 flags=0 nparts=7 pmin=38.2 smin=0.0 ls=0,0,0,0
[15:41:09.682] [HOST] INFO: [med] SEND hand=13,3717895424 npc=1 blood=70.1 bleed=0.00 fl=45.8,100.0,56.6,100.0 bd=0.0,0.0,0.0,0.0 flags=0 nparts=7 pmin=45.8 smin=0.0 ls=0,0,0,0
[15:41:09.689] [HOST] INFO: [med] SEND hand=1,2005981440 npc=1 blood=62.3 bleed=0.00 fl=53.9,100.0,100.0,100.0 bd=0.0,0.0,0.0,0.0 flags=1 nparts=7 pmin=53.9 smin=0.0 ls=0,0,0,0
[15:41:09.788] [HOST] INFO: [med] SEND hand=3,1853149440 npc=1 blood=87.2 bleed=0.00 fl=100.0,100.0,100.0,100.0 bd=0.0,0.0,0.0,0.0 flags=0 nparts=7 pmin=100.0 smin=0.0 ls=0,0,0,0
[15:41:10.054] [HOST] INFO: [cam] center=-37235.0,508.8,2410.9
[15:41:10.087] [HOST] INFO: [fac] AFFECT-EV me='56128-rebirth.mod' whom='204-gamedata.base' event=0 mult=0.000 after=0.00 skipped=0
[15:41:10.087] [HOST] INFO: [combat] CAP hand=1,1913818368 task=65024 tgt=1,471,490478528,1,637207040
[15:41:10.128] [HOST] INFO: [fac] AFFECT-EV me='56128-rebirth.mod' whom='200-gamedata.base' event=1 mult=0.000 after=-10.00 skipped=110
[15:41:10.133] [HOST] INFO: [med] SEND hand=9,3555419904 npc=1 blood=85.9 bleed=0.00 fl=100.0,100.0,100.0,100.0 bd=0.0,0.0,0.0,0.0 flags=0 nparts=7 pmin=100.0 smin=0.0 ls=0,0,0,0
[15:41:10.133] [HOST] INFO: [med] SEND hand=11,3683593728 npc=1 blood=85.7 bleed=0.00 fl=125.0,125.0,125.0,125.0 bd=0.0,0.0,0.0,0.0 flags=0 nparts=7 pmin=125.0 smin=0.0 ls=0,0,0,0
[15:41:10.140] [HOST] INFO: [med] SEND hand=2,3667846656 npc=1 blood=87.4 bleed=0.00 fl=100.0,100.0,100.0,100.0 bd=0.0,0.0,0.0,0.0 flags=0 nparts=7 pmin=100.0 smin=0.0 ls=0,0,0,0
[15:41:10.156] [HOST] INFO: [med] SEND hand=6,1953369088 npc=1 blood=86.5 bleed=0.00 fl=100.0,100.0,100.0,100.0 bd=0.0,0.0,0.0,0.0 flags=0 nparts=7 pmin=100.0 smin=0.0 ls=0,0,0,0
[15:41:10.257] [HOST] INFO: [fac] AFFECT-EV me='200-gamedata.base' whom='204-gamedata.base' event=0 mult=1.000 after=-85.04 skipped=0
[15:41:10.481] [HOST] INFO: [speed] SET mult=1.00 paused=0 combat=1 (my=5.00)
[15:41:10.669] [HOST] INFO: [med] SEND hand=1,637207040 npc=1 blood=110.0 bleed=0.00 fl=60.5,113.4,138.8,61.3 bd=0.0,0.0,0.0,0.0 flags=0 nparts=7 pmin=38.3 smin=0.0 ls=0,0,0,0
[15:41:10.681] [HOST] INFO: [med] SEND hand=13,3717895424 npc=1 blood=70.3 bleed=0.00 fl=45.8,100.0,56.6,100.0 bd=0.0,0.0,0.0,0.0 flags=0 nparts=7 pmin=45.8 smin=0.0 ls=0,0,0,0
[15:41:10.689] [HOST] INFO: [med] SEND hand=1,2005981440 npc=1 blood=62.5 bleed=0.00 fl=53.9,100.0,100.0,100.0 bd=0.0,0.0,0.0,0.0 flags=1 nparts=7 pmin=53.9 smin=0.0 ls=0,0,0,0
[15:41:10.805] [HOST] INFO: [med] SEND hand=1,1913818368 npc=0 blood=125.6 bleed=0.00 fl=100.0,100.0,100.0,100.0 bd=0.0,0.0,0.0,0.0 flags=0 nparts=7 pmin=1.2 smin=0.0 ls=0,0,0,0
[15:41:10.805] [HOST] INFO: [stats] SEND hand=1,1913818368 str=78.9 dex=21.9 tough=54.0 stealth=86.6 athl=69.9 xp=0 fap=0
[15:41:10.862] [HOST] INFO: [med] SEND hand=3,1853149440 npc=1 blood=87.2 bleed=0.00 fl=100.0,100.0,100.0,100.0 bd=0.0,0.0,0.0,0.0 flags=0 nparts=7 pmin=100.0 smin=0.0 ls=0,0,0,0
[15:41:11.092] [HOST] INFO: [ai] suspended=0 driven=0
[15:41:11.135] [HOST] INFO: [med] SEND hand=11,3683593728 npc=1 blood=85.7 bleed=0.00 fl=125.0,125.0,125.0,125.0 bd=0.0,0.0,0.0,0.0 flags=0 nparts=7 pmin=125.0 smin=0.0 ls=0,0,0,0
[15:41:11.179] [HOST] INFO: [med] SEND hand=9,3555419904 npc=1 blood=85.9 bleed=0.00 fl=100.0,100.0,100.0,100.0 bd=0.0,0.0,0.0,0.0 flags=0 nparts=7 pmin=100.0 smin=0.0 ls=0,0,0,0
[15:41:11.188] [HOST] INFO: [med] SEND hand=2,3667846656 npc=1 blood=87.4 bleed=0.00 fl=100.0,100.0,100.0,100.0 bd=0.0,0.0,0.0,0.0 flags=0 nparts=7 pmin=100.0 smin=0.0 ls=0,0,0,0
[15:41:11.188] [HOST] INFO: [med] SEND hand=6,1953369088 npc=1 blood=86.5 bleed=0.00 fl=100.0,100.0,100.0,100.0 bd=0.0,0.0,0.0,0.0 flags=0 nparts=7 pmin=100.0 smin=0.0 ls=0,0,0,0
[15:41:11.515] [HOST] INFO: [taskkey] key=5 desc='Attacking target' repro=0 subject=1
[15:41:11.697] [HOST] INFO: [med] SEND hand=1,637207040 npc=1 blood=110.1 bleed=0.00 fl=60.5,113.4,138.8,61.3 bd=0.0,0.0,0.0,0.0 flags=0 nparts=7 pmin=38.3 smin=0.0 ls=0,0,0,0
[15:41:11.730] [HOST] INFO: [med] SEND hand=1,2005981440 npc=1 blood=62.6 bleed=0.00 fl=53.9,100.0,100.0,100.0 bd=0.0,0.0,0.0,0.0 flags=1 nparts=7 pmin=53.9 smin=0.0 ls=0,0,0,0
[15:41:11.743] [HOST] INFO: [med] SEND hand=13,3717895424 npc=1 blood=70.4 bleed=0.00 fl=45.8,100.0,56.6,100.0 bd=0.0,0.0,0.0,0.0 flags=0 nparts=7 pmin=45.8 smin=0.0 ls=0,0,0,0
[15:41:11.942] [HOST] INFO: [med] SEND hand=3,1853149440 npc=1 blood=87.2 bleed=0.00 fl=100.0,100.0,100.0,100.0 bd=0.0,0.0,0.0,0.0 flags=0 nparts=7 pmin=100.0 smin=0.0 ls=0,0,0,0
[15:41:12.087] [HOST] INFO: [combat] CAP hand=1,1913818368 task=65024 tgt=1,471,490478528,1,637207040
[15:41:12.143] [HOST] INFO: [med] SEND hand=11,3683593728 npc=1 blood=85.7 bleed=0.00 fl=125.0,125.0,125.0,125.0 bd=0.0,0.0,0.0,0.0 flags=0 nparts=7 pmin=125.0 smin=0.0 ls=0,0,0,0
[15:41:12.224] [HOST] INFO: [med] SEND hand=9,3555419904 npc=1 blood=85.9 bleed=0.00 fl=100.0,100.0,100.0,100.0 bd=0.0,0.0,0.0,0.0 flags=0 nparts=7 pmin=100.0 smin=0.0 ls=0,0,0,0
[15:41:12.232] [HOST] INFO: [med] SEND hand=2,3667846656 npc=1 blood=87.4 bleed=0.00 fl=100.0,100.0,100.0,100.0 bd=0.0,0.0,0.0,0.0 flags=0 nparts=7 pmin=100.0 smin=0.0 ls=0,0,0,0
[15:41:12.232] [HOST] INFO: [med] SEND hand=6,1953369088 npc=1 blood=86.5 bleed=0.00 fl=100.0,100.0,100.0,100.0 bd=0.0,0.0,0.0,0.0 flags=0 nparts=7 pmin=100.0 smin=0.0 ls=0,0,0,0
[15:41:12.303] [HOST] INFO: [fac] AFFECT-EV me='40544-rebirth.mod' whom='56128-rebirth.mod' event=1 mult=0.000 after=0.00 skipped=56
[15:41:12.697] [HOST] INFO: [med] SEND hand=1,637207040 npc=1 blood=110.2 bleed=0.00 fl=60.5,113.4,138.8,61.4 bd=0.0,0.0,0.0,0.0 flags=0 nparts=7 pmin=38.3 smin=0.0 ls=0,0,0,0
[15:41:12.753] [HOST] INFO: [med] SEND hand=1,2005981440 npc=1 blood=62.6 bleed=0.00 fl=53.9,100.0,100.0,100.0 bd=0.0,0.0,0.0,0.0 flags=1 nparts=7 pmin=53.9 smin=0.0 ls=0,0,0,0
[15:41:12.765] [HOST] INFO: [med] SEND hand=13,3717895424 npc=1 blood=70.4 bleed=0.00 fl=45.8,100.0,56.6,100.0 bd=0.0,0.0,0.0,0.0 flags=0 nparts=7 pmin=45.8 smin=0.0 ls=0,0,0,0
[15:41:12.954] [HOST] INFO: [med] SEND hand=3,1853149440 npc=1 blood=87.2 bleed=0.00 fl=100.0,100.0,100.0,100.0 bd=0.0,0.0,0.0,0.0 flags=0 nparts=7 pmin=100.0 smin=0.0 ls=0,0,0,0
[15:41:13.029] [HOST] INFO: [event] SEND id=11 ev=1 hand=1,471,490478528,1,637207040 actor=1,1913818368 bs 0->1
[15:41:13.030] [HOST] INFO: [stats] SEND hand=1,1913818368 str=78.9 dex=22.2 tough=54.0 stealth=86.6 athl=69.9 xp=0 fap=0
[15:41:13.070] [HOST] INFO: [fac] AFFECT-EV me='56128-rebirth.mod' whom='40544-rebirth.mod' event=1 mult=0.000 after=0.00 skipped=52
[15:41:13.151] [HOST] INFO: [med] SEND hand=11,3683593728 npc=1 blood=85.7 bleed=0.00 fl=125.0,125.0,125.0,125.0 bd=0.0,0.0,0.0,0.0 flags=0 nparts=7 pmin=125.0 smin=0.0 ls=0,0,0,0
[15:41:13.232] [HOST] INFO: [med] SEND hand=9,3555419904 npc=1 blood=85.9 bleed=0.00 fl=100.0,100.0,100.0,100.0 bd=0.0,0.0,0.0,0.0 flags=0 nparts=7 pmin=100.0 smin=0.0 ls=0,0,0,0
[15:41:13.239] [HOST] INFO: [med] SEND hand=2,3667846656 npc=1 blood=87.4 bleed=0.00 fl=100.0,100.0,100.0,100.0 bd=0.0,0.0,0.0,0.0 flags=0 nparts=7 pmin=100.0 smin=0.0 ls=0,0,0,0
[15:41:13.239] [HOST] INFO: [med] SEND hand=6,1953369088 npc=1 blood=86.5 bleed=0.00 fl=100.0,100.0,100.0,100.0 bd=0.0,0.0,0.0,0.0 flags=0 nparts=7 pmin=100.0 smin=0.0 ls=0,0,0,0
[15:41:13.698] [HOST] INFO: [med] SEND hand=1,637207040 npc=1 blood=105.4 bleed=0.01 fl=60.5,113.4,138.8,61.4 bd=0.0,0.0,0.0,0.0 flags=1 nparts=7 pmin=14.3 smin=0.0 ls=0,0,0,0
[15:41:13.762] [HOST] INFO: [med] SEND hand=1,2005981440 npc=1 blood=62.7 bleed=0.00 fl=53.9,100.0,100.0,100.0 bd=0.0,0.0,0.0,0.0 flags=1 nparts=7 pmin=53.9 smin=0.0 ls=0,0,0,0
[15:41:13.774] [HOST] INFO: [med] SEND hand=13,3717895424 npc=1 blood=70.5 bleed=0.00 fl=45.8,100.0,56.6,100.0 bd=0.0,0.0,0.0,0.0 flags=0 nparts=7 pmin=45.8 smin=0.0 ls=0,0,0,0
[15:41:13.966] [HOST] INFO: [med] SEND hand=3,1853149440 npc=1 blood=87.2 bleed=0.00 fl=100.0,100.0,100.0,100.0 bd=0.0,0.0,0.0,0.0 flags=0 nparts=7 pmin=100.0 smin=0.0 ls=0,0,0,0
[15:41:14.094] [HOST] INFO: [ai] suspended=0 driven=0
[15:41:14.170] [HOST] INFO: [med] SEND hand=11,3683593728 npc=1 blood=85.7 bleed=0.00 fl=125.0,125.0,125.0,125.0 bd=0.0,0.0,0.0,0.0 flags=0 nparts=7 pmin=125.0 smin=0.0 ls=0,0,0,0
[15:41:14.207] [HOST] INFO: [med] SEND hand=1,1913818368 npc=0 blood=125.5 bleed=0.01 fl=100.0,100.0,100.0,100.0 bd=0.0,0.0,0.0,0.0 flags=0 nparts=7 pmin=1.3 smin=0.0 ls=0,0,0,0
[15:41:14.260] [HOST] INFO: [med] SEND hand=9,3555419904 npc=1 blood=85.9 bleed=0.00 fl=100.0,100.0,100.0,100.0 bd=0.0,0.0,0.0,0.0 flags=0 nparts=7 pmin=100.0 smin=0.0 ls=0,0,0,0
[15:41:14.268] [HOST] INFO: [med] SEND hand=2,3667846656 npc=1 blood=87.4 bleed=0.00 fl=100.0,100.0,100.0,100.0 bd=0.0,0.0,0.0,0.0 flags=0 nparts=7 pmin=100.0 smin=0.0 ls=0,0,0,0
[15:41:14.268] [HOST] INFO: [med] SEND hand=6,1953369088 npc=1 blood=86.5 bleed=0.00 fl=100.0,100.0,100.0,100.0 bd=0.0,0.0,0.0,0.0 flags=0 nparts=7 pmin=100.0 smin=0.0 ls=0,0,0,0
[15:41:14.607] [HOST] INFO: [taskkey] key=26 desc='Looting' repro=0 subject=1
[15:41:14.706] [HOST] INFO: [med] SEND hand=1,637207040 npc=1 blood=105.4 bleed=0.01 fl=60.5,113.4,138.8,61.4 bd=0.0,0.0,0.0,0.0 flags=1 nparts=7 pmin=14.3 smin=0.0 ls=0,0,0,0
[15:41:14.775] [HOST] INFO: [med] SEND hand=13,3717895424 npc=1 blood=70.5 bleed=0.00 fl=45.8,100.0,56.6,100.0 bd=0.0,0.0,0.0,0.0 flags=0 nparts=7 pmin=45.8 smin=0.0 ls=0,0,0,0
[15:41:14.820] [HOST] INFO: [med] SEND hand=1,2005981440 npc=1 blood=62.7 bleed=0.00 fl=53.9,100.0,100.0,100.0 bd=0.0,0.0,0.0,0.0 flags=1 nparts=7 pmin=53.9 smin=0.0 ls=0,0,0,0
[15:41:15.035] [HOST] INFO: [med] SEND hand=3,1853149440 npc=1 blood=87.2 bleed=0.00 fl=100.0,100.0,100.0,100.0 bd=0.0,0.0,0.0,0.0 flags=0 nparts=7 pmin=100.0 smin=0.0 ls=0,0,0,0
[15:41:15.058] [HOST] INFO: [cam] center=-37235.0,508.8,2410.9
[15:41:15.173] [HOST] INFO: [med] SEND hand=11,3683593728 npc=1 blood=85.7 bleed=0.00 fl=125.0,125.0,125.0,125.0 bd=0.0,0.0,0.0,0.0 flags=0 nparts=7 pmin=125.0 smin=0.0 ls=0,0,0,0
[15:41:15.261] [HOST] INFO: [med] SEND hand=9,3555419904 npc=1 blood=85.9 bleed=0.00 fl=100.0,100.0,100.0,100.0 bd=0.0,0.0,0.0,0.0 flags=0 nparts=7 pmin=100.0 smin=0.0 ls=0,0,0,0
[15:41:15.270] [HOST] INFO: [med] SEND hand=2,3667846656 npc=1 blood=87.4 bleed=0.00 fl=100.0,100.0,100.0,100.0 bd=0.0,0.0,0.0,0.0 flags=0 nparts=7 pmin=100.0 smin=0.0 ls=0,0,0,0
[15:41:15.270] [HOST] INFO: [med] SEND hand=6,1953369088 npc=1 blood=86.5 bleed=0.00 fl=100.0,100.0,100.0,100.0 bd=0.0,0.0,0.0,0.0 flags=0 nparts=7 pmin=100.0 smin=0.0 ls=0,0,0,0
[15:41:15.482] [HOST] INFO: [census] sent n=21 radius=2000 mid=18
[15:41:15.525] [HOST] INFO: [fac] AFFECT-EV me='56128-rebirth.mod' whom='204-gamedata.base' event=5 mult=0.000 after=0.00 skipped=5
[15:41:15.529] [HOST] INFO: [event] SEND id=12 ev=2 hand=1,471,490478528,1,637207040 actor=1,1913818368 bs 3->7
[15:41:15.710] [HOST] INFO: [med] SEND hand=1,637207040 npc=1 blood=105.3 bleed=0.01 fl=60.5,113.4,138.8,61.3 bd=0.0,0.0,0.0,0.0 flags=3 nparts=7 pmin=14.3 smin=0.0 ls=0,0,0,0
[15:41:15.822] [HOST] INFO: [med] SEND hand=1,2005981440 npc=1 blood=62.8 bleed=0.00 fl=53.9,100.0,100.0,100.0 bd=0.0,0.0,0.0,0.0 flags=1 nparts=7 pmin=53.9 smin=0.0 ls=0,0,0,0
[15:41:15.858] [HOST] INFO: [med] SEND hand=13,3717895424 npc=1 blood=70.6 bleed=0.00 fl=45.8,100.0,56.6,100.0 bd=0.0,0.0,0.0,0.0 flags=0 nparts=7 pmin=45.8 smin=0.0 ls=0,0,0,0
[15:41:16.035] [HOST] INFO: [med] SEND hand=3,1853149440 npc=1 blood=87.2 bleed=0.00 fl=100.0,100.0,100.0,100.0 bd=0.0,0.0,0.0,0.0 flags=0 nparts=7 pmin=100.0 smin=0.0 ls=0,0,0,0
[15:41:16.190] [HOST] INFO: [med] SEND hand=11,3683593728 npc=1 blood=85.7 bleed=0.00 fl=125.0,125.0,125.0,125.0 bd=0.0,0.0,0.0,0.0 flags=0 nparts=7 pmin=125.0 smin=0.0 ls=0,0,0,0
[15:41:16.275] [HOST] INFO: [med] SEND hand=9,3555419904 npc=1 blood=85.9 bleed=0.00 fl=100.0,100.0,100.0,100.0 bd=0.0,0.0,0.0,0.0 flags=0 nparts=7 pmin=100.0 smin=0.0 ls=0,0,0,0
[15:41:16.283] [HOST] INFO: [med] SEND hand=2,3667846656 npc=1 blood=87.4 bleed=0.00 fl=100.0,100.0,100.0,100.0 bd=0.0,0.0,0.0,0.0 flags=0 nparts=7 pmin=100.0 smin=0.0 ls=0,0,0,0
[15:41:16.283] [HOST] INFO: [med] SEND hand=6,1953369088 npc=1 blood=86.5 bleed=0.00 fl=100.0,100.0,100.0,100.0 bd=0.0,0.0,0.0,0.0 flags=0 nparts=7 pmin=100.0 smin=0.0 ls=0,0,0,0
[15:41:16.822] [HOST] INFO: [med] SEND hand=1,2005981440 npc=1 blood=62.8 bleed=0.00 fl=53.9,100.0,100.0,100.0 bd=0.0,0.0,0.0,0.0 flags=1 nparts=7 pmin=53.9 smin=0.0 ls=0,0,0,0
[15:41:16.909] [HOST] INFO: [med] SEND hand=13,3717895424 npc=1 blood=70.6 bleed=0.00 fl=45.7,100.0,56.6,100.0 bd=0.0,0.0,0.0,0.0 flags=0 nparts=7 pmin=45.7 smin=0.0 ls=0,0,0,0
[15:41:17.036] [HOST] INFO: [med] SEND hand=3,1853149440 npc=1 blood=87.2 bleed=0.00 fl=100.0,100.0,100.0,100.0 bd=0.0,0.0,0.0,0.0 flags=0 nparts=7 pmin=100.0 smin=0.0 ls=0,0,0,0
[15:41:17.096] [HOST] INFO: [ai] suspended=0 driven=0
[15:41:17.237] [HOST] INFO: [med] SEND hand=11,3683593728 npc=1 blood=85.7 bleed=0.00 fl=125.0,125.0,125.0,125.0 bd=0.0,0.0,0.0,0.0 flags=0 nparts=7 pmin=125.0 smin=0.0 ls=0,0,0,0
[15:41:17.320] [HOST] INFO: [med] SEND hand=9,3555419904 npc=1 blood=85.9 bleed=0.00 fl=100.0,100.0,100.0,100.0 bd=0.0,0.0,0.0,0.0 flags=0 nparts=7 pmin=100.0 smin=0.0 ls=0,0,0,0
[15:41:17.328] [HOST] INFO: [med] SEND hand=2,3667846656 npc=1 blood=87.4 bleed=0.00 fl=100.0,100.0,100.0,100.0 bd=0.0,0.0,0.0,0.0 flags=0 nparts=7 pmin=100.0 smin=0.0 ls=0,0,0,0
[15:41:17.328] [HOST] INFO: [med] SEND hand=6,1953369088 npc=1 blood=86.5 bleed=0.00 fl=100.0,100.0,100.0,100.0 bd=0.0,0.0,0.0,0.0 flags=0 nparts=7 pmin=100.0 smin=0.0 ls=0,0,0,0
[15:41:17.337] [HOST] INFO: [fac] AFFECT-EV me='40544-rebirth.mod' whom='56128-rebirth.mod' event=1 mult=0.000 after=0.00 skipped=25
[15:41:17.492] [HOST] INFO: [speed] SET mult=5.00 paused=0 combat=0 (my=5.00)
[15:41:17.823] [HOST] INFO: [med] SEND hand=1,2005981440 npc=1 blood=62.9 bleed=0.00 fl=53.9,100.0,100.0,100.0 bd=0.0,0.0,0.0,0.0 flags=1 nparts=7 pmin=53.9 smin=0.0 ls=0,0,0,0
[15:41:17.975] [HOST] INFO: [med] SEND hand=13,3717895424 npc=1 blood=70.8 bleed=0.00 fl=45.7,100.0,56.5,100.0 bd=0.0,0.0,0.0,0.0 flags=0 nparts=7 pmin=45.7 smin=0.0 ls=0,0,0,0
[15:41:18.101] [HOST] INFO: [med] SEND hand=3,1853149440 npc=1 blood=87.2 bleed=0.00 fl=100.0,100.0,100.0,100.0 bd=0.0,0.0,0.0,0.0 flags=0 nparts=7 pmin=100.0 smin=0.0 ls=0,0,0,0
[15:41:18.188] [HOST] INFO: [fac] AFFECT-EV me='56128-rebirth.mod' whom='40544-rebirth.mod' event=1 mult=0.000 after=0.00 skipped=12
[15:41:18.309] [HOST] INFO: [med] SEND hand=11,3683593728 npc=1 blood=85.7 bleed=0.00 fl=125.0,125.0,125.0,125.0 bd=0.0,0.0,0.0,0.0 flags=0 nparts=7 pmin=125.0 smin=0.0 ls=0,0,0,0
[15:41:18.391] [HOST] INFO: [med] SEND hand=9,3555419904 npc=1 blood=85.9 bleed=0.00 fl=100.0,100.0,100.0,100.0 bd=0.0,0.0,0.0,0.0 flags=0 nparts=7 pmin=100.0 smin=0.0 ls=0,0,0,0
[15:41:18.398] [HOST] INFO: [med] SEND hand=2,3667846656 npc=1 blood=87.4 bleed=0.00 fl=100.0,100.0,100.0,100.0 bd=0.0,0.0,0.0,0.0 flags=0 nparts=7 pmin=100.0 smin=0.0 ls=0,0,0,0
[15:41:18.398] [HOST] INFO: [med] SEND hand=6,1953369088 npc=1 blood=86.5 bleed=0.00 fl=100.0,100.0,100.0,100.0 bd=0.0,0.0,0.0,0.0 flags=0 nparts=7 pmin=100.0 smin=0.0 ls=0,0,0,0
[15:41:18.826] [HOST] INFO: [med] SEND hand=1,2005981440 npc=1 blood=63.2 bleed=0.00 fl=53.8,100.0,100.0,100.0 bd=0.0,0.0,0.0,0.0 flags=1 nparts=7 pmin=53.8 smin=0.0 ls=0,0,0,0
[15:41:18.976] [HOST] INFO: [med] SEND hand=13,3717895424 npc=1 blood=71.0 bleed=0.00 fl=45.7,100.0,56.5,100.0 bd=0.0,0.0,0.0,0.0 flags=0 nparts=7 pmin=45.7 smin=0.0 ls=0,0,0,0
[15:41:19.140] [HOST] INFO: [med] SEND hand=3,1853149440 npc=1 blood=87.2 bleed=0.00 fl=100.0,100.0,100.0,100.0 bd=0.0,0.0,0.0,0.0 flags=0 nparts=7 pmin=100.0 smin=0.0 ls=0,0,0,0
[15:41:19.308] [HOST] INFO: [med] SEND hand=1,1913818368 npc=0 blood=125.3 bleed=0.01 fl=100.0,100.0,100.0,100.0 bd=0.0,0.0,0.0,0.0 flags=0 nparts=7 pmin=1.5 smin=0.0 ls=0,0,0,0
[15:41:19.345] [HOST] INFO: [med] SEND hand=11,3683593728 npc=1 blood=85.7 bleed=0.00 fl=125.0,125.0,125.0,125.0 bd=0.0,0.0,0.0,0.0 flags=0 nparts=7 pmin=125.0 smin=0.0 ls=0,0,0,0
[15:41:19.426] [HOST] INFO: [med] SEND hand=9,3555419904 npc=1 blood=85.9 bleed=0.00 fl=100.0,100.0,100.0,100.0 bd=0.0,0.0,0.0,0.0 flags=0 nparts=7 pmin=100.0 smin=0.0 ls=0,0,0,0
[15:41:19.433] [HOST] INFO: [med] SEND hand=2,3667846656 npc=1 blood=87.4 bleed=0.00 fl=100.0,100.0,100.0,100.0 bd=0.0,0.0,0.0,0.0 flags=0 nparts=7 pmin=100.0 smin=0.0 ls=0,0,0,0
[15:41:19.433] [HOST] INFO: [med] SEND hand=6,1953369088 npc=1 blood=86.5 bleed=0.00 fl=100.0,100.0,100.0,100.0 bd=0.0,0.0,0.0,0.0 flags=0 nparts=7 pmin=100.0 smin=0.0 ls=0,0,0,0
[15:41:19.708] [HOST] INFO: [med] SEND hand=1,1913818368 npc=0 blood=125.3 bleed=0.01 fl=100.0,100.0,100.0,100.0 bd=0.0,0.0,0.0,0.0 flags=0 nparts=7 pmin=1.5 smin=0.0 ls=0,0,0,0
[15:41:19.828] [HOST] INFO: [med] SEND hand=1,2005981440 npc=1 blood=63.4 bleed=0.00 fl=53.8,100.0,100.0,100.0 bd=0.0,0.0,0.0,0.0 flags=1 nparts=7 pmin=53.8 smin=0.0 ls=0,0,0,0
[15:41:19.977] [HOST] INFO: [med] SEND hand=13,3717895424 npc=1 blood=71.3 bleed=0.00 fl=45.6,100.0,56.5,100.0 bd=0.0,0.0,0.0,0.0 flags=0 nparts=7 pmin=45.6 smin=0.0 ls=0,0,0,0
[15:41:20.056] [HOST] INFO: [cam] center=-37235.0,508.8,2410.9
[15:41:20.099] [HOST] INFO: [ai] suspended=0 driven=0
[15:41:20.165] [HOST] INFO: [med] SEND hand=3,1853149440 npc=1 blood=87.2 bleed=0.00 fl=100.0,100.0,100.0,100.0 bd=0.0,0.0,0.0,0.0 flags=0 nparts=7 pmin=100.0 smin=0.0 ls=0,0,0,0
[15:41:20.353] [HOST] INFO: [med] SEND hand=11,3683593728 npc=1 blood=85.7 bleed=0.00 fl=125.0,125.0,125.0,125.0 bd=0.0,0.0,0.0,0.0 flags=0 nparts=7 pmin=125.0 smin=0.0 ls=0,0,0,0
[15:41:20.831] [HOST] INFO: [med] SEND hand=1,2005981440 npc=1 blood=63.7 bleed=0.00 fl=53.8,100.0,100.0,100.0 bd=0.0,0.0,0.0,0.0 flags=1 nparts=7 pmin=53.8 smin=0.0 ls=0,0,0,0
[15:41:20.894] [HOST] INFO: [stats] SEND hand=1,1913818368 str=78.9 dex=22.2 tough=54.0 stealth=86.6 athl=69.9 xp=0 fap=0
[15:41:20.978] [HOST] INFO: [med] SEND hand=13,3717895424 npc=1 blood=71.5 bleed=0.00 fl=45.6,100.0,56.4,100.0 bd=0.0,0.0,0.0,0.0 flags=0 nparts=7 pmin=45.6 smin=0.0 ls=0,0,0,0
[15:41:21.166] [HOST] INFO: [med] SEND hand=3,1853149440 npc=1 blood=87.2 bleed=0.00 fl=100.0,100.0,100.0,100.0 bd=0.0,0.0,0.0,0.0 flags=0 nparts=7 pmin=100.0 smin=0.0 ls=0,0,0,0
[15:41:21.355] [HOST] INFO: [med] SEND hand=11,3683593728 npc=1 blood=85.7 bleed=0.00 fl=125.0,125.0,125.0,125.0 bd=0.0,0.0,0.0,0.0 flags=0 nparts=7 pmin=125.0 smin=0.0 ls=0,0,0,0
[15:41:21.834] [HOST] INFO: [med] SEND hand=1,2005981440 npc=1 blood=63.9 bleed=0.00 fl=53.7,100.0,100.0,100.0 bd=0.0,0.0,0.0,0.0 flags=1 nparts=7 pmin=53.7 smin=0.0 ls=0,0,0,0
[15:41:21.922] [HOST] INFO: [taskkey] key=68 desc='Lifting' repro=0 subject=1
[15:41:22.021] [HOST] INFO: [carry] SEND PICKUP id=13 carrier=1,1913818368 carried=1,1962646528
[15:41:22.032] [HOST] INFO: [med] SEND hand=13,3717895424 npc=1 blood=71.8 bleed=0.00 fl=45.5,100.0,56.4,100.0 bd=0.0,0.0,0.0,0.0 flags=0 nparts=7 pmin=45.5 smin=0.0 ls=0,0,0,0
[15:41:22.263] [HOST] INFO: [med] SEND hand=3,1853149440 npc=1 blood=87.2 bleed=0.00 fl=100.0,100.0,100.0,100.0 bd=0.0,0.0,0.0,0.0 flags=0 nparts=7 pmin=100.0 smin=0.0 ls=0,0,0,0
[15:41:22.511] [HOST] INFO: [med] SEND hand=1,1913818368 npc=0 blood=125.5 bleed=0.00 fl=100.0,100.0,100.0,100.0 bd=0.0,0.0,0.0,0.0 flags=0 nparts=7 pmin=1.8 smin=0.0 ls=0,0,0,0
[15:41:22.837] [HOST] INFO: [med] SEND hand=1,2005981440 npc=1 blood=64.2 bleed=0.00 fl=53.7,100.0,100.0,100.0 bd=0.0,0.0,0.0,0.0 flags=1 nparts=7 pmin=53.7 smin=0.0 ls=0,0,0,0
[15:41:23.034] [HOST] INFO: [med] SEND hand=13,3717895424 npc=1 blood=72.0 bleed=0.00 fl=45.5,100.0,56.4,100.0 bd=0.0,0.0,0.0,0.0 flags=0 nparts=7 pmin=45.5 smin=0.0 ls=0,0,0,0
[15:41:23.102] [HOST] INFO: [ai] suspended=0 driven=0
[15:41:23.265] [HOST] INFO: [med] SEND hand=3,1853149440 npc=1 blood=87.2 bleed=0.00 fl=100.0,100.0,100.0,100.0 bd=0.0,0.0,0.0,0.0 flags=0 nparts=7 pmin=100.0 smin=0.0 ls=0,0,0,0
[15:41:23.286] [HOST] INFO: [med] SEND hand=1,1913818368 npc=0 blood=125.7 bleed=0.00 fl=100.0,100.0,100.0,100.0 bd=0.0,0.0,0.0,0.0 flags=0 nparts=7 pmin=1.8 smin=0.0 ls=0,0,0,0
[15:41:23.839] [HOST] INFO: [med] SEND hand=1,2005981440 npc=1 blood=64.4 bleed=0.00 fl=53.7,100.0,100.0,100.0 bd=0.0,0.0,0.0,0.0 flags=1 nparts=7 pmin=53.7 smin=0.0 ls=0,0,0,0
[15:41:24.034] [HOST] INFO: [med] SEND hand=13,3717895424 npc=1 blood=72.3 bleed=0.00 fl=45.4,100.0,56.3,100.0 bd=0.0,0.0,0.0,0.0 flags=0 nparts=7 pmin=45.4 smin=0.0 ls=0,0,0,0
[15:41:24.268] [HOST] INFO: [med] SEND hand=3,1853149440 npc=1 blood=87.2 bleed=0.00 fl=100.0,100.0,100.0,100.0 bd=0.0,0.0,0.0,0.0 flags=0 nparts=7 pmin=100.0 smin=0.0 ls=0,0,0,0
[15:41:24.336] [HOST] INFO: [med] SEND hand=1,1913818368 npc=0 blood=126.0 bleed=0.00 fl=100.0,100.0,100.0,100.0 bd=0.0,0.0,0.0,0.0 flags=0 nparts=7 pmin=1.9 smin=0.0 ls=0,0,0,0
[15:41:24.472] [HOST] INFO: [taskkey] key=69 desc='Putting down' repro=0 subject=1
[15:41:24.661] [HOST] INFO: [carry] SEND DROP id=14 carrier=1,1913818368 carried=1,1962646528
[15:41:24.841] [HOST] INFO: [med] SEND hand=1,2005981440 npc=1 blood=64.7 bleed=0.00 fl=53.6,100.0,100.0,100.0 bd=0.0,0.0,0.0,0.0 flags=1 nparts=7 pmin=53.6 smin=0.0 ls=0,0,0,0
[15:41:25.032] [HOST] INFO: [med] SEND hand=13,3717895424 npc=1 blood=72.5 bleed=0.00 fl=45.4,100.0,56.3,100.0 bd=0.0,0.0,0.0,0.0 flags=0 nparts=7 pmin=45.4 smin=0.0 ls=0,0,0,0
[15:41:25.056] [HOST] INFO: [cam] center=-37235.0,508.8,2410.9
[15:41:25.127] [HOST] INFO: [med] SEND hand=1,1913818368 npc=0 blood=126.2 bleed=0.00 fl=100.0,100.0,100.0,100.0 bd=0.0,0.0,0.0,0.0 flags=0 nparts=7 pmin=2.0 smin=0.0 ls=0,0,0,0
[15:41:25.492] [HOST] INFO: [census] sent n=21 radius=2000 mid=18
[15:41:25.530] [HOST] INFO: [med] SEND hand=1,1913818368 npc=0 blood=126.3 bleed=0.00 fl=100.0,100.0,100.0,100.0 bd=0.0,0.0,0.0,0.0 flags=0 nparts=7 pmin=2.0 smin=0.0 ls=0,0,0,0
[15:41:25.844] [HOST] INFO: [med] SEND hand=1,2005981440 npc=1 blood=64.9 bleed=0.00 fl=53.6,100.0,100.0,100.0 bd=0.0,0.0,0.0,0.0 flags=1 nparts=7 pmin=53.6 smin=0.0 ls=0,0,0,0
[15:41:25.895] [HOST] INFO: [coop-ui] panel closed
[15:41:25.903] [HOST] INFO: [speed] REQ mult=1.00 paused=0 combat=0
[15:41:25.903] [HOST] INFO: [speed] SET mult=1.00 paused=0 combat=0 (my=1.00)
[15:41:26.035] [HOST] INFO: [med] SEND hand=13,3717895424 npc=1 blood=72.8 bleed=0.00 fl=45.3,100.0,56.3,100.0 bd=0.0,0.0,0.0,0.0 flags=0 nparts=7 pmin=45.3 smin=0.0 ls=0,0,0,0
[15:41:26.105] [HOST] INFO: [ai] suspended=0 driven=0
[15:41:26.347] [HOST] INFO: [coop-ui] panel opened
[15:41:26.356] [HOST] INFO: [speed] REQ mult=1.00 paused=0 combat=0
[15:41:26.845] [HOST] INFO: [med] SEND hand=1,2005981440 npc=1 blood=65.0 bleed=0.00 fl=53.6,100.0,100.0,100.0 bd=0.0,0.0,0.0,0.0 flags=1 nparts=7 pmin=53.6 smin=0.0 ls=0,0,0,0
[15:41:27.132] [HOST] INFO: [med] SEND hand=1,1913818368 npc=0 blood=126.5 bleed=0.00 fl=100.0,100.0,100.0,100.0 bd=0.0,0.0,0.0,0.0 flags=0 nparts=7 pmin=2.1 smin=0.0 ls=0,0,0,0
[15:41:27.845] [HOST] INFO: [med] SEND hand=1,2005981440 npc=1 blood=65.0 bleed=0.00 fl=53.6,100.0,100.0,100.0 bd=0.0,0.0,0.0,0.0 flags=1 nparts=7 pmin=53.6 smin=0.0 ls=0,0,0,0
[15:41:28.054] [HOST] INFO: [coop-ui] connection -> OFFLINE
[15:41:28.058] [HOST] INFO: [coop-ui] DISCONNECT requested
[15:41:28.058] [HOST] INFO: [coop-ui] disconnect
[15:41:28.112] [HOST] INFO: [leave] cleared proxies=0
[15:41:28.112] [HOST] INFO: [leave] cleared worldProxies=0 (cleanup=0)
[15:41:28.112] [HOST] INFO: [load] session reset: pointer caches, session maps, change gates cleared
[15:41:28.112] [HOST] INFO: [event] SEND id=15 ev=1 hand=1,467,483642592,1,2005981440 actor=0,0 bs 0->3
[15:41:28.112] [HOST] INFO: [event] SEND id=16 ev=2 hand=1,447,3477661184,1,746337920 actor=0,0 bs 0->7
[15:41:28.112] [HOST] INFO: [event] SEND id=17 ev=2 hand=1,471,490478528,1,637207040 actor=0,0 bs 0->7
[15:41:28.112] [HOST] INFO: [wi] BASELINE seeded=0 (save-native, never-stream)
[15:41:28.112] [HOST] INFO: [med] SEND hand=1,1913818368 npc=0 blood=126.6 bleed=0.00 fl=100.0,100.0,100.0,100.0 bd=0.0,0.0,0.0,0.0 flags=0 nparts=7 pmin=2.1 smin=0.0 ls=0,0,0,0
[15:41:28.112] [HOST] INFO: [med] SEND hand=1,746337920 npc=1 blood=185.8 bleed=0.00 fl=81.7,-239.1,119.4,139.4 bd=0.0,0.0,0.0,0.0 flags=3 nparts=7 pmin=79.5 smin=0.0 ls=0,0,0,0
[15:41:28.112] [HOST] INFO: [med] SEND hand=1,2005981440 npc=1 blood=65.1 bleed=0.00 fl=53.6,100.0,100.0,100.0 bd=0.0,0.0,0.0,0.0 flags=1 nparts=7 pmin=53.6 smin=0.0 ls=0,0,0,0
[15:41:28.112] [HOST] INFO: [med] SEND hand=1,637207040 npc=1 blood=105.3 bleed=0.01 fl=60.5,113.4,138.8,61.3 bd=0.0,0.0,0.0,0.0 flags=3 nparts=7 pmin=14.3 smin=0.0 ls=0,0,0,0
[15:41:28.112] [HOST] INFO: [stats] SEND hand=1,1913818368 str=78.9 dex=22.2 tough=54.0 stealth=86.6 athl=69.9 xp=0 fap=0
[15:41:28.112] [HOST] INFO: [research] SEND sid='5359-gamedata.base' seq=5
[15:41:28.112] [HOST] INFO: [speed] REQ mult=1.00 paused=0 combat=0
[15:41:28.112] [HOST] INFO: [speed] SET mult=1.00 paused=0 combat=0 (my=1.00)
[15:41:28.371] [HOST] INFO: [coop-ui] connection -> ONLINE
[15:41:28.375] [HOST] INFO: [coop-ui] CONNECT role=HOST transport=steam
[15:41:28.375] [HOST] INFO: [leave] cleared proxies=0
[15:41:28.375] [HOST] INFO: [leave] cleared worldProxies=0 (cleanup=0)
[15:41:28.375] [HOST] INFO: [load] session reset: pointer caches, session maps, change gates cleared
[15:41:28.375] [HOST] INFO: [dmg] role re-armed: HOST (own swings land natively)
[15:41:28.375] [HOST] INFO: [coop-ui] connect: role=HOST transport=steam peer=76561198346257175 ownRanks={0} src=role
[15:41:28.375] [HOST] INFO: [steam] tunnel peer=76561198346257175 slot=0 addr=1.0.0.1 (session pre-accepted)
[15:41:28.375] [HOST] INFO: [steam] transport=steam armed, 1 tunnel peer(s) (connect by SteamID; no port forwarding)
[15:41:28.375] [HOST] INFO: KenshiCoop: starting as HOST
[15:41:28.375] [HOST] INFO: [event] SEND id=18 ev=1 hand=1,467,483642592,1,2005981440 actor=0,0 bs 0->3
[15:41:28.375] [HOST] INFO: [event] SEND id=19 ev=2 hand=1,447,3477661184,1,746337920 actor=0,0 bs 0->7
[15:41:28.375] [HOST] INFO: [event] SEND id=20 ev=2 hand=1,471,490478528,1,637207040 actor=0,0 bs 0->7
[15:41:28.375] [HOST] INFO: [wi] BASELINE seeded=0 (save-native, never-stream)
[15:41:28.375] [HOST] INFO: [med] SEND hand=1,1913818368 npc=0 blood=126.6 bleed=0.00 fl=100.0,100.0,100.0,100.0 bd=0.0,0.0,0.0,0.0 flags=0 nparts=7 pmin=2.1 smin=0.0 ls=0,0,0,0
[15:41:28.375] [HOST] INFO: [med] SEND hand=1,746337920 npc=1 blood=185.8 bleed=0.00 fl=81.7,-239.1,119.4,139.4 bd=0.0,0.0,0.0,0.0 flags=3 nparts=7 pmin=79.5 smin=0.0 ls=0,0,0,0
[15:41:28.375] [HOST] INFO: [med] SEND hand=1,2005981440 npc=1 blood=65.1 bleed=0.00 fl=53.6,100.0,100.0,100.0 bd=0.0,0.0,0.0,0.0 flags=1 nparts=7 pmin=53.6 smin=0.0 ls=0,0,0,0
[15:41:28.375] [HOST] INFO: [med] SEND hand=1,637207040 npc=1 blood=105.3 bleed=0.01 fl=60.5,113.4,138.8,61.3 bd=0.0,0.0,0.0,0.0 flags=3 nparts=7 pmin=14.3 smin=0.0 ls=0,0,0,0
[15:41:28.375] [HOST] INFO: [stats] SEND hand=1,1913818368 str=78.9 dex=22.2 tough=54.0 stealth=86.6 athl=69.9 xp=0 fap=0
[15:41:28.375] [HOST] INFO: [steam] ENet socket hooks installed (tunnel on P2P channel 0)
[15:41:28.375] [HOST] INFO: [net] transport=steam (ENet tunnelled over Steam P2P)
[15:41:28.375] [HOST] INFO: [net] hosting
[15:41:28.375] [HOST] INFO: [research] SEND sid='5359-gamedata.base' seq=6
[15:41:28.375] [HOST] INFO: [speed] REQ mult=1.00 paused=0 combat=0
[15:41:28.375] [HOST] INFO: [speed] SET mult=1.00 paused=0 combat=0 (my=1.00)
[15:41:28.375] [HOST] INFO: [steam] session peer=76561198346257175 active=0 connecting=1 relay=0 err=0
[15:41:28.727] [HOST] INFO: [inv] SEND hand=1,1,3629760768,1,1913818368 kind=0 key=1,1,3629760768,1,1913818368 items=11 hash=3852448789
[15:41:29.110] [HOST] INFO: [ai] suspended=0 driven=0
[15:41:29.427] [HOST] INFO: [med] SEND hand=1,2005981440 npc=1 blood=65.1 bleed=0.00 fl=53.6,100.0,100.0,100.0 bd=0.0,0.0,0.0,0.0 flags=1 nparts=7 pmin=53.6 smin=0.0 ls=0,0,0,0
[15:41:30.056] [HOST] INFO: [cam] center=-37235.0,508.8,2410.9
[15:41:30.500] [HOST] INFO: [med] SEND hand=1,2005981440 npc=1 blood=65.2 bleed=0.00 fl=53.6,100.0,100.0,100.0 bd=0.0,0.0,0.0,0.0 flags=1 nparts=7 pmin=53.6 smin=0.0 ls=0,0,0,0
[15:41:31.570] [HOST] INFO: [med] SEND hand=1,2005981440 npc=1 blood=65.2 bleed=0.00 fl=53.6,100.0,100.0,100.0 bd=0.0,0.0,0.0,0.0 flags=1 nparts=7 pmin=53.6 smin=0.0 ls=0,0,0,0
[15:41:32.112] [HOST] INFO: [ai] suspended=0 driven=0
[15:41:32.371] [HOST] INFO: [steam] session peer=76561198346257175 active=1 connecting=0 relay=0 err=0
[15:41:32.572] [HOST] INFO: [med] SEND hand=1,2005981440 npc=1 blood=65.3 bleed=0.00 fl=53.6,100.0,100.0,100.0 bd=0.0,0.0,0.0,0.0 flags=1 nparts=7 pmin=53.6 smin=0.0 ls=0,0,0,0
[15:41:33.572] [HOST] INFO: [med] SEND hand=1,2005981440 npc=1 blood=65.3 bleed=0.00 fl=53.6,100.0,100.0,100.0 bd=0.0,0.0,0.0,0.0 flags=1 nparts=7 pmin=53.6 smin=0.0 ls=0,0,0,0
[15:41:34.400] [HOST] INFO: [steam] session peer=76561198346257175 active=0 connecting=0 relay=0 err=0
[15:41:34.575] [HOST] INFO: [med] SEND hand=1,2005981440 npc=1 blood=65.4 bleed=0.00 fl=53.5,100.0,100.0,100.0 bd=0.0,0.0,0.0,0.0 flags=1 nparts=7 pmin=53.5 smin=0.0 ls=0,0,0,0
[15:41:35.057] [HOST] INFO: [cam] center=-37235.0,508.8,2410.9
[15:41:35.115] [HOST] INFO: [ai] suspended=0 driven=0
[15:41:35.399] [HOST] INFO: [steam] session peer=76561198346257175 active=0 connecting=1 relay=0 err=0
[15:41:35.624] [HOST] INFO: [med] SEND hand=1,2005981440 npc=1 blood=65.4 bleed=0.00 fl=53.5,100.0,100.0,100.0 bd=0.0,0.0,0.0,0.0 flags=1 nparts=7 pmin=53.5 smin=0.0 ls=0,0,0,0
[15:41:35.771] [HOST] INFO: [net] peer connecting (awaiting HELLO)
[15:41:35.771] [HOST] INFO: [net] peer connected id=1 (proto v46) [2/3 players]
[15:41:35.773] [HOST] INFO: handshake: peer present id=1 (local id=0)
[15:41:35.773] [HOST] INFO: [latejoin] RESYNC place=0 remove=0 fac=0 door=0 bdoor=0 med=4 stats=1 money=0 inv=1 world=0 prod=0
[15:41:35.774] [HOST] INFO: [boot] baking save 'DUO' to push to join on connect
[15:41:35.774] [HOST] INFO: [save] LOCAL-SAVE name='DUO' autosave=0 suppressed=0
[15:41:35.774] [HOST] INFO: [med] SEND hand=1,2005981440 npc=1 blood=65.4 bleed=0.00 fl=53.5,100.0,100.0,100.0 bd=0.0,0.0,0.0,0.0 flags=1 nparts=7 pmin=53.5 smin=0.0 ls=0,0,0,0
[15:41:35.774] [HOST] INFO: [save] WATCH armed folder='C:\Users\Zach Pieper\AppData\Local\kenshi\save\DUO' baseFiles=86 baseBytes=6542798
[15:41:35.988] [HOST] INFO: [speed] REQ mult=1.00 paused=0 combat=0
[15:41:36.385] [HOST] INFO: [census] sent n=23 radius=2000 mid=20
[15:41:36.450] [HOST] INFO: [steam] session peer=76561198346257175 active=1 connecting=0 relay=0 err=0
[15:41:36.579] [HOST] INFO: [med] SEND hand=1,1913818368 npc=0 blood=127.0 bleed=0.00 fl=100.0,100.0,100.0,100.0 bd=0.0,0.0,0.0,0.0 flags=0 nparts=7 pmin=2.2 smin=0.0 ls=0,0,0,0
[15:41:36.774] [HOST] INFO: [med] SEND hand=1,2005981440 npc=1 blood=65.5 bleed=0.00 fl=53.5,100.0,100.0,100.0 bd=0.0,0.0,0.0,0.0 flags=1 nparts=7 pmin=53.5 smin=0.0 ls=0,0,0,0
[15:41:36.954] [HOST] INFO: [speed] REQ mult=5.00 paused=0 combat=0
[15:41:36.954] [HOST] INFO: [speed] SET mult=5.00 paused=0 combat=0 (my=5.00)
[15:41:37.570] [HOST] INFO: [save] QUIESCED kind=settled name='DUO' files=86 bytes=6420266 waitMs=1796
[15:41:37.724] [HOST] INFO: [boot] GO->join id=2 name='DUO' fp=1fd9ba0c (push on connect)
[15:41:37.776] [HOST] INFO: [med] SEND hand=1,2005981440 npc=1 blood=65.7 bleed=0.00 fl=53.5,100.0,100.0,100.0 bd=0.0,0.0,0.0,0.0 flags=1 nparts=7 pmin=53.5 smin=0.0 ls=0,0,0,0
[15:41:37.862] [HOST] INFO: [load] NACK id=2 name='DUO' joinFp=2c091966 -> transfer after reload
[15:41:37.862] [HOST] INFO: [load] starting fallback transfer name='DUO'
[15:41:37.862] [HOST] INFO: [save] XFER-BEGIN id=2 name='DUO' files=86 bytes=6420266
[15:41:38.115] [HOST] INFO: [ai] suspended=0 driven=0
[15:41:38.777] [HOST] INFO: [med] SEND hand=1,2005981440 npc=1 blood=65.9 bleed=0.00 fl=53.5,100.0,100.0,100.0 bd=0.0,0.0,0.0,0.0 flags=1 nparts=7 pmin=53.5 smin=0.0 ls=0,0,0,0
[15:41:38.892] [HOST] INFO: [med] SEND hand=1,1913818368 npc=0 blood=127.5 bleed=0.00 fl=100.0,100.0,100.0,100.0 bd=0.0,0.0,0.0,0.0 flags=0 nparts=7 pmin=2.4 smin=0.0 ls=0,0,0,0
[15:41:39.778] [HOST] INFO: [med] SEND hand=1,2005981440 npc=1 blood=66.1 bleed=0.00 fl=53.4,100.0,100.0,100.0 bd=0.0,0.0,0.0,0.0 flags=1 nparts=7 pmin=53.4 smin=0.0 ls=0,0,0,0
[15:41:39.935] [HOST] INFO: [med] SEND hand=11,3683593728 npc=1 blood=85.7 bleed=0.00 fl=125.0,125.0,125.0,125.0 bd=0.0,0.0,0.0,0.0 flags=0 nparts=7 pmin=125.0 smin=0.0 ls=0,0,0,0
[15:41:40.055] [HOST] INFO: [cam] center=-37235.0,508.8,2410.9
[15:41:40.101] [HOST] INFO: [med] SEND hand=1,1913818368 npc=0 blood=127.8 bleed=0.00 fl=100.0,100.0,100.0,100.0 bd=0.0,0.0,0.0,0.0 flags=0 nparts=7 pmin=2.5 smin=0.0 ls=0,0,0,0
[15:41:40.503] [HOST] INFO: [med] SEND hand=1,1913818368 npc=0 blood=127.9 bleed=0.00 fl=100.0,100.0,100.0,100.0 bd=0.0,0.0,0.0,0.0 flags=0 nparts=7 pmin=2.5 smin=0.0 ls=0,0,0,0
[15:41:40.779] [HOST] INFO: [med] SEND hand=1,2005981440 npc=1 blood=66.4 bleed=0.00 fl=53.4,100.0,100.0,100.0 bd=0.0,0.0,0.0,0.0 flags=1 nparts=7 pmin=53.4 smin=0.0 ls=0,0,0,0
[15:41:40.903] [HOST] INFO: [med] SEND hand=1,1913818368 npc=0 blood=128.0 bleed=0.00 fl=100.0,100.0,100.0,100.0 bd=0.0,0.0,0.0,0.0 flags=0 nparts=7 pmin=2.6 smin=0.0 ls=0,0,0,0
[15:41:40.991] [HOST] INFO: [save] XFER-SENT id=2 files=86 bytes=6420266 ms=3140
[15:41:40.999] [HOST] INFO: [med] SEND hand=11,3683593728 npc=1 blood=85.7 bleed=0.00 fl=125.0,125.0,125.0,125.0 bd=0.0,0.0,0.0,0.0 flags=0 nparts=7 pmin=125.0 smin=0.0 ls=0,0,0,0
[15:41:41.120] [HOST] INFO: [ai] suspended=0 driven=0
[15:41:41.556] [HOST] INFO: [med] SEND hand=13,3717895424 npc=1 blood=74.4 bleed=0.00 fl=45.0,100.0,56.1,100.0 bd=0.0,0.0,0.0,0.0 flags=0 nparts=7 pmin=45.0 smin=0.0 ls=0,0,0,0
[15:41:41.781] [HOST] INFO: [med] SEND hand=1,2005981440 npc=1 blood=66.6 bleed=0.00 fl=53.4,100.0,100.0,100.0 bd=0.0,0.0,0.0,0.0 flags=1 nparts=7 pmin=53.4 smin=0.0 ls=0,0,0,0
[15:41:42.077] [HOST] INFO: [med] SEND hand=11,3683593728 npc=1 blood=85.7 bleed=0.00 fl=125.0,125.0,125.0,125.0 bd=0.0,0.0,0.0,0.0 flags=0 nparts=7 pmin=125.0 smin=0.0 ls=0,0,0,0
[15:41:42.524] [HOST] INFO: [fac] AFFECT-EV me='56128-rebirth.mod' whom='200-gamedata.base' event=1 mult=0.000 after=-10.00 skipped=3
[15:41:42.528] [HOST] INFO: [fac] AFFECT-EV me='200-gamedata.base' whom='56128-rebirth.mod' event=1 mult=1.000 after=-90.05 skipped=6
[15:41:42.556] [HOST] INFO: [med] SEND hand=13,3717895424 npc=1 blood=74.6 bleed=0.00 fl=45.0,100.0,56.0,100.0 bd=0.0,0.0,0.0,0.0 flags=0 nparts=7 pmin=45.0 smin=0.0 ls=0,0,0,0
[15:41:42.582] [HOST] INFO: [med] SEND hand=9,3555419904 npc=1 blood=85.9 bleed=0.00 fl=100.0,100.0,100.0,100.0 bd=0.0,0.0,0.0,0.0 flags=0 nparts=7 pmin=100.0 smin=0.0 ls=0,0,0,0
[15:41:42.679] [HOST] INFO: [med] SEND hand=1,1913818368 npc=0 blood=128.5 bleed=0.00 fl=100.0,100.0,100.0,100.0 bd=0.0,0.0,0.0,0.0 flags=0 nparts=7 pmin=2.7 smin=0.0 ls=0,0,0,0
[15:41:42.683] [HOST] INFO: [med] SEND hand=6,1523559552 npc=1 blood=84.1 bleed=0.00 fl=100.0,58.1,100.0,100.0 bd=0.0,0.0,0.0,0.0 flags=0 nparts=7 pmin=58.1 smin=0.0 ls=0,0,0,0
[15:41:42.818] [HOST] INFO: [med] SEND hand=1,2005981440 npc=1 blood=66.9 bleed=0.00 fl=53.4,100.0,100.0,100.0 bd=0.0,0.0,0.0,0.0 flags=1 nparts=7 pmin=53.4 smin=0.0 ls=0,0,0,0
[15:41:42.836] [HOST] INFO: [med] SEND hand=1,3842285056 npc=1 blood=144.1 bleed=0.00 fl=127.3,93.9,118.6,125.7 bd=0.0,0.0,0.0,0.0 flags=0 nparts=7 pmin=37.1 smin=0.0 ls=0,0,0,0
[15:41:42.865] [HOST] INFO: [med] SEND hand=3,3793090816 npc=1 blood=137.1 bleed=0.00 fl=139.8,85.0,139.8,134.4 bd=0.0,0.0,0.0,0.0 flags=0 nparts=7 pmin=85.0 smin=0.0 ls=0,0,0,0
[15:41:42.958] [HOST] INFO: [med] SEND hand=3,1853149440 npc=1 blood=87.2 bleed=0.00 fl=100.0,100.0,100.0,100.0 bd=0.0,0.0,0.0,0.0 flags=0 nparts=7 pmin=100.0 smin=0.0 ls=0,0,0,0
[15:41:43.080] [HOST] INFO: [med] SEND hand=11,3683593728 npc=1 blood=85.7 bleed=0.00 fl=125.0,125.0,125.0,125.0 bd=0.0,0.0,0.0,0.0 flags=0 nparts=7 pmin=125.0 smin=0.0 ls=0,0,0,0
[15:41:43.093] [HOST] INFO: [med] SEND hand=10,663696320 npc=1 blood=49.2 bleed=0.00 fl=53.1,100.0,33.1,27.0 bd=0.0,0.0,0.0,0.0 flags=0 nparts=7 pmin=27.0 smin=0.0 ls=0,0,0,0
[15:41:43.560] [HOST] INFO: [med] SEND hand=13,3717895424 npc=1 blood=74.8 bleed=0.00 fl=44.9,100.0,56.0,100.0 bd=0.0,0.0,0.0,0.0 flags=0 nparts=7 pmin=44.9 smin=0.0 ls=0,0,0,0
[15:41:43.564] [HOST] INFO: [med] SEND hand=8,3380737280 npc=1 blood=86.3 bleed=0.00 fl=100.0,100.0,100.0,100.0 bd=0.0,0.0,0.0,0.0 flags=0 nparts=7 pmin=100.0 smin=0.0 ls=0,0,0,0
[15:41:43.586] [HOST] INFO: [med] SEND hand=9,3555419904 npc=1 blood=85.9 bleed=0.00 fl=100.0,100.0,100.0,100.0 bd=0.0,0.0,0.0,0.0 flags=0 nparts=7 pmin=100.0 smin=0.0 ls=0,0,0,0
[15:41:43.748] [HOST] INFO: [med] SEND hand=6,1523559552 npc=1 blood=84.1 bleed=0.00 fl=100.0,58.0,100.0,100.0 bd=0.0,0.0,0.0,0.0 flags=0 nparts=7 pmin=58.0 smin=0.0 ls=0,0,0,0
[15:41:43.823] [HOST] INFO: [med] SEND hand=1,2005981440 npc=1 blood=67.1 bleed=0.00 fl=53.3,100.0,100.0,100.0 bd=0.0,0.0,0.0,0.0 flags=1 nparts=7 pmin=53.3 smin=0.0 ls=0,0,0,0
[15:41:43.840] [HOST] INFO: [med] SEND hand=1,3842285056 npc=1 blood=144.5 bleed=0.00 fl=127.4,94.0,118.7,125.7 bd=0.0,0.0,0.0,0.0 flags=0 nparts=7 pmin=37.1 smin=0.0 ls=0,0,0,0
[15:41:43.867] [HOST] INFO: [med] SEND hand=3,3793090816 npc=1 blood=137.4 bleed=0.00 fl=139.8,85.1,139.8,134.5 bd=0.0,0.0,0.0,0.0 flags=0 nparts=7 pmin=85.1 smin=0.0 ls=0,0,0,0
[15:41:43.962] [HOST] INFO: [med] SEND hand=3,1853149440 npc=1 blood=87.2 bleed=0.00 fl=100.0,100.0,100.0,100.0 bd=0.0,0.0,0.0,0.0 flags=0 nparts=7 pmin=100.0 smin=0.0 ls=0,0,0,0
[15:41:44.080] [HOST] INFO: [med] SEND hand=11,3683593728 npc=1 blood=85.7 bleed=0.00 fl=125.0,125.0,125.0,125.0 bd=0.0,0.0,0.0,0.0 flags=0 nparts=7 pmin=125.0 smin=0.0 ls=0,0,0,0
[15:41:44.096] [HOST] INFO: [med] SEND hand=10,663696320 npc=1 blood=49.4 bleed=0.00 fl=53.1,100.0,33.1,27.0 bd=0.0,0.0,0.0,0.0 flags=0 nparts=7 pmin=27.0 smin=0.0 ls=0,0,0,0
[15:41:44.122] [HOST] INFO: [ai] suspended=0 driven=0
[15:41:44.337] [HOST] ERROR: [save] XFER-ACK owner=1 id=2 ok=0 files=0 bytes=0 (1/1 joins)
[15:41:44.560] [HOST] INFO: [med] SEND hand=13,3717895424 npc=1 blood=75.1 bleed=0.00 fl=44.9,100.0,56.0,100.0 bd=0.0,0.0,0.0,0.0 flags=0 nparts=7 pmin=44.9 smin=0.0 ls=0,0,0,0
[15:41:44.564] [HOST] INFO: [med] SEND hand=8,3380737280 npc=1 blood=86.3 bleed=0.00 fl=100.0,100.0,100.0,100.0 bd=0.0,0.0,0.0,0.0 flags=0 nparts=7 pmin=100.0 smin=0.0 ls=0,0,0,0
[15:41:44.580] [HOST] INFO: [med] SEND hand=1,1913818368 npc=0 blood=129.0 bleed=0.00 fl=100.0,100.0,100.0,100.0 bd=0.0,0.0,0.0,0.0 flags=0 nparts=7 pmin=2.9 smin=0.0 ls=0,0,0,0
[15:41:44.587] [HOST] INFO: [med] SEND hand=9,3555419904 npc=1 blood=75.3 bleed=0.02 fl=56.3,100.0,100.0,100.0 bd=0.0,0.0,0.0,0.0 flags=0 nparts=7 pmin=56.3 smin=0.0 ls=0,0,0,0
[15:41:44.750] [HOST] INFO: [med] SEND hand=6,1523559552 npc=1 blood=73.5 bleed=0.02 fl=56.5,58.0,100.0,100.0 bd=0.0,0.0,0.0,0.0 flags=0 nparts=7 pmin=56.5 smin=0.0 ls=0,0,0,0
[15:41:44.826] [HOST] INFO: [med] SEND hand=1,2005981440 npc=1 blood=67.3 bleed=0.00 fl=53.3,100.0,100.0,100.0 bd=0.0,0.0,0.0,0.0 flags=1 nparts=7 pmin=53.3 smin=0.0 ls=0,0,0,0
[15:41:44.841] [HOST] INFO: [med] SEND hand=1,3842285056 npc=1 blood=144.8 bleed=0.00 fl=127.4,94.1,118.8,125.8 bd=0.0,0.0,0.0,0.0 flags=0 nparts=7 pmin=37.2 smin=0.0 ls=0,0,0,0
[15:41:44.869] [HOST] INFO: [med] SEND hand=3,3793090816 npc=1 blood=137.7 bleed=0.00 fl=139.8,85.2,139.8,134.5 bd=0.0,0.0,0.0,0.0 flags=0 nparts=7 pmin=85.2 smin=0.0 ls=0,0,0,0
[15:41:44.962] [HOST] INFO: [med] SEND hand=3,1853149440 npc=1 blood=81.4 bleed=0.02 fl=100.0,100.0,100.0,100.0 bd=0.0,0.0,0.0,0.0 flags=0 nparts=7 pmin=76.2 smin=0.0 ls=0,0,0,0
[15:41:45.056] [HOST] INFO: [cam] center=-37235.0,508.8,2410.9
[15:41:45.080] [HOST] INFO: [med] SEND hand=11,3683593728 npc=1 blood=85.7 bleed=0.00 fl=125.0,125.0,125.0,125.0 bd=0.0,0.0,0.0,0.0 flags=0 nparts=7 pmin=125.0 smin=0.0 ls=0,0,0,0
[15:41:45.096] [HOST] INFO: [med] SEND hand=10,663696320 npc=1 blood=49.7 bleed=0.00 fl=53.0,100.0,33.0,26.9 bd=0.0,0.0,0.0,0.0 flags=0 nparts=7 pmin=26.9 smin=0.0 ls=0,0,0,0
[15:41:45.564] [HOST] INFO: [med] SEND hand=13,3717895424 npc=1 blood=75.3 bleed=0.00 fl=44.8,100.0,55.9,100.0 bd=0.0,0.0,0.0,0.0 flags=0 nparts=7 pmin=44.8 smin=0.0 ls=0,0,0,0
[15:41:45.569] [HOST] INFO: [med] SEND hand=8,3380737280 npc=1 blood=75.1 bleed=0.02 fl=53.5,100.0,100.0,100.0 bd=0.0,0.0,0.0,0.0 flags=0 nparts=7 pmin=53.5 smin=0.0 ls=0,0,0,0
[15:41:45.596] [HOST] INFO: [med] SEND hand=9,3555419904 npc=1 blood=63.8 bleed=0.03 fl=56.2,100.0,100.0,100.0 bd=0.0,0.0,0.0,0.0 flags=0 nparts=7 pmin=53.2 smin=0.0 ls=0,0,0,0
[15:41:45.750] [HOST] INFO: [med] SEND hand=6,1523559552 npc=1 blood=73.4 bleed=0.02 fl=56.4,58.0,100.0,100.0 bd=0.0,0.0,0.0,0.0 flags=0 nparts=7 pmin=56.4 smin=0.0 ls=0,0,0,0
[15:41:45.829] [HOST] INFO: [med] SEND hand=1,2005981440 npc=1 blood=67.6 bleed=0.00 fl=53.3,100.0,100.0,100.0 bd=0.0,0.0,0.0,0.0 flags=1 nparts=7 pmin=53.3 smin=0.0 ls=0,0,0,0
[15:41:45.843] [HOST] INFO: [med] SEND hand=1,3842285056 npc=1 blood=141.1 bleed=0.01 fl=127.5,94.1,118.8,125.8 bd=0.0,0.0,0.0,0.0 flags=1 nparts=7 pmin=15.3 smin=0.0 ls=0,0,0,0
[15:41:45.871] [HOST] INFO: [med] SEND hand=3,3793090816 npc=1 blood=133.6 bleed=0.01 fl=139.8,61.9,139.8,134.6 bd=0.0,0.0,0.0,0.0 flags=0 nparts=7 pmin=61.9 smin=0.0 ls=0,0,0,0
[15:41:45.962] [HOST] INFO: [med] SEND hand=3,1853149440 npc=1 blood=81.4 bleed=0.01 fl=100.0,100.0,100.0,100.0 bd=0.0,0.0,0.0,0.0 flags=0 nparts=7 pmin=76.2 smin=0.0 ls=0,0,0,0
[15:41:46.082] [HOST] INFO: [med] SEND hand=11,3683593728 npc=1 blood=85.7 bleed=0.00 fl=125.0,125.0,125.0,125.0 bd=0.0,0.0,0.0,0.0 flags=0 nparts=7 pmin=125.0 smin=0.0 ls=0,0,0,0
[15:41:46.096] [HOST] INFO: [med] SEND hand=1,1913818368 npc=0 blood=129.4 bleed=0.00 fl=100.0,100.0,100.0,100.0 bd=0.0,0.0,0.0,0.0 flags=0 nparts=7 pmin=3.0 smin=0.0 ls=0,0,0,0
[15:41:46.101] [HOST] INFO: [med] SEND hand=10,663696320 npc=1 blood=49.9 bleed=0.00 fl=53.0,100.0,32.9,26.8 bd=0.0,0.0,0.0,0.0 flags=0 nparts=7 pmin=26.8 smin=0.0 ls=0,0,0,0
[15:41:46.414] [HOST] INFO: [census] sent n=23 radius=2000 mid=20
[15:41:46.498] [HOST] INFO: [med] SEND hand=1,1913818368 npc=0 blood=129.5 bleed=0.00 fl=100.0,100.0,100.0,100.0 bd=0.0,0.0,0.0,0.0 flags=0 nparts=7 pmin=3.0 smin=0.0 ls=0,0,0,0
[15:41:46.567] [HOST] INFO: [med] SEND hand=13,3717895424 npc=1 blood=70.1 bleed=0.01 fl=44.8,100.0,55.9,100.0 bd=0.0,0.0,0.0,0.0 flags=0 nparts=7 pmin=44.8 smin=0.0 ls=0,0,0,0
[15:41:46.572] [HOST] INFO: [med] SEND hand=8,3380737280 npc=1 blood=74.9 bleed=0.02 fl=53.5,100.0,100.0,100.0 bd=0.0,0.0,0.0,0.0 flags=0 nparts=7 pmin=53.5 smin=0.0 ls=0,0,0,0
[15:41:46.595] [HOST] INFO: [med] SEND hand=9,3555419904 npc=1 blood=63.6 bleed=0.03 fl=56.2,100.0,100.0,100.0 bd=0.0,0.0,0.0,0.0 flags=0 nparts=7 pmin=53.1 smin=0.0 ls=0,0,0,0
[15:41:46.789] [HOST] INFO: [med] SEND hand=6,1523559552 npc=1 blood=73.4 bleed=0.01 fl=56.4,57.9,100.0,100.0 bd=0.0,0.0,0.0,0.0 flags=0 nparts=7 pmin=56.4 smin=0.0 ls=0,0,0,0
[15:41:46.833] [HOST] INFO: [med] SEND hand=1,2005981440 npc=1 blood=67.8 bleed=0.00 fl=53.2,100.0,100.0,100.0 bd=0.0,0.0,0.0,0.0 flags=1 nparts=7 pmin=53.2 smin=0.0 ls=0,0,0,0
[15:41:46.844] [HOST] INFO: [med] SEND hand=1,3842285056 npc=1 blood=141.1 bleed=0.01 fl=127.5,94.1,118.8,125.8 bd=0.0,0.0,0.0,0.0 flags=1 nparts=7 pmin=15.2 smin=0.0 ls=0,0,0,0
[15:41:46.877] [HOST] INFO: [med] SEND hand=3,3793090816 npc=1 blood=125.7 bleed=0.03 fl=139.8,61.9,139.8,134.6 bd=0.0,0.0,0.0,0.0 flags=0 nparts=7 pmin=61.9 smin=0.0 ls=0,0,0,0
[15:41:46.966] [HOST] INFO: [med] SEND hand=3,1853149440 npc=1 blood=69.9 bleed=0.03 fl=100.0,100.0,100.0,100.0 bd=0.0,0.0,0.0,0.0 flags=0 nparts=7 pmin=29.2 smin=0.0 ls=0,0,0,0
[15:41:47.103] [HOST] INFO: [med] SEND hand=10,663696320 npc=1 blood=50.2 bleed=0.00 fl=53.0,100.0,32.9,26.7 bd=0.0,0.0,0.0,0.0 flags=0 nparts=7 pmin=26.7 smin=0.0 ls=0,0,0,0
[15:41:47.127] [HOST] INFO: [ai] suspended=0 driven=0
[15:41:47.145] [HOST] INFO: [med] SEND hand=11,3683593728 npc=1 blood=85.7 bleed=0.00 fl=125.0,125.0,125.0,125.0 bd=0.0,0.0,0.0,0.0 flags=0 nparts=7 pmin=125.0 smin=0.0 ls=0,0,0,0
[15:41:47.571] [HOST] INFO: [med] SEND hand=13,3717895424 npc=1 blood=70.0 bleed=0.01 fl=44.7,100.0,55.9,100.0 bd=0.0,0.0,0.0,0.0 flags=0 nparts=7 pmin=44.7 smin=0.0 ls=0,0,0,0
[15:41:47.576] [HOST] INFO: [med] SEND hand=8,3380737280 npc=1 blood=74.8 bleed=0.01 fl=53.5,100.0,100.0,100.0 bd=0.0,0.0,0.0,0.0 flags=0 nparts=7 pmin=53.5 smin=0.0 ls=0,0,0,0
[15:41:47.599] [HOST] INFO: [med] SEND hand=9,3555419904 npc=1 blood=51.8 bleed=0.04 fl=56.2,100.0,100.0,100.0 bd=0.0,0.0,0.0,0.0 flags=0 nparts=7 pmin=51.7 smin=0.0 ls=0,0,0,0
[15:41:47.794] [HOST] INFO: [med] SEND hand=6,1523559552 npc=1 blood=73.3 bleed=0.01 fl=56.4,57.9,100.0,100.0 bd=0.0,0.0,0.0,0.0 flags=0 nparts=7 pmin=56.4 smin=0.0 ls=0,0,0,0
[15:41:47.834] [HOST] INFO: [med] SEND hand=1,2005981440 npc=1 blood=68.1 bleed=0.00 fl=53.2,100.0,100.0,100.0 bd=0.0,0.0,0.0,0.0 flags=1 nparts=7 pmin=53.2 smin=0.0 ls=0,0,0,0
[15:41:47.846] [HOST] INFO: [med] SEND hand=1,3842285056 npc=1 blood=141.0 bleed=0.00 fl=127.5,94.1,118.8,125.8 bd=0.0,0.0,0.0,0.0 flags=1 nparts=7 pmin=15.1 smin=0.0 ls=0,0,0,0
[15:41:47.881] [HOST] INFO: [med] SEND hand=3,3793090816 npc=1 blood=113.8 bleed=0.05 fl=139.8,61.9,139.8,134.7 bd=0.0,0.0,0.0,0.0 flags=1 nparts=7 pmin=61.9 smin=0.0 ls=0,0,0,0
[15:41:47.967] [HOST] INFO: [med] SEND hand=3,1853149440 npc=1 blood=69.8 bleed=0.02 fl=100.0,100.0,100.0,100.0 bd=0.0,0.0,0.0,0.0 flags=0 nparts=7 pmin=29.2 smin=0.0 ls=0,0,0,0
[15:41:48.106] [HOST] INFO: [med] SEND hand=10,663696320 npc=1 blood=38.8 bleed=0.02 fl=52.9,100.0,32.8,26.7 bd=0.0,0.0,0.0,0.0 flags=0 nparts=7 pmin=4.8 smin=0.0 ls=0,0,0,0
[15:41:48.145] [HOST] INFO: [med] SEND hand=11,3683593728 npc=1 blood=85.7 bleed=0.00 fl=125.0,125.0,125.0,125.0 bd=0.0,0.0,0.0,0.0 flags=0 nparts=7 pmin=125.0 smin=0.0 ls=0,0,0,0
[15:41:48.238] [HOST] INFO: [med] SEND hand=1,1913818368 npc=0 blood=130.0 bleed=0.00 fl=100.0,100.0,100.0,100.0 bd=0.0,0.0,0.0,0.0 flags=0 nparts=7 pmin=3.2 smin=0.0 ls=0,0,0,0
[15:41:48.574] [HOST] INFO: [med] SEND hand=13,3717895424 npc=1 blood=70.0 bleed=0.01 fl=44.7,100.0,55.8,100.0 bd=0.0,0.0,0.0,0.0 flags=0 nparts=7 pmin=44.7 smin=0.0 ls=0,0,0,0
[15:41:48.610] [HOST] INFO: [med] SEND hand=9,3555419904 npc=1 blood=51.6 bleed=0.03 fl=56.1,100.0,100.0,100.0 bd=0.0,0.0,0.0,0.0 flags=0 nparts=7 pmin=51.7 smin=0.0 ls=0,0,0,0
[15:41:48.628] [HOST] INFO: [med] SEND hand=8,3380737280 npc=1 blood=74.8 bleed=0.01 fl=53.4,100.0,100.0,100.0 bd=0.0,0.0,0.0,0.0 flags=0 nparts=7 pmin=53.4 smin=0.0 ls=0,0,0,0
[15:41:48.820] [HOST] INFO: [med] SEND hand=6,1523559552 npc=1 blood=73.2 bleed=0.01 fl=56.3,57.9,100.0,100.0 bd=0.0,0.0,0.0,0.0 flags=0 nparts=7 pmin=56.3 smin=0.0 ls=0,0,0,0
[15:41:48.850] [HOST] INFO: [med] SEND hand=1,3842285056 npc=1 blood=141.0 bleed=0.00 fl=127.5,94.1,118.8,125.8 bd=0.0,0.0,0.0,0.0 flags=1 nparts=7 pmin=15.0 smin=0.0 ls=0,0,0,0
[15:41:48.858] [HOST] INFO: [med] SEND hand=1,2005981440 npc=1 blood=68.3 bleed=0.00 fl=53.2,100.0,100.0,100.0 bd=0.0,0.0,0.0,0.0 flags=1 nparts=7 pmin=53.2 smin=0.0 ls=0,0,0,0
[15:41:48.884] [HOST] INFO: [med] SEND hand=3,3793090816 npc=1 blood=113.6 bleed=0.03 fl=139.8,61.9,139.8,134.7 bd=0.0,0.0,0.0,0.0 flags=1 nparts=7 pmin=61.9 smin=0.0 ls=0,0,0,0
[15:41:48.968] [HOST] INFO: [med] SEND hand=3,1853149440 npc=1 blood=69.7 bleed=0.01 fl=100.0,100.0,100.0,100.0 bd=0.0,0.0,0.0,0.0 flags=0 nparts=7 pmin=29.1 smin=0.0 ls=0,0,0,0
[15:41:49.107] [HOST] INFO: [med] SEND hand=10,663696320 npc=1 blood=38.7 bleed=0.02 fl=52.9,100.0,32.8,26.6 bd=0.0,0.0,0.0,0.0 flags=0 nparts=7 pmin=4.7 smin=0.0 ls=0,0,0,0
[15:41:49.189] [HOST] INFO: [med] SEND hand=11,3683593728 npc=1 blood=85.7 bleed=0.00 fl=125.0,125.0,125.0,125.0 bd=0.0,0.0,0.0,0.0 flags=0 nparts=7 pmin=125.0 smin=0.0 ls=0,0,0,0
[15:41:49.573] [HOST] INFO: [med] SEND hand=13,3717895424 npc=1 blood=69.9 bleed=0.00 fl=44.6,100.0,55.8,100.0 bd=0.0,0.0,0.0,0.0 flags=0 nparts=7 pmin=44.6 smin=0.0 ls=0,0,0,0
[15:41:49.612] [HOST] INFO: [med] SEND hand=9,3555419904 npc=1 blood=51.4 bleed=0.02 fl=56.1,100.0,100.0,100.0 bd=0.0,0.0,0.0,0.0 flags=0 nparts=7 pmin=51.6 smin=0.0 ls=0,0,0,0
[15:41:49.700] [HOST] INFO: [med] SEND hand=8,3380737280 npc=1 blood=74.7 bleed=0.01 fl=53.4,100.0,100.0,100.0 bd=0.0,0.0,0.0,0.0 flags=0 nparts=7 pmin=53.4 smin=0.0 ls=0,0,0,0
[15:41:49.858] [HOST] INFO: [med] SEND hand=1,2005981440 npc=1 blood=68.6 bleed=0.00 fl=53.1,100.0,100.0,100.0 bd=0.0,0.0,0.0,0.0 flags=1 nparts=7 pmin=53.1 smin=0.0 ls=0,0,0,0
[15:41:49.862] [HOST] INFO: [med] SEND hand=1,3842285056 npc=1 blood=141.2 bleed=0.00 fl=127.5,94.1,118.8,125.8 bd=0.0,0.0,0.0,0.0 flags=1 nparts=7 pmin=14.9 smin=0.0 ls=0,0,0,0
[15:41:49.862] [HOST] INFO: [med] SEND hand=6,1523559552 npc=1 blood=73.2 bleed=0.00 fl=56.3,57.8,100.0,100.0 bd=0.0,0.0,0.0,0.0 flags=0 nparts=7 pmin=56.3 smin=0.0 ls=0,0,0,0
[15:41:49.885] [HOST] INFO: [med] SEND hand=3,3793090816 npc=1 blood=113.5 bleed=0.01 fl=139.8,61.8,139.8,134.7 bd=0.0,0.0,0.0,0.0 flags=1 nparts=7 pmin=61.8 smin=0.0 ls=0,0,0,0
[15:41:49.972] [HOST] INFO: [med] SEND hand=3,1853149440 npc=1 blood=69.6 bleed=0.01 fl=100.0,100.0,100.0,100.0 bd=0.0,0.0,0.0,0.0 flags=0 nparts=7 pmin=29.0 smin=0.0 ls=0,0,0,0
[15:41:50.054] [HOST] INFO: [cam] center=-37150.0,499.1,2353.2
[15:41:50.058] [HOST] INFO: [med] SEND hand=1,1913818368 npc=0 blood=130.5 bleed=0.00 fl=100.0,100.0,100.0,100.0 bd=0.0,0.0,0.0,0.0 flags=0 nparts=7 pmin=3.3 smin=0.0 ls=0,0,0,0
[15:41:50.108] [HOST] INFO: [med] SEND hand=10,663696320 npc=1 blood=38.6 bleed=0.01 fl=52.8,100.0,32.7,26.5 bd=0.0,0.0,0.0,0.0 flags=0 nparts=7 pmin=4.6 smin=0.0 ls=0,0,0,0
[15:41:50.130] [HOST] INFO: [ai] suspended=0 driven=0
[15:41:50.228] [HOST] INFO: [med] SEND hand=11,3683593728 npc=1 blood=85.7 bleed=0.00 fl=125.0,125.0,125.0,125.0 bd=0.0,0.0,0.0,0.0 flags=0 nparts=7 pmin=125.0 smin=0.0 ls=0,0,0,0
[15:41:50.576] [HOST] INFO: [med] SEND hand=13,3717895424 npc=1 blood=69.9 bleed=0.00 fl=44.6,100.0,55.8,100.0 bd=0.0,0.0,0.0,0.0 flags=0 nparts=7 pmin=44.6 smin=0.0 ls=0,0,0,0
[15:41:50.614] [HOST] INFO: [med] SEND hand=9,3555419904 npc=1 blood=51.3 bleed=0.01 fl=56.1,100.0,100.0,100.0 bd=0.0,0.0,0.0,0.0 flags=0 nparts=7 pmin=51.6 smin=0.0 ls=0,0,0,0
[15:41:50.703] [HOST] INFO: [med] SEND hand=8,3380737280 npc=1 blood=74.7 bleed=0.00 fl=53.3,100.0,100.0,100.0 bd=0.0,0.0,0.0,0.0 flags=0 nparts=7 pmin=53.3 smin=0.0 ls=0,0,0,0
[15:41:50.860] [HOST] INFO: [med] SEND hand=1,2005981440 npc=1 blood=68.8 bleed=0.00 fl=53.1,100.0,100.0,100.0 bd=0.0,0.0,0.0,0.0 flags=1 nparts=7 pmin=53.1 smin=0.0 ls=0,0,0,0
[15:41:50.863] [HOST] INFO: [med] SEND hand=1,3842285056 npc=1 blood=141.6 bleed=0.00 fl=127.5,94.0,118.8,125.8 bd=0.0,0.0,0.0,0.0 flags=1 nparts=7 pmin=14.8 smin=0.0 ls=0,0,0,0
[15:41:50.863] [HOST] INFO: [med] SEND hand=6,1523559552 npc=1 blood=73.3 bleed=0.00 fl=56.3,57.8,100.0,100.0 bd=0.0,0.0,0.0,0.0 flags=0 nparts=7 pmin=56.3 smin=0.0 ls=0,0,0,0
[15:41:50.885] [HOST] INFO: [med] SEND hand=3,3793090816 npc=1 blood=113.5 bleed=0.00 fl=139.8,61.8,139.8,134.7 bd=0.0,0.0,0.0,0.0 flags=1 nparts=7 pmin=61.8 smin=0.0 ls=0,0,0,0
[15:41:50.971] [HOST] INFO: [med] SEND hand=3,1853149440 npc=1 blood=69.5 bleed=0.01 fl=100.0,100.0,100.0,100.0 bd=0.0,0.0,0.0,0.0 flags=0 nparts=7 pmin=29.0 smin=0.0 ls=0,0,0,0
[15:41:51.109] [HOST] INFO: [med] SEND hand=10,663696320 npc=1 blood=38.5 bleed=0.01 fl=52.8,100.0,32.6,26.5 bd=0.0,0.0,0.0,0.0 flags=0 nparts=7 pmin=4.5 smin=0.0 ls=0,0,0,0
[15:41:51.229] [HOST] INFO: [med] SEND hand=11,3683593728 npc=1 blood=85.7 bleed=0.00 fl=125.0,125.0,125.0,125.0 bd=0.0,0.0,0.0,0.0 flags=0 nparts=7 pmin=125.0 smin=0.0 ls=0,0,0,0
[15:41:51.336] [HOST] INFO: [fac] AFFECT-EV me='56128-rebirth.mod' whom='40544-rebirth.mod' event=1 mult=0.000 after=0.00 skipped=15
[15:41:51.393] [HOST] INFO: [fac] AFFECT-EV me='40544-rebirth.mod' whom='56128-rebirth.mod' event=1 mult=0.025 after=0.00 skipped=17
[15:41:51.576] [HOST] INFO: [med] SEND hand=13,3717895424 npc=1 blood=70.2 bleed=0.00 fl=44.6,100.0,55.7,100.0 bd=0.0,0.0,0.0,0.0 flags=0 nparts=7 pmin=44.6 smin=0.0 ls=0,0,0,0
[15:41:51.616] [HOST] INFO: [med] SEND hand=9,3555419904 npc=1 blood=51.2 bleed=0.01 fl=56.0,100.0,100.0,100.0 bd=0.0,0.0,0.0,0.0 flags=0 nparts=7 pmin=51.6 smin=0.0 ls=0,0,0,0
[15:41:51.704] [HOST] INFO: [med] SEND hand=8,3380737280 npc=1 blood=74.7 bleed=0.00 fl=53.3,100.0,100.0,100.0 bd=0.0,0.0,0.0,0.0 flags=0 nparts=7 pmin=53.3 smin=0.0 ls=0,0,0,0
[15:41:51.861] [HOST] INFO: [med] SEND hand=1,2005981440 npc=1 blood=69.1 bleed=0.00 fl=53.1,100.0,100.0,100.0 bd=0.0,0.0,0.0,0.0 flags=1 nparts=7 pmin=53.1 smin=0.0 ls=0,0,0,0
[15:41:51.865] [HOST] INFO: [med] SEND hand=1,3842285056 npc=1 blood=142.0 bleed=0.00 fl=127.5,94.0,118.8,125.8 bd=0.0,0.0,0.0,0.0 flags=1 nparts=7 pmin=14.7 smin=0.0 ls=0,0,0,0
[15:41:51.865] [HOST] INFO: [med] SEND hand=6,1523559552 npc=1 blood=73.6 bleed=0.00 fl=56.2,57.8,100.0,100.0 bd=0.0,0.0,0.0,0.0 flags=0 nparts=7 pmin=56.2 smin=0.0 ls=0,0,0,0
[15:41:51.875] [HOST] INFO: [med] SEND hand=1,1913818368 npc=0 blood=131.0 bleed=0.00 fl=100.0,100.0,100.0,100.0 bd=0.0,0.0,0.0,0.0 flags=0 nparts=7 pmin=3.5 smin=0.0 ls=0,0,0,0
[15:41:51.886] [HOST] INFO: [med] SEND hand=3,3793090816 npc=1 blood=113.8 bleed=0.00 fl=139.8,61.7,139.8,134.7 bd=0.0,0.0,0.0,0.0 flags=1 nparts=7 pmin=61.7 smin=0.0 ls=0,0,0,0
[15:41:51.973] [HOST] INFO: [med] SEND hand=3,1853149440 npc=1 blood=69.5 bleed=0.00 fl=100.0,100.0,100.0,100.0 bd=0.0,0.0,0.0,0.0 flags=0 nparts=7 pmin=28.9 smin=0.0 ls=0,0,0,0
[15:41:52.110] [HOST] INFO: [med] SEND hand=10,663696320 npc=1 blood=38.5 bleed=0.01 fl=52.8,100.0,32.6,26.4 bd=0.0,0.0,0.0,0.0 flags=0 nparts=7 pmin=4.4 smin=0.0 ls=0,0,0,0
[15:41:52.228] [HOST] INFO: [med] SEND hand=11,3683593728 npc=1 blood=85.7 bleed=0.00 fl=125.0,125.0,125.0,125.0 bd=0.0,0.0,0.0,0.0 flags=0 nparts=7 pmin=125.0 smin=0.0 ls=0,0,0,0
[15:41:52.278] [HOST] INFO: [med] SEND hand=1,1913818368 npc=0 blood=131.1 bleed=0.00 fl=100.0,100.0,100.0,100.0 bd=0.0,0.0,0.0,0.0 flags=0 nparts=7 pmin=3.5 smin=0.0 ls=0,0,0,0
[15:41:52.578] [HOST] INFO: [med] SEND hand=13,3717895424 npc=1 blood=70.4 bleed=0.00 fl=44.5,100.0,55.7,100.0 bd=0.0,0.0,0.0,0.0 flags=0 nparts=7 pmin=44.5 smin=0.0 ls=0,0,0,0
[15:41:52.648] [HOST] INFO: [med] SEND hand=9,3555419904 npc=1 blood=51.2 bleed=0.00 fl=56.0,100.0,100.0,100.0 bd=0.0,0.0,0.0,0.0 flags=0 nparts=7 pmin=51.5 smin=0.0 ls=0,0,0,0
[15:41:52.768] [HOST] INFO: [med] SEND hand=8,3380737280 npc=1 blood=74.9 bleed=0.00 fl=53.3,100.0,100.0,100.0 bd=0.0,0.0,0.0,0.0 flags=0 nparts=7 pmin=53.3 smin=0.0 ls=0,0,0,0
[15:41:52.866] [HOST] INFO: [med] SEND hand=1,3842285056 npc=1 blood=142.3 bleed=0.00 fl=127.5,94.0,118.8,125.8 bd=0.0,0.0,0.0,0.0 flags=1 nparts=7 pmin=14.6 smin=0.0 ls=0,0,0,0
[15:41:52.874] [HOST] INFO: [med] SEND hand=6,1523559552 npc=1 blood=73.8 bleed=0.00 fl=56.2,57.7,100.0,100.0 bd=0.0,0.0,0.0,0.0 flags=0 nparts=7 pmin=56.2 smin=0.0 ls=0,0,0,0
[15:41:52.887] [HOST] INFO: [med] SEND hand=3,3793090816 npc=1 blood=114.2 bleed=0.00 fl=139.8,61.7,139.8,134.7 bd=0.0,0.0,0.0,0.0 flags=1 nparts=7 pmin=61.7 smin=0.0 ls=0,0,0,0
[15:41:52.915] [HOST] INFO: [med] SEND hand=1,2005981440 npc=1 blood=69.4 bleed=0.00 fl=53.0,100.0,100.0,100.0 bd=0.0,0.0,0.0,0.0 flags=1 nparts=7 pmin=53.0 smin=0.0 ls=0,0,0,0
[15:41:53.061] [HOST] INFO: [med] SEND hand=3,1853149440 npc=1 blood=69.6 bleed=0.00 fl=100.0,100.0,100.0,100.0 bd=0.0,0.0,0.0,0.0 flags=0 nparts=7 pmin=28.8 smin=0.0 ls=0,0,0,0
[15:41:53.133] [HOST] INFO: [ai] suspended=0 driven=0
[15:41:53.173] [HOST] INFO: [med] SEND hand=10,663696320 npc=1 blood=38.4 bleed=0.00 fl=52.7,100.0,32.5,26.3 bd=0.0,0.0,0.0,0.0 flags=0 nparts=7 pmin=4.3 smin=0.0 ls=0,0,0,0
[15:41:53.233] [HOST] INFO: [med] SEND hand=11,3683593728 npc=1 blood=85.7 bleed=0.00 fl=125.0,125.0,125.0,125.0 bd=0.0,0.0,0.0,0.0 flags=0 nparts=7 pmin=125.0 smin=0.0 ls=0,0,0,0
[15:41:53.578] [HOST] INFO: [med] SEND hand=13,3717895424 npc=1 blood=70.7 bleed=0.00 fl=44.5,100.0,55.7,100.0 bd=0.0,0.0,0.0,0.0 flags=0 nparts=7 pmin=44.5 smin=0.0 ls=0,0,0,0
[15:41:53.651] [HOST] INFO: [med] SEND hand=9,3555419904 npc=1 blood=51.2 bleed=0.00 fl=56.0,100.0,100.0,100.0 bd=0.0,0.0,0.0,0.0 flags=0 nparts=7 pmin=51.5 smin=0.0 ls=0,0,0,0
[15:41:53.700] [HOST] INFO: [med] SEND hand=1,1913818368 npc=0 blood=131.5 bleed=0.00 fl=100.0,100.0,100.0,100.0 bd=0.0,0.0,0.0,0.0 flags=0 nparts=7 pmin=3.7 smin=0.0 ls=0,0,0,0
[15:41:53.768] [HOST] INFO: [med] SEND hand=8,3380737280 npc=1 blood=75.2 bleed=0.00 fl=53.2,100.0,100.0,100.0 bd=0.0,0.0,0.0,0.0 flags=0 nparts=7 pmin=53.2 smin=0.0 ls=0,0,0,0
[15:41:53.868] [HOST] INFO: [med] SEND hand=1,3842285056 npc=1 blood=142.7 bleed=0.00 fl=127.5,94.0,118.8,125.8 bd=0.0,0.0,0.0,0.0 flags=1 nparts=7 pmin=14.5 smin=0.0 ls=0,0,0,0
[15:41:53.879] [HOST] INFO: [med] SEND hand=6,1523559552 npc=1 blood=74.1 bleed=0.00 fl=56.2,57.7,100.0,100.0 bd=0.0,0.0,0.0,0.0 flags=0 nparts=7 pmin=56.2 smin=0.0 ls=0,0,0,0
[15:41:53.888] [HOST] INFO: [med] SEND hand=3,3793090816 npc=1 blood=114.6 bleed=0.00 fl=139.8,61.6,139.8,134.7 bd=0.0,0.0,0.0,0.0 flags=1 nparts=7 pmin=61.6 smin=0.0 ls=0,0,0,0
[15:41:53.918] [HOST] INFO: [med] SEND hand=1,2005981440 npc=1 blood=69.6 bleed=0.00 fl=53.0,100.0,100.0,100.0 bd=0.0,0.0,0.0,0.0 flags=1 nparts=7 pmin=53.0 smin=0.0 ls=0,0,0,0
[15:41:54.079] [HOST] INFO: [med] SEND hand=3,1853149440 npc=1 blood=69.8 bleed=0.00 fl=100.0,100.0,100.0,100.0 bd=0.0,0.0,0.0,0.0 flags=0 nparts=7 pmin=28.7 smin=0.0 ls=0,0,0,0
[15:41:54.174] [HOST] INFO: [med] SEND hand=10,663696320 npc=1 blood=38.5 bleed=0.00 fl=52.7,100.0,32.4,26.2 bd=0.0,0.0,0.0,0.0 flags=0 nparts=7 pmin=4.2 smin=0.0 ls=0,0,0,0
[15:41:54.582] [HOST] INFO: [med] SEND hand=13,3717895424 npc=1 blood=70.9 bleed=0.00 fl=44.4,100.0,55.6,100.0 bd=0.0,0.0,0.0,0.0 flags=0 nparts=7 pmin=44.4 smin=0.0 ls=0,0,0,0
[15:41:54.654] [HOST] INFO: [med] SEND hand=9,3555419904 npc=1 blood=51.5 bleed=0.00 fl=55.9,100.0,100.0,100.0 bd=0.0,0.0,0.0,0.0 flags=0 nparts=7 pmin=51.4 smin=0.0 ls=0,0,0,0
[15:41:54.768] [HOST] INFO: [med] SEND hand=8,3380737280 npc=1 blood=75.4 bleed=0.00 fl=53.2,100.0,100.0,100.0 bd=0.0,0.0,0.0,0.0 flags=0 nparts=7 pmin=53.2 smin=0.0 ls=0,0,0,0
[15:41:54.870] [HOST] INFO: [med] SEND hand=1,3842285056 npc=1 blood=143.0 bleed=0.00 fl=127.5,94.0,118.8,125.8 bd=0.0,0.0,0.0,0.0 flags=1 nparts=7 pmin=14.4 smin=0.0 ls=0,0,0,0
[15:41:54.890] [HOST] INFO: [med] SEND hand=3,3793090816 npc=1 blood=114.9 bleed=0.00 fl=139.8,61.6,139.8,134.7 bd=0.0,0.0,0.0,0.0 flags=1 nparts=7 pmin=61.6 smin=0.0 ls=0,0,0,0
[15:41:54.917] [HOST] INFO: [med] SEND hand=1,2005981440 npc=1 blood=69.8 bleed=0.00 fl=53.0,100.0,100.0,100.0 bd=0.0,0.0,0.0,0.0 flags=1 nparts=7 pmin=53.0 smin=0.0 ls=0,0,0,0
[15:41:54.948] [HOST] INFO: [med] SEND hand=6,1523559552 npc=1 blood=74.3 bleed=0.00 fl=56.1,57.7,100.0,100.0 bd=0.0,0.0,0.0,0.0 flags=0 nparts=7 pmin=56.1 smin=0.0 ls=0,0,0,0
[15:41:55.055] [HOST] INFO: [cam] center=-37150.0,499.1,2353.2
[15:41:55.081] [HOST] INFO: [med] SEND hand=3,1853149440 npc=1 blood=70.1 bleed=0.00 fl=100.0,100.0,100.0,100.0 bd=0.0,0.0,0.0,0.0 flags=0 nparts=7 pmin=28.7 smin=0.0 ls=0,0,0,0
[15:41:55.228] [HOST] INFO: [med] SEND hand=10,663696320 npc=1 blood=38.8 bleed=0.00 fl=52.7,100.0,32.4,26.2 bd=0.0,0.0,0.0,0.0 flags=0 nparts=7 pmin=4.1 smin=0.0 ls=0,0,0,0
[15:41:55.580] [HOST] INFO: [med] SEND hand=1,1913818368 npc=0 blood=132.0 bleed=0.00 fl=100.0,100.0,100.0,100.0 bd=0.0,0.0,0.0,0.0 flags=0 nparts=7 pmin=3.8 smin=0.0 ls=0,0,0,0
[15:41:55.583] [HOST] INFO: [med] SEND hand=13,3717895424 npc=1 blood=71.2 bleed=0.00 fl=44.4,100.0,55.6,100.0 bd=0.0,0.0,0.0,0.0 flags=0 nparts=7 pmin=44.4 smin=0.0 ls=0,0,0,0
[15:41:55.655] [HOST] INFO: [med] SEND hand=9,3555419904 npc=1 blood=51.7 bleed=0.00 fl=55.9,100.0,100.0,100.0 bd=0.0,0.0,0.0,0.0 flags=0 nparts=7 pmin=51.4 smin=0.0 ls=0,0,0,0
[15:41:55.770] [HOST] INFO: [med] SEND hand=8,3380737280 npc=1 blood=75.7 bleed=0.00 fl=53.2,100.0,100.0,100.0 bd=0.0,0.0,0.0,0.0 flags=0 nparts=7 pmin=53.2 smin=0.0 ls=0,0,0,0
[15:41:55.891] [HOST] INFO: [med] SEND hand=3,3793090816 npc=1 blood=115.2 bleed=0.00 fl=139.8,61.5,139.8,134.7 bd=0.0,0.0,0.0,0.0 flags=1 nparts=7 pmin=61.5 smin=0.0 ls=0,0,0,0
[15:41:55.919] [HOST] INFO: [med] SEND hand=1,2005981440 npc=1 blood=70.1 bleed=0.00 fl=52.9,100.0,100.0,100.0 bd=0.0,0.0,0.0,0.0 flags=1 nparts=7 pmin=52.9 smin=0.0 ls=0,0,0,0
[15:41:55.948] [HOST] INFO: [med] SEND hand=6,1523559552 npc=1 blood=74.6 bleed=0.00 fl=56.1,57.7,100.0,100.0 bd=0.0,0.0,0.0,0.0 flags=0 nparts=7 pmin=56.1 smin=0.0 ls=0,0,0,0
[15:41:56.083] [HOST] INFO: [med] SEND hand=3,1853149440 npc=1 blood=70.3 bleed=0.00 fl=100.0,100.0,100.0,100.0 bd=0.0,0.0,0.0,0.0 flags=0 nparts=7 pmin=28.6 smin=0.0 ls=0,0,0,0
[15:41:56.135] [HOST] INFO: [ai] suspended=0 driven=0
[15:41:56.231] [HOST] INFO: [med] SEND hand=10,663696320 npc=1 blood=39.0 bleed=0.00 fl=52.6,100.0,32.3,26.1 bd=0.0,0.0,0.0,0.0 flags=0 nparts=7 pmin=4.0 smin=0.0 ls=0,0,0,0
[15:41:56.429] [HOST] INFO: [census] sent n=23 radius=2000 mid=20
[15:41:56.585] [HOST] INFO: [med] SEND hand=13,3717895424 npc=1 blood=71.4 bleed=0.00 fl=44.3,100.0,55.6,100.0 bd=0.0,0.0,0.0,0.0 flags=0 nparts=7 pmin=44.3 smin=0.0 ls=0,0,0,0
[15:41:56.656] [HOST] INFO: [med] SEND hand=9,3555419904 npc=1 blood=51.9 bleed=0.00 fl=55.9,100.0,100.0,100.0 bd=0.0,0.0,0.0,0.0 flags=0 nparts=7 pmin=51.4 smin=0.0 ls=0,0,0,0
[15:41:56.835] [HOST] INFO: [med] SEND hand=8,3380737280 npc=1 blood=75.9 bleed=0.00 fl=53.1,100.0,100.0,100.0 bd=0.0,0.0,0.0,0.0 flags=0 nparts=7 pmin=53.1 smin=0.0 ls=0,0,0,0
[15:41:56.920] [HOST] INFO: [med] SEND hand=1,2005981440 npc=1 blood=70.3 bleed=0.00 fl=52.9,100.0,100.0,100.0 bd=0.0,0.0,0.0,0.0 flags=1 nparts=7 pmin=52.9 smin=0.0 ls=0,0,0,0
[15:41:56.993] [HOST] INFO: [med] SEND hand=6,1523559552 npc=1 blood=74.8 bleed=0.00 fl=56.1,57.6,100.0,100.0 bd=0.0,0.0,0.0,0.0 flags=0 nparts=7 pmin=56.1 smin=0.0 ls=0,0,0,0
[15:41:57.083] [HOST] INFO: [med] SEND hand=3,1853149440 npc=1 blood=70.5 bleed=0.00 fl=100.0,100.0,100.0,100.0 bd=0.0,0.0,0.0,0.0 flags=0 nparts=7 pmin=28.5 smin=0.0 ls=0,0,0,0
[15:41:57.233] [HOST] INFO: [med] SEND hand=10,663696320 npc=1 blood=39.2 bleed=0.00 fl=52.6,100.0,32.2,26.0 bd=0.0,0.0,0.0,0.0 flags=0 nparts=7 pmin=3.9 smin=0.0 ls=0,0,0,0
[15:41:57.461] [HOST] INFO: [med] SEND hand=1,1913818368 npc=0 blood=132.5 bleed=0.00 fl=100.0,100.0,100.0,100.0 bd=0.0,0.0,0.0,0.0 flags=0 nparts=7 pmin=4.0 smin=0.0 ls=0,0,0,0
[15:41:57.584] [HOST] INFO: [med] SEND hand=13,3717895424 npc=1 blood=71.7 bleed=0.00 fl=44.3,100.0,55.5,100.0 bd=0.0,0.0,0.0,0.0 flags=0 nparts=7 pmin=44.3 smin=0.0 ls=0,0,0,0
[15:41:57.915] [HOST] INFO: [med] SEND hand=1,1913818368 npc=0 blood=132.6 bleed=0.00 fl=100.0,100.0,100.0,100.0 bd=0.0,0.0,0.0,0.0 flags=0 nparts=7 pmin=4.0 smin=0.0 ls=0,0,0,0
[15:41:57.922] [HOST] INFO: [med] SEND hand=1,2005981440 npc=1 blood=70.6 bleed=0.00 fl=52.9,100.0,100.0,100.0 bd=0.0,0.0,0.0,0.0 flags=1 nparts=7 pmin=52.9 smin=0.0 ls=0,0,0,0
[15:41:57.994] [HOST] INFO: [med] SEND hand=6,1523559552 npc=1 blood=75.1 bleed=0.00 fl=56.0,57.6,100.0,100.0 bd=0.0,0.0,0.0,0.0 flags=0 nparts=7 pmin=56.0 smin=0.0 ls=0,0,0,0
[15:41:58.083] [HOST] INFO: [med] SEND hand=3,1853149440 npc=1 blood=70.8 bleed=0.00 fl=100.0,100.0,100.0,100.0 bd=0.0,0.0,0.0,0.0 flags=0 nparts=7 pmin=28.5 smin=0.0 ls=0,0,0,0
[15:41:58.234] [HOST] INFO: [med] SEND hand=10,663696320 npc=1 blood=39.5 bleed=0.00 fl=52.6,100.0,32.2,26.0 bd=0.0,0.0,0.0,0.0 flags=0 nparts=7 pmin=3.8 smin=0.0 ls=0,0,0,0
[15:41:58.318] [HOST] INFO: [med] SEND hand=1,1913818368 npc=0 blood=132.7 bleed=0.00 fl=100.0,100.0,100.0,100.0 bd=0.0,0.0,0.0,0.0 flags=0 nparts=7 pmin=4.0 smin=0.0 ls=0,0,0,0
[15:41:58.960] [HOST] INFO: [med] SEND hand=1,2005981440 npc=1 blood=70.8 bleed=0.00 fl=52.8,100.0,100.0,100.0 bd=0.0,0.0,0.0,0.0 flags=1 nparts=7 pmin=52.8 smin=0.0 ls=0,0,0,0
[15:41:59.084] [HOST] INFO: [med] SEND hand=3,1853149440 npc=1 blood=71.0 bleed=0.00 fl=100.0,100.0,100.0,100.0 bd=0.0,0.0,0.0,0.0 flags=0 nparts=7 pmin=28.4 smin=0.0 ls=0,0,0,0
[15:41:59.136] [HOST] INFO: [ai] suspended=0 driven=0
[15:41:59.237] [HOST] INFO: [med] SEND hand=10,663696320 npc=1 blood=39.7 bleed=0.00 fl=52.5,100.0,32.1,25.9 bd=0.0,0.0,0.0,0.0 flags=0 nparts=7 pmin=3.8 smin=0.0 ls=0,0,0,0
[15:41:59.351] [HOST] INFO: [med] SEND hand=1,1913818368 npc=0 blood=133.0 bleed=0.00 fl=100.0,100.0,100.0,100.0 bd=0.0,0.0,0.0,0.0 flags=0 nparts=7 pmin=4.1 smin=0.0 ls=0,0,0,0
[15:41:59.963] [HOST] INFO: [med] SEND hand=1,2005981440 npc=1 blood=71.1 bleed=0.00 fl=52.8,100.0,100.0,100.0 bd=0.0,0.0,0.0,0.0 flags=1 nparts=7 pmin=52.8 smin=0.0 ls=0,0,0,0
[15:42:00.053] [HOST] INFO: [cam] center=-37150.0,499.1,2353.2
[15:42:00.963] [HOST] INFO: [med] SEND hand=1,2005981440 npc=1 blood=71.3 bleed=0.00 fl=52.8,100.0,100.0,100.0 bd=0.0,0.0,0.0,0.0 flags=1 nparts=7 pmin=52.8 smin=0.0 ls=0,0,0,0
[15:42:01.251] [HOST] INFO: [med] SEND hand=1,1913818368 npc=0 blood=133.5 bleed=0.00 fl=100.0,100.0,100.0,100.0 bd=0.0,0.0,0.0,0.0 flags=0 nparts=7 pmin=4.3 smin=0.0 ls=0,0,0,0
[15:42:01.787] [HOST] INFO: [stats] SEND hand=1,1913818368 str=79.0 dex=22.2 tough=54.0 stealth=86.6 athl=69.9 xp=0 fap=0
[15:42:01.964] [HOST] INFO: [med] SEND hand=1,2005981440 npc=1 blood=71.5 bleed=0.00 fl=52.7,100.0,100.0,100.0 bd=0.0,0.0,0.0,0.0 flags=1 nparts=7 pmin=52.7 smin=0.0 ls=0,0,0,0
[15:42:02.139] [HOST] INFO: [ai] suspended=0 driven=0
[15:42:02.965] [HOST] INFO: [med] SEND hand=1,2005981440 npc=1 blood=71.8 bleed=0.00 fl=52.7,100.0,100.0,100.0 bd=0.0,0.0,0.0,0.0 flags=1 nparts=7 pmin=52.7 smin=0.0 ls=0,0,0,0
[15:42:03.136] [HOST] INFO: [med] SEND hand=1,1913818368 npc=0 blood=134.0 bleed=0.00 fl=100.0,100.0,100.0,100.0 bd=0.0,0.0,0.0,0.0 flags=0 nparts=7 pmin=4.4 smin=0.0 ls=0,0,0,0
[15:42:03.809] [HOST] INFO: [med] SEND hand=1,1913818368 npc=0 blood=134.2 bleed=0.00 fl=100.0,100.0,100.0,100.0 bd=0.0,0.0,0.0,0.0 flags=0 nparts=7 pmin=4.5 smin=0.0 ls=0,0,0,0
[15:42:03.965] [HOST] INFO: [med] SEND hand=1,2005981440 npc=1 blood=72.0 bleed=0.00 fl=52.7,100.0,100.0,100.0 bd=0.0,0.0,0.0,0.0 flags=1 nparts=7 pmin=52.7 smin=0.0 ls=0,0,0,0
[15:42:04.211] [HOST] INFO: [med] SEND hand=1,1913818368 npc=0 blood=134.2 bleed=0.00 fl=100.0,100.0,100.0,100.0 bd=0.0,0.0,0.0,0.0 flags=0 nparts=7 pmin=4.5 smin=0.0 ls=0,0,0,0
[15:42:04.966] [HOST] INFO: [med] SEND hand=1,2005981440 npc=1 blood=72.3 bleed=0.00 fl=52.6,100.0,100.0,100.0 bd=0.0,0.0,0.0,0.0 flags=1 nparts=7 pmin=52.6 smin=0.0 ls=0,0,0,0
[15:42:05.054] [HOST] INFO: [cam] center=-35953.3,899.3,2487.4
[15:42:05.145] [HOST] INFO: [ai] suspended=0 driven=0
[15:42:05.967] [HOST] INFO: [med] SEND hand=1,2005981440 npc=1 blood=72.5 bleed=0.00 fl=52.6,100.0,100.0,100.0 bd=0.0,0.0,0.0,0.0 flags=1 nparts=7 pmin=52.6 smin=0.0 ls=0,0,0,0
[15:42:06.443] [HOST] INFO: [census] sent n=32 radius=2000 mid=32
[15:42:06.784] [HOST] INFO: [stats] SEND hand=1,1913818368 str=79.0 dex=22.2 tough=54.0 stealth=86.6 athl=69.9 xp=0 fap=0
[15:42:06.967] [HOST] INFO: [med] SEND hand=1,2005981440 npc=1 blood=72.7 bleed=0.00 fl=52.6,100.0,100.0,100.0 bd=0.0,0.0,0.0,0.0 flags=1 nparts=7 pmin=52.6 smin=0.0 ls=0,0,0,0
[15:42:07.080] [HOST] INFO: [speed] REQ mult=5.00 paused=0 combat=0
[15:42:07.111] [HOST] INFO: [speed] REQ mult=5.00 paused=0 combat=0
[15:42:07.520] [HOST] INFO: [fac] AFFECT-EV me='56128-rebirth.mod' whom='40544-rebirth.mod' event=0 mult=0.000 after=0.00 skipped=6
[15:42:07.524] [HOST] INFO: [fac] AFFECT-EV me='40544-rebirth.mod' whom='56128-rebirth.mod' event=0 mult=0.000 after=0.00 skipped=2
[15:42:07.967] [HOST] INFO: [med] SEND hand=1,2005981440 npc=1 blood=72.9 bleed=0.00 fl=52.6,100.0,100.0,100.0 bd=0.0,0.0,0.0,0.0 flags=1 nparts=7 pmin=52.6 smin=0.0 ls=0,0,0,0
[15:42:08.020] [HOST] INFO: [med] SEND hand=1,1913818368 npc=0 blood=134.3 bleed=0.00 fl=100.0,100.0,100.0,100.0 bd=0.0,0.0,0.0,0.0 flags=0 nparts=7 pmin=5.0 smin=0.0 ls=0,0,0,0
[15:42:08.145] [HOST] INFO: [ai] suspended=0 driven=0
[15:42:08.420] [HOST] INFO: [med] SEND hand=1,1913818368 npc=0 blood=134.3 bleed=0.00 fl=100.0,100.0,100.0,100.0 bd=0.0,0.0,0.0,0.0 flags=0 nparts=7 pmin=5.0 smin=0.0 ls=0,0,0,0
[15:42:08.970] [HOST] INFO: [med] SEND hand=1,2005981440 npc=1 blood=73.1 bleed=0.00 fl=52.5,100.0,100.0,100.0 bd=0.0,0.0,0.0,0.0 flags=1 nparts=7 pmin=52.5 smin=0.0 ls=0,0,0,0
[15:42:09.972] [HOST] INFO: [med] SEND hand=1,2005981440 npc=1 blood=73.3 bleed=0.00 fl=52.5,100.0,100.0,100.0 bd=0.0,0.0,0.0,0.0 flags=1 nparts=7 pmin=52.5 smin=0.0 ls=0,0,0,0
[15:42:10.054] [HOST] INFO: [cam] center=-36100.5,514.6,2650.6
[15:42:10.974] [HOST] INFO: [med] SEND hand=1,2005981440 npc=1 blood=73.5 bleed=0.00 fl=52.5,100.0,100.0,100.0 bd=0.0,0.0,0.0,0.0 flags=1 nparts=7 pmin=52.5 smin=0.0 ls=0,0,0,0
[15:42:10.977] [HOST] INFO: [taskkey] key=64 desc='Stand still dammit!' repro=0 subject=1
[15:42:11.050] [HOST] INFO: [med] SEND hand=1,1913818368 npc=0 blood=134.3 bleed=0.00 fl=100.0,100.0,100.0,100.0 bd=0.0,0.0,0.0,0.0 flags=0 nparts=7 pmin=5.4 smin=0.0 ls=0,0,0,0
[15:42:11.153] [HOST] INFO: [ai] suspended=0 driven=0
[15:42:11.417] [HOST] INFO: [stats] SEND hand=1,1913818368 str=79.0 dex=22.2 tough=54.0 stealth=86.6 athl=69.9 xp=0 fap=0
[15:42:11.452] [HOST] INFO: [med] SEND hand=1,1913818368 npc=0 blood=134.3 bleed=0.00 fl=100.0,100.0,100.0,100.0 bd=0.0,0.0,0.0,0.0 flags=0 nparts=7 pmin=5.4 smin=0.0 ls=0,0,0,0
[15:42:11.854] [HOST] INFO: [med] SEND hand=1,1913818368 npc=0 blood=134.3 bleed=0.00 fl=100.0,100.0,100.0,100.0 bd=0.0,0.0,0.0,0.0 flags=0 nparts=7 pmin=5.5 smin=0.0 ls=0,0,0,0
[15:42:11.975] [HOST] INFO: [med] SEND hand=1,2005981440 npc=1 blood=73.7 bleed=0.00 fl=52.4,100.0,100.0,100.0 bd=0.0,0.0,0.0,0.0 flags=1 nparts=7 pmin=52.4 smin=0.0 ls=0,0,0,0
[15:42:12.254] [HOST] INFO: [med] SEND hand=1,1913818368 npc=0 blood=134.3 bleed=0.00 fl=100.0,100.0,100.0,100.0 bd=0.0,0.0,0.0,0.0 flags=0 nparts=7 pmin=5.6 smin=0.0 ls=0,0,0,0
[15:42:12.654] [HOST] INFO: [med] SEND hand=1,1913818368 npc=0 blood=134.3 bleed=0.00 fl=100.0,100.0,100.0,100.0 bd=0.0,0.0,0.0,0.0 flags=0 nparts=7 pmin=5.6 smin=0.0 ls=0,0,0,0
[15:42:12.671] [HOST] INFO: [fac] AFFECT-EV me='56128-rebirth.mod' whom='40544-rebirth.mod' event=1 mult=0.000 after=0.00 skipped=5
[15:42:12.974] [HOST] INFO: [med] SEND hand=1,2005981440 npc=1 blood=73.9 bleed=0.00 fl=52.4,100.0,100.0,100.0 bd=0.0,0.0,0.0,0.0 flags=1 nparts=7 pmin=52.4 smin=0.0 ls=0,0,0,0
[15:42:13.056] [HOST] INFO: [fac] AFFECT-EV me='40544-rebirth.mod' whom='56128-rebirth.mod' event=1 mult=0.000 after=0.00 skipped=18
[15:42:13.974] [HOST] INFO: [med] SEND hand=1,2005981440 npc=1 blood=74.1 bleed=0.00 fl=52.4,100.0,100.0,100.0 bd=0.0,0.0,0.0,0.0 flags=1 nparts=7 pmin=52.4 smin=0.0 ls=0,0,0,0
[15:42:14.154] [HOST] INFO: [ai] suspended=0 driven=0
[15:42:15.053] [HOST] INFO: [cam] center=-36502.2,492.1,2519.9
[15:42:15.502] [HOST] INFO: [med] SEND hand=1,1913818368 npc=0 blood=134.3 bleed=0.00 fl=100.0,100.0,100.0,100.0 bd=0.0,0.0,0.0,0.0 flags=0 nparts=7 pmin=6.0 smin=0.0 ls=0,0,0,0
[15:42:15.904] [HOST] INFO: [med] SEND hand=1,1913818368 npc=0 blood=134.3 bleed=0.00 fl=100.0,100.0,100.0,100.0 bd=0.0,0.0,0.0,0.0 flags=0 nparts=7 pmin=6.1 smin=0.0 ls=0,0,0,0
[15:42:16.306] [HOST] INFO: [med] SEND hand=1,1913818368 npc=0 blood=134.3 bleed=0.00 fl=100.0,100.0,100.0,100.0 bd=0.0,0.0,0.0,0.0 flags=0 nparts=7 pmin=6.1 smin=0.0 ls=0,0,0,0
[15:42:16.453] [HOST] INFO: [census] sent n=27 radius=2000 mid=27
[15:42:17.157] [HOST] INFO: [ai] suspended=0 driven=0
[15:42:17.934] [HOST] INFO: [fac] AFFECT-EV me='56128-rebirth.mod' whom='40544-rebirth.mod' event=0 mult=0.000 after=0.00 skipped=2
[15:42:18.862] [HOST] INFO: [fac] AFFECT-EV me='40544-rebirth.mod' whom='56128-rebirth.mod' event=1 mult=0.000 after=0.00 skipped=3
[15:42:19.236] [HOST] INFO: [med] SEND hand=1,1913818368 npc=0 blood=134.3 bleed=0.00 fl=100.0,100.0,100.0,100.0 bd=0.0,0.0,0.0,0.0 flags=0 nparts=7 pmin=6.5 smin=0.0 ls=0,0,0,0
[15:42:19.636] [HOST] INFO: [med] SEND hand=1,1913818368 npc=0 blood=134.3 bleed=0.00 fl=100.0,100.0,100.0,100.0 bd=0.0,0.0,0.0,0.0 flags=0 nparts=7 pmin=6.6 smin=0.0 ls=0,0,0,0
[15:42:20.037] [HOST] INFO: [med] SEND hand=1,1913818368 npc=0 blood=134.3 bleed=0.00 fl=100.0,100.0,100.0,100.0 bd=0.0,0.0,0.0,0.0 flags=0 nparts=7 pmin=6.6 smin=0.0 ls=0,0,0,0
[15:42:20.053] [HOST] INFO: [cam] center=-34031.5,877.4,3319.2
[15:42:20.161] [HOST] INFO: [ai] suspended=0 driven=0
[15:42:22.961] [HOST] INFO: [med] SEND hand=1,1913818368 npc=0 blood=134.3 bleed=0.00 fl=100.0,100.0,100.0,100.0 bd=0.0,0.0,0.0,0.0 flags=0 nparts=7 pmin=7.0 smin=0.0 ls=0,0,0,0
[15:42:23.162] [HOST] INFO: [ai] suspended=0 driven=0
[15:42:23.293] [HOST] INFO: [fac] AFFECT-EV me='56128-rebirth.mod' whom='40544-rebirth.mod' event=1 mult=0.000 after=0.00 skipped=10
[15:42:23.360] [HOST] INFO: [med] SEND hand=1,1913818368 npc=0 blood=134.3 bleed=0.00 fl=100.0,100.0,100.0,100.0 bd=0.0,0.0,0.0,0.0 flags=0 nparts=7 pmin=7.1 smin=0.0 ls=0,0,0,0
[15:42:23.762] [HOST] INFO: [med] SEND hand=1,1913818368 npc=0 blood=134.3 bleed=0.00 fl=100.0,100.0,100.0,100.0 bd=0.0,0.0,0.0,0.0 flags=0 nparts=7 pmin=7.1 smin=0.0 ls=0,0,0,0
[15:42:24.291] [HOST] INFO: [fac] AFFECT-EV me='40544-rebirth.mod' whom='56128-rebirth.mod' event=1 mult=0.000 after=0.00 skipped=15
[15:42:25.056] [HOST] INFO: [cam] center=-35732.9,754.8,3018.9
[15:42:25.849] [HOST] INFO: [speed] REQ mult=0.00 paused=1 combat=0
[15:42:25.849] [HOST] INFO: [speed] SET mult=0.00 paused=1 combat=0 (my=0.00)
[15:42:26.165] [HOST] INFO: [ai] suspended=0 driven=0
[15:42:26.461] [HOST] INFO: [census] sent n=27 radius=2000 mid=27
[15:42:29.165] [HOST] INFO: [ai] suspended=0 driven=0
[15:42:30.053] [HOST] INFO: [cam] center=-35732.9,754.8,3018.9
[15:42:32.169] [HOST] INFO: [ai] suspended=0 driven=0
[15:42:35.053] [HOST] INFO: [cam] center=-35732.9,754.8,3018.9
[15:42:35.171] [HOST] INFO: [ai] suspended=0 driven=0
[15:42:36.470] [HOST] INFO: [census] sent n=27 radius=2000 mid=27
[15:42:38.173] [HOST] INFO: [ai] suspended=0 driven=0
[15:42:38.414] [HOST] INFO: [speed] REQ mult=5.00 paused=0 combat=0
[15:42:38.414] [HOST] INFO: [speed] SET mult=5.00 paused=0 combat=0 (my=5.00)
[15:42:38.568] [HOST] INFO: [fac] AFFECT-EV me='56128-rebirth.mod' whom='40544-rebirth.mod' event=1 mult=0.000 after=0.00 skipped=4
[15:42:38.621] [HOST] INFO: [fac] AFFECT-EV me='40544-rebirth.mod' whom='56128-rebirth.mod' event=1 mult=0.000 after=0.00 skipped=5
[15:42:39.168] [HOST] INFO: [med] SEND hand=1,1913818368 npc=0 blood=134.3 bleed=0.00 fl=100.0,100.0,100.0,100.0 bd=0.0,0.0,0.0,0.0 flags=0 nparts=7 pmin=7.5 smin=0.0 ls=0,0,0,0
[15:42:39.568] [HOST] INFO: [med] SEND hand=1,1913818368 npc=0 blood=134.3 bleed=0.00 fl=100.0,100.0,100.0,100.0 bd=0.0,0.0,0.0,0.0 flags=0 nparts=7 pmin=7.6 smin=0.0 ls=0,0,0,0
[15:42:39.969] [HOST] INFO: [med] SEND hand=1,1913818368 npc=0 blood=134.3 bleed=0.00 fl=100.0,100.0,100.0,100.0 bd=0.0,0.0,0.0,0.0 flags=0 nparts=7 pmin=7.6 smin=0.0 ls=0,0,0,0
[15:42:40.053] [HOST] INFO: [cam] center=-35732.9,754.8,3018.9
[15:42:41.176] [HOST] INFO: [ai] suspended=0 driven=0
[15:42:41.450] [HOST] INFO: [speed] REQ mult=5.00 paused=0 combat=0
[15:42:42.796] [HOST] INFO: [med] SEND hand=1,1913818368 npc=0 blood=134.3 bleed=0.00 fl=100.0,100.0,100.0,100.0 bd=0.0,0.0,0.0,0.0 flags=0 nparts=7 pmin=8.0 smin=0.0 ls=0,0,0,0
[15:42:43.198] [HOST] INFO: [med] SEND hand=1,1913818368 npc=0 blood=134.3 bleed=0.00 fl=100.0,100.0,100.0,100.0 bd=0.0,0.0,0.0,0.0 flags=0 nparts=7 pmin=8.1 smin=0.0 ls=0,0,0,0
[15:42:43.599] [HOST] INFO: [med] SEND hand=1,1913818368 npc=0 blood=134.3 bleed=0.00 fl=100.0,100.0,100.0,100.0 bd=0.0,0.0,0.0,0.0 flags=0 nparts=7 pmin=8.1 smin=0.0 ls=0,0,0,0
[15:42:43.850] [HOST] INFO: [fac] AFFECT-EV me='40544-rebirth.mod' whom='56128-rebirth.mod' event=1 mult=0.000 after=0.00 skipped=22
[15:42:44.178] [HOST] INFO: [ai] suspended=0 driven=0
[15:42:44.599] [HOST] INFO: [fac] AFFECT-EV me='56128-rebirth.mod' whom='40544-rebirth.mod' event=1 mult=0.000 after=0.00 skipped=14
[15:42:45.054] [HOST] INFO: [cam] center=-35152.6,685.4,3179.6
[15:42:46.346] [HOST] INFO: [coop-ui] panel closed
[15:42:46.350] [HOST] INFO: [speed] REQ mult=1.00 paused=0 combat=0
[15:42:46.350] [HOST] INFO: [speed] SET mult=1.00 paused=0 combat=0 (my=1.00)
[15:42:46.480] [HOST] INFO: [census] sent n=17 radius=2000 mid=17
[15:42:46.801] [HOST] INFO: [coop-ui] panel opened
[15:42:46.809] [HOST] INFO: [speed] REQ mult=1.00 paused=0 combat=0
[15:42:47.002] [HOST] INFO: [med] SEND hand=1,1913818368 npc=0 blood=134.3 bleed=0.00 fl=100.0,100.0,100.0,100.0 bd=0.0,0.0,0.0,0.0 flags=0 nparts=7 pmin=8.5 smin=0.0 ls=0,0,0,0
[15:42:47.024] [HOST] INFO: [coop-ui] transport -> UDP
[15:42:47.180] [HOST] INFO: [ai] suspended=0 driven=0
[15:42:47.405] [HOST] INFO: [med] SEND hand=1,1913818368 npc=0 blood=134.3 bleed=0.00 fl=100.0,100.0,100.0,100.0 bd=0.0,0.0,0.0,0.0 flags=0 nparts=7 pmin=8.5 smin=0.0 ls=0,0,0,0
[15:42:47.925] [HOST] INFO: [coop-ui] connection -> OFFLINE
[15:42:47.928] [HOST] INFO: [coop-ui] DISCONNECT requested
[15:42:47.928] [HOST] INFO: [coop-ui] disconnect
[15:42:47.970] [HOST] INFO: [leave] cleared proxies=0
[15:42:47.970] [HOST] INFO: [leave] cleared worldProxies=0 (cleanup=0)
[15:42:47.970] [HOST] INFO: [load] session reset: pointer caches, session maps, change gates cleared
[15:42:47.970] [HOST] INFO: [wi] BASELINE seeded=0 (save-native, never-stream)
[15:42:47.970] [HOST] INFO: [med] SEND hand=1,1913818368 npc=0 blood=134.3 bleed=0.00 fl=100.0,100.0,100.0,100.0 bd=0.0,0.0,0.0,0.0 flags=0 nparts=7 pmin=8.5 smin=0.0 ls=0,0,0,0
[15:42:47.970] [HOST] INFO: [stats] SEND hand=1,1913818368 str=79.1 dex=22.2 tough=54.0 stealth=86.6 athl=69.9 xp=0 fap=0
[15:42:47.970] [HOST] INFO: [research] SEND sid='5359-gamedata.base' seq=12
[15:42:47.970] [HOST] INFO: [speed] REQ mult=1.00 paused=0 combat=0
[15:42:47.970] [HOST] INFO: [speed] SET mult=1.00 paused=0 combat=0 (my=1.00)
[15:42:48.320] [HOST] INFO: [inv] SEND hand=1,1,3629760768,1,1913818368 kind=0 key=1,1,3629760768,1,1913818368 items=11 hash=3852448789
[15:42:48.686] [HOST] INFO: [steam] accepted inbound session from 76561198346257175
[15:42:48.858] [HOST] INFO: [fac] AFFECT-EV me='40544-rebirth.mod' whom='56128-rebirth.mod' event=1 mult=0.000 after=0.00 skipped=16
[15:42:49.067] [HOST] INFO: [med] SEND hand=1,1913818368 npc=0 blood=134.3 bleed=0.00 fl=100.0,100.0,100.0,100.0 bd=0.0,0.0,0.0,0.0 flags=0 nparts=7 pmin=8.6 smin=0.0 ls=0,0,0,0
[15:42:50.056] [HOST] INFO: [cam] center=-35131.3,699.5,3190.0
[15:42:50.182] [HOST] INFO: [ai] suspended=0 driven=0
[15:42:50.995] [HOST] INFO: [speed] REQ mult=5.00 paused=0 combat=0
[15:42:50.995] [HOST] INFO: [speed] SET mult=5.00 paused=0 combat=0 (my=5.00)
[15:42:52.203] [HOST] INFO: [stats] SEND hand=1,1913818368 str=79.1 dex=22.2 tough=54.0 stealth=86.6 athl=69.9 xp=0 fap=0
[15:42:53.185] [HOST] INFO: [ai] suspended=0 driven=0
[15:42:53.788] [HOST] INFO: [med] SEND hand=1,1913818368 npc=0 blood=134.3 bleed=0.00 fl=100.0,100.0,100.0,100.0 bd=0.0,0.0,0.0,0.0 flags=0 nparts=7 pmin=9.0 smin=0.0 ls=0,0,0,0
[15:42:54.189] [HOST] INFO: [med] SEND hand=1,1913818368 npc=0 blood=134.3 bleed=0.00 fl=100.0,100.0,100.0,100.0 bd=0.0,0.0,0.0,0.0 flags=0 nparts=7 pmin=9.1 smin=0.0 ls=0,0,0,0
[15:42:54.590] [HOST] INFO: [med] SEND hand=1,1913818368 npc=0 blood=134.3 bleed=0.00 fl=100.0,100.0,100.0,100.0 bd=0.0,0.0,0.0,0.0 flags=0 nparts=7 pmin=9.1 smin=0.0 ls=0,0,0,0
[15:42:55.053] [HOST] INFO: [cam] center=-35131.3,699.5,3190.0
[15:42:56.189] [HOST] INFO: [ai] suspended=0 driven=0
[15:42:56.987] [HOST] INFO: [census] sent n=14 radius=2000 mid=14
[15:42:57.991] [HOST] INFO: [med] SEND hand=1,1913818368 npc=0 blood=134.3 bleed=0.00 fl=100.0,100.0,100.0,100.0 bd=0.0,0.0,0.0,0.0 flags=0 nparts=7 pmin=9.5 smin=0.0 ls=0,0,0,0
[15:42:58.392] [HOST] INFO: [med] SEND hand=1,1913818368 npc=0 blood=134.3 bleed=0.00 fl=100.0,100.0,100.0,100.0 bd=0.0,0.0,0.0,0.0 flags=0 nparts=7 pmin=9.5 smin=0.0 ls=0,0,0,0
[15:42:58.793] [HOST] INFO: [med] SEND hand=1,1913818368 npc=0 blood=134.3 bleed=0.00 fl=100.0,100.0,100.0,100.0 bd=0.0,0.0,0.0,0.0 flags=0 nparts=7 pmin=9.6 smin=0.0 ls=0,0,0,0
[15:42:59.190] [HOST] INFO: [ai] suspended=0 driven=0
[15:43:00.055] [HOST] INFO: [cam] center=-34820.7,795.2,3342.5
[15:43:02.194] [HOST] INFO: [ai] suspended=0 driven=0
[15:43:02.959] [HOST] INFO: [med] SEND hand=1,1913818368 npc=0 blood=134.4 bleed=0.00 fl=100.0,100.0,100.0,100.0 bd=0.0,0.0,0.0,0.0 flags=0 nparts=7 pmin=10.0 smin=0.0 ls=0,0,0,0
[15:43:03.359] [HOST] INFO: [med] SEND hand=1,1913818368 npc=0 blood=134.4 bleed=0.00 fl=100.0,100.0,100.0,100.0 bd=0.0,0.0,0.0,0.0 flags=0 nparts=7 pmin=10.0 smin=0.0 ls=0,0,0,0
[15:43:03.759] [HOST] INFO: [med] SEND hand=1,1913818368 npc=0 blood=134.4 bleed=0.00 fl=100.0,100.0,100.0,100.0 bd=0.0,0.0,0.0,0.0 flags=0 nparts=7 pmin=10.1 smin=0.0 ls=0,0,0,0
[15:43:05.053] [HOST] INFO: [cam] center=-34820.7,795.2,3342.5
[15:43:05.195] [HOST] INFO: [ai] suspended=0 driven=0
[15:43:07.003] [HOST] INFO: [census] sent n=11 radius=2000 mid=11
[15:43:08.005] [HOST] INFO: [fac] AFFECT-EV me='40544-rebirth.mod' whom='56128-rebirth.mod' event=5 mult=0.000 after=0.00 skipped=2
[15:43:08.198] [HOST] INFO: [ai] suspended=0 driven=0
[15:43:08.417] [HOST] INFO: [med] SEND hand=1,1913818368 npc=0 blood=134.4 bleed=0.00 fl=100.0,100.0,100.0,100.0 bd=0.0,0.0,0.0,0.0 flags=0 nparts=7 pmin=10.5 smin=0.0 ls=0,0,0,0
[15:43:08.817] [HOST] INFO: [med] SEND hand=1,1913818368 npc=0 blood=134.4 bleed=0.00 fl=100.0,100.0,100.0,100.0 bd=0.0,0.0,0.0,0.0 flags=0 nparts=7 pmin=10.5 smin=0.0 ls=0,0,0,0
[15:43:09.220] [HOST] INFO: [med] SEND hand=1,1913818368 npc=0 blood=134.4 bleed=0.00 fl=100.0,100.0,100.0,100.0 bd=0.0,0.0,0.0,0.0 flags=0 nparts=7 pmin=10.6 smin=0.0 ls=0,0,0,0
[15:43:10.054] [HOST] INFO: [cam] center=-33941.3,934.8,3440.0
[15:43:11.198] [HOST] INFO: [ai] suspended=0 driven=0
[15:43:13.620] [HOST] INFO: [med] SEND hand=1,1913818368 npc=0 blood=134.4 bleed=0.00 fl=100.0,100.0,100.0,100.0 bd=0.0,0.0,0.0,0.0 flags=0 nparts=7 pmin=11.0 smin=0.0 ls=0,0,0,0
[15:43:14.021] [HOST] INFO: [med] SEND hand=1,1913818368 npc=0 blood=134.4 bleed=0.00 fl=100.0,100.0,100.0,100.0 bd=0.0,0.0,0.0,0.0 flags=0 nparts=7 pmin=11.0 smin=0.0 ls=0,0,0,0
[15:43:14.199] [HOST] INFO: [ai] suspended=0 driven=0
[15:43:14.423] [HOST] INFO: [med] SEND hand=1,1913818368 npc=0 blood=134.4 bleed=0.00 fl=100.0,100.0,100.0,100.0 bd=0.0,0.0,0.0,0.0 flags=0 nparts=7 pmin=11.1 smin=0.0 ls=0,0,0,0
[15:43:15.055] [HOST] INFO: [cam] center=-33823.1,907.5,2348.9
[15:43:15.207] [HOST] INFO: [speed] REQ mult=0.00 paused=1 combat=0
[15:43:15.207] [HOST] INFO: [speed] SET mult=0.00 paused=1 combat=0 (my=0.00)
[15:43:17.013] [HOST] INFO: [census] sent n=10 radius=2000 mid=4
[15:43:17.202] [HOST] INFO: [ai] suspended=0 driven=0
[15:43:20.054] [HOST] INFO: [cam] center=-33842.8,1060.5,2717.2
[15:43:20.202] [HOST] INFO: [ai] suspended=0 driven=0
[15:43:23.204] [HOST] INFO: [ai] suspended=0 driven=0
[15:43:23.700] [HOST] INFO: [speed] REQ mult=5.00 paused=0 combat=0
[15:43:23.700] [HOST] INFO: [speed] SET mult=5.00 paused=0 combat=0 (my=5.00)
[15:43:23.867] [HOST] INFO: [fac] AFFECT-EV me='200-gamedata.base' whom='56128-rebirth.mod' event=1 mult=0.025 after=-90.05 skipped=58
[15:43:23.869] [HOST] INFO: [fac] AFFECT-EV me='56128-rebirth.mod' whom='200-gamedata.base' event=1 mult=0.000 after=-10.00 skipped=189
[15:43:25.055] [HOST] INFO: [cam] center=-33759.0,800.1,3129.8
[15:43:26.145] [HOST] INFO: [med] SEND hand=1,1913818368 npc=0 blood=134.4 bleed=0.00 fl=100.0,100.0,100.0,100.0 bd=0.0,0.0,0.0,0.0 flags=0 nparts=7 pmin=11.5 smin=0.0 ls=0,0,0,0
[15:43:26.204] [HOST] INFO: [ai] suspended=0 driven=0
[15:43:26.546] [HOST] INFO: [med] SEND hand=1,1913818368 npc=0 blood=134.4 bleed=0.00 fl=100.0,100.0,100.0,100.0 bd=0.0,0.0,0.0,0.0 flags=0 nparts=7 pmin=11.6 smin=0.0 ls=0,0,0,0
[15:43:26.947] [HOST] INFO: [med] SEND hand=1,1913818368 npc=0 blood=134.4 bleed=0.00 fl=100.0,100.0,100.0,100.0 bd=0.0,0.0,0.0,0.0 flags=0 nparts=7 pmin=11.6 smin=0.0 ls=0,0,0,0
[15:43:27.026] [HOST] INFO: [census] sent n=10 radius=2000 mid=10
[15:43:28.802] [HOST] INFO: [stats] SEND hand=1,1913818368 str=79.2 dex=22.2 tough=54.0 stealth=86.6 athl=70.0 xp=0 fap=0
[15:43:29.012] [HOST] INFO: [fac] AFFECT-EV me='200-gamedata.base' whom='56128-rebirth.mod' event=1 mult=0.025 after=-90.05 skipped=21
[15:43:29.185] [HOST] INFO: [fac] AFFECT-EV me='56128-rebirth.mod' whom='200-gamedata.base' event=1 mult=0.000 after=-10.00 skipped=30
[15:43:29.207] [HOST] INFO: [ai] suspended=0 driven=0
[15:43:29.817] [HOST] INFO: [med] SEND hand=1,1519165056 npc=1 blood=82.3 bleed=0.00 fl=100.0,100.0,100.0,100.0 bd=0.0,0.0,0.0,0.0 flags=0 nparts=7 pmin=100.0 smin=0.0 ls=0,0,0,0
[15:43:30.055] [HOST] INFO: [cam] center=-33759.0,800.1,3129.8
[15:43:30.079] [HOST] INFO: [med] SEND hand=2,3034668032 npc=1 blood=77.5 bleed=0.00 fl=100.0,100.0,100.0,100.0 bd=0.0,0.0,0.0,0.0 flags=0 nparts=7 pmin=100.0 smin=0.0 ls=0,0,0,0
[15:43:30.141] [HOST] INFO: [med] SEND hand=3,2769775360 npc=1 blood=79.1 bleed=0.00 fl=100.0,100.0,100.0,100.0 bd=0.0,0.0,0.0,0.0 flags=0 nparts=7 pmin=100.0 smin=0.0 ls=0,0,0,0
[15:43:30.352] [HOST] INFO: [med] SEND hand=1,1913818368 npc=0 blood=134.4 bleed=0.00 fl=100.0,100.0,100.0,100.0 bd=0.0,0.0,0.0,0.0 flags=0 nparts=7 pmin=12.0 smin=0.0 ls=0,0,0,0
[15:43:30.694] [HOST] INFO: [med] SEND hand=4,3408081152 npc=1 blood=78.3 bleed=0.00 fl=100.0,100.0,100.0,100.0 bd=0.0,0.0,0.0,0.0 flags=0 nparts=7 pmin=100.0 smin=0.0 ls=0,0,0,0
[15:43:30.746] [HOST] INFO: [med] SEND hand=6,1000488256 npc=1 blood=79.2 bleed=0.00 fl=100.0,100.0,100.0,100.0 bd=0.0,0.0,0.0,0.0 flags=0 nparts=7 pmin=100.0 smin=0.0 ls=0,0,0,0
[15:43:30.753] [HOST] INFO: [med] SEND hand=1,1913818368 npc=0 blood=134.4 bleed=0.00 fl=100.0,100.0,100.0,100.0 bd=0.0,0.0,0.0,0.0 flags=0 nparts=7 pmin=12.1 smin=0.0 ls=0,0,0,0
[15:43:30.798] [HOST] INFO: [med] SEND hand=5,1477905280 npc=1 blood=78.9 bleed=0.00 fl=100.0,100.0,100.0,100.0 bd=0.0,0.0,0.0,0.0 flags=0 nparts=7 pmin=100.0 smin=0.0 ls=0,0,0,0
[15:43:31.759] [HOST] INFO: [taskkey] key=147 desc='Stumbling' repro=0 subject=0
[15:43:31.759] [HOST] INFO: [med] SEND hand=1,1913818368 npc=0 blood=132.2 bleed=0.00 fl=100.0,86.1,100.0,100.0 bd=0.0,0.0,0.0,0.0 flags=0 nparts=7 pmin=12.2 smin=0.0 ls=0,0,0,0
[15:43:32.211] [HOST] INFO: [ai] suspended=0 driven=0
[15:43:32.362] [HOST] INFO: [med] SEND hand=1,1913818368 npc=0 blood=130.3 bleed=0.01 fl=100.0,86.1,100.0,100.0 bd=0.0,0.0,0.0,0.0 flags=0 nparts=7 pmin=12.2 smin=0.0 ls=0,0,0,0
[15:43:32.475] [HOST] INFO: [speed] REQ mult=0.00 paused=1 combat=0
[15:43:32.475] [HOST] INFO: [speed] SET mult=0.00 paused=1 combat=0 (my=0.00)
[15:43:35.055] [HOST] INFO: [cam] center=-33134.1,753.8,3199.2
[15:43:35.213] [HOST] INFO: [ai] suspended=0 driven=0
[15:43:35.862] [HOST] INFO: [coop-ui] panel closed
[15:43:35.866] [HOST] INFO: [speed] REQ mult=1.00 paused=0 combat=0
[15:43:35.866] [HOST] INFO: [speed] SET mult=1.00 paused=0 combat=0 (my=1.00)
[15:43:35.868] [HOST] INFO: [fac] AFFECT-EV me='1305-gamedata.base' whom='204-gamedata.base' event=0 mult=0.025 after=-10.00 skipped=0
[15:43:35.870] [HOST] INFO: [combat] CAP hand=1,1913818368 task=65024 tgt=1,29,1003173824,1,1519165056
[15:43:36.028] [HOST] INFO: [med] SEND hand=1,1913818368 npc=0 blood=130.0 bleed=0.01 fl=100.0,86.1,100.0,100.0 bd=0.0,0.0,0.0,0.0 flags=0 nparts=7 pmin=12.2 smin=0.0 ls=0,0,0,0
[15:43:36.028] [HOST] INFO: [stats] SEND hand=1,1913818368 str=79.2 dex=22.2 tough=54.0 stealth=86.6 athl=70.0 xp=0 fap=0
[15:43:36.128] [HOST] INFO: [fac] AFFECT-EV me='56128-rebirth.mod' whom='200-gamedata.base' event=1 mult=0.000 after=-10.00 skipped=5
[15:43:36.167] [HOST] INFO: [fac] AFFECT-EV me='200-gamedata.base' whom='56128-rebirth.mod' event=1 mult=0.025 after=-90.05 skipped=12
[15:43:36.282] [HOST] INFO: [coop-ui] panel opened
[15:43:36.288] [HOST] INFO: [speed] REQ mult=1.00 paused=0 combat=1
[15:43:37.040] [HOST] INFO: [census] sent n=10 radius=2000 mid=4
[15:43:37.441] [HOST] INFO: [coop-ui] connection -> ONLINE
[15:43:37.445] [HOST] INFO: [coop-ui] CONNECT role=HOST transport=steam
[15:43:37.459] [HOST] INFO: [leave] cleared proxies=0
[15:43:37.459] [HOST] INFO: [leave] cleared worldProxies=0 (cleanup=0)
[15:43:37.459] [HOST] INFO: [load] session reset: pointer caches, session maps, change gates cleared
[15:43:37.459] [HOST] INFO: [dmg] role re-armed: HOST (own swings land natively)
[15:43:37.459] [HOST] INFO: [coop-ui] connect: role=HOST transport=steam peer=76561198346257175 ownRanks={0} src=role
[15:43:37.459] [HOST] INFO: [steam] tunnel peer=76561198346257175 slot=0 addr=1.0.0.1 (session pre-accepted)
[15:43:37.459] [HOST] INFO: [steam] transport=steam armed, 1 tunnel peer(s) (connect by SteamID; no port forwarding)
[15:43:37.459] [HOST] INFO: KenshiCoop: starting as HOST
[15:43:37.459] [HOST] INFO: [combat] CAP hand=1,1913818368 task=65024 tgt=1,29,1003173824,1,1519165056
[15:43:37.459] [HOST] INFO: [wi] BASELINE seeded=0 (save-native, never-stream)
[15:43:37.459] [HOST] INFO: [med] SEND hand=1,1913818368 npc=0 blood=130.0 bleed=0.01 fl=100.0,86.1,100.0,100.0 bd=0.0,0.0,0.0,0.0 flags=0 nparts=7 pmin=12.3 smin=0.0 ls=0,0,0,0
[15:43:37.459] [HOST] INFO: [med] SEND hand=1,1519165056 npc=1 blood=82.4 bleed=0.00 fl=100.0,100.0,100.0,100.0 bd=0.0,0.0,0.0,0.0 flags=0 nparts=7 pmin=100.0 smin=0.0 ls=0,0,0,0
[15:43:37.459] [HOST] INFO: [med] SEND hand=2,3034668032 npc=1 blood=77.5 bleed=0.00 fl=100.0,100.0,100.0,100.0 bd=0.0,0.0,0.0,0.0 flags=0 nparts=7 pmin=100.0 smin=0.0 ls=0,0,0,0
[15:43:37.459] [HOST] INFO: [med] SEND hand=3,2769775360 npc=1 blood=79.1 bleed=0.00 fl=100.0,100.0,100.0,100.0 bd=0.0,0.0,0.0,0.0 flags=0 nparts=7 pmin=100.0 smin=0.0 ls=0,0,0,0
[15:43:37.459] [HOST] INFO: [med] SEND hand=4,3408081152 npc=1 blood=78.3 bleed=0.00 fl=100.0,100.0,100.0,100.0 bd=0.0,0.0,0.0,0.0 flags=0 nparts=7 pmin=100.0 smin=0.0 ls=0,0,0,0
[15:43:37.459] [HOST] INFO: [med] SEND hand=5,1477905280 npc=1 blood=78.9 bleed=0.00 fl=100.0,100.0,100.0,100.0 bd=0.0,0.0,0.0,0.0 flags=0 nparts=7 pmin=100.0 smin=0.0 ls=0,0,0,0
[15:43:37.459] [HOST] INFO: [med] SEND hand=6,1000488256 npc=1 blood=79.2 bleed=0.00 fl=100.0,100.0,100.0,100.0 bd=0.0,0.0,0.0,0.0 flags=0 nparts=7 pmin=100.0 smin=0.0 ls=0,0,0,0
[15:43:37.459] [HOST] INFO: [stats] SEND hand=1,1913818368 str=79.2 dex=22.2 tough=54.0 stealth=86.6 athl=70.0 xp=0 fap=0
[15:43:37.459] [HOST] INFO: [steam] ENet socket hooks installed (tunnel on P2P channel 0)
[15:43:37.459] [HOST] INFO: [net] transport=steam (ENet tunnelled over Steam P2P)
[15:43:37.459] [HOST] INFO: [net] hosting
[15:43:37.459] [HOST] INFO: [research] SEND sid='5359-gamedata.base' seq=16
[15:43:37.459] [HOST] INFO: [speed] REQ mult=1.00 paused=0 combat=1
[15:43:37.459] [HOST] INFO: [speed] SET mult=1.00 paused=0 combat=1 (my=1.00)
[15:43:37.459] [HOST] INFO: [steam] session peer=76561198346257175 active=0 connecting=1 relay=0 err=0
[15:43:37.809] [HOST] INFO: [inv] SEND hand=1,1,3629760768,1,1913818368 kind=0 key=1,1,3629760768,1,1913818368 items=11 hash=3852448789
[15:43:38.213] [HOST] INFO: [ai] suspended=0 driven=0
[15:43:38.488] [HOST] INFO: [stats] SEND hand=1,1913818368 str=79.2 dex=22.2 tough=54.0 stealth=86.6 athl=70.0 xp=0 fap=0
[15:43:38.614] [HOST] INFO: [med] SEND hand=3,2769775360 npc=1 blood=73.5 bleed=0.02 fl=100.0,100.0,72.4,100.0 bd=0.0,0.0,0.0,0.0 flags=0 nparts=7 pmin=72.4 smin=0.0 ls=0,0,0,0
[15:43:39.460] [HOST] INFO: [combat] CAP hand=1,1913818368 task=65024 tgt=1,29,1003173824,4,3408081152
[15:43:39.489] [HOST] INFO: [stats] SEND hand=1,1913818368 str=79.2 dex=22.2 tough=54.0 stealth=86.6 athl=70.0 xp=0 fap=0
[15:43:40.057] [HOST] INFO: [cam] center=-33424.5,747.0,3166.9
[15:43:40.343] [HOST] INFO: [med] SEND hand=3,2769775360 npc=1 blood=73.5 bleed=0.02 fl=100.0,100.0,72.4,100.0 bd=0.0,0.0,0.0,0.0 flags=0 nparts=7 pmin=72.4 smin=0.0 ls=0,0,0,0
[15:43:40.490] [HOST] INFO: [stats] SEND hand=1,1913818368 str=79.2 dex=22.2 tough=54.0 stealth=86.6 athl=70.0 xp=0 fap=0
[15:43:41.162] [HOST] INFO: [fac] AFFECT-EV me='1305-gamedata.base' whom='204-gamedata.base' event=0 mult=0.025 after=-10.00 skipped=6
[15:43:41.216] [HOST] INFO: [ai] suspended=0 driven=0
[15:43:41.220] [HOST] INFO: [fac] AFFECT-EV me='200-gamedata.base' whom='56128-rebirth.mod' event=1 mult=0.025 after=-90.05 skipped=5
[15:43:41.460] [HOST] INFO: [med] SEND hand=1,1519165056 npc=1 blood=77.0 bleed=0.02 fl=100.0,100.0,100.0,100.0 bd=0.0,0.0,0.0,0.0 flags=0 nparts=7 pmin=73.2 smin=0.0 ls=0,0,0,0
[15:43:41.463] [HOST] INFO: [combat] CAP hand=1,1913818368 task=65024 tgt=1,29,1003173824,1,1519165056
[15:43:41.492] [HOST] INFO: [stats] SEND hand=1,1913818368 str=79.2 dex=22.3 tough=54.0 stealth=86.6 athl=70.0 xp=0 fap=0
[15:43:41.595] [HOST] INFO: [med] SEND hand=1,1913818368 npc=0 blood=130.0 bleed=0.00 fl=100.0,86.1,100.0,100.0 bd=0.0,0.0,0.0,0.0 flags=0 nparts=7 pmin=12.4 smin=0.0 ls=0,0,0,0
[15:43:41.996] [HOST] INFO: [med] SEND hand=1,1913818368 npc=0 blood=130.0 bleed=0.00 fl=100.0,86.1,100.0,100.0 bd=0.0,0.0,0.0,0.0 flags=0 nparts=7 pmin=12.4 smin=0.0 ls=0,0,0,0
[15:43:42.459] [HOST] INFO: [med] SEND hand=1,1519165056 npc=1 blood=77.0 bleed=0.02 fl=100.0,100.0,100.0,100.0 bd=0.0,0.0,0.0,0.0 flags=0 nparts=7 pmin=73.2 smin=0.0 ls=0,0,0,0
[15:43:42.838] [HOST] INFO: [stats] SEND hand=1,1913818368 str=79.2 dex=22.3 tough=54.0 stealth=86.6 athl=70.0 xp=0 fap=0
[15:43:43.153] [HOST] INFO: [med] SEND hand=1,1913818368 npc=0 blood=130.0 bleed=0.00 fl=100.0,86.1,100.0,100.0 bd=0.0,0.0,0.0,0.0 flags=0 nparts=7 pmin=12.4 smin=0.0 ls=0,0,0,0
[15:43:43.215] [HOST] INFO: [net] peer connecting (awaiting HELLO)
[15:43:43.215] [HOST] INFO: [net] peer connected id=1 (proto v46) [2/3 players]
[15:43:43.218] [HOST] INFO: handshake: peer present id=1 (local id=0)
[15:43:43.218] [HOST] INFO: [latejoin] RESYNC place=0 remove=0 fac=0 door=0 bdoor=0 med=7 stats=1 money=0 inv=1 world=0 prod=0
[15:43:43.218] [HOST] INFO: [boot] baking save 'DUO' to push to join on connect
[15:43:43.218] [HOST] INFO: [save] LOCAL-SAVE name='DUO' autosave=0 suppressed=0
[15:43:43.218] [HOST] INFO: [save] WATCH armed folder='C:\Users\Zach Pieper\AppData\Local\kenshi\save\DUO' baseFiles=86 baseBytes=6420266
[15:43:43.492] [HOST] INFO: [steam] session peer=76561198346257175 active=1 connecting=0 relay=0 err=0
[15:43:43.520] [HOST] INFO: [combat] CAP hand=1,1913818368 task=65024 tgt=1,29,1003173824,1,1519165056
[15:43:44.218] [HOST] INFO: [ai] suspended=0 driven=0
[15:43:44.221] [HOST] INFO: [med] SEND hand=1,1519165056 npc=1 blood=76.9 bleed=0.01 fl=100.0,100.0,100.0,100.0 bd=0.0,0.0,0.0,0.0 flags=0 nparts=7 pmin=73.2 smin=0.0 ls=0,0,0,0
[15:43:44.526] [HOST] INFO: [stats] SEND hand=1,1913818368 str=79.2 dex=22.4 tough=54.0 stealth=86.6 athl=70.0 xp=0 fap=0
[15:43:45.009] [HOST] INFO: [save] QUIESCED kind=settled name='DUO' files=86 bytes=6550882 waitMs=1797
[15:43:45.164] [HOST] INFO: [boot] GO->join id=3 name='DUO' fp=c95085ee (push on connect)
[15:43:45.165] [HOST] INFO: [cam] center=-33238.6,744.5,3187.6
[15:43:45.223] [HOST] INFO: [med] SEND hand=1,1519165056 npc=1 blood=71.6 bleed=0.03 fl=100.0,100.0,100.0,100.0 bd=0.0,0.0,0.0,0.0 flags=0 nparts=7 pmin=73.2 smin=0.0 ls=0,0,0,0
[15:43:45.344] [HOST] INFO: [load] NACK id=3 name='DUO' joinFp=00000000 -> transfer after reload
[15:43:45.344] [HOST] INFO: [load] starting fallback transfer name='DUO'
[15:43:45.344] [HOST] INFO: [save] XFER-BEGIN id=3 name='DUO' files=86 bytes=6550882
[15:43:45.522] [HOST] INFO: [combat] CAP hand=1,1913818368 task=65024 tgt=1,29,1003173824,1,1519165056
[15:43:45.662] [HOST] INFO: [med] SEND hand=4,3408081152 npc=1 blood=72.4 bleed=0.00 fl=100.0,100.0,100.0,100.0 bd=0.0,0.0,0.0,0.0 flags=0 nparts=7 pmin=70.4 smin=0.0 ls=0,0,0,0
[15:43:46.303] [HOST] INFO: [med] SEND hand=1,1519165056 npc=1 blood=66.3 bleed=0.03 fl=100.0,100.0,100.0,100.0 bd=0.0,0.0,0.0,0.0 flags=0 nparts=7 pmin=47.1 smin=0.0 ls=0,0,0,0
[15:43:46.303] [HOST] INFO: [stats] SEND hand=1,1913818368 str=79.2 dex=22.5 tough=54.0 stealth=86.6 athl=70.0 xp=0 fap=0
[15:43:46.325] [HOST] INFO: [fac] AFFECT-EV me='56128-rebirth.mod' whom='200-gamedata.base' event=1 mult=0.000 after=-10.00 skipped=0
[15:43:46.757] [HOST] INFO: [med] SEND hand=1,1913818368 npc=0 blood=129.9 bleed=0.00 fl=100.0,81.1,100.0,100.0 bd=0.0,0.0,0.0,0.0 flags=0 nparts=7 pmin=12.5 smin=0.0 ls=0,0,0,0
[15:43:47.016] [HOST] INFO: [fac] AFFECT-EV me='200-gamedata.base' whom='56128-rebirth.mod' event=1 mult=0.025 after=-90.05 skipped=10
[15:43:47.220] [HOST] INFO: [ai] suspended=0 driven=0
[15:43:47.304] [HOST] INFO: [stats] SEND hand=1,1913818368 str=79.2 dex=22.5 tough=54.0 stealth=86.6 athl=70.0 xp=0 fap=0
[15:43:47.522] [HOST] INFO: [combat] CAP hand=1,1913818368 task=65024 tgt=1,29,1003173824,1,1519165056
[15:43:47.523] [HOST] INFO: [census] sent n=10 radius=2000 mid=4
[15:43:47.591] [HOST] INFO: [fac] AFFECT-EV me='1305-gamedata.base' whom='204-gamedata.base' event=0 mult=0.025 after=-10.00 skipped=315
[15:43:48.526] [HOST] INFO: [save] XFER-SENT id=3 files=86 bytes=6550882 ms=3188
[15:43:48.550] [HOST] INFO: [med] SEND hand=1,1913818368 npc=0 blood=130.0 bleed=0.00 fl=100.0,81.1,100.0,100.0 bd=0.0,0.0,0.0,0.0 flags=0 nparts=7 pmin=12.5 smin=0.0 ls=0,0,0,0
[15:43:48.646] [HOST] INFO: [med] SEND hand=4,3408081152 npc=1 blood=66.4 bleed=0.03 fl=100.0,100.0,100.0,70.8 bd=0.0,0.0,0.0,0.0 flags=0 nparts=7 pmin=70.4 smin=0.0 ls=0,0,0,0
[15:43:48.952] [HOST] INFO: [med] SEND hand=1,1913818368 npc=0 blood=130.0 bleed=0.00 fl=100.0,81.1,100.0,100.0 bd=0.0,0.0,0.0,0.0 flags=0 nparts=7 pmin=12.5 smin=0.0 ls=0,0,0,0
[15:43:49.254] [HOST] INFO: [stats] SEND hand=1,1913818368 str=79.2 dex=22.5 tough=54.0 stealth=86.6 athl=70.0 xp=0 fap=0
[15:43:49.355] [HOST] INFO: [med] SEND hand=1,1913818368 npc=0 blood=130.0 bleed=0.00 fl=100.0,81.1,100.0,100.0 bd=0.0,0.0,0.0,0.0 flags=0 nparts=7 pmin=12.5 smin=0.0 ls=0,0,0,0
[15:43:49.522] [HOST] INFO: [combat] CAP hand=1,1913818368 task=65024 tgt=1,29,1003173824,1,1519165056
[15:43:50.163] [HOST] INFO: [cam] center=-33257.2,744.5,3185.5
[15:43:50.221] [HOST] INFO: [ai] suspended=0 driven=0
[15:43:50.270] [HOST] INFO: [stats] SEND hand=1,1913818368 str=79.2 dex=22.5 tough=54.0 stealth=86.6 athl=70.0 xp=0 fap=0
[15:43:50.615] [HOST] INFO: [med] SEND hand=4,3408081152 npc=1 blood=66.4 bleed=0.03 fl=100.0,100.0,100.0,70.8 bd=0.0,0.0,0.0,0.0 flags=0 nparts=7 pmin=70.3 smin=0.0 ls=0,0,0,0
[15:43:51.326] [HOST] INFO: [stats] SEND hand=1,1913818368 str=79.2 dex=22.5 tough=54.0 stealth=86.6 athl=70.0 xp=0 fap=0
[15:43:51.446] [HOST] INFO: [med] SEND hand=1,1519165056 npc=1 blood=66.0 bleed=0.03 fl=100.0,100.0,100.0,100.0 bd=0.0,0.0,0.0,0.0 flags=0 nparts=7 pmin=47.0 smin=0.0 ls=0,0,0,0
[15:43:51.525] [HOST] INFO: [combat] CAP hand=1,1913818368 task=65024 tgt=1,29,1003173824,1,1519165056
[15:43:51.625] [HOST] INFO: [med] SEND hand=1,1913818368 npc=0 blood=130.2 bleed=0.00 fl=100.0,81.1,100.0,100.0 bd=0.0,0.0,0.0,0.0 flags=0 nparts=7 pmin=12.6 smin=0.0 ls=0,0,0,0
[15:43:51.743] [HOST] INFO: [event] SEND id=21 ev=1 hand=1,1,3629760768,1,1913818368 actor=5,1477905280 bs 0->1
[15:43:52.027] [HOST] INFO: [med] SEND hand=1,1913818368 npc=0 blood=129.9 bleed=0.00 fl=100.0,81.1,100.0,100.0 bd=0.0,0.0,0.0,0.0 flags=1 nparts=7 pmin=7.5 smin=0.0 ls=0,0,0,0
[15:43:52.054] [HOST] INFO: [fac] AFFECT-EV me='200-gamedata.base' whom='56128-rebirth.mod' event=1 mult=0.025 after=-90.05 skipped=5
[15:43:52.075] [HOST] INFO: [save] XFER-ACK owner=1 id=3 ok=1 files=86 bytes=6550882 (1/1 joins)
[15:43:52.075] [HOST] INFO: [save] all joins hold this save - world is shared
[15:43:52.327] [HOST] INFO: [stats] SEND hand=1,1913818368 str=79.2 dex=22.5 tough=54.1 stealth=86.6 athl=70.0 xp=0 fap=0
[15:43:52.632] [HOST] INFO: [med] SEND hand=4,3408081152 npc=1 blood=60.5 bleed=0.04 fl=100.0,100.0,100.0,70.7 bd=0.0,0.0,0.0,0.0 flags=0 nparts=7 pmin=70.3 smin=0.0 ls=0,0,0,0
[15:43:52.898] [HOST] INFO: [med] SEND hand=1,1913818368 npc=0 blood=129.9 bleed=0.00 fl=100.0,81.1,100.0,100.0 bd=0.0,0.0,0.0,0.0 flags=1 nparts=7 pmin=7.6 smin=0.0 ls=0,0,0,0
[15:43:53.223] [HOST] INFO: [ai] suspended=0 driven=0
[15:43:53.463] [HOST] INFO: [med] SEND hand=1,1519165056 npc=1 blood=65.9 bleed=0.03 fl=100.0,100.0,100.0,100.0 bd=0.0,0.0,0.0,0.0 flags=0 nparts=7 pmin=47.0 smin=0.0 ls=0,0,0,0
[15:43:54.036] [HOST] INFO: [med] SEND hand=1,1913818368 npc=0 blood=130.0 bleed=0.00 fl=100.0,81.1,100.0,100.0 bd=0.0,0.0,0.0,0.0 flags=1 nparts=7 pmin=7.6 smin=0.0 ls=0,0,0,0
[15:43:55.033] [HOST] INFO: [fac] AFFECT-EV me='1305-gamedata.base' whom='204-gamedata.base' event=0 mult=0.025 after=-10.00 skipped=11
[15:43:55.165] [HOST] INFO: [cam] center=-33281.2,744.5,3182.8
[15:43:56.226] [HOST] INFO: [ai] suspended=0 driven=0
[15:43:57.539] [HOST] INFO: [census] sent n=10 radius=2000 mid=4
[15:43:58.484] [HOST] INFO: [wd] PICKUP-APPLY id=1 sid='2203-gamedata.base' owner=1,2,1484619136,1,1962646528 ref=0/0 moved=0 trackedLeft=0
[15:43:58.484] [HOST] INFO: [wd] PICKUP-APPLY id=2 sid='52306-rebirth.mod' owner=1,2,1484619136,1,1962646528 ref=0/0 moved=0 trackedLeft=0
[15:43:58.484] [HOST] INFO: [wd] PICKUP-APPLY id=3 sid='53299-rebirth.mod' owner=1,2,1484619136,1,1962646528 ref=0/0 moved=0 trackedLeft=0
[15:43:58.484] [HOST] INFO: [wd] PICKUP-APPLY id=4 sid='5346-armor_otto.mod' owner=1,2,1484619136,1,1962646528 ref=0/0 moved=0 trackedLeft=0
[15:43:58.484] [HOST] INFO: [wd] PICKUP-APPLY id=5 sid='549-gamedata.base' owner=1,2,1484619136,1,1962646528 ref=0/0 moved=0 trackedLeft=0
[15:43:58.484] [HOST] INFO: [cam] hints recv n=1 p1=-33426,3167
[15:43:58.486] [HOST] INFO: [stats] RECV hand=1,1962646528 ok=1 str=74.4 dex=18.5 tough=77.2 stealth=61.0 athl=69.3 xp=0
[15:43:58.486] [HOST] INFO: [speed] REQ RECV owner=1 mult=1.00 paused=0 combat=0
[15:43:58.487] [HOST] INFO: [combat] order hand=1,1962646528 tgt=2,3034668032 localFight=1 r=2 wait=0 n=1
[15:43:58.487] [HOST] INFO: [combat] snap hand=1,1962646528 drift=73.8 srcVel=0.0 localFight=1 wrongTgt=1 arming=0 wait=0 seg=0 n=1
[15:43:58.487] [HOST] INFO: [interp] lerp=0 extrap=0 clamp=0 seg=0 single=1 snapSq=0 snapNpc=0 reissueSq=0 reissueNpc=0 restFlip=0 delay=50 jit=0.0 starve=0 snapMid=0 restFlipMid=0
[15:43:58.487] [HOST] INFO: [combat] stats snap=1 slide=0 softWalk=0 order=1 wrongTgt=1 armed=1 maxPersist=1
[15:43:58.907] [HOST] INFO: [taskkey] key=61 desc='Attacking target unprovoked' repro=0 subject=1
[15:43:58.910] [HOST] INFO: [med] SEND hand=1,1519165056 npc=1 blood=65.7 bleed=0.01 fl=100.0,100.0,100.0,100.0 bd=0.0,0.0,0.0,0.0 flags=0 nparts=7 pmin=46.9 smin=0.0 ls=0,0,0,0
[15:43:58.936] [HOST] INFO: [inv] APPLY hand=1,2,1484619136,1,1962646528 items=12
[15:43:59.228] [HOST] INFO: [ai] suspended=0 driven=1
[15:43:59.363] [HOST] INFO: [stats] RECV hand=1,1962646528 ok=1 str=74.4 dex=18.5 tough=77.2 stealth=61.0 athl=69.3 xp=0
[15:43:59.363] [HOST] INFO: [speed] REQ RECV owner=1 mult=1.00 paused=0 combat=1
[15:43:59.988] [HOST] INFO: [combat] order hand=1,1962646528 tgt=1,1519165056 localFight=0 r=2 wait=0 n=2 seatbrk=1
[15:44:00.164] [HOST] INFO: [cam] center=-33347.4,743.7,3175.5
[15:44:00.462] [HOST] INFO: [med] SEND hand=4,3408081152 npc=1 blood=60.1 bleed=0.03 fl=100.0,100.0,100.0,70.7 bd=0.0,0.0,0.0,0.0 flags=0 nparts=7 pmin=70.3 smin=0.0 ls=0,0,0,0
[15:44:00.573] [HOST] INFO: [combat] HIT RECV id=1 hand=1,1519165056 flesh=29.5 blood=10.2 applied=1
[15:44:00.573] [HOST] INFO: [combat] HIT RECV id=2 hand=3,2769775360 flesh=29.5 blood=10.2 applied=1
[15:44:00.573] [HOST] INFO: [stats] RECV hand=1,1962646528 ok=1 str=74.4 dex=18.5 tough=77.2 stealth=61.0 athl=69.3 xp=0
[15:44:00.577] [HOST] INFO: [med] SEND hand=1,1519165056 npc=1 blood=55.5 bleed=0.01 fl=100.0,100.0,100.0,100.0 bd=0.0,0.0,0.0,0.0 flags=0 nparts=7 pmin=17.4 smin=0.0 ls=0,0,0,0
[15:44:00.577] [HOST] INFO: [med] SEND hand=3,2769775360 npc=1 blood=63.0 bleed=0.00 fl=100.0,100.0,42.8,100.0 bd=0.0,0.0,0.0,0.0 flags=0 nparts=7 pmin=42.8 smin=0.0 ls=0,0,0,0
[15:44:01.488] [HOST] INFO: [stats] RECV hand=1,1962646528 ok=1 str=74.4 dex=18.5 tough=77.2 stealth=61.0 athl=69.3 xp=0
[15:44:01.489] [HOST] INFO: [combat] order hand=1,1962646528 tgt=4,3408081152 localFight=0 r=2 wait=0 n=3 seatbrk=1 forced=1
[15:44:01.490] [HOST] INFO: [fac] AFFECT-EV me='1305-gamedata.base' whom='204-gamedata.base' event=0 mult=0.025 after=-10.00 skipped=11
[15:44:01.610] [HOST] INFO: [med] SEND hand=1,1913818368 npc=0 blood=130.5 bleed=0.00 fl=100.0,81.1,100.0,100.0 bd=0.0,0.0,0.0,0.0 flags=1 nparts=7 pmin=7.7 smin=0.0 ls=0,0,0,0
[15:44:02.019] [HOST] INFO: [combat] HIT RECV id=3 hand=1,1519165056 flesh=29.5 blood=10.2 applied=1
[15:44:02.019] [HOST] INFO: [combat] HIT RECV id=4 hand=3,2769775360 flesh=29.5 blood=10.2 applied=1
[15:44:02.022] [HOST] INFO: [med] SEND hand=1,1519165056 npc=1 blood=45.2 bleed=0.01 fl=100.0,100.0,100.0,100.0 bd=0.0,0.0,0.0,0.0 flags=0 nparts=7 pmin=73.2 smin=0.0 ls=0,0,0,0
[15:44:02.022] [HOST] INFO: [med] SEND hand=3,2769775360 npc=1 blood=52.9 bleed=0.00 fl=100.0,100.0,13.3,100.0 bd=0.0,0.0,0.0,0.0 flags=0 nparts=7 pmin=13.3 smin=0.0 ls=0,0,0,0
[15:44:02.230] [HOST] INFO: [ai] suspended=0 driven=1
[15:44:02.288] [HOST] INFO: [fac] AFFECT-EV me='200-gamedata.base' whom='56128-rebirth.mod' event=1 mult=0.025 after=-90.05 skipped=5
[15:44:02.290] [HOST] INFO: [fac] AFFECT-EV me='56128-rebirth.mod' whom='200-gamedata.base' event=0 mult=0.000 after=-10.00 skipped=0
[15:44:02.530] [HOST] INFO: [combat] HIT RECV id=5 hand=1,1519165056 flesh=29.5 blood=10.2 applied=1
[15:44:02.530] [HOST] INFO: [combat] HIT RECV id=6 hand=2,3034668032 flesh=29.5 blood=10.2 applied=1
[15:44:02.530] [HOST] INFO: [combat] HIT RECV id=7 hand=3,2769775360 flesh=29.5 blood=10.2 applied=1
[15:44:02.530] [HOST] INFO: [combat] HIT RECV id=8 hand=6,1000488256 flesh=29.5 blood=10.2 applied=1
[15:44:02.530] [HOST] INFO: [stats] RECV hand=1,1962646528 ok=1 str=74.4 dex=18.5 tough=77.2 stealth=61.0 athl=69.3 xp=0
[15:44:02.534] [HOST] INFO: [med] SEND hand=2,3034668032 npc=1 blood=67.4 bleed=0.00 fl=100.0,100.0,100.0,100.0 bd=0.0,0.0,0.0,0.0 flags=0 nparts=7 pmin=70.5 smin=0.0 ls=0,0,0,0
[15:44:02.534] [HOST] INFO: [med] SEND hand=6,1000488256 npc=1 blood=69.0 bleed=0.00 fl=100.0,100.0,100.0,100.0 bd=0.0,0.0,0.0,0.0 flags=0 nparts=7 pmin=70.5 smin=0.0 ls=0,0,0,0
[15:44:02.663] [HOST] INFO: [med] SEND hand=4,3408081152 npc=1 blood=60.0 bleed=0.02 fl=100.0,100.0,100.0,70.7 bd=0.0,0.0,0.0,0.0 flags=0 nparts=7 pmin=70.3 smin=0.0 ls=0,0,0,0
[15:44:03.025] [HOST] INFO: [med] SEND hand=1,1519165056 npc=1 blood=34.9 bleed=0.00 fl=100.0,100.0,100.0,100.0 bd=0.0,0.0,0.0,0.0 flags=0 nparts=7 pmin=73.2 smin=0.0 ls=0,0,0,0
[15:44:03.025] [HOST] INFO: [med] SEND hand=3,2769775360 npc=1 blood=42.7 bleed=0.00 fl=100.0,100.0,-0.1,100.0 bd=0.0,0.0,0.0,0.0 flags=0 nparts=7 pmin=100.0 smin=0.0 ls=0,0,0,0
[15:44:03.489] [HOST] INFO: [interp] lerp=1218 extrap=186 clamp=0 seg=0 single=136 snapSq=0 snapNpc=0 reissueSq=0 reissueNpc=0 restFlip=0 delay=125 jit=16.2 starve=0 snapMid=0 restFlipMid=0
[15:44:03.489] [HOST] INFO: [combat] stats snap=1 slide=28 softWalk=86 order=3 wrongTgt=1 armed=1 maxPersist=1
[15:44:03.515] [HOST] INFO: [stats] RECV hand=1,1962646528 ok=1 str=74.4 dex=18.5 tough=77.2 stealth=61.0 athl=69.3 xp=0
[15:44:03.516] [HOST] INFO: [cam] hints recv n=1 p1=-33318,3111
[15:44:03.810] [HOST] INFO: [combat] HIT RECV id=9 hand=1,1519165056 flesh=29.5 blood=10.2 applied=1
[15:44:03.810] [HOST] INFO: [combat] HIT RECV id=10 hand=4,3408081152 flesh=29.5 blood=10.2 applied=1
[15:44:03.811] [HOST] INFO: [inv] APPLY hand=1,2,1484619136,1,1962646528 items=12
[15:44:03.813] [HOST] INFO: [med] SEND hand=4,3408081152 npc=1 blood=49.7 bleed=0.02 fl=100.0,100.0,100.0,70.7 bd=0.0,0.0,0.0,0.0 flags=0 nparts=7 pmin=40.8 smin=0.0 ls=0,0,0,0
[15:44:03.872] [HOST] INFO: [combat] order hand=1,1962646528 tgt=5,1477905280 localFight=0 r=2 wait=0 n=4 seatbrk=1 forced=1
[15:44:04.026] [HOST] INFO: [med] SEND hand=1,1519165056 npc=1 blood=24.7 bleed=0.00 fl=100.0,100.0,100.0,100.0 bd=0.0,0.0,0.0,0.0 flags=0 nparts=7 pmin=73.2 smin=0.0 ls=0,0,0,0
[15:44:04.568] [HOST] INFO: [stats] RECV hand=1,1962646528 ok=1 str=74.4 dex=18.5 tough=77.2 stealth=61.0 athl=69.3 xp=0
[15:44:04.980] [HOST] INFO: [med] SEND hand=2,3034668032 npc=1 blood=67.5 bleed=0.00 fl=100.0,100.0,100.0,100.0 bd=0.0,0.0,0.0,0.0 flags=0 nparts=7 pmin=70.5 smin=0.0 ls=0,0,0,0
[15:44:05.165] [HOST] INFO: [cam] center=-33347.4,743.7,3175.5
[15:44:05.233] [HOST] INFO: [ai] suspended=0 driven=1
[15:44:05.374] [HOST] INFO: [combat] order hand=1,1962646528 tgt=1,1519165056 localFight=0 r=2 wait=0 n=5 seatbrk=1 forced=1
[15:44:05.377] [HOST] INFO: [combat] HIT RECV id=11 hand=2,3034668032 flesh=29.5 blood=10.3 applied=1
[15:44:05.377] [HOST] INFO: [combat] HIT RECV id=12 hand=3,2769775360 flesh=29.5 blood=10.3 applied=1
[15:44:05.377] [HOST] INFO: [combat] HIT RECV id=13 hand=4,3408081152 flesh=29.5 blood=10.3 applied=1
[15:44:05.380] [HOST] INFO: [med] SEND hand=3,2769775360 npc=1 blood=32.6 bleed=0.00 fl=100.0,100.0,0.0,100.0 bd=0.0,0.0,0.0,0.0 flags=0 nparts=7 pmin=0.0 smin=0.0 ls=0,0,0,0
[15:44:05.380] [HOST] INFO: [med] SEND hand=4,3408081152 npc=1 blood=39.4 bleed=0.02 fl=100.0,100.0,100.0,70.7 bd=0.0,0.0,0.0,0.0 flags=0 nparts=7 pmin=11.3 smin=0.0 ls=0,0,0,0
[15:44:05.547] [HOST] INFO: [stats] RECV hand=1,1962646528 ok=1 str=74.4 dex=18.5 tough=77.2 stealth=61.0 athl=69.3 xp=0
[15:44:05.982] [HOST] INFO: [med] SEND hand=2,3034668032 npc=1 blood=57.3 bleed=0.00 fl=100.0,100.0,100.0,100.0 bd=0.0,0.0,0.0,0.0 flags=0 nparts=7 pmin=41.0 smin=0.0 ls=0,0,0,0
[15:44:06.121] [HOST] INFO: [med] SEND hand=1,1913818368 npc=0 blood=130.8 bleed=0.00 fl=100.0,81.1,100.0,100.0 bd=0.0,0.0,0.0,0.0 flags=1 nparts=7 pmin=7.8 smin=0.0 ls=0,0,0,0
[15:44:06.578] [HOST] INFO: [stats] RECV hand=1,1962646528 ok=1 str=74.4 dex=18.5 tough=77.2 stealth=61.0 athl=69.3 xp=0
[15:44:06.634] [HOST] INFO: [fac] AFFECT-EV me='1305-gamedata.base' whom='204-gamedata.base' event=0 mult=0.025 after=-10.00 skipped=5
[15:44:06.765] [HOST] INFO: [combat] HIT RECV id=14 hand=1,1519165056 flesh=29.5 blood=10.3 applied=1
[15:44:06.765] [HOST] INFO: [combat] HIT RECV id=15 hand=2,3034668032 flesh=29.5 blood=10.3 applied=1
[15:44:06.765] [HOST] INFO: [combat] HIT RECV id=16 hand=5,1477905280 flesh=29.5 blood=10.3 applied=1
[15:44:06.765] [HOST] INFO: [combat] HIT RECV id=17 hand=6,1000488256 flesh=29.5 blood=10.3 applied=1
[15:44:06.768] [HOST] INFO: [med] SEND hand=1,1519165056 npc=1 blood=14.4 bleed=0.00 fl=100.0,100.0,100.0,100.0 bd=0.0,0.0,0.0,0.0 flags=0 nparts=7 pmin=0.0 smin=0.0 ls=0,0,0,0
[15:44:06.768] [HOST] INFO: [med] SEND hand=5,1477905280 npc=1 blood=68.7 bleed=0.00 fl=100.0,100.0,100.0,100.0 bd=0.0,0.0,0.0,0.0 flags=0 nparts=7 pmin=70.5 smin=0.0 ls=0,0,0,0
[15:44:06.768] [HOST] INFO: [med] SEND hand=6,1000488256 npc=1 blood=59.0 bleed=0.00 fl=100.0,100.0,100.0,100.0 bd=0.0,0.0,0.0,0.0 flags=0 nparts=7 pmin=41.0 smin=0.0 ls=0,0,0,0
[15:44:06.873] [HOST] INFO: [combat] order hand=1,1962646528 tgt=6,1000488256 localFight=1 r=2 wait=0 n=6
[15:44:06.982] [HOST] INFO: [med] SEND hand=2,3034668032 npc=1 blood=47.1 bleed=0.00 fl=100.0,100.0,100.0,100.0 bd=0.0,0.0,0.0,0.0 flags=0 nparts=7 pmin=11.5 smin=0.0 ls=0,0,0,0
[15:44:07.362] [HOST] INFO: [fac] AFFECT-EV me='200-gamedata.base' whom='56128-rebirth.mod' event=1 mult=0.025 after=-90.05 skipped=6
[15:44:07.551] [HOST] INFO: [census] sent n=10 radius=2000 mid=4
[15:44:07.581] [HOST] INFO: [stats] RECV hand=1,1962646528 ok=1 str=74.4 dex=18.5 tough=77.2 stealth=61.0 athl=69.3 xp=0
[15:44:07.771] [HOST] INFO: [med] SEND hand=6,1000488256 npc=1 blood=59.1 bleed=0.00 fl=100.0,100.0,100.0,100.0 bd=0.0,0.0,0.0,0.0 flags=0 nparts=7 pmin=41.0 smin=0.0 ls=0,0,0,0
[15:44:07.824] [HOST] INFO: [med] SEND hand=5,1477905280 npc=1 blood=68.7 bleed=0.00 fl=100.0,100.0,100.0,100.0 bd=0.0,0.0,0.0,0.0 flags=0 nparts=7 pmin=70.5 smin=0.0 ls=0,0,0,0
[15:44:07.848] [HOST] INFO: [med] SEND hand=4,3408081152 npc=1 blood=39.4 bleed=0.01 fl=100.0,100.0,100.0,70.7 bd=0.0,0.0,0.0,0.0 flags=0 nparts=7 pmin=11.2 smin=0.0 ls=0,0,0,0
[15:44:08.076] [HOST] INFO: [med] SEND hand=1,1519165056 npc=1 blood=14.5 bleed=0.00 fl=100.0,100.0,100.0,100.0 bd=0.0,0.0,0.0,0.0 flags=0 nparts=7 pmin=73.1 smin=0.0 ls=0,0,0,0
[15:44:08.235] [HOST] INFO: [ai] suspended=0 driven=1
[15:44:08.373] [HOST] INFO: [combat] order hand=1,1962646528 tgt=3,2769775360 localFight=1 r=2 wait=0 n=7
[15:44:08.492] [HOST] INFO: [interp] lerp=2683 extrap=305 clamp=0 seg=0 single=136 snapSq=0 snapNpc=0 reissueSq=0 reissueNpc=0 restFlip=0 delay=156 jit=28.5 starve=0 snapMid=0 restFlipMid=0
[15:44:08.492] [HOST] INFO: [combat] stats snap=1 slide=28 softWalk=149 order=7 wrongTgt=1 armed=1 maxPersist=1
[15:44:08.583] [HOST] INFO: [stats] RECV hand=1,1962646528 ok=1 str=74.4 dex=18.5 tough=77.2 stealth=61.0 athl=69.3 xp=0
[15:44:08.799] [HOST] INFO: [inv] APPLY hand=1,2,1484619136,1,1962646528 items=12
[15:44:09.140] [HOST] INFO: [combat] HIT RECV id=18 hand=2,3034668032 flesh=29.5 blood=10.3 applied=1
[15:44:09.143] [HOST] INFO: [med] SEND hand=2,3034668032 npc=1 blood=37.0 bleed=0.00 fl=100.0,100.0,100.0,100.0 bd=0.0,0.0,0.0,0.0 flags=0 nparts=7 pmin=100.0 smin=0.0 ls=0,0,0,0
[15:44:09.407] [HOST] INFO: [cam] hints recv n=1 p1=-33306,3096
[15:44:09.524] [HOST] INFO: [med] SEND hand=1,1913818368 npc=0 blood=131.0 bleed=0.00 fl=100.0,81.1,100.0,100.0 bd=0.0,0.0,0.0,0.0 flags=1 nparts=7 pmin=7.9 smin=0.0 ls=0,0,0,0
[15:44:09.591] [HOST] INFO: [stats] RECV hand=1,1962646528 ok=1 str=74.4 dex=18.5 tough=77.2 stealth=61.0 athl=69.3 xp=0
[15:44:09.875] [HOST] INFO: [combat] order hand=1,1962646528 tgt=5,1477905280 localFight=0 r=2 wait=0 n=8 seatbrk=1 forced=1
[15:44:10.001] [HOST] INFO: [combat] HIT RECV id=19 hand=5,1477905280 flesh=29.5 blood=10.3 applied=1
[15:44:10.005] [HOST] INFO: [med] SEND hand=5,1477905280 npc=1 blood=58.6 bleed=0.00 fl=100.0,100.0,100.0,100.0 bd=0.0,0.0,0.0,0.0 flags=0 nparts=7 pmin=41.0 smin=0.0 ls=0,0,0,0
[15:44:10.051] [HOST] INFO: [med] SEND hand=3,2769775360 npc=1 blood=32.8 bleed=0.00 fl=100.0,100.0,-0.5,100.0 bd=0.0,0.0,0.0,0.0 flags=0 nparts=7 pmin=100.0 smin=0.0 ls=0,0,0,0
[15:44:10.145] [HOST] INFO: [med] SEND hand=2,3034668032 npc=1 blood=37.1 bleed=0.00 fl=100.0,100.0,100.0,100.0 bd=0.0,0.0,0.0,0.0 flags=0 nparts=7 pmin=100.0 smin=0.0 ls=0,0,0,0
[15:44:10.163] [HOST] INFO: [cam] center=-33347.4,743.7,3175.5
[15:44:10.649] [HOST] INFO: [med] SEND hand=1,1913818368 npc=0 blood=131.1 bleed=0.00 fl=100.0,81.1,100.0,100.0 bd=0.0,0.0,0.0,0.0 flags=1 nparts=7 pmin=7.9 smin=0.0 ls=0,0,0,0
[15:44:10.703] [HOST] INFO: [stats] RECV hand=1,1962646528 ok=1 str=74.4 dex=18.5 tough=77.2 stealth=61.0 athl=69.3 xp=0
[15:44:10.997] [HOST] INFO: [med] SEND hand=1,1519165056 npc=1 blood=14.7 bleed=0.00 fl=100.0,100.0,100.0,100.0 bd=0.0,0.0,0.0,0.0 flags=0 nparts=7 pmin=73.1 smin=0.0 ls=0,0,0,0
[15:44:11.238] [HOST] INFO: [ai] suspended=0 driven=1
[15:44:11.377] [HOST] INFO: [combat] order hand=1,1962646528 tgt=2,3034668032 localFight=1 r=2 wait=0 n=9
[15:44:11.593] [HOST] INFO: [stats] RECV hand=1,1962646528 ok=1 str=74.4 dex=18.5 tough=77.2 stealth=61.0 athl=69.3 xp=0
[15:44:11.819] [HOST] INFO: [fac] AFFECT-EV me='1305-gamedata.base' whom='204-gamedata.base' event=0 mult=0.025 after=-10.01 skipped=16
[15:44:11.941] [HOST] INFO: [combat] HIT RECV id=20 hand=1,1519165056 flesh=29.5 blood=10.3 applied=1
[15:44:11.941] [HOST] INFO: [combat] HIT RECV id=21 hand=2,3034668032 flesh=29.5 blood=10.3 applied=1
[15:44:11.944] [HOST] INFO: [med] SEND hand=2,3034668032 npc=1 blood=26.9 bleed=0.00 fl=100.0,100.0,100.0,100.0 bd=0.0,0.0,0.0,0.0 flags=0 nparts=7 pmin=100.0 smin=0.0 ls=0,0,0,0
[15:44:11.997] [HOST] INFO: [med] SEND hand=1,1519165056 npc=1 blood=4.5 bleed=0.00 fl=100.0,100.0,100.0,100.0 bd=0.0,0.0,0.0,0.0 flags=0 nparts=7 pmin=73.1 smin=0.0 ls=0,0,0,0
[15:44:12.530] [HOST] INFO: [stats] RECV hand=1,1962646528 ok=1 str=74.4 dex=18.5 tough=77.2 stealth=61.0 athl=69.3 xp=0
[15:44:12.615] [HOST] INFO: [med] SEND hand=3,2769775360 npc=1 blood=33.0 bleed=0.00 fl=100.0,100.0,-0.8,100.0 bd=0.0,0.0,0.0,0.0 flags=0 nparts=7 pmin=100.0 smin=0.0 ls=0,0,0,0
[15:44:12.879] [HOST] INFO: [combat] order hand=1,1962646528 tgt=4,3408081152 localFight=1 r=2 wait=0 n=10
[15:44:12.998] [HOST] INFO: [med] SEND hand=1,1519165056 npc=1 blood=4.5 bleed=0.00 fl=100.0,100.0,100.0,100.0 bd=0.0,0.0,0.0,0.0 flags=0 nparts=7 pmin=73.1 smin=0.0 ls=0,0,0,0
[15:44:13.287] [HOST] INFO: [combat] HIT RECV id=22 hand=4,3408081152 flesh=29.5 blood=10.3 applied=1
[15:44:13.287] [HOST] INFO: [combat] HIT RECV id=23 hand=6,1000488256 flesh=29.5 blood=10.3 applied=1
[15:44:13.290] [HOST] INFO: [med] SEND hand=4,3408081152 npc=1 blood=29.1 bleed=0.00 fl=100.0,100.0,100.0,70.7 bd=0.0,0.0,0.0,0.0 flags=0 nparts=7 pmin=0.0 smin=0.0 ls=0,0,0,0
[15:44:13.290] [HOST] INFO: [med] SEND hand=6,1000488256 npc=1 blood=49.1 bleed=0.00 fl=100.0,100.0,100.0,100.0 bd=0.0,0.0,0.0,0.0 flags=0 nparts=7 pmin=11.4 smin=0.0 ls=0,0,0,0
[15:44:13.334] [HOST] INFO: [med] SEND hand=1,1913818368 npc=0 blood=131.3 bleed=0.00 fl=100.0,81.1,100.0,100.0 bd=0.0,0.0,0.0,0.0 flags=1 nparts=7 pmin=8.0 smin=0.0 ls=0,0,0,0
[15:44:13.486] [HOST] INFO: [med] SEND hand=2,3034668032 npc=1 blood=27.0 bleed=0.00 fl=100.0,100.0,100.0,100.0 bd=0.0,0.0,0.0,0.0 flags=0 nparts=7 pmin=100.0 smin=0.0 ls=0,0,0,0
[15:44:13.493] [HOST] INFO: [interp] lerp=4117 extrap=441 clamp=0 seg=0 single=136 snapSq=0 snapNpc=0 reissueSq=0 reissueNpc=0 restFlip=0 delay=190 jit=43.1 starve=0 snapMid=0 restFlipMid=0
[15:44:13.493] [HOST] INFO: [combat] stats snap=1 slide=31 softWalk=224 order=10 wrongTgt=1 armed=1 maxPersist=1
[15:44:13.514] [HOST] INFO: [stats] RECV hand=1,1962646528 ok=1 str=74.4 dex=18.5 tough=77.2 stealth=61.0 athl=69.3 xp=0
[15:44:13.683] [HOST] INFO: [inv] APPLY hand=1,2,1484619136,1,1962646528 items=12
[15:44:13.811] [HOST] INFO: [combat] snap hand=1,1962646528 drift=24.3 srcVel=32.7 localFight=0 wrongTgt=0 arming=0 wait=0 seg=86 n=2
[15:44:14.242] [HOST] INFO: [ai] suspended=0 driven=1
[15:44:14.452] [HOST] INFO: [cam] hints recv n=1 p1=-33338,3101
[15:44:14.535] [HOST] INFO: [stats] RECV hand=1,1962646528 ok=1 str=74.4 dex=18.5 tough=77.2 stealth=61.0 athl=69.3 xp=0
[15:44:14.672] [HOST] INFO: [med] SEND hand=1,1913818368 npc=0 blood=131.4 bleed=0.00 fl=100.0,81.1,100.0,100.0 bd=0.0,0.0,0.0,0.0 flags=1 nparts=7 pmin=8.0 smin=0.0 ls=0,0,0,0
[15:44:14.728] [HOST] INFO: [med] SEND hand=3,2769775360 npc=1 blood=33.1 bleed=0.00 fl=100.0,100.0,-1.0,100.0 bd=0.0,0.0,0.0,0.0 flags=0 nparts=7 pmin=100.0 smin=0.0 ls=0,0,0,0
[15:44:15.165] [HOST] INFO: [cam] center=-33347.4,743.7,3175.5
[15:44:15.391] [HOST] INFO: [combat] order hand=1,1962646528 tgt=1,1519165056 localFight=0 r=2 wait=0 n=11 seatbrk=1 forced=1
[15:44:15.565] [HOST] INFO: [stats] RECV hand=1,1962646528 ok=1 str=74.4 dex=18.5 tough=77.2 stealth=61.0 athl=69.3 xp=0
[15:44:15.874] [HOST] INFO: [med] SEND hand=1,1913818368 npc=0 blood=131.4 bleed=0.00 fl=100.0,81.1,100.0,100.0 bd=0.0,0.0,0.0,0.0 flags=1 nparts=7 pmin=8.0 smin=0.0 ls=0,0,0,0
[15:44:16.032] [HOST] INFO: [combat] HIT RECV id=24 hand=1,1519165056 flesh=29.3 blood=10.2 applied=1
[15:44:16.032] [HOST] INFO: [combat] HIT RECV id=25 hand=6,1000488256 flesh=29.3 blood=10.2 applied=1
[15:44:16.035] [HOST] INFO: [med] SEND hand=6,1000488256 npc=1 blood=39.1 bleed=0.00 fl=100.0,100.0,100.0,100.0 bd=0.0,0.0,0.0,0.0 flags=0 nparts=7 pmin=0.0 smin=0.0 ls=0,0,0,0
[15:44:16.276] [HOST] INFO: [med] SEND hand=1,1913818368 npc=0 blood=131.5 bleed=0.00 fl=100.0,81.1,100.0,100.0 bd=0.0,0.0,0.0,0.0 flags=1 nparts=7 pmin=8.0 smin=0.0 ls=0,0,0,0
[15:44:16.567] [HOST] INFO: [stats] RECV hand=1,1962646528 ok=1 str=74.4 dex=18.5 tough=77.2 stealth=61.0 athl=69.3 xp=0
[15:44:16.760] [HOST] INFO: [med] SEND hand=1,1913818368 npc=0 blood=131.5 bleed=0.00 fl=100.0,81.1,100.0,100.0 bd=0.0,0.0,0.0,0.0 flags=1 nparts=7 pmin=8.0 smin=0.0 ls=0,0,0,0
[15:44:16.879] [HOST] INFO: [fac] AFFECT-EV me='1305-gamedata.base' whom='204-gamedata.base' event=0 mult=0.025 after=-10.02 skipped=13
[15:44:16.894] [HOST] INFO: [combat] order hand=1,1962646528 tgt=5,1477905280 localFight=1 r=2 wait=0 n=12
[15:44:16.998] [HOST] INFO: [med] SEND hand=1,1519165056 npc=1 blood=0.1 bleed=0.00 fl=100.0,100.0,100.0,100.0 bd=0.0,0.0,0.0,0.0 flags=0 nparts=7 pmin=73.1 smin=0.0 ls=0,0,0,0
[15:44:17.011] [HOST] INFO: [med] SEND hand=5,1477905280 npc=1 blood=59.0 bleed=0.00 fl=100.0,100.0,100.0,100.0 bd=0.0,0.0,0.0,0.0 flags=0 nparts=7 pmin=40.9 smin=0.0 ls=0,0,0,0
[15:44:17.162] [HOST] INFO: [med] SEND hand=1,1913818368 npc=0 blood=131.5 bleed=0.00 fl=100.0,81.1,100.0,100.0 bd=0.0,0.0,0.0,0.0 flags=1 nparts=7 pmin=8.1 smin=0.0 ls=0,0,0,0
[15:44:17.243] [HOST] INFO: [ai] suspended=0 driven=1
[15:44:17.490] [HOST] INFO: [med] SEND hand=2,3034668032 npc=1 blood=27.2 bleed=0.00 fl=100.0,100.0,100.0,100.0 bd=0.0,0.0,0.0,0.0 flags=0 nparts=7 pmin=100.0 smin=0.0 ls=0,0,0,0
[15:44:17.561] [HOST] INFO: [stats] RECV hand=1,1962646528 ok=1 str=74.4 dex=18.5 tough=77.2 stealth=61.0 athl=69.3 xp=0
[15:44:17.562] [HOST] INFO: [census] sent n=10 radius=2000 mid=4
[15:44:18.040] [HOST] INFO: [med] SEND hand=4,3408081152 npc=1 blood=29.3 bleed=0.00 fl=100.0,100.0,100.0,70.7 bd=0.0,0.0,0.0,0.0 flags=0 nparts=7 pmin=70.7 smin=0.0 ls=0,0,0,0
[15:44:18.494] [HOST] INFO: [interp] lerp=5541 extrap=546 clamp=0 seg=0 single=136 snapSq=0 snapNpc=0 reissueSq=0 reissueNpc=0 restFlip=0 delay=165 jit=32.7 starve=0 snapMid=0 restFlipMid=0
[15:44:18.494] [HOST] INFO: [combat] stats snap=2 slide=41 softWalk=243 order=12 wrongTgt=1 armed=1 maxPersist=2
[15:44:18.532] [HOST] INFO: [stats] RECV hand=1,1962646528 ok=1 str=74.4 dex=18.5 tough=77.2 stealth=61.0 athl=69.3 xp=0
[15:44:18.707] [HOST] INFO: [combat] order hand=1,1962646528 tgt=3,2769775360 localFight=1 r=2 wait=0 n=13
[15:44:18.707] [HOST] INFO: [inv] APPLY hand=1,2,1484619136,1,1962646528 items=12
[15:44:19.405] [HOST] INFO: [med] SEND hand=3,2769775360 npc=1 blood=33.4 bleed=0.00 fl=100.0,100.0,-1.5,100.0 bd=0.0,0.0,0.0,0.0 flags=0 nparts=7 pmin=100.0 smin=0.0 ls=0,0,0,0
[15:44:19.473] [HOST] INFO: [cam] hints recv n=1 p1=-33357,3102
[15:44:19.546] [HOST] INFO: [stats] RECV hand=1,1962646528 ok=1 str=74.4 dex=18.5 tough=77.2 stealth=61.0 athl=69.3 xp=0
[15:44:19.906] [HOST] INFO: [combat] HIT RECV id=26 hand=1,1519165056 flesh=29.3 blood=10.2 applied=1
[15:44:19.906] [HOST] INFO: [combat] HIT RECV id=27 hand=3,2769775360 flesh=29.3 blood=10.2 applied=1
[15:44:19.906] [HOST] INFO: [combat] HIT RECV id=28 hand=4,3408081152 flesh=29.3 blood=10.2 applied=1
[15:44:19.909] [HOST] INFO: [med] SEND hand=4,3408081152 npc=1 blood=19.1 bleed=0.00 fl=100.0,100.0,100.0,70.6 bd=0.0,0.0,0.0,0.0 flags=0 nparts=7 pmin=70.6 smin=0.0 ls=0,0,0,0
[15:44:20.165] [HOST] INFO: [cam] center=-33299.0,748.7,3150.2
[15:44:20.244] [HOST] INFO: [ai] suspended=0 driven=1
[15:44:20.406] [HOST] INFO: [med] SEND hand=3,2769775360 npc=1 blood=23.3 bleed=0.00 fl=100.0,100.0,-0.1,100.0 bd=0.0,0.0,0.0,0.0 flags=0 nparts=7 pmin=100.0 smin=0.0 ls=0,0,0,0
[15:44:20.661] [HOST] INFO: [med] SEND hand=6,1000488256 npc=1 blood=39.4 bleed=0.00 fl=100.0,100.0,100.0,100.0 bd=0.0,0.0,0.0,0.0 flags=0 nparts=7 pmin=100.0 smin=0.0 ls=0,0,0,0
[15:44:20.860] [HOST] INFO: [stats] RECV hand=1,1962646528 ok=1 str=74.4 dex=18.5 tough=77.2 stealth=61.0 athl=69.3 xp=0
[15:44:20.864] [HOST] INFO: [speed] REQ mult=5.00 paused=0 combat=0
[15:44:21.033] [HOST] INFO: [event] RECV id=1 ev=1 owner=1 hand=1,2,1484619136,1,1962646528 actor=0,0
[15:44:21.101] [HOST] INFO: [taskkey] key=3 desc='Collecting item' repro=0 subject=1
[15:44:21.407] [HOST] INFO: [med] SEND hand=3,2769775360 npc=1 blood=17.5 bleed=0.02 fl=71.2,100.0,-0.2,100.0 bd=0.0,0.0,0.0,0.0 flags=0 nparts=7 pmin=71.2 smin=0.0 ls=0,0,0,0
[15:44:21.492] [HOST] INFO: [med] SEND hand=2,3034668032 npc=1 blood=27.5 bleed=0.00 fl=100.0,100.0,100.0,100.0 bd=0.0,0.0,0.0,0.0 flags=0 nparts=7 pmin=100.0 smin=0.0 ls=0,0,0,0
[15:44:21.663] [HOST] INFO: [med] SEND hand=6,1000488256 npc=1 blood=33.6 bleed=0.02 fl=100.0,100.0,71.0,100.0 bd=0.0,0.0,0.0,0.0 flags=0 nparts=7 pmin=71.0 smin=0.0 ls=0,0,0,0
[15:44:21.924] [HOST] INFO: [stats] RECV hand=1,1962646528 ok=1 str=74.4 dex=18.5 tough=77.2 stealth=61.0 athl=69.3 xp=0
[15:44:22.432] [HOST] INFO: [med] SEND hand=3,2769775360 npc=1 blood=17.5 bleed=0.02 fl=71.2,100.0,-0.3,100.0 bd=0.0,0.0,0.0,0.0 flags=0 nparts=7 pmin=71.2 smin=0.0 ls=0,0,0,0
[15:44:22.493] [HOST] INFO: [med] SEND hand=2,3034668032 npc=1 blood=27.5 bleed=0.00 fl=100.0,100.0,100.0,100.0 bd=0.0,0.0,0.0,0.0 flags=0 nparts=7 pmin=100.0 smin=0.0 ls=0,0,0,0
[15:44:23.246] [HOST] INFO: [ai] suspended=0 driven=1
[15:44:23.498] [HOST] INFO: [interp] lerp=6907 extrap=716 clamp=0 seg=0 single=136 snapSq=0 snapNpc=0 reissueSq=0 reissueNpc=0 restFlip=0 delay=164 jit=32.1 starve=0 snapMid=0 restFlipMid=0
[15:44:23.498] [HOST] INFO: [combat] stats snap=2 slide=41 softWalk=245 order=13 wrongTgt=1 armed=1 maxPersist=2
[15:44:23.504] [HOST] INFO: [speed] REQ RECV owner=1 mult=1.00 paused=0 combat=0
[15:44:23.737] [HOST] INFO: [inv] APPLY hand=1,2,1484619136,1,1962646528 items=12
[15:44:24.333] [HOST] INFO: [med] SEND hand=1,1913818368 npc=0 blood=132.0 bleed=0.00 fl=100.0,81.1,100.0,100.0 bd=0.0,0.0,0.0,0.0 flags=1 nparts=7 pmin=8.2 smin=0.0 ls=0,0,0,0
[15:44:24.474] [HOST] INFO: [cam] hints recv n=1 p1=-33360,3107
[15:44:24.640] [HOST] INFO: [med] SEND hand=3,2769775360 npc=1 blood=17.4 bleed=0.01 fl=71.2,100.0,-0.5,100.0 bd=0.0,0.0,0.0,0.0 flags=0 nparts=7 pmin=71.2 smin=0.0 ls=0,0,0,0
[15:44:24.651] [HOST] INFO: [med] SEND hand=4,3408081152 npc=1 blood=19.4 bleed=0.00 fl=100.0,100.0,100.0,70.6 bd=0.0,0.0,0.0,0.0 flags=0 nparts=7 pmin=70.6 smin=0.0 ls=0,0,0,0
[15:44:24.681] [HOST] INFO: [med] SEND hand=5,1477905280 npc=1 blood=59.5 bleed=0.00 fl=100.0,100.0,100.0,100.0 bd=0.0,0.0,0.0,0.0 flags=0 nparts=7 pmin=40.8 smin=0.0 ls=0,0,0,0
[15:44:24.873] [HOST] INFO: [med] SEND hand=1,1519165056 npc=1 blood=0.3 bleed=0.00 fl=100.0,100.0,100.0,100.0 bd=0.0,0.0,0.0,0.0 flags=0 nparts=7 pmin=73.1 smin=0.0 ls=0,0,0,0
[15:44:25.165] [HOST] INFO: [cam] center=-33401.0,749.4,3123.6
[15:44:25.662] [HOST] INFO: [med] SEND hand=6,1000488256 npc=1 blood=33.5 bleed=0.01 fl=100.0,100.0,71.0,100.0 bd=0.0,0.0,0.0,0.0 flags=0 nparts=7 pmin=71.0 smin=0.0 ls=0,0,0,0
[15:44:25.804] [HOST] INFO: [med] SEND hand=4,3408081152 npc=1 blood=19.5 bleed=0.00 fl=100.0,100.0,100.0,70.6 bd=0.0,0.0,0.0,0.0 flags=0 nparts=7 pmin=70.6 smin=0.0 ls=0,0,0,0
[15:44:26.249] [HOST] INFO: [ai] suspended=0 driven=1
[15:44:26.495] [HOST] INFO: [med] SEND hand=2,3034668032 npc=1 blood=27.8 bleed=0.00 fl=100.0,100.0,100.0,100.0 bd=0.0,0.0,0.0,0.0 flags=0 nparts=7 pmin=100.0 smin=0.0 ls=0,0,0,0
[15:44:26.563] [HOST] INFO: [stats] RECV hand=1,1962646528 ok=1 str=74.4 dex=18.5 tough=77.2 stealth=61.0 athl=69.3 xp=0
[15:44:26.803] [HOST] INFO: [med] SEND hand=4,3408081152 npc=1 blood=19.6 bleed=0.00 fl=100.0,100.0,100.0,70.6 bd=0.0,0.0,0.0,0.0 flags=0 nparts=7 pmin=70.6 smin=0.0 ls=0,0,0,0
[15:44:27.574] [HOST] INFO: [census] sent n=10 radius=2000 mid=4
[15:44:27.804] [HOST] INFO: [med] SEND hand=4,3408081152 npc=1 blood=19.6 bleed=0.00 fl=100.0,100.0,100.0,70.6 bd=0.0,0.0,0.0,0.0 flags=0 nparts=7 pmin=70.6 smin=0.0 ls=0,0,0,0
[15:44:28.498] [HOST] INFO: [interp] lerp=8355 extrap=837 clamp=0 seg=0 single=136 snapSq=0 snapNpc=0 reissueSq=0 reissueNpc=0 restFlip=0 delay=156 jit=29.8 starve=0 snapMid=0 restFlipMid=0
[15:44:28.498] [HOST] INFO: [combat] stats snap=2 slide=41 softWalk=245 order=13 wrongTgt=1 armed=1 maxPersist=2
[15:44:28.876] [HOST] INFO: [med] SEND hand=1,1519165056 npc=1 blood=0.5 bleed=0.00 fl=100.0,100.0,100.0,100.0 bd=0.0,0.0,0.0,0.0 flags=0 nparts=7 pmin=73.1 smin=0.0 ls=0,0,0,0
[15:44:28.940] [HOST] INFO: [inv] APPLY hand=1,2,1484619136,1,1962646528 items=12
[15:44:29.251] [HOST] INFO: [ai] suspended=0 driven=1
[15:44:29.384] [HOST] INFO: [med] SEND hand=4,3408081152 npc=1 blood=19.7 bleed=0.00 fl=100.0,100.0,100.0,70.6 bd=0.0,0.0,0.0,0.0 flags=0 nparts=7 pmin=70.6 smin=0.0 ls=0,0,0,0
[15:44:29.388] [HOST] INFO: [med] SEND hand=3,2769775360 npc=1 blood=17.4 bleed=0.01 fl=71.2,100.0,-1.0,100.0 bd=0.0,0.0,0.0,0.0 flags=0 nparts=7 pmin=71.2 smin=0.0 ls=0,0,0,0
[15:44:29.877] [HOST] INFO: [med] SEND hand=1,1519165056 npc=1 blood=0.6 bleed=0.00 fl=100.0,100.0,100.0,100.0 bd=0.0,0.0,0.0,0.0 flags=0 nparts=7 pmin=73.1 smin=0.0 ls=0,0,0,0
[15:44:30.111] [HOST] INFO: [med] SEND hand=6,1000488256 npc=1 blood=33.4 bleed=0.01 fl=100.0,100.0,70.9,100.0 bd=0.0,0.0,0.0,0.0 flags=0 nparts=7 pmin=70.9 smin=0.0 ls=0,0,0,0
[15:44:30.166] [HOST] INFO: [cam] center=-33278.6,742.4,3154.1
[15:44:30.495] [HOST] INFO: [med] SEND hand=2,3034668032 npc=1 blood=28.0 bleed=0.00 fl=100.0,100.0,100.0,100.0 bd=0.0,0.0,0.0,0.0 flags=0 nparts=7 pmin=100.0 smin=0.0 ls=0,0,0,0
[15:44:30.622] [HOST] INFO: [cam] hints recv n=1 p1=-33360,3107
[15:44:30.739] [HOST] INFO: [med] SEND hand=1,1913818368 npc=0 blood=132.4 bleed=0.00 fl=100.0,81.1,100.0,100.0 bd=0.0,0.0,0.0,0.0 flags=1 nparts=7 pmin=8.3 smin=0.0 ls=0,0,0,0
[15:44:31.580] [HOST] INFO: [stats] RECV hand=1,1962646528 ok=1 str=74.4 dex=18.5 tough=77.2 stealth=61.0 athl=69.3 xp=0
[15:44:31.652] [HOST] INFO: [med] SEND hand=1,1913818368 npc=0 blood=132.5 bleed=0.00 fl=100.0,81.1,100.0,100.0 bd=0.0,0.0,0.0,0.0 flags=1 nparts=7 pmin=8.4 smin=0.0 ls=0,0,0,0
[15:44:32.254] [HOST] INFO: [ai] suspended=0 driven=1
[15:44:32.534] [HOST] INFO: [speed] REQ RECV owner=1 mult=5.00 paused=0 combat=0
[15:44:32.534] [HOST] INFO: [speed] SET mult=5.00 paused=0 combat=0 (my=5.00 p1=5.00)
[15:44:32.809] [HOST] INFO: [med] SEND hand=1,1913818368 npc=0 blood=132.7 bleed=0.00 fl=100.0,81.1,100.0,100.0 bd=0.0,0.0,0.0,0.0 flags=1 nparts=7 pmin=8.4 smin=0.0 ls=0,0,0,0
[15:44:33.276] [HOST] INFO: [med] SEND hand=1,1913818368 npc=0 blood=132.9 bleed=0.00 fl=100.0,81.1,100.0,100.0 bd=0.0,0.0,0.0,0.0 flags=1 nparts=7 pmin=8.5 smin=0.0 ls=0,0,0,0
[15:44:33.501] [HOST] INFO: [interp] lerp=9781 extrap=955 clamp=0 seg=0 single=136 snapSq=0 snapNpc=0 reissueSq=0 reissueNpc=0 restFlip=0 delay=125 jit=18.4 starve=0 snapMid=0 restFlipMid=0
[15:44:33.501] [HOST] INFO: [combat] stats snap=2 slide=41 softWalk=245 order=13 wrongTgt=1 armed=1 maxPersist=2
[15:44:33.676] [HOST] INFO: [med] SEND hand=1,1913818368 npc=0 blood=133.0 bleed=0.00 fl=100.0,81.1,100.0,100.0 bd=0.0,0.0,0.0,0.0 flags=1 nparts=7 pmin=8.5 smin=0.0 ls=0,0,0,0
[15:44:33.737] [HOST] INFO: [inv] APPLY hand=1,2,1484619136,1,1962646528 items=12
[15:44:34.077] [HOST] INFO: [med] SEND hand=1,1913818368 npc=0 blood=133.1 bleed=0.00 fl=100.0,81.1,100.0,100.0 bd=0.0,0.0,0.0,0.0 flags=1 nparts=7 pmin=8.6 smin=0.0 ls=0,0,0,0
[15:44:34.924] [HOST] INFO: [med] SEND hand=1,1913818368 npc=0 blood=133.5 bleed=0.00 fl=100.0,81.1,100.0,100.0 bd=0.0,0.0,0.0,0.0 flags=1 nparts=7 pmin=8.7 smin=0.0 ls=0,0,0,0
[15:44:35.164] [HOST] INFO: [cam] center=-33208.9,745.8,3161.8
[15:44:35.258] [HOST] INFO: [ai] suspended=0 driven=1
[15:44:35.324] [HOST] INFO: [med] SEND hand=1,1913818368 npc=0 blood=133.7 bleed=0.00 fl=100.0,81.1,100.0,100.0 bd=0.0,0.0,0.0,0.0 flags=0 nparts=7 pmin=8.7 smin=0.0 ls=0,0,0,0
[15:44:36.055] [HOST] INFO: [med] SEND hand=1,1913818368 npc=0 blood=134.0 bleed=0.00 fl=100.0,81.1,100.0,100.0 bd=0.0,0.0,0.0,0.0 flags=0 nparts=7 pmin=8.8 smin=0.0 ls=0,0,0,0
[15:44:36.457] [HOST] INFO: [med] SEND hand=1,1913818368 npc=0 blood=134.2 bleed=0.00 fl=100.0,81.1,100.0,100.0 bd=0.0,0.0,0.0,0.0 flags=0 nparts=7 pmin=8.9 smin=0.0 ls=0,0,0,0
[15:44:36.518] [HOST] INFO: [cam] hints recv n=1 p1=-33360,3107
[15:44:36.598] [HOST] INFO: [stats] RECV hand=1,1962646528 ok=1 str=74.4 dex=18.5 tough=77.2 stealth=61.0 athl=69.3 xp=0
[15:44:36.860] [HOST] INFO: [med] SEND hand=1,1913818368 npc=0 blood=134.4 bleed=0.00 fl=100.0,81.1,100.0,100.0 bd=0.0,0.0,0.0,0.0 flags=0 nparts=7 pmin=8.9 smin=0.0 ls=0,0,0,0
[15:44:37.261] [HOST] INFO: [med] SEND hand=1,1913818368 npc=0 blood=134.4 bleed=0.00 fl=100.0,81.1,100.0,100.0 bd=0.0,0.0,0.0,0.0 flags=0 nparts=7 pmin=9.0 smin=0.0 ls=0,0,0,0
[15:44:37.589] [HOST] INFO: [census] sent n=11 radius=2000 mid=10
[15:44:37.661] [HOST] INFO: [med] SEND hand=1,1913818368 npc=0 blood=134.4 bleed=0.00 fl=100.0,81.1,100.0,100.0 bd=0.0,0.0,0.0,0.0 flags=0 nparts=7 pmin=9.0 smin=0.0 ls=0,0,0,0
[15:44:38.064] [HOST] INFO: [med] SEND hand=1,1913818368 npc=0 blood=134.4 bleed=0.00 fl=100.0,81.1,100.0,100.0 bd=0.0,0.0,0.0,0.0 flags=0 nparts=7 pmin=9.1 smin=0.0 ls=0,0,0,0
[15:44:38.260] [HOST] INFO: [ai] suspended=0 driven=1
[15:44:38.504] [HOST] INFO: [interp] lerp=11125 extrap=1129 clamp=0 seg=0 single=136 snapSq=0 snapNpc=0 reissueSq=0 reissueNpc=0 restFlip=0 delay=200 jit=46.8 starve=0 snapMid=0 restFlipMid=0
[15:44:38.504] [HOST] INFO: [combat] stats snap=2 slide=41 softWalk=245 order=13 wrongTgt=1 armed=1 maxPersist=2
[15:44:38.786] [HOST] INFO: [inv] APPLY hand=1,2,1484619136,1,1962646528 items=12
[15:44:39.692] [HOST] INFO: [med] SEND hand=1,1913818368 npc=0 blood=134.4 bleed=0.00 fl=100.0,81.1,100.0,100.0 bd=0.0,0.0,0.0,0.0 flags=0 nparts=7 pmin=9.3 smin=0.0 ls=0,0,0,0
[15:44:39.789] [HOST] INFO: [stats] SEND hand=1,1913818368 str=79.2 dex=22.5 tough=58.0 stealth=86.6 athl=70.0 xp=0 fap=0
[15:44:39.792] [HOST] INFO: [event] SEND id=22 ev=3 hand=1,1,3629760768,1,1913818368 actor=0,0 bs 2->0
[15:44:40.165] [HOST] INFO: [cam] center=-33208.9,745.8,3161.8
[15:44:40.372] [HOST] INFO: [med] SEND hand=1,1913818368 npc=0 blood=134.4 bleed=0.00 fl=100.0,81.1,100.0,100.0 bd=0.0,0.0,0.0,0.0 flags=0 nparts=7 pmin=9.4 smin=0.0 ls=0,0,0,0
[15:44:40.777] [HOST] INFO: [med] SEND hand=1,1913818368 npc=0 blood=134.4 bleed=0.00 fl=100.0,81.1,100.0,100.0 bd=0.0,0.0,0.0,0.0 flags=0 nparts=7 pmin=9.5 smin=0.0 ls=0,0,0,0
[15:44:41.178] [HOST] INFO: [med] SEND hand=1,1913818368 npc=0 blood=134.4 bleed=0.00 fl=100.0,81.1,100.0,100.0 bd=0.0,0.0,0.0,0.0 flags=0 nparts=7 pmin=9.5 smin=0.0 ls=0,0,0,0
[15:44:41.263] [HOST] INFO: [ai] suspended=0 driven=1
[15:44:41.536] [HOST] INFO: [cam] hints recv n=1 p1=-33360,3107
[15:44:41.581] [HOST] INFO: [med] SEND hand=1,1913818368 npc=0 blood=134.4 bleed=0.00 fl=100.0,81.1,100.0,100.0 bd=0.0,0.0,0.0,0.0 flags=0 nparts=7 pmin=9.6 smin=0.0 ls=0,0,0,0
[15:44:41.591] [HOST] INFO: [stats] RECV hand=1,1962646528 ok=1 str=74.4 dex=18.5 tough=77.2 stealth=61.0 athl=69.3 xp=0
[15:44:42.006] [HOST] INFO: [med] SEND hand=1,1913818368 npc=0 blood=134.4 bleed=0.00 fl=100.0,81.1,100.0,100.0 bd=0.0,0.0,0.0,0.0 flags=0 nparts=7 pmin=9.6 smin=0.0 ls=0,0,0,0
[15:44:42.258] [HOST] INFO: [stats] SEND hand=1,1913818368 str=79.2 dex=22.5 tough=58.0 stealth=86.6 athl=70.0 xp=0 fap=0
[15:44:42.405] [HOST] INFO: [med] SEND hand=1,1913818368 npc=0 blood=134.4 bleed=0.00 fl=100.0,81.1,100.0,100.0 bd=0.0,12.8,0.0,0.0 flags=0 nparts=7 pmin=9.7 smin=0.0 ls=0,0,0,0
[15:44:42.405] [HOST] INFO: [med] TREAT RECV id=1 hand=1,1913818368 applied=0
[15:44:42.807] [HOST] INFO: [med] SEND hand=1,1913818368 npc=0 blood=134.4 bleed=0.00 fl=100.0,81.2,100.0,100.0 bd=0.0,18.8,0.0,0.0 flags=0 nparts=7 pmin=9.8 smin=0.0 ls=0,0,0,0
[15:44:42.812] [HOST] INFO: [fac] AFFECT-EV me='200-gamedata.base' whom='56128-rebirth.mod' event=1 mult=1.000 after=-90.05 skipped=10
[15:44:42.857] [HOST] INFO: [fac] AFFECT-EV me='56128-rebirth.mod' whom='200-gamedata.base' event=1 mult=0.000 after=-10.00 skipped=3
[15:44:43.258] [HOST] INFO: [med] SEND hand=1,1913818368 npc=0 blood=134.4 bleed=0.00 fl=100.0,81.2,100.0,100.0 bd=0.0,18.8,0.0,0.0 flags=0 nparts=7 pmin=9.8 smin=0.0 ls=0,0,0,0
[15:44:43.506] [HOST] INFO: [interp] lerp=12439 extrap=1436 clamp=0 seg=0 single=136 snapSq=0 snapNpc=0 reissueSq=0 reissueNpc=0 restFlip=0 delay=200 jit=64.2 starve=0 snapMid=0 restFlipMid=0
[15:44:43.506] [HOST] INFO: [combat] stats snap=2 slide=41 softWalk=245 order=13 wrongTgt=1 armed=1 maxPersist=2
[15:44:43.658] [HOST] INFO: [med] SEND hand=1,1913818368 npc=0 blood=134.4 bleed=0.00 fl=100.0,81.3,100.0,100.0 bd=0.0,18.7,0.0,0.0 flags=0 nparts=7 pmin=9.9 smin=0.0 ls=0,0,0,0
[15:44:43.723] [HOST] INFO: [inv] APPLY hand=1,2,1484619136,1,1962646528 items=12
[15:44:44.060] [HOST] INFO: [med] SEND hand=1,1913818368 npc=0 blood=134.4 bleed=0.00 fl=100.0,81.3,100.0,100.0 bd=0.0,18.7,0.0,0.0 flags=0 nparts=7 pmin=9.9 smin=0.0 ls=0,0,0,0
[15:44:44.265] [HOST] INFO: [ai] suspended=0 driven=1
[15:44:44.613] [HOST] INFO: [med] SEND hand=1,1913818368 npc=0 blood=134.4 bleed=0.00 fl=100.0,81.4,100.0,100.0 bd=0.0,18.6,0.0,0.0 flags=0 nparts=7 pmin=10.0 smin=0.0 ls=0,0,0,0
[15:44:45.015] [HOST] INFO: [med] SEND hand=1,1913818368 npc=0 blood=134.4 bleed=0.00 fl=100.0,81.5,100.0,100.0 bd=0.0,18.5,0.0,0.0 flags=0 nparts=7 pmin=10.1 smin=0.0 ls=0,0,0,0
[15:44:45.163] [HOST] INFO: [cam] center=-33657.5,765.2,3112.0
[15:44:45.417] [HOST] INFO: [med] SEND hand=1,1913818368 npc=0 blood=134.4 bleed=0.00 fl=100.0,81.5,100.0,100.0 bd=0.0,18.5,0.0,0.0 flags=0 nparts=7 pmin=10.1 smin=0.0 ls=0,0,0,0
[15:44:46.787] [HOST] INFO: [event] RECV id=2 ev=3 owner=1 hand=1,2,1484619136,1,1962646528 actor=0,0
[15:44:46.787] [HOST] INFO: [stats] RECV hand=1,1962646528 ok=1 str=74.4 dex=18.5 tough=77.2 stealth=61.0 athl=69.3 xp=0
[15:44:46.788] [HOST] INFO: [life] hand=1,2,1484619136,1,1962646528 from=UNKNOWN to=HI reason=drive
[15:44:46.788] [HOST] INFO: [cam] hints recv n=1 p1=-33360,3107
[15:44:46.894] [HOST] INFO: [med] SEND hand=1,1913818368 npc=0 blood=134.4 bleed=0.00 fl=100.0,81.7,100.0,100.0 bd=0.0,18.3,0.0,0.0 flags=0 nparts=7 pmin=10.3 smin=0.0 ls=0,0,0,0
[15:44:47.266] [HOST] INFO: [ai] suspended=1 driven=1
[15:44:47.295] [HOST] INFO: [med] SEND hand=1,1913818368 npc=0 blood=134.4 bleed=0.00 fl=100.0,81.8,100.0,100.0 bd=0.0,18.2,0.0,0.0 flags=0 nparts=7 pmin=10.4 smin=0.0 ls=0,0,0,0
[15:44:47.602] [HOST] INFO: [census] sent n=11 radius=2000 mid=11
[15:44:47.695] [HOST] INFO: [med] SEND hand=1,1913818368 npc=0 blood=134.4 bleed=0.00 fl=100.0,81.8,100.0,100.0 bd=0.0,18.2,0.0,0.0 flags=0 nparts=7 pmin=10.4 smin=0.0 ls=0,0,0,0
[15:44:47.842] [HOST] INFO: [med] TREAT SEND id=1 hand=1,1962646528 parts=1 hi=65.0
[15:44:47.854] [HOST] INFO: [fac] AFFECT-EV me='56128-rebirth.mod' whom='200-gamedata.base' event=0 mult=0.000 after=-10.00 skipped=31
[15:44:47.930] [HOST] INFO: [fac] AFFECT-EV me='200-gamedata.base' whom='56128-rebirth.mod' event=1 mult=1.000 after=-90.05 skipped=26
[15:44:48.249] [HOST] INFO: [med] SEND hand=1,1913818368 npc=0 blood=134.4 bleed=0.00 fl=100.0,81.9,100.0,100.0 bd=0.0,18.1,0.0,0.0 flags=0 nparts=7 pmin=10.5 smin=0.0 ls=0,0,0,0
[15:44:48.508] [HOST] INFO: [interp] lerp=13640 extrap=1809 clamp=0 seg=0 single=136 snapSq=0 snapNpc=0 reissueSq=0 reissueNpc=0 restFlip=0 delay=200 jit=85.2 starve=0 snapMid=0 restFlipMid=0
[15:44:48.508] [HOST] INFO: [combat] stats snap=2 slide=41 softWalk=245 order=13 wrongTgt=1 armed=0 maxPersist=2
[15:44:48.649] [HOST] INFO: [med] SEND hand=1,1913818368 npc=0 blood=134.4 bleed=0.00 fl=100.0,82.0,100.0,100.0 bd=0.0,18.0,0.0,0.0 flags=0 nparts=7 pmin=10.6 smin=0.0 ls=0,0,0,0
[15:44:48.739] [HOST] INFO: [inv] APPLY hand=1,2,1484619136,1,1962646528 items=12
[15:44:49.051] [HOST] INFO: [med] SEND hand=1,1913818368 npc=0 blood=134.4 bleed=0.00 fl=100.0,82.0,100.0,100.0 bd=0.0,18.0,0.0,0.0 flags=0 nparts=7 pmin=10.6 smin=0.0 ls=0,0,0,0
[15:44:50.165] [HOST] INFO: [cam] center=-33409.6,756.0,3139.5
[15:44:50.270] [HOST] INFO: [ai] suspended=1 driven=1
[15:44:50.526] [HOST] INFO: [med] SEND hand=1,1913818368 npc=0 blood=134.4 bleed=0.00 fl=100.0,82.2,100.0,100.0 bd=0.0,17.8,0.0,0.0 flags=0 nparts=7 pmin=10.8 smin=0.0 ls=0,0,0,0
[15:44:50.927] [HOST] INFO: [med] SEND hand=1,1913818368 npc=0 blood=134.4 bleed=0.00 fl=100.0,82.3,100.0,100.0 bd=0.0,17.7,0.0,0.0 flags=0 nparts=7 pmin=10.9 smin=0.0 ls=0,0,0,0
[15:44:51.326] [HOST] INFO: [med] SEND hand=1,1913818368 npc=0 blood=134.4 bleed=0.00 fl=100.0,82.3,100.0,100.0 bd=0.0,17.7,0.0,0.0 flags=0 nparts=7 pmin=10.9 smin=0.0 ls=0,0,0,0
[15:44:51.564] [HOST] INFO: [stats] RECV hand=1,1962646528 ok=1 str=74.4 dex=18.5 tough=77.2 stealth=61.0 athl=69.3 xp=0
[15:44:51.882] [HOST] INFO: [med] SEND hand=1,1913818368 npc=0 blood=134.4 bleed=0.00 fl=100.0,82.4,100.0,100.0 bd=0.0,17.6,0.0,0.0 flags=0 nparts=7 pmin=11.0 smin=0.0 ls=0,0,0,0
[15:44:52.283] [HOST] INFO: [med] SEND hand=1,1913818368 npc=0 blood=134.4 bleed=0.00 fl=100.0,82.5,100.0,100.0 bd=0.0,17.5,0.0,0.0 flags=0 nparts=7 pmin=11.1 smin=0.0 ls=0,0,0,0
[15:44:52.494] [HOST] INFO: [cam] hints recv n=1 p1=-33301,3096
[15:44:52.686] [HOST] INFO: [med] SEND hand=1,1913818368 npc=0 blood=134.4 bleed=0.00 fl=100.0,82.5,100.0,100.0 bd=0.0,17.5,0.0,0.0 flags=0 nparts=7 pmin=11.1 smin=0.0 ls=0,0,0,0
[15:44:53.144] [HOST] INFO: [fac] AFFECT-EV me='1305-gamedata.base' whom='56128-rebirth.mod' event=1 mult=0.025 after=-10.47 skipped=0
[15:44:53.181] [HOST] INFO: [fac] AFFECT-EV me='56128-rebirth.mod' whom='1305-gamedata.base' event=1 mult=0.000 after=-10.00 skipped=0
[15:44:53.271] [HOST] INFO: [ai] suspended=1 driven=1
[15:44:53.509] [HOST] INFO: [interp] lerp=15078 extrap=1957 clamp=0 seg=0 single=136 snapSq=0 snapNpc=0 reissueSq=8 reissueNpc=0 restFlip=0 delay=173 jit=34.6 starve=0 snapMid=0 restFlipMid=0
[15:44:53.509] [HOST] INFO: [interp] worstZero hand=1,1962646528 zero=8 active=450 seg=65
[15:44:53.509] [HOST] INFO: [combat] stats snap=2 slide=41 softWalk=245 order=13 wrongTgt=1 armed=0 maxPersist=2
[15:44:53.957] [HOST] INFO: [inv] APPLY hand=1,2,1484619136,1,1962646528 items=12
[15:44:54.164] [HOST] INFO: [med] SEND hand=1,1913818368 npc=0 blood=134.4 bleed=0.00 fl=100.0,82.7,100.0,100.0 bd=0.0,17.3,0.0,0.0 flags=0 nparts=7 pmin=11.3 smin=0.0 ls=0,0,0,0
[15:44:54.566] [HOST] INFO: [med] SEND hand=1,1913818368 npc=0 blood=134.4 bleed=0.00 fl=100.0,82.8,100.0,100.0 bd=0.0,17.2,0.0,0.0 flags=0 nparts=7 pmin=11.4 smin=0.0 ls=0,0,0,0
[15:44:54.966] [HOST] INFO: [med] SEND hand=1,1913818368 npc=0 blood=134.4 bleed=0.00 fl=100.0,82.8,100.0,100.0 bd=0.0,17.2,0.0,0.0 flags=0 nparts=7 pmin=11.4 smin=0.0 ls=0,0,0,0
[15:44:55.165] [HOST] INFO: [cam] center=-33409.6,756.0,3139.5
[15:44:55.519] [HOST] INFO: [med] SEND hand=1,1913818368 npc=0 blood=134.4 bleed=0.00 fl=100.0,82.9,100.0,100.0 bd=0.0,17.1,0.0,0.0 flags=0 nparts=7 pmin=11.5 smin=0.0 ls=0,0,0,0
[15:44:55.918] [HOST] INFO: [med] SEND hand=1,1913818368 npc=0 blood=134.4 bleed=0.00 fl=100.0,83.0,100.0,100.0 bd=0.0,17.0,0.0,0.0 flags=0 nparts=7 pmin=11.6 smin=0.0 ls=0,0,0,0
[15:44:56.275] [HOST] INFO: [ai] suspended=1 driven=1
[15:44:56.321] [HOST] INFO: [med] SEND hand=1,1913818368 npc=0 blood=134.4 bleed=0.00 fl=100.0,83.0,100.0,100.0 bd=0.0,17.0,0.0,0.0 flags=0 nparts=7 pmin=11.6 smin=0.0 ls=0,0,0,0
[15:44:56.881] [HOST] INFO: [stats] RECV hand=1,1962646528 ok=1 str=74.4 dex=18.5 tough=77.2 stealth=61.0 athl=69.4 xp=0
[15:44:57.516] [HOST] INFO: [cam] hints recv n=1 p1=-33281,3333
[15:44:57.521] [HOST] INFO: [fac] AFFECT-EV me='1305-gamedata.base' whom='200-gamedata.base' event=1 mult=0.025 after=-27.03 skipped=0
[15:44:57.611] [HOST] INFO: [stats] RECV hand=1,1962646528 ok=1 str=74.4 dex=18.5 tough=77.2 stealth=61.0 athl=69.4 xp=0
[15:44:57.612] [HOST] INFO: [census] sent n=6 radius=2000 mid=6
[15:44:57.798] [HOST] INFO: [med] SEND hand=1,1913818368 npc=0 blood=134.4 bleed=0.00 fl=100.0,83.2,100.0,100.0 bd=0.0,16.8,0.0,0.0 flags=0 nparts=7 pmin=11.8 smin=0.0 ls=0,0,0,0
[15:44:57.876] [HOST] INFO: [fac] AFFECT-EV me='56128-rebirth.mod' whom='200-gamedata.base' event=1 mult=0.000 after=-10.00 skipped=1
[15:44:58.200] [HOST] INFO: [med] SEND hand=1,1913818368 npc=0 blood=134.4 bleed=0.00 fl=100.0,83.3,100.0,100.0 bd=0.0,16.7,0.0,0.0 flags=0 nparts=7 pmin=11.9 smin=0.0 ls=0,0,0,0
[15:44:58.426] [HOST] INFO: [fac] AFFECT-EV me='1305-gamedata.base' whom='56128-rebirth.mod' event=1 mult=0.025 after=-10.75 skipped=18
[15:44:58.512] [HOST] INFO: [interp] lerp=16411 extrap=2188 clamp=0 seg=0 single=136 snapSq=0 snapNpc=0 reissueSq=56 reissueNpc=0 restFlip=0 delay=153 jit=27.9 starve=0 snapMid=0 restFlipMid=0
[15:44:58.512] [HOST] INFO: [interp] worstZero hand=1,1962646528 zero=97 active=1995 seg=68
[15:44:58.512] [HOST] INFO: [combat] stats snap=2 slide=41 softWalk=245 order=13 wrongTgt=1 armed=0 maxPersist=2
[15:44:58.566] [HOST] INFO: [combat] order hand=1,1962646528 tgt=6,1000488256 localFight=0 r=2 wait=0 n=1
[15:44:58.599] [HOST] INFO: [med] SEND hand=1,1913818368 npc=0 blood=134.4 bleed=0.00 fl=100.0,83.3,100.0,100.0 bd=0.0,16.7,0.0,0.0 flags=0 nparts=7 pmin=11.9 smin=0.0 ls=0,0,0,0
[15:44:58.733] [HOST] INFO: [fac] AFFECT-EV me='56128-rebirth.mod' whom='1305-gamedata.base' event=1 mult=0.000 after=-10.00 skipped=27
[15:44:58.957] [HOST] INFO: [inv] APPLY hand=1,2,1484619136,1,1962646528 items=12
[15:44:59.155] [HOST] INFO: [med] SEND hand=1,1913818368 npc=0 blood=134.4 bleed=0.00 fl=100.0,83.4,100.0,100.0 bd=0.0,16.6,0.0,0.0 flags=0 nparts=7 pmin=12.0 smin=0.0 ls=0,0,0,0
[15:44:59.276] [HOST] INFO: [ai] suspended=0 driven=1
[15:44:59.549] [HOST] INFO: [speed] REQ RECV owner=1 mult=5.00 paused=0 combat=1
[15:44:59.549] [HOST] INFO: [speed] SET mult=1.00 paused=0 combat=1 (my=5.00 p1=5.00)
[15:44:59.556] [HOST] INFO: [med] SEND hand=1,1913818368 npc=0 blood=134.4 bleed=0.00 fl=100.0,83.5,100.0,100.0 bd=0.0,16.5,0.0,0.0 flags=0 nparts=7 pmin=12.1 smin=0.0 ls=0,0,0,0
[15:45:00.164] [HOST] INFO: [cam] center=-33257.8,762.1,3355.1
[15:45:00.300] [HOST] INFO: [med] SEND hand=1,1913818368 npc=0 blood=134.5 bleed=0.00 fl=100.0,83.5,100.0,100.0 bd=0.0,16.5,0.0,0.0 flags=0 nparts=7 pmin=12.1 smin=0.0 ls=0,0,0,0
[15:45:00.699] [HOST] INFO: [med] SEND hand=1,1913818368 npc=0 blood=134.5 bleed=0.00 fl=100.0,83.5,100.0,100.0 bd=0.0,16.5,0.0,0.0 flags=0 nparts=7 pmin=12.1 smin=0.0 ls=0,0,0,0
[15:45:00.989] [HOST] INFO: [combat] order hand=1,1962646528 tgt=6,1000488256 localFight=0 r=2 wait=0 n=2 seatbrk=1
[15:45:02.278] [HOST] INFO: [ai] suspended=0 driven=1
[15:45:02.567] [HOST] INFO: [cam] hints recv n=1 p1=-33271,3318
[15:45:02.569] [HOST] INFO: [stats] RECV hand=1,1962646528 ok=1 str=74.4 dex=18.5 tough=77.2 stealth=61.0 athl=69.4 xp=0
[15:45:02.967] [HOST] INFO: [fac] AFFECT-EV me='200-gamedata.base' whom='56128-rebirth.mod' event=1 mult=0.025 after=-90.05 skipped=0
[15:45:03.049] [HOST] INFO: [combat] HIT RECV id=29 hand=6,1000488256 flesh=58.4 blood=20.4 applied=1
[15:45:03.052] [HOST] INFO: [med] SEND hand=6,1000488256 npc=1 blood=18.0 bleed=0.00 fl=100.0,100.0,70.6,100.0 bd=0.0,0.0,0.0,0.0 flags=0 nparts=7 pmin=0.0 smin=0.0 ls=0,0,0,0
[15:45:03.516] [HOST] INFO: [interp] lerp=17804 extrap=2373 clamp=0 seg=0 single=136 snapSq=0 snapNpc=0 reissueSq=56 reissueNpc=0 restFlip=0 delay=181 jit=37.5 starve=0 snapMid=0 restFlipMid=0
[15:45:03.516] [HOST] INFO: [interp] worstZero hand=1,1962646528 zero=97 active=1995 seg=65
[15:45:03.516] [HOST] INFO: [combat] stats snap=2 slide=48 softWalk=267 order=15 wrongTgt=1 armed=1 maxPersist=2
[15:45:03.945] [HOST] INFO: [inv] APPLY hand=1,2,1484619136,1,1962646528 items=12
[15:45:04.242] [HOST] INFO: [med] SEND hand=6,1000488256 npc=1 blood=18.0 bleed=0.00 fl=100.0,100.0,70.6,100.0 bd=0.0,0.0,0.0,0.0 flags=0 nparts=7 pmin=70.6 smin=0.0 ls=0,0,0,0
[15:45:05.165] [HOST] INFO: [cam] center=-33367.9,751.8,3197.8
[15:45:05.280] [HOST] INFO: [ai] suspended=0 driven=1
[15:45:05.501] [HOST] INFO: [fac] AFFECT-EV me='56128-rebirth.mod' whom='200-gamedata.base' event=0 mult=0.000 after=-10.00 skipped=3
[15:45:06.455] [HOST] INFO: [spawn] INFO send hand=1,25,303588864,1,2569336064 found=1 dead=0 age=0.78 sid='42201-rebirth.mod' fac='40544-rebirth.mod'
[15:45:06.455] [HOST] INFO: [spawn] INFO send hand=1,25,303588864,4,442260736 found=1 dead=0 age=0.51 sid='42201-rebirth.mod' fac='40544-rebirth.mod'
[15:45:06.455] [HOST] INFO: [spawn] INFO send hand=1,25,303588864,5,2108276352 found=1 dead=0 age=0.50 sid='42201-rebirth.mod' fac='40544-rebirth.mod'
[15:45:06.535] [HOST] INFO: [speed] REQ RECV owner=1 mult=5.00 paused=0 combat=0
[15:45:06.535] [HOST] INFO: [speed] SET mult=5.00 paused=0 combat=0 (my=5.00 p1=5.00)
[15:45:06.569] [HOST] INFO: [snap] squad hand=1,1962646528 name='Evan' gap=60.8 gate=40.0 srcVel=11.2 cSpeed=11.0 mult=5.00 slew=1.00 dest=0 skipped=0
[15:45:07.003] [HOST] INFO: [med] SEND hand=6,1000488256 npc=1 blood=18.2 bleed=0.00 fl=100.0,100.0,70.6,100.0 bd=0.0,0.0,0.0,0.0 flags=0 nparts=7 pmin=70.6 smin=0.0 ls=0,0,0,0
[15:45:07.100] [HOST] INFO: [med] SEND hand=1,1913818368 npc=0 blood=134.5 bleed=0.00 fl=100.0,83.7,100.0,100.0 bd=0.0,16.3,0.0,0.0 flags=0 nparts=7 pmin=12.3 smin=0.0 ls=0,0,0,0
[15:45:07.579] [HOST] INFO: [stats] RECV hand=1,1962646528 ok=1 str=74.4 dex=18.5 tough=77.2 stealth=61.0 athl=69.5 xp=0
[15:45:07.579] [HOST] INFO: [cam] hints recv n=1 p1=-33269,3379
[15:45:07.629] [HOST] INFO: [census] sent n=12 radius=2000 mid=12
[15:45:07.778] [HOST] INFO: [med] SEND hand=1,1913818368 npc=0 blood=134.5 bleed=0.00 fl=100.0,83.8,100.0,100.0 bd=0.0,16.2,0.0,0.0 flags=0 nparts=7 pmin=12.4 smin=0.0 ls=0,0,0,0
[15:45:08.004] [HOST] INFO: [med] SEND hand=6,1000488256 npc=1 blood=18.4 bleed=0.00 fl=100.0,100.0,70.6,100.0 bd=0.0,0.0,0.0,0.0 flags=0 nparts=7 pmin=70.6 smin=0.0 ls=0,0,0,0
[15:45:08.157] [HOST] INFO: [fac] AFFECT-EV me='200-gamedata.base' whom='56128-rebirth.mod' event=1 mult=0.025 after=-90.05 skipped=11
[15:45:08.283] [HOST] INFO: [ai] suspended=1 driven=1
[15:45:08.375] [HOST] INFO: [med] SEND hand=1,1913818368 npc=0 blood=134.5 bleed=0.00 fl=100.0,83.9,100.0,100.0 bd=0.0,16.1,0.0,0.0 flags=0 nparts=7 pmin=12.5 smin=0.0 ls=0,0,0,0
[15:45:08.449] [HOST] INFO: [spawn] INFO send hand=1,25,303588864,2,680908224 found=1 dead=0 age=0.79 sid='42201-rebirth.mod' fac='40544-rebirth.mod'
[15:45:08.449] [HOST] INFO: [spawn] INFO send hand=1,25,303588864,3,2442627072 found=1 dead=0 age=0.77 sid='42201-rebirth.mod' fac='40544-rebirth.mod'
[15:45:08.517] [HOST] INFO: [interp] lerp=19163 extrap=2585 clamp=0 seg=0 single=136 snapSq=1 snapNpc=0 reissueSq=74 reissueNpc=0 restFlip=0 delay=200 jit=67.9 starve=0 snapMid=0 restFlipMid=0
[15:45:08.517] [HOST] INFO: [interp] worstZero hand=1,1962646528 zero=124 active=2592 seg=65
[15:45:08.517] [HOST] INFO: [combat] stats snap=2 slide=48 softWalk=267 order=15 wrongTgt=1 armed=0 maxPersist=2
[15:45:08.727] [HOST] INFO: [inv] APPLY hand=1,2,1484619136,1,1962646528 items=12
[15:45:08.776] [HOST] INFO: [med] SEND hand=1,1913818368 npc=0 blood=134.5 bleed=0.00 fl=100.0,84.0,100.0,100.0 bd=0.0,16.0,0.0,0.0 flags=0 nparts=7 pmin=12.6 smin=0.0 ls=0,0,0,0
[15:45:09.005] [HOST] INFO: [med] SEND hand=6,1000488256 npc=1 blood=18.6 bleed=0.00 fl=100.0,100.0,70.6,100.0 bd=0.0,0.0,0.0,0.0 flags=0 nparts=7 pmin=70.6 smin=0.0 ls=0,0,0,0
[15:45:09.178] [HOST] INFO: [med] SEND hand=1,1913818368 npc=0 blood=134.5 bleed=0.00 fl=100.0,84.0,100.0,100.0 bd=0.0,16.0,0.0,0.0 flags=0 nparts=7 pmin=12.6 smin=0.0 ls=0,0,0,0
[15:45:09.456] [HOST] INFO: [stats] RECV hand=1,1962646528 ok=1 str=74.4 dex=18.5 tough=77.2 stealth=61.0 athl=69.5 xp=0
[15:45:10.007] [HOST] INFO: [med] SEND hand=6,1000488256 npc=1 blood=18.8 bleed=0.00 fl=100.0,100.0,70.5,100.0 bd=0.0,0.0,0.0,0.0 flags=0 nparts=7 pmin=70.5 smin=0.0 ls=0,0,0,0
[15:45:10.164] [HOST] INFO: [cam] center=-33367.7,744.9,3685.8
[15:45:10.536] [HOST] INFO: [fac] AFFECT-EV me='56128-rebirth.mod' whom='200-gamedata.base' event=1 mult=0.000 after=-10.00 skipped=14
[15:45:10.655] [HOST] INFO: [med] SEND hand=1,1913818368 npc=0 blood=134.5 bleed=0.00 fl=100.0,84.2,100.0,100.0 bd=0.0,15.8,0.0,0.0 flags=0 nparts=7 pmin=12.8 smin=0.0 ls=0,0,0,0
[15:45:11.007] [HOST] INFO: [med] SEND hand=6,1000488256 npc=1 blood=19.0 bleed=0.00 fl=100.0,100.0,70.5,100.0 bd=0.0,0.0,0.0,0.0 flags=0 nparts=7 pmin=70.5 smin=0.0 ls=0,0,0,0
[15:45:11.058] [HOST] INFO: [med] SEND hand=1,1913818368 npc=0 blood=134.5 bleed=0.00 fl=100.0,84.3,100.0,100.0 bd=0.0,15.7,0.0,0.0 flags=0 nparts=7 pmin=12.9 smin=0.0 ls=0,0,0,0
[15:45:11.284] [HOST] INFO: [ai] suspended=1 driven=1
[15:45:11.458] [HOST] INFO: [med] SEND hand=1,1913818368 npc=0 blood=134.5 bleed=0.00 fl=100.0,84.3,100.0,100.0 bd=0.0,15.7,0.0,0.0 flags=0 nparts=7 pmin=12.9 smin=0.0 ls=0,0,0,0
[15:45:12.009] [HOST] INFO: [med] SEND hand=1,1913818368 npc=0 blood=134.5 bleed=0.00 fl=100.0,84.4,100.0,100.0 bd=0.0,15.6,0.0,0.0 flags=0 nparts=7 pmin=13.0 smin=0.0 ls=0,0,0,0
[15:45:12.009] [HOST] INFO: [med] SEND hand=6,1000488256 npc=1 blood=19.2 bleed=0.00 fl=100.0,100.0,70.5,100.0 bd=0.0,0.0,0.0,0.0 flags=0 nparts=7 pmin=70.5 smin=0.0 ls=0,0,0,0
[15:45:12.130] [HOST] INFO: [event] SEND id=23 ev=1 hand=1,29,1003173824,2,3034668032 actor=0,0 bs 0->3
[15:45:12.130] [HOST] INFO: [med] SEND hand=2,3034668032 npc=1 blood=35.2 bleed=0.00 fl=100.0,100.0,100.0,100.0 bd=0.0,0.0,0.0,0.0 flags=1 nparts=7 pmin=100.0 smin=0.0 ls=0,0,0,0
[15:45:12.410] [HOST] INFO: [med] SEND hand=1,1913818368 npc=0 blood=134.5 bleed=0.00 fl=100.0,84.5,100.0,100.0 bd=0.0,15.5,0.0,0.0 flags=0 nparts=7 pmin=13.0 smin=0.0 ls=0,0,0,0
[15:45:12.504] [HOST] INFO: [spawn] INFO send hand=1,25,303588864,1,2569336064 found=1 dead=0 age=0.79 sid='42201-rebirth.mod' fac='40544-rebirth.mod'
[15:45:12.504] [HOST] INFO: [spawn] INFO send hand=1,25,303588864,4,442260736 found=1 dead=0 age=0.51 sid='42201-rebirth.mod' fac='40544-rebirth.mod'
[15:45:12.504] [HOST] INFO: [spawn] INFO send hand=1,25,303588864,5,2108276352 found=1 dead=0 age=0.50 sid='42201-rebirth.mod' fac='40544-rebirth.mod'
[15:45:12.601] [HOST] INFO: [cam] hints recv n=1 p1=-33283,3652
[15:45:12.812] [HOST] INFO: [med] SEND hand=1,1913818368 npc=0 blood=134.5 bleed=0.00 fl=100.0,84.5,100.0,100.0 bd=0.0,15.5,0.0,0.0 flags=0 nparts=7 pmin=13.1 smin=0.0 ls=0,0,0,0
[15:45:13.011] [HOST] INFO: [med] SEND hand=6,1000488256 npc=1 blood=19.4 bleed=0.00 fl=100.0,100.0,70.5,100.0 bd=0.0,0.0,0.0,0.0 flags=0 nparts=7 pmin=70.5 smin=0.0 ls=0,0,0,0
[15:45:13.131] [HOST] INFO: [med] SEND hand=2,3034668032 npc=1 blood=35.5 bleed=0.00 fl=100.0,100.0,100.0,100.0 bd=0.0,0.0,0.0,0.0 flags=1 nparts=7 pmin=100.0 smin=0.0 ls=0,0,0,0
[15:45:13.165] [HOST] INFO: [fac] AFFECT-EV me='200-gamedata.base' whom='56128-rebirth.mod' event=1 mult=0.025 after=-90.05 skipped=29
[15:45:13.521] [HOST] INFO: [interp] lerp=20631 extrap=2657 clamp=0 seg=0 single=136 snapSq=1 snapNpc=0 reissueSq=129 reissueNpc=0 restFlip=0 delay=132 jit=18.2 starve=0 snapMid=0 restFlipMid=0
[15:45:13.521] [HOST] INFO: [interp] worstZero hand=1,1962646528 zero=124 active=4132 seg=81
[15:45:13.521] [HOST] INFO: [combat] stats snap=2 slide=48 softWalk=267 order=15 wrongTgt=1 armed=0 maxPersist=2
[15:45:13.748] [HOST] INFO: [stats] SEND hand=1,1913818368 str=79.3 dex=22.5 tough=58.0 stealth=86.6 athl=70.0 xp=0 fap=0
[15:45:13.769] [HOST] INFO: [inv] APPLY hand=1,2,1484619136,1,1962646528 items=12
[15:45:14.022] [HOST] INFO: [stats] RECV hand=1,1962646528 ok=1 str=74.4 dex=18.5 tough=77.2 stealth=61.0 athl=69.6 xp=0
[15:45:14.097] [HOST] INFO: [fac] AFFECT-EV me='56128-rebirth.mod' whom='1305-gamedata.base' event=1 mult=0.000 after=-10.00 skipped=1
[15:45:14.134] [HOST] INFO: [med] SEND hand=2,3034668032 npc=1 blood=35.7 bleed=0.00 fl=100.0,100.0,100.0,100.0 bd=0.0,0.0,0.0,0.0 flags=1 nparts=7 pmin=100.0 smin=0.0 ls=0,0,0,0
[15:45:14.287] [HOST] INFO: [ai] suspended=1 driven=1
[15:45:14.443] [HOST] INFO: [spawn] INFO send hand=1,25,303588864,2,680908224 found=1 dead=0 age=0.79 sid='42201-rebirth.mod' fac='40544-rebirth.mod'
[15:45:14.443] [HOST] INFO: [spawn] INFO send hand=1,25,303588864,3,2442627072 found=1 dead=0 age=0.77 sid='42201-rebirth.mod' fac='40544-rebirth.mod'
[15:45:14.751] [HOST] INFO: [stats] SEND hand=1,1913818368 str=79.3 dex=22.5 tough=58.0 stealth=86.6 athl=70.0 xp=0 fap=0
[15:45:15.135] [HOST] INFO: [med] SEND hand=2,3034668032 npc=1 blood=35.9 bleed=0.00 fl=100.0,100.0,100.0,100.0 bd=0.0,0.0,0.0,0.0 flags=1 nparts=7 pmin=100.0 smin=0.0 ls=0,0,0,0
[15:45:15.165] [HOST] INFO: [cam] center=-33714.4,809.4,3892.8
[15:45:15.303] [HOST] INFO: [med] SEND hand=1,1913818368 npc=0 blood=134.5 bleed=0.00 fl=100.0,84.7,100.0,100.0 bd=0.0,15.3,0.0,0.0 flags=0 nparts=7 pmin=13.3 smin=0.0 ls=0,0,0,0
[15:45:15.669] [HOST] INFO: [fac] AFFECT-EV me='56128-rebirth.mod' whom='200-gamedata.base' event=1 mult=0.000 after=-10.00 skipped=20
[15:45:15.703] [HOST] INFO: [med] SEND hand=1,1913818368 npc=0 blood=134.5 bleed=0.00 fl=100.0,84.8,100.0,100.0 bd=0.0,15.2,0.0,0.0 flags=0 nparts=7 pmin=13.4 smin=0.0 ls=0,0,0,0
[15:45:16.110] [HOST] INFO: [fac] AFFECT-EV me='200-gamedata.base' whom='1305-gamedata.base' event=1 mult=0.025 after=-55.03 skipped=0
[15:45:16.137] [HOST] INFO: [med] SEND hand=2,3034668032 npc=1 blood=36.1 bleed=0.00 fl=100.0,100.0,100.0,100.0 bd=0.0,0.0,0.0,0.0 flags=1 nparts=7 pmin=100.0 smin=0.0 ls=0,0,0,0
[15:45:16.436] [HOST] INFO: [med] SEND hand=1,1913818368 npc=0 blood=134.5 bleed=0.00 fl=100.0,84.8,100.0,100.0 bd=0.0,15.2,0.0,0.0 flags=0 nparts=7 pmin=13.4 smin=0.0 ls=0,0,0,0
[15:45:17.140] [HOST] INFO: [med] SEND hand=2,3034668032 npc=1 blood=36.3 bleed=0.00 fl=100.0,100.0,100.0,100.0 bd=0.0,0.0,0.0,0.0 flags=1 nparts=7 pmin=100.0 smin=0.0 ls=0,0,0,0
[15:45:17.287] [HOST] INFO: [ai] suspended=1 driven=1
[15:45:17.335] [HOST] INFO: [med] SEND hand=1,1913818368 npc=0 blood=134.5 bleed=0.00 fl=100.0,84.9,100.0,100.0 bd=0.0,15.1,0.0,0.0 flags=0 nparts=7 pmin=13.5 smin=0.0 ls=0,0,0,0
[15:45:17.635] [HOST] INFO: [census] sent n=10 radius=2000 mid=10
[15:45:17.648] [HOST] INFO: [cam] hints recv n=1 p1=-33335,3923
[15:45:17.738] [HOST] INFO: [med] SEND hand=1,1913818368 npc=0 blood=134.5 bleed=0.00 fl=100.0,85.0,100.0,100.0 bd=0.0,15.0,0.0,0.0 flags=0 nparts=7 pmin=13.5 smin=0.0 ls=0,0,0,0
[15:45:18.139] [HOST] INFO: [med] SEND hand=1,1913818368 npc=0 blood=134.5 bleed=0.00 fl=100.0,85.0,100.0,100.0 bd=0.0,15.0,0.0,0.0 flags=0 nparts=7 pmin=13.6 smin=0.0 ls=0,0,0,0
[15:45:18.142] [HOST] INFO: [med] SEND hand=2,3034668032 npc=1 blood=36.5 bleed=0.00 fl=100.0,100.0,100.0,100.0 bd=0.0,0.0,0.0,0.0 flags=1 nparts=7 pmin=100.0 smin=0.0 ls=0,0,0,0
[15:45:18.335] [HOST] INFO: [fac] AFFECT-EV me='200-gamedata.base' whom='56128-rebirth.mod' event=1 mult=0.025 after=-90.05 skipped=16
[15:45:18.521] [HOST] INFO: [spawn] INFO send hand=1,25,303588864,1,2569336064 found=1 dead=0 age=0.79 sid='42201-rebirth.mod' fac='40544-rebirth.mod'
[15:45:18.521] [HOST] INFO: [spawn] INFO send hand=1,25,303588864,4,442260736 found=1 dead=0 age=0.51 sid='42201-rebirth.mod' fac='40544-rebirth.mod'
[15:45:18.521] [HOST] INFO: [spawn] INFO send hand=1,25,303588864,5,2108276352 found=1 dead=0 age=0.50 sid='42201-rebirth.mod' fac='40544-rebirth.mod'
[15:45:18.525] [HOST] INFO: [interp] lerp=21923 extrap=2884 clamp=0 seg=0 single=136 snapSq=1 snapNpc=0 reissueSq=174 reissueNpc=0 restFlip=0 delay=200 jit=81.1 starve=0 snapMid=0 restFlipMid=0
[15:45:18.525] [HOST] INFO: [interp] worstZero hand=1,1962646528 zero=142 active=5651 seg=565
[15:45:18.525] [HOST] INFO: [combat] stats snap=2 slide=48 softWalk=267 order=15 wrongTgt=1 armed=0 maxPersist=2
[15:45:18.676] [HOST] INFO: [stats] RECV hand=1,1962646528 ok=1 str=74.4 dex=18.5 tough=77.2 stealth=61.0 athl=69.7 xp=0
[15:45:18.766] [HOST] INFO: [inv] APPLY hand=1,2,1484619136,1,1962646528 items=12
[15:45:19.141] [HOST] INFO: [med] SEND hand=2,3034668032 npc=1 blood=36.7 bleed=0.00 fl=100.0,100.0,100.0,100.0 bd=0.0,0.0,0.0,0.0 flags=1 nparts=7 pmin=100.0 smin=0.0 ls=0,0,0,0
[15:45:19.851] [HOST] INFO: [med] SEND hand=1,1913818368 npc=0 blood=134.5 bleed=0.00 fl=100.0,85.2,100.0,100.0 bd=0.0,14.8,0.0,0.0 flags=0 nparts=7 pmin=13.8 smin=0.0 ls=0,0,0,0
[15:45:20.165] [HOST] INFO: [cam] center=-33499.4,804.4,4597.8
[15:45:20.252] [HOST] INFO: [med] SEND hand=1,1913818368 npc=0 blood=134.5 bleed=0.00 fl=100.0,85.3,100.0,100.0 bd=0.0,14.7,0.0,0.0 flags=0 nparts=7 pmin=13.9 smin=0.0 ls=0,0,0,0
[15:45:20.291] [HOST] INFO: [ai] suspended=1 driven=1
[15:45:20.390] [HOST] INFO: [med] SEND hand=2,3034668032 npc=1 blood=37.0 bleed=0.00 fl=100.0,100.0,100.0,100.0 bd=0.0,0.0,0.0,0.0 flags=1 nparts=7 pmin=100.0 smin=0.0 ls=0,0,0,0
[15:45:20.583] [HOST] INFO: [spawn] INFO send hand=1,25,303588864,2,680908224 found=1 dead=0 age=0.79 sid='42201-rebirth.mod' fac='40544-rebirth.mod'
[15:45:20.583] [HOST] INFO: [spawn] INFO send hand=1,25,303588864,3,2442627072 found=1 dead=0 age=0.77 sid='42201-rebirth.mod' fac='40544-rebirth.mod'
[15:45:20.652] [HOST] INFO: [med] SEND hand=1,1913818368 npc=0 blood=134.5 bleed=0.00 fl=100.0,85.3,100.0,100.0 bd=0.0,14.7,0.0,0.0 flags=0 nparts=7 pmin=13.9 smin=0.0 ls=0,0,0,0
[15:45:20.804] [HOST] INFO: [fac] AFFECT-EV me='56128-rebirth.mod' whom='200-gamedata.base' event=1 mult=0.000 after=-10.00 skipped=16
[15:45:21.209] [HOST] INFO: [med] SEND hand=1,1913818368 npc=0 blood=134.5 bleed=0.00 fl=100.0,85.4,100.0,100.0 bd=0.0,14.6,0.0,0.0 flags=0 nparts=7 pmin=14.0 smin=0.0 ls=0,0,0,0
[15:45:21.389] [HOST] INFO: [med] SEND hand=2,3034668032 npc=1 blood=37.2 bleed=0.00 fl=100.0,100.0,100.0,100.0 bd=0.0,0.0,0.0,0.0 flags=1 nparts=7 pmin=100.0 smin=0.0 ls=0,0,0,0
[15:45:21.502] [HOST] INFO: [fac] AFFECT-EV me='200-gamedata.base' whom='1305-gamedata.base' event=1 mult=0.025 after=-55.03 skipped=0
[15:45:21.608] [HOST] INFO: [med] SEND hand=1,1913818368 npc=0 blood=134.5 bleed=0.00 fl=100.0,85.5,100.0,100.0 bd=0.0,14.5,0.0,0.0 flags=0 nparts=7 pmin=14.1 smin=0.0 ls=0,0,0,0
[15:45:22.009] [HOST] INFO: [med] SEND hand=1,1913818368 npc=0 blood=134.5 bleed=0.00 fl=100.0,85.5,100.0,100.0 bd=0.0,14.5,0.0,0.0 flags=0 nparts=7 pmin=14.1 smin=0.0 ls=0,0,0,0
[15:45:22.390] [HOST] INFO: [med] SEND hand=2,3034668032 npc=1 blood=37.4 bleed=0.00 fl=100.0,100.0,100.0,100.0 bd=0.0,0.0,0.0,0.0 flags=1 nparts=7 pmin=100.0 smin=0.0 ls=0,0,0,0
[15:45:22.410] [HOST] INFO: [med] SEND hand=1,1913818368 npc=0 blood=134.5 bleed=0.00 fl=100.0,85.6,100.0,100.0 bd=0.0,14.4,0.0,0.0 flags=0 nparts=7 pmin=14.2 smin=0.0 ls=0,0,0,0
[15:45:23.285] [HOST] INFO: [stats] RECV hand=1,1962646528 ok=1 str=74.4 dex=18.5 tough=77.2 stealth=61.0 athl=69.8 xp=0
[15:45:23.292] [HOST] INFO: [ai] suspended=1 driven=1
[15:45:23.392] [HOST] INFO: [med] SEND hand=2,3034668032 npc=1 blood=37.6 bleed=0.00 fl=100.0,100.0,100.0,100.0 bd=0.0,0.0,0.0,0.0 flags=1 nparts=7 pmin=100.0 smin=0.0 ls=0,0,0,0
[15:45:23.488] [HOST] INFO: [med] SEND hand=1,1913818368 npc=0 blood=134.5 bleed=0.00 fl=100.0,85.7,100.0,100.0 bd=0.0,14.3,0.0,0.0 flags=0 nparts=7 pmin=14.3 smin=0.0 ls=0,0,0,0
[15:45:23.528] [HOST] INFO: [interp] lerp=23223 extrap=3108 clamp=0 seg=0 single=136 snapSq=1 snapNpc=0 reissueSq=214 reissueNpc=0 restFlip=0 delay=200 jit=88.3 starve=0 snapMid=0 restFlipMid=0
[15:45:23.528] [HOST] INFO: [interp] worstZero hand=1,1962646528 zero=144 active=7175 seg=215
[15:45:23.528] [HOST] INFO: [combat] stats snap=2 slide=48 softWalk=267 order=15 wrongTgt=1 armed=0 maxPersist=2
[15:45:23.660] [HOST] INFO: [fac] AFFECT-EV me='200-gamedata.base' whom='56128-rebirth.mod' event=1 mult=0.025 after=-90.05 skipped=13
[15:45:23.664] [HOST] INFO: [cam] hints recv n=1 p1=-33397,4247
[15:45:23.821] [HOST] INFO: [inv] APPLY hand=1,2,1484619136,1,1962646528 items=12
[15:45:23.890] [HOST] INFO: [med] SEND hand=1,1913818368 npc=0 blood=134.5 bleed=0.00 fl=100.0,85.8,100.0,100.0 bd=0.0,14.2,0.0,0.0 flags=0 nparts=7 pmin=14.4 smin=0.0 ls=0,0,0,0
[15:45:24.292] [HOST] INFO: [med] SEND hand=1,1913818368 npc=0 blood=134.5 bleed=0.00 fl=100.0,85.8,100.0,100.0 bd=0.0,14.2,0.0,0.0 flags=0 nparts=7 pmin=14.4 smin=0.0 ls=0,0,0,0
[15:45:24.415] [HOST] INFO: [med] SEND hand=2,3034668032 npc=1 blood=37.8 bleed=0.00 fl=100.0,100.0,100.0,100.0 bd=0.0,0.0,0.0,0.0 flags=1 nparts=7 pmin=100.0 smin=0.0 ls=0,0,0,0
[15:45:24.845] [HOST] INFO: [med] SEND hand=1,1913818368 npc=0 blood=134.5 bleed=0.00 fl=100.0,85.9,100.0,100.0 bd=0.0,14.1,0.0,0.0 flags=0 nparts=7 pmin=14.5 smin=0.0 ls=0,0,0,0
[15:45:25.164] [HOST] INFO: [cam] center=-33480.4,804.4,4660.1
[15:45:25.246] [HOST] INFO: [med] SEND hand=1,1913818368 npc=0 blood=134.5 bleed=0.00 fl=100.0,86.0,100.0,100.0 bd=0.0,14.0,0.0,0.0 flags=0 nparts=7 pmin=14.6 smin=0.0 ls=0,0,0,0
[15:45:25.416] [HOST] INFO: [med] SEND hand=2,3034668032 npc=1 blood=38.0 bleed=0.00 fl=100.0,100.0,100.0,100.0 bd=0.0,0.0,0.0,0.0 flags=1 nparts=7 pmin=100.0 smin=0.0 ls=0,0,0,0
[15:45:25.648] [HOST] INFO: [med] SEND hand=1,1913818368 npc=0 blood=134.5 bleed=0.00 fl=100.0,86.0,100.0,100.0 bd=0.0,14.0,0.0,0.0 flags=0 nparts=7 pmin=14.6 smin=0.0 ls=0,0,0,0
[15:45:25.995] [HOST] INFO: [fac] AFFECT-EV me='56128-rebirth.mod' whom='200-gamedata.base' event=1 mult=0.000 after=-10.00 skipped=16
[15:45:26.296] [HOST] INFO: [ai] suspended=1 driven=1
[15:45:26.416] [HOST] INFO: [med] SEND hand=2,3034668032 npc=1 blood=38.2 bleed=0.00 fl=100.0,100.0,100.0,100.0 bd=0.0,0.0,0.0,0.0 flags=1 nparts=7 pmin=100.0 smin=0.0 ls=0,0,0,0
[15:45:27.124] [HOST] INFO: [med] SEND hand=1,1913818368 npc=0 blood=134.5 bleed=0.00 fl=100.0,86.2,100.0,100.0 bd=0.0,13.8,0.0,0.0 flags=0 nparts=7 pmin=14.8 smin=0.0 ls=0,0,0,0
[15:45:27.418] [HOST] INFO: [med] SEND hand=2,3034668032 npc=1 blood=38.4 bleed=0.00 fl=100.0,100.0,100.0,100.0 bd=0.0,0.0,0.0,0.0 flags=1 nparts=7 pmin=100.0 smin=0.0 ls=0,0,0,0
[15:45:27.526] [HOST] INFO: [med] SEND hand=1,1913818368 npc=0 blood=134.5 bleed=0.00 fl=100.0,86.3,100.0,100.0 bd=0.0,13.7,0.0,0.0 flags=0 nparts=7 pmin=14.9 smin=0.0 ls=0,0,0,0
[15:45:27.645] [HOST] INFO: [census] sent n=9 radius=2000 mid=9
[15:45:27.928] [HOST] INFO: [med] SEND hand=1,1913818368 npc=0 blood=134.5 bleed=0.00 fl=100.0,86.3,100.0,100.0 bd=0.0,13.7,0.0,0.0 flags=0 nparts=7 pmin=14.9 smin=0.0 ls=0,0,0,0
[15:45:28.053] [HOST] INFO: [stats] RECV hand=1,1962646528 ok=1 str=74.4 dex=18.5 tough=77.2 stealth=61.0 athl=69.9 xp=0
[15:45:28.420] [HOST] INFO: [med] SEND hand=2,3034668032 npc=1 blood=38.6 bleed=0.00 fl=100.0,100.0,100.0,100.0 bd=0.0,0.0,0.0,0.0 flags=1 nparts=7 pmin=100.0 smin=0.0 ls=0,0,0,0
[15:45:28.485] [HOST] INFO: [med] SEND hand=1,1913818368 npc=0 blood=134.5 bleed=0.00 fl=100.0,86.4,100.0,100.0 bd=0.0,13.6,0.0,0.0 flags=0 nparts=7 pmin=15.0 smin=0.0 ls=0,0,0,0
[15:45:28.532] [HOST] INFO: [interp] lerp=24544 extrap=3257 clamp=0 seg=0 single=136 snapSq=1 snapNpc=0 reissueSq=262 reissueNpc=0 restFlip=0 delay=200 jit=62.3 starve=0 snapMid=0 restFlipMid=0
[15:45:28.532] [HOST] INFO: [interp] worstZero hand=1,1962646528 zero=193 active=8645 seg=83
[15:45:28.532] [HOST] INFO: [combat] stats snap=2 slide=48 softWalk=267 order=15 wrongTgt=1 armed=0 maxPersist=2
[15:45:28.785] [HOST] INFO: [inv] APPLY hand=1,2,1484619136,1,1962646528 items=12
[15:45:28.887] [HOST] INFO: [med] SEND hand=1,1913818368 npc=0 blood=134.5 bleed=0.00 fl=100.0,86.5,100.0,100.0 bd=0.0,13.5,0.0,0.0 flags=0 nparts=7 pmin=15.1 smin=0.0 ls=0,0,0,0
[15:45:28.892] [HOST] INFO: [fac] AFFECT-EV me='200-gamedata.base' whom='56128-rebirth.mod' event=1 mult=0.025 after=-90.05 skipped=18
[15:45:29.288] [HOST] INFO: [med] SEND hand=1,1913818368 npc=0 blood=134.5 bleed=0.00 fl=100.0,86.5,100.0,100.0 bd=0.0,13.5,0.0,0.0 flags=0 nparts=7 pmin=15.1 smin=0.0 ls=0,0,0,0
[15:45:29.299] [HOST] INFO: [ai] suspended=1 driven=1
[15:45:29.421] [HOST] INFO: [med] SEND hand=2,3034668032 npc=1 blood=38.8 bleed=0.00 fl=100.0,100.0,100.0,100.0 bd=0.0,0.0,0.0,0.0 flags=1 nparts=7 pmin=100.0 smin=0.0 ls=0,0,0,0
[15:45:29.702] [HOST] INFO: [cam] hints recv n=1 p1=-33453,4572
[15:45:30.163] [HOST] INFO: [cam] center=-33307.2,757.0,5228.1
[15:45:30.422] [HOST] INFO: [med] SEND hand=2,3034668032 npc=1 blood=39.0 bleed=0.00 fl=100.0,100.0,100.0,100.0 bd=0.0,0.0,0.0,0.0 flags=1 nparts=7 pmin=100.0 smin=0.0 ls=0,0,0,0
[15:45:30.761] [HOST] INFO: [med] SEND hand=1,1913818368 npc=0 blood=134.5 bleed=0.00 fl=100.0,86.7,100.0,100.0 bd=0.0,13.3,0.0,0.0 flags=0 nparts=7 pmin=15.3 smin=0.0 ls=0,0,0,0
[15:45:31.163] [HOST] INFO: [med] SEND hand=1,1913818368 npc=0 blood=134.5 bleed=0.00 fl=100.0,86.8,100.0,100.0 bd=0.0,13.2,0.0,0.0 flags=0 nparts=7 pmin=15.4 smin=0.0 ls=0,0,0,0
[15:45:31.210] [HOST] INFO: [fac] AFFECT-EV me='56128-rebirth.mod' whom='200-gamedata.base' event=1 mult=0.000 after=-10.00 skipped=14
[15:45:31.422] [HOST] INFO: [med] SEND hand=2,3034668032 npc=1 blood=39.2 bleed=0.00 fl=100.0,100.0,100.0,100.0 bd=0.0,0.0,0.0,0.0 flags=1 nparts=7 pmin=100.0 smin=0.0 ls=0,0,0,0
[15:45:31.563] [HOST] INFO: [med] SEND hand=1,1913818368 npc=0 blood=134.5 bleed=0.00 fl=100.0,86.8,100.0,100.0 bd=0.0,13.2,0.0,0.0 flags=0 nparts=7 pmin=15.4 smin=0.0 ls=0,0,0,0
[15:45:32.114] [HOST] INFO: [med] SEND hand=1,1913818368 npc=0 blood=134.5 bleed=0.00 fl=100.0,86.9,100.0,100.0 bd=0.0,13.1,0.0,0.0 flags=0 nparts=7 pmin=15.5 smin=0.0 ls=0,0,0,0
[15:45:32.301] [HOST] INFO: [ai] suspended=1 driven=1
[15:45:32.472] [HOST] INFO: [med] SEND hand=2,3034668032 npc=1 blood=39.5 bleed=0.00 fl=100.0,100.0,100.0,100.0 bd=0.0,0.0,0.0,0.0 flags=1 nparts=7 pmin=100.0 smin=0.0 ls=0,0,0,0
[15:45:32.516] [HOST] INFO: [med] SEND hand=1,1913818368 npc=0 blood=134.5 bleed=0.00 fl=100.0,87.0,100.0,100.0 bd=0.0,13.0,0.0,0.0 flags=0 nparts=7 pmin=15.6 smin=0.0 ls=0,0,0,0
[15:45:32.750] [HOST] INFO: [stats] RECV hand=1,1962646528 ok=1 str=74.4 dex=18.5 tough=77.2 stealth=61.0 athl=70.0 xp=0
[15:45:32.917] [HOST] INFO: [med] SEND hand=1,1913818368 npc=0 blood=134.5 bleed=0.00 fl=100.0,87.0,100.0,100.0 bd=0.0,13.0,0.0,0.0 flags=0 nparts=7 pmin=15.6 smin=0.0 ls=0,0,0,0
[15:45:33.536] [HOST] INFO: [interp] lerp=25891 extrap=3434 clamp=0 seg=0 single=136 snapSq=1 snapNpc=0 reissueSq=308 reissueNpc=0 restFlip=0 delay=200 jit=70.9 starve=0 snapMid=0 restFlipMid=0
[15:45:33.536] [HOST] INFO: [interp] worstZero hand=1,1962646528 zero=193 active=10169 seg=59
[15:45:33.536] [HOST] INFO: [combat] stats snap=2 slide=48 softWalk=267 order=15 wrongTgt=1 armed=0 maxPersist=2
[15:45:33.755] [HOST] INFO: [inv] APPLY hand=1,2,1484619136,1,1962646528 items=12
[15:45:34.153] [HOST] INFO: [fac] AFFECT-EV me='200-gamedata.base' whom='56128-rebirth.mod' event=1 mult=0.025 after=-90.05 skipped=11
[15:45:34.397] [HOST] INFO: [med] SEND hand=1,1913818368 npc=0 blood=134.5 bleed=0.00 fl=100.0,87.2,100.0,100.0 bd=0.0,12.8,0.0,0.0 flags=0 nparts=7 pmin=15.8 smin=0.0 ls=0,0,0,0
[15:45:34.799] [HOST] INFO: [med] SEND hand=1,1913818368 npc=0 blood=134.5 bleed=0.00 fl=100.0,87.3,100.0,100.0 bd=0.0,12.7,0.0,0.0 flags=0 nparts=7 pmin=15.9 smin=0.0 ls=0,0,0,0
[15:45:35.166] [HOST] INFO: [cam] center=-33373.1,755.3,5012.0
[15:45:35.200] [HOST] INFO: [med] SEND hand=1,1913818368 npc=0 blood=134.5 bleed=0.00 fl=100.0,87.3,100.0,100.0 bd=0.0,12.7,0.0,0.0 flags=0 nparts=7 pmin=15.9 smin=0.0 ls=0,0,0,0
[15:45:35.301] [HOST] INFO: [ai] suspended=1 driven=1
[15:45:35.751] [HOST] INFO: [med] SEND hand=1,1913818368 npc=0 blood=134.5 bleed=0.00 fl=100.0,87.4,100.0,100.0 bd=0.0,12.6,0.0,0.0 flags=0 nparts=7 pmin=16.0 smin=0.0 ls=0,0,0,0
[15:45:36.048] [HOST] INFO: [cam] hints recv n=1 p1=-33450,4900
[15:45:36.152] [HOST] INFO: [med] SEND hand=1,1913818368 npc=0 blood=134.5 bleed=0.00 fl=100.0,87.5,100.0,100.0 bd=0.0,12.5,0.0,0.0 flags=0 nparts=7 pmin=16.1 smin=0.0 ls=0,0,0,0
[15:45:36.552] [HOST] INFO: [med] SEND hand=1,1913818368 npc=0 blood=134.5 bleed=0.00 fl=100.0,87.5,100.0,100.0 bd=0.0,12.5,0.0,0.0 flags=0 nparts=7 pmin=16.1 smin=0.0 ls=0,0,0,0
[15:45:36.652] [HOST] INFO: [seatres] HOST task=87 npc=2,3328979456 subj=390,392333984 ok=1 npcpos=-34626.0,8293.1 subjpos=-34626.0,8293.1 d=0.0
[15:45:36.652] [HOST] INFO: [seatres] HOST task=87 npc=7,1465820288 subj=389,208862304 ok=1 npcpos=-34655.1,8285.0 subjpos=-34655.1,8285.0 d=0.0
[15:45:37.170] [HOST] INFO: [fac] AFFECT-EV me='56128-rebirth.mod' whom='200-gamedata.base' event=1 mult=0.000 after=-10.00 skipped=35
[15:45:37.300] [HOST] INFO: [stats] RECV hand=1,1962646528 ok=1 str=74.4 dex=18.5 tough=77.2 stealth=61.0 athl=70.1 xp=0
[15:45:37.652] [HOST] INFO: [seatres] HOST task=87 npc=13,3633422848 subj=359,993530304 ok=1 npcpos=-34806.0,8245.6 subjpos=-34806.0,8245.6 d=0.0
[15:45:37.652] [HOST] INFO: [seatres] HOST task=87 npc=11,125854496 subj=360,1808105472 ok=1 npcpos=-34789.5,8257.9 subjpos=-34789.5,8257.9 d=0.0
[15:45:37.652] [HOST] INFO: [seatres] HOST task=87 npc=8,3843505920 subj=386,3397338880 ok=1 npcpos=-35004.1,8167.0 subjpos=-35004.1,8167.0 d=0.0
[15:45:37.652] [HOST] INFO: [seatres] HOST task=87 npc=8,1451660160 subj=384,453491200 ok=1 npcpos=-35012.9,8211.5 subjpos=-35012.9,8211.5 d=0.0
[15:45:37.652] [HOST] INFO: [seatres] HOST task=87 npc=4,83374024 subj=380,104858400 ok=1 npcpos=-34951.0,8213.0 subjpos=-34951.0,8213.0 d=0.0
[15:45:37.652] [HOST] INFO: [seatres] HOST task=87 npc=3,594970688 subj=350,1451782272 ok=1 npcpos=-34796.8,8254.1 subjpos=-34796.8,8254.1 d=0.0
[15:45:37.652] [HOST] INFO: [seatres] HOST task=87 npc=3,1423828096 subj=356,3011230464 ok=1 npcpos=-34827.7,8255.1 subjpos=-34827.7,8255.1 d=0.0
[15:45:37.652] [HOST] INFO: [seatres] HOST task=87 npc=5,2921874944 subj=361,1096557568 ok=1 npcpos=-34843.1,8233.1 subjpos=-34843.1,8233.1 d=0.0
[15:45:37.652] [HOST] INFO: [seatres] HOST task=87 npc=4,2529419008 subj=357,3473388544 ok=1 npcpos=-34826.4,8237.8 subjpos=-34826.4,8237.8 d=0.0
[15:45:37.652] [HOST] INFO: [seatres] HOST task=87 npc=6,622924800 subj=362,3676513792 ok=1 npcpos=-34810.9,8283.3 subjpos=-34810.9,8283.3 d=0.0
[15:45:37.652] [HOST] INFO: [seatres] HOST task=87 npc=12,3611572224 subj=358,1256469760 ok=1 npcpos=-34830.9,8277.5 subjpos=-34830.9,8277.5 d=0.0
[15:45:37.652] [HOST] INFO: [census] sent n=18 radius=2000 mid=18
[15:45:38.033] [HOST] INFO: [med] SEND hand=1,1913818368 npc=0 blood=134.5 bleed=0.00 fl=100.0,87.7,100.0,100.0 bd=0.0,12.3,0.0,0.0 flags=0 nparts=7 pmin=16.3 smin=0.0 ls=0,0,0,0
[15:45:38.305] [HOST] INFO: [ai] suspended=1 driven=1
[15:45:38.435] [HOST] INFO: [med] SEND hand=1,1913818368 npc=0 blood=134.5 bleed=0.00 fl=100.0,87.8,100.0,100.0 bd=0.0,12.2,0.0,0.0 flags=0 nparts=7 pmin=16.4 smin=0.0 ls=0,0,0,0
[15:45:38.538] [HOST] INFO: [interp] lerp=27233 extrap=3625 clamp=0 seg=0 single=136 snapSq=1 snapNpc=0 reissueSq=354 reissueNpc=0 restFlip=0 delay=192 jit=40.6 starve=0 snapMid=0 restFlipMid=0
[15:45:38.538] [HOST] INFO: [interp] worstZero hand=1,1962646528 zero=193 active=11702 seg=78
[15:45:38.538] [HOST] INFO: [combat] stats snap=2 slide=48 softWalk=267 order=15 wrongTgt=1 armed=0 maxPersist=2
[15:45:38.789] [HOST] INFO: [inv] APPLY hand=1,2,1484619136,1,1962646528 items=12
[15:45:38.837] [HOST] INFO: [med] SEND hand=1,1913818368 npc=0 blood=134.5 bleed=0.00 fl=100.0,87.8,100.0,100.0 bd=0.0,12.2,0.0,0.0 flags=0 nparts=7 pmin=16.4 smin=0.0 ls=0,0,0,0
[15:45:39.227] [HOST] INFO: [fac] AFFECT-EV me='200-gamedata.base' whom='56128-rebirth.mod' event=1 mult=0.025 after=-90.05 skipped=22
[15:45:39.386] [HOST] INFO: [med] SEND hand=1,1913818368 npc=0 blood=134.6 bleed=0.00 fl=100.0,87.9,100.0,100.0 bd=0.0,12.1,0.0,0.0 flags=0 nparts=7 pmin=16.5 smin=0.0 ls=0,0,0,0
[15:45:39.517] [HOST] INFO: [stats] SEND hand=1,1913818368 str=79.4 dex=22.5 tough=58.0 stealth=86.6 athl=70.0 xp=0 fap=0
[15:45:39.785] [HOST] INFO: [med] SEND hand=1,1913818368 npc=0 blood=134.6 bleed=0.00 fl=100.0,88.0,100.0,100.0 bd=0.0,12.0,0.0,0.0 flags=0 nparts=7 pmin=16.6 smin=0.0 ls=0,0,0,0
[15:45:40.164] [HOST] INFO: [cam] center=-33331.0,790.2,6365.9
[15:45:40.188] [HOST] INFO: [med] SEND hand=1,1913818368 npc=0 blood=134.6 bleed=0.00 fl=100.0,88.0,100.0,100.0 bd=0.0,12.0,0.0,0.0 flags=0 nparts=7 pmin=16.6 smin=0.0 ls=0,0,0,0
[15:45:41.306] [HOST] INFO: [ai] suspended=1 driven=1
[15:45:41.659] [HOST] INFO: [seatres] HOST task=87 npc=1,3082153216 subj=385,365234368 ok=1 npcpos=-35002.5,8240.1 subjpos=-35002.5,8240.1 d=0.0
[15:45:41.659] [HOST] INFO: [seatres] HOST task=87 npc=1,2014038144 subj=381,2626098688 ok=1 npcpos=-35022.2,8227.6 subjpos=-35022.2,8227.6 d=0.0
[15:45:41.667] [HOST] INFO: [med] SEND hand=1,1913818368 npc=0 blood=134.6 bleed=0.00 fl=100.0,88.2,100.0,100.0 bd=0.0,11.8,0.0,0.0 flags=0 nparts=7 pmin=16.8 smin=0.0 ls=0,0,0,0
[15:45:41.709] [HOST] INFO: [cam] hints recv n=1 p1=-33433,5230
[15:45:42.066] [HOST] INFO: [med] SEND hand=1,1913818368 npc=0 blood=134.6 bleed=0.00 fl=100.0,88.3,100.0,100.0 bd=0.0,11.7,0.0,0.0 flags=0 nparts=7 pmin=16.9 smin=0.0 ls=0,0,0,0
[15:45:42.256] [HOST] INFO: [stats] RECV hand=1,1962646528 ok=1 str=74.4 dex=18.5 tough=77.2 stealth=61.0 athl=70.2 xp=0
[15:45:42.468] [HOST] INFO: [med] SEND hand=1,1913818368 npc=0 blood=134.6 bleed=0.00 fl=100.0,88.3,100.0,100.0 bd=0.0,11.7,0.0,0.0 flags=0 nparts=7 pmin=16.9 smin=0.0 ls=0,0,0,0
[15:45:42.523] [HOST] INFO: [fac] AFFECT-EV me='56128-rebirth.mod' whom='200-gamedata.base' event=1 mult=0.000 after=-10.00 skipped=13
[15:45:42.660] [HOST] INFO: [seatres] HOST task=87 npc=6,3658447360 subj=382,3289062400 ok=1 npcpos=-35044.4,8236.3 subjpos=-35044.4,8236.3 d=0.0
[15:45:42.660] [HOST] INFO: [seatres] HOST task=87 npc=2,719238272 subj=383,1676025344 ok=1 npcpos=-35039.0,8258.7 subjpos=-35039.0,8258.7 d=0.0
[15:45:43.024] [HOST] INFO: [med] SEND hand=1,1913818368 npc=0 blood=134.6 bleed=0.00 fl=100.0,88.4,100.0,100.0 bd=0.0,11.6,0.0,0.0 flags=0 nparts=7 pmin=17.0 smin=0.0 ls=0,0,0,0
[15:45:43.426] [HOST] INFO: [med] SEND hand=1,1913818368 npc=0 blood=134.6 bleed=0.00 fl=100.0,88.5,100.0,100.0 bd=0.0,11.5,0.0,0.0 flags=0 nparts=7 pmin=17.1 smin=0.0 ls=0,0,0,0
[15:45:43.540] [HOST] INFO: [interp] lerp=28662 extrap=3802 clamp=0 seg=0 single=136 snapSq=1 snapNpc=0 reissueSq=402 reissueNpc=0 restFlip=0 delay=134 jit=21.7 starve=0 snapMid=0 restFlipMid=0
[15:45:43.540] [HOST] INFO: [interp] worstZero hand=1,1962646528 zero=224 active=13308 seg=65
[15:45:43.540] [HOST] INFO: [combat] stats snap=2 slide=48 softWalk=267 order=15 wrongTgt=1 armed=0 maxPersist=2
[15:45:43.744] [HOST] INFO: [inv] APPLY hand=1,2,1484619136,1,1962646528 items=12
[15:45:43.828] [HOST] INFO: [med] SEND hand=1,1913818368 npc=0 blood=134.6 bleed=0.00 fl=100.0,88.5,100.0,100.0 bd=0.0,11.5,0.0,0.0 flags=0 nparts=7 pmin=17.1 smin=0.0 ls=0,0,0,0
[15:45:44.310] [HOST] INFO: [ai] suspended=1 driven=1
[15:45:44.419] [HOST] INFO: [fac] AFFECT-EV me='200-gamedata.base' whom='56128-rebirth.mod' event=1 mult=0.025 after=-90.05 skipped=16
[15:45:45.163] [HOST] INFO: [cam] center=-33685.9,773.1,5202.0
[15:45:45.306] [HOST] INFO: [med] SEND hand=1,1913818368 npc=0 blood=134.6 bleed=0.00 fl=100.0,88.7,100.0,100.0 bd=0.0,11.3,0.0,0.0 flags=0 nparts=7 pmin=17.3 smin=0.0 ls=0,0,0,0
[15:45:45.707] [HOST] INFO: [med] SEND hand=1,1913818368 npc=0 blood=134.6 bleed=0.00 fl=100.0,88.8,100.0,100.0 bd=0.0,11.2,0.0,0.0 flags=0 nparts=7 pmin=17.4 smin=0.0 ls=0,0,0,0
[15:45:46.109] [HOST] INFO: [med] SEND hand=1,1913818368 npc=0 blood=134.6 bleed=0.00 fl=100.0,88.8,100.0,100.0 bd=0.0,11.2,0.0,0.0 flags=0 nparts=7 pmin=17.4 smin=0.0 ls=0,0,0,0
[15:45:46.671] [HOST] INFO: [med] SEND hand=1,1913818368 npc=0 blood=134.6 bleed=0.00 fl=100.0,88.9,100.0,100.0 bd=0.0,11.1,0.0,0.0 flags=0 nparts=7 pmin=17.5 smin=0.0 ls=0,0,0,0
[15:45:46.836] [HOST] INFO: [stats] RECV hand=1,1962646528 ok=1 str=74.4 dex=18.5 tough=77.2 stealth=61.0 athl=70.3 xp=0
[15:45:47.072] [HOST] INFO: [med] SEND hand=1,1913818368 npc=0 blood=134.6 bleed=0.00 fl=100.0,89.0,100.0,100.0 bd=0.0,11.0,0.0,0.0 flags=0 nparts=7 pmin=17.6 smin=0.0 ls=0,0,0,0
[15:45:47.316] [HOST] INFO: [ai] suspended=1 driven=1
[15:45:47.476] [HOST] INFO: [med] SEND hand=1,1913818368 npc=0 blood=134.6 bleed=0.00 fl=100.0,89.0,100.0,100.0 bd=0.0,11.0,0.0,0.0 flags=0 nparts=7 pmin=17.6 smin=0.0 ls=0,0,0,0
[15:45:47.655] [HOST] INFO: [cam] hints recv n=1 p1=-33416,5560
[15:45:47.667] [HOST] INFO: [seatres] HOST task=87 npc=9,845336896 subj=372,2578247168 ok=1 npcpos=-35044.6,8409.5 subjpos=-35044.6,8409.5 d=0.0
[15:45:47.667] [HOST] INFO: [seatres] HOST task=87 npc=7,853393536 subj=368,643554688 ok=1 npcpos=-35067.5,8418.9 subjpos=-35067.5,8418.9 d=0.0
[15:45:47.667] [HOST] INFO: [seatres] HOST task=87 npc=14,770385728 subj=364,987304704 ok=1 npcpos=-35081.1,8414.7 subjpos=-35081.1,8414.7 d=0.0
[15:45:47.667] [HOST] INFO: [seatres] HOST task=87 npc=5,988525376 subj=370,1645019520 ok=1 npcpos=-35112.7,8442.1 subjpos=-35112.7,8442.1 d=0.0
[15:45:47.667] [HOST] INFO: [seatres] HOST task=87 npc=9,1637084928 subj=371,3166870016 ok=1 npcpos=-35126.4,8410.7 subjpos=-35126.4,8410.7 d=0.0
[15:45:47.667] [HOST] INFO: [seatres] HOST task=87 npc=10,1753051776 subj=369,473510752 ok=1 npcpos=-35102.7,8407.4 subjpos=-35102.7,8407.4 d=0.0
[15:45:47.667] [HOST] INFO: [census] sent n=27 radius=2000 mid=27
[15:45:47.905] [HOST] INFO: [speed] REQ mult=5.00 paused=0 combat=0
[15:45:48.049] [HOST] INFO: [speed] REQ mult=5.00 paused=0 combat=0
[15:45:48.200] [HOST] INFO: [fac] AFFECT-EV me='56128-rebirth.mod' whom='200-gamedata.base' event=1 mult=0.000 after=-10.00 skipped=10
[15:45:48.541] [HOST] INFO: [interp] lerp=29852 extrap=3861 clamp=0 seg=0 single=136 snapSq=1 snapNpc=0 reissueSq=458 reissueNpc=0 restFlip=0 delay=141 jit=18.4 starve=0 snapMid=0 restFlipMid=0
[15:45:48.541] [HOST] INFO: [interp] worstZero hand=1,1962646528 zero=224 active=14557 seg=92
[15:45:48.541] [HOST] INFO: [combat] stats snap=2 slide=48 softWalk=267 order=15 wrongTgt=1 armed=0 maxPersist=2
[15:45:48.787] [HOST] INFO: [inv] APPLY hand=1,2,1484619136,1,1962646528 items=12
[15:45:48.944] [HOST] INFO: [med] SEND hand=1,1913818368 npc=0 blood=134.6 bleed=0.00 fl=100.0,89.2,100.0,100.0 bd=0.0,10.8,0.0,0.0 flags=0 nparts=7 pmin=17.8 smin=0.0 ls=0,0,0,0
[15:45:49.352] [HOST] INFO: [med] SEND hand=1,1913818368 npc=0 blood=134.6 bleed=0.00 fl=100.0,89.3,100.0,100.0 bd=0.0,10.7,0.0,0.0 flags=0 nparts=7 pmin=17.9 smin=0.0 ls=0,0,0,0
[15:45:49.514] [HOST] INFO: [fac] AFFECT-EV me='200-gamedata.base' whom='56128-rebirth.mod' event=1 mult=0.025 after=-90.05 skipped=12
[15:45:49.755] [HOST] INFO: [med] SEND hand=1,1913818368 npc=0 blood=134.6 bleed=0.00 fl=100.0,89.4,100.0,100.0 bd=0.0,10.7,0.0,0.0 flags=0 nparts=7 pmin=17.9 smin=0.0 ls=0,0,0,0
[15:45:50.164] [HOST] INFO: [cam] center=-32789.2,836.4,7158.6
[15:45:50.299] [HOST] INFO: [med] SEND hand=1,1913818368 npc=0 blood=134.6 bleed=0.00 fl=100.0,89.4,100.0,100.0 bd=0.0,10.6,0.0,0.0 flags=0 nparts=7 pmin=18.0 smin=0.0 ls=0,0,0,0
[15:45:50.320] [HOST] INFO: [ai] suspended=1 driven=1
[15:45:50.698] [HOST] INFO: [med] SEND hand=1,1913818368 npc=0 blood=134.6 bleed=0.00 fl=100.0,89.5,100.0,100.0 bd=0.0,10.5,0.0,0.0 flags=0 nparts=7 pmin=18.1 smin=0.0 ls=0,0,0,0
[15:45:51.101] [HOST] INFO: [med] SEND hand=1,1913818368 npc=0 blood=134.6 bleed=0.00 fl=100.0,89.5,100.0,100.0 bd=0.0,10.5,0.0,0.0 flags=0 nparts=7 pmin=18.1 smin=0.0 ls=0,0,0,0
[15:45:51.820] [HOST] INFO: [stats] RECV hand=1,1962646528 ok=1 str=74.4 dex=18.5 tough=77.2 stealth=61.0 athl=70.4 xp=0
[15:45:52.579] [HOST] INFO: [med] SEND hand=1,1913818368 npc=0 blood=134.6 bleed=0.00 fl=100.0,89.7,100.0,100.0 bd=0.0,10.3,0.0,0.0 flags=0 nparts=7 pmin=18.3 smin=0.0 ls=0,0,0,0
[15:45:52.758] [HOST] INFO: [cam] hints recv n=1 p1=-33402,5835
[15:45:52.979] [HOST] INFO: [med] SEND hand=1,1913818368 npc=0 blood=134.6 bleed=0.00 fl=100.0,89.8,100.0,100.0 bd=0.0,10.2,0.0,0.0 flags=0 nparts=7 pmin=18.4 smin=0.0 ls=0,0,0,0
[15:45:53.322] [HOST] INFO: [ai] suspended=1 driven=1
[15:45:53.377] [HOST] INFO: [med] SEND hand=1,1913818368 npc=0 blood=134.6 bleed=0.00 fl=100.0,89.8,100.0,100.0 bd=0.0,10.2,0.0,0.0 flags=0 nparts=7 pmin=18.4 smin=0.0 ls=0,0,0,0
[15:45:53.545] [HOST] INFO: [interp] lerp=31065 extrap=3927 clamp=0 seg=0 single=136 snapSq=1 snapNpc=0 reissueSq=514 reissueNpc=0 restFlip=0 delay=127 jit=16.2 starve=0 snapMid=0 restFlipMid=0
[15:45:53.545] [HOST] INFO: [interp] worstZero hand=1,1962646528 zero=224 active=15836 seg=81
[15:45:53.545] [HOST] INFO: [combat] stats snap=2 slide=48 softWalk=267 order=15 wrongTgt=1 armed=0 maxPersist=2
[15:45:53.753] [HOST] INFO: [inv] APPLY hand=1,2,1484619136,1,1962646528 items=12
[15:45:53.936] [HOST] INFO: [med] SEND hand=1,1913818368 npc=0 blood=134.6 bleed=0.00 fl=100.0,89.9,100.0,100.0 bd=0.0,10.1,0.0,0.0 flags=0 nparts=7 pmin=18.5 smin=0.0 ls=0,0,0,0
[15:45:54.336] [HOST] INFO: [med] SEND hand=1,1913818368 npc=0 blood=134.6 bleed=0.00 fl=100.0,90.0,100.0,100.0 bd=0.0,10.0,0.0,0.0 flags=0 nparts=7 pmin=18.6 smin=0.0 ls=0,0,0,0
[15:45:54.737] [HOST] INFO: [med] SEND hand=1,1913818368 npc=0 blood=134.6 bleed=0.00 fl=100.0,90.0,100.0,100.0 bd=0.0,10.0,0.0,0.0 flags=0 nparts=7 pmin=18.6 smin=0.0 ls=0,0,0,0
[15:45:55.165] [HOST] INFO: [cam] center=-32782.0,854.2,7182.1
[15:45:56.215] [HOST] INFO: [med] SEND hand=1,1913818368 npc=0 blood=134.6 bleed=0.00 fl=100.0,90.2,100.0,100.0 bd=0.0,9.8,0.0,0.0 flags=0 nparts=7 pmin=18.8 smin=0.0 ls=0,0,0,0
[15:45:56.325] [HOST] INFO: [ai] suspended=1 driven=1
[15:45:56.618] [HOST] INFO: [med] SEND hand=1,1913818368 npc=0 blood=134.6 bleed=0.00 fl=100.0,90.3,100.0,100.0 bd=0.0,9.7,0.0,0.0 flags=0 nparts=7 pmin=18.9 smin=0.0 ls=0,0,0,0
[15:45:56.663] [HOST] INFO: [stats] RECV hand=1,1962646528 ok=1 str=74.4 dex=18.5 tough=77.2 stealth=61.0 athl=70.5 xp=0
[15:45:57.020] [HOST] INFO: [med] SEND hand=1,1913818368 npc=0 blood=134.6 bleed=0.00 fl=100.0,90.3,100.0,100.0 bd=0.0,9.7,0.0,0.0 flags=0 nparts=7 pmin=18.9 smin=0.0 ls=0,0,0,0
[15:45:57.571] [HOST] INFO: [med] SEND hand=1,1913818368 npc=0 blood=134.6 bleed=0.00 fl=100.0,90.4,100.0,100.0 bd=0.0,9.6,0.0,0.0 flags=0 nparts=7 pmin=19.0 smin=0.0 ls=0,0,0,0
[15:45:57.682] [HOST] INFO: [census] sent n=36 radius=2000 mid=36
[15:45:57.972] [HOST] INFO: [med] SEND hand=1,1913818368 npc=0 blood=134.6 bleed=0.00 fl=100.0,90.5,100.0,100.0 bd=0.0,9.5,0.0,0.0 flags=0 nparts=7 pmin=19.1 smin=0.0 ls=0,0,0,0
[15:45:58.372] [HOST] INFO: [med] SEND hand=1,1913818368 npc=0 blood=134.6 bleed=0.00 fl=100.0,90.5,100.0,100.0 bd=0.0,9.5,0.0,0.0 flags=0 nparts=7 pmin=19.1 smin=0.0 ls=0,0,0,0
[15:45:58.547] [HOST] INFO: [interp] lerp=32344 extrap=4045 clamp=0 seg=0 single=136 snapSq=1 snapNpc=0 reissueSq=567 reissueNpc=0 restFlip=0 delay=170 jit=32.5 starve=0 snapMid=0 restFlipMid=0
[15:45:58.547] [HOST] INFO: [interp] worstZero hand=1,1962646528 zero=224 active=17233 seg=65
[15:45:58.547] [HOST] INFO: [combat] stats snap=2 slide=48 softWalk=267 order=15 wrongTgt=1 armed=0 maxPersist=2
[15:45:58.774] [HOST] INFO: [inv] APPLY hand=1,2,1484619136,1,1962646528 items=12
[15:45:58.774] [HOST] INFO: [cam] hints recv n=1 p1=-33349,6158
[15:45:59.329] [HOST] INFO: [ai] suspended=1 driven=1
[15:45:59.852] [HOST] INFO: [med] SEND hand=1,1913818368 npc=0 blood=134.6 bleed=0.00 fl=100.0,90.7,100.0,100.0 bd=0.0,9.3,0.0,0.0 flags=0 nparts=7 pmin=19.3 smin=0.0 ls=0,0,0,0
[15:46:00.164] [HOST] INFO: [cam] center=-32782.0,854.2,7182.1
[15:46:00.252] [HOST] INFO: [med] SEND hand=1,1913818368 npc=0 blood=134.6 bleed=0.00 fl=100.0,90.8,100.0,100.0 bd=0.0,9.2,0.0,0.0 flags=0 nparts=7 pmin=19.4 smin=0.0 ls=0,0,0,0
[15:46:00.654] [HOST] INFO: [med] SEND hand=1,1913818368 npc=0 blood=134.6 bleed=0.00 fl=100.0,90.8,100.0,100.0 bd=0.0,9.2,0.0,0.0 flags=0 nparts=7 pmin=19.4 smin=0.0 ls=0,0,0,0
[15:46:01.207] [HOST] INFO: [med] SEND hand=1,1913818368 npc=0 blood=134.6 bleed=0.00 fl=100.0,90.9,100.0,100.0 bd=0.0,9.1,0.0,0.0 flags=0 nparts=7 pmin=19.5 smin=0.0 ls=0,0,0,0
[15:46:01.609] [HOST] INFO: [med] SEND hand=1,1913818368 npc=0 blood=134.6 bleed=0.00 fl=100.0,91.0,100.0,100.0 bd=0.0,9.0,0.0,0.0 flags=0 nparts=7 pmin=19.6 smin=0.0 ls=0,0,0,0
[15:46:01.615] [HOST] INFO: [stats] RECV hand=1,1962646528 ok=1 str=74.4 dex=18.5 tough=77.2 stealth=61.0 athl=70.6 xp=0
[15:46:02.009] [HOST] INFO: [med] SEND hand=1,1913818368 npc=0 blood=134.6 bleed=0.00 fl=100.0,91.0,100.0,100.0 bd=0.0,9.0,0.0,0.0 flags=0 nparts=7 pmin=19.6 smin=0.0 ls=0,0,0,0
[15:46:02.330] [HOST] INFO: [ai] suspended=1 driven=1
[15:46:03.548] [HOST] INFO: [interp] lerp=33592 extrap=4252 clamp=0 seg=0 single=136 snapSq=1 snapNpc=0 reissueSq=616 reissueNpc=0 restFlip=0 delay=200 jit=61.5 starve=0 snapMid=0 restFlipMid=0
[15:46:03.548] [HOST] INFO: [interp] worstZero hand=1,1962646528 zero=224 active=18688 seg=75
[15:46:03.548] [HOST] INFO: [combat] stats snap=2 slide=48 softWalk=267 order=15 wrongTgt=1 armed=0 maxPersist=2
[15:46:03.640] [HOST] INFO: [med] SEND hand=1,1913818368 npc=0 blood=134.6 bleed=0.00 fl=100.0,91.2,100.0,100.0 bd=0.0,8.8,0.0,0.0 flags=0 nparts=7 pmin=19.8 smin=0.0 ls=0,0,0,0
[15:46:03.791] [HOST] INFO: [inv] APPLY hand=1,2,1484619136,1,1962646528 items=12
[15:46:04.043] [HOST] INFO: [med] SEND hand=1,1913818368 npc=0 blood=134.6 bleed=0.00 fl=100.0,91.3,100.0,100.0 bd=0.0,8.7,0.0,0.0 flags=0 nparts=7 pmin=19.9 smin=0.0 ls=0,0,0,0
[15:46:04.713] [HOST] INFO: [cam] hints recv n=1 p1=-33223,6464
[15:46:05.163] [HOST] INFO: [cam] center=-32782.0,854.2,7182.1
[15:46:05.331] [HOST] INFO: [ai] suspended=1 driven=1
[15:46:05.566] [HOST] INFO: [med] SEND hand=1,1913818368 npc=0 blood=134.6 bleed=0.00 fl=100.0,91.4,100.0,100.0 bd=0.0,8.6,0.0,0.0 flags=0 nparts=7 pmin=20.0 smin=0.0 ls=0,0,0,0
[15:46:05.600] [HOST] INFO: [stats] SEND hand=1,1913818368 str=79.5 dex=22.5 tough=58.0 stealth=86.6 athl=70.1 xp=0 fap=0
[15:46:05.966] [HOST] INFO: [med] SEND hand=1,1913818368 npc=0 blood=134.6 bleed=0.00 fl=100.0,91.5,100.0,100.0 bd=0.0,8.5,0.0,0.0 flags=0 nparts=7 pmin=20.0 smin=0.0 ls=0,0,0,0
[15:46:06.369] [HOST] INFO: [med] SEND hand=1,1913818368 npc=0 blood=134.6 bleed=0.00 fl=100.0,91.5,100.0,100.0 bd=0.0,8.5,0.0,0.0 flags=0 nparts=7 pmin=20.1 smin=0.0 ls=0,0,0,0
[15:46:06.383] [HOST] INFO: [stats] RECV hand=1,1962646528 ok=1 str=74.4 dex=18.5 tough=77.2 stealth=61.0 athl=70.7 xp=0
[15:46:06.692] [HOST] INFO: [taskkey] key=51 desc='Stand at node' repro=0 subject=1
[15:46:06.692] [HOST] INFO: [seatres] HOST task=87 npc=5,1096801792 subj=2119,1350097664 ok=1 npcpos=-31603.9,10691.0 subjpos=-31603.9,10691.0 d=0.0
[15:46:06.692] [HOST] INFO: [seatres] HOST task=87 npc=1,2498290944 subj=2098,2003051776 ok=1 npcpos=-31653.9,10719.6 subjpos=-31653.9,10719.6 d=0.0
[15:46:06.692] [HOST] INFO: [seatres] HOST task=87 npc=3,1224609408 subj=2096,128295896 ok=1 npcpos=-31687.9,10725.1 subjpos=-31687.9,10725.1 d=0.0
[15:46:06.692] [HOST] INFO: [seatres] HOST task=87 npc=6,3706298880 subj=2099,648071296 ok=1 npcpos=-31688.2,10702.2 subjpos=-31688.2,10702.2 d=0.0
[15:46:06.692] [HOST] INFO: [seatres] HOST task=87 npc=2,1697753856 subj=2118,2007812480 ok=1 npcpos=-31621.0,10671.8 subjpos=-31621.0,10671.8 d=0.0
[15:46:06.692] [HOST] INFO: [seatres] HOST task=87 npc=1,3879272448 subj=2097,2836547840 ok=1 npcpos=-31677.3,10730.3 subjpos=-31677.3,10730.3 d=0.0
[15:46:06.692] [HOST] INFO: [seatres] HOST task=87 npc=1,1458374016 subj=2067,3943603456 ok=1 npcpos=-31561.1,10742.2 subjpos=-31561.1,10742.2 d=0.0
[15:46:06.692] [HOST] INFO: [seatres] HOST task=87 npc=4,1545898496 subj=2069,3319335936 ok=1 npcpos=-31584.7,10738.7 subjpos=-31584.7,10738.7 d=0.0
[15:46:06.692] [HOST] INFO: [taskkey] key=146 desc='Turret gunner' repro=0 subject=1
[15:46:06.692] [HOST] INFO: [taskkey] key=98 desc='Sleeping' repro=1 subject=1
[15:46:06.692] [HOST] INFO: [seatres] HOST task=98 npc=5,3629150464 subj=2140,1523681664 ok=1 npcpos=-31620.9,10819.9 subjpos=-31620.9,10819.9 d=0.0
[15:46:06.692] [HOST] INFO: [seatres] HOST task=87 npc=1,2963134720 subj=2070,71533200 ok=1 npcpos=-31555.8,10778.8 subjpos=-31555.8,10778.8 d=0.0
[15:46:06.692] [HOST] INFO: [seatres] HOST task=87 npc=2,3645385728 subj=2071,115112304 ok=1 npcpos=-31575.4,10798.3 subjpos=-31575.4,10798.3 d=0.0
[15:46:06.692] [HOST] INFO: [seatres] HOST task=87 npc=1,2318603520 subj=2073,3172973568 ok=1 npcpos=-31549.5,10813.0 subjpos=-31549.5,10813.0 d=0.0
[15:46:06.692] [HOST] INFO: [seatres] HOST task=98 npc=6,3862304768 subj=2137,2984008704 ok=1 npcpos=-31571.9,10866.7 subjpos=-31571.9,10866.7 d=0.0
[15:46:06.692] [HOST] INFO: [seatres] HOST task=98 npc=7,3232910080 subj=2138,3051513600 ok=1 npcpos=-31638.4,10859.6 subjpos=-31638.4,10859.6 d=0.0
[15:46:07.692] [HOST] INFO: [census] sent n=53 radius=2000 mid=48
[15:46:07.929] [HOST] INFO: [med] SEND hand=1,1913818368 npc=0 blood=134.6 bleed=0.00 fl=100.0,91.7,100.0,100.0 bd=0.0,8.3,0.0,0.0 flags=0 nparts=7 pmin=20.3 smin=0.0 ls=0,0,0,0
[15:46:08.330] [HOST] INFO: [med] SEND hand=1,1913818368 npc=0 blood=134.6 bleed=0.00 fl=100.0,91.8,100.0,100.0 bd=0.0,8.2,0.0,0.0 flags=0 nparts=7 pmin=20.4 smin=0.0 ls=0,0,0,0
[15:46:08.334] [HOST] INFO: [ai] suspended=1 driven=1
[15:46:08.551] [HOST] INFO: [interp] lerp=35039 extrap=4326 clamp=0 seg=0 single=136 snapSq=1 snapNpc=0 reissueSq=667 reissueNpc=0 restFlip=0 delay=175 jit=26.7 starve=0 snapMid=0 restFlipMid=0
[15:46:08.551] [HOST] INFO: [interp] worstZero hand=1,1962646528 zero=224 active=20209 seg=112
[15:46:08.551] [HOST] INFO: [combat] stats snap=2 slide=48 softWalk=267 order=15 wrongTgt=1 armed=0 maxPersist=2
[15:46:08.757] [HOST] INFO: [inv] APPLY hand=1,2,1484619136,1,1962646528 items=12
[15:46:09.287] [HOST] INFO: [med] SEND hand=1,1913818368 npc=0 blood=134.6 bleed=0.00 fl=100.0,91.9,100.0,100.0 bd=0.0,8.1,0.0,0.0 flags=0 nparts=7 pmin=20.5 smin=0.0 ls=0,0,0,0
[15:46:09.688] [HOST] INFO: [med] SEND hand=1,1913818368 npc=0 blood=134.6 bleed=0.00 fl=100.0,92.0,100.0,100.0 bd=0.0,8.0,0.0,0.0 flags=0 nparts=7 pmin=20.6 smin=0.0 ls=0,0,0,0
[15:46:09.788] [HOST] INFO: [cam] hints recv n=1 p1=-33119,6720
[15:46:10.090] [HOST] INFO: [med] SEND hand=1,1913818368 npc=0 blood=134.6 bleed=0.00 fl=100.0,92.0,100.0,100.0 bd=0.0,8.0,0.0,0.0 flags=0 nparts=7 pmin=20.6 smin=0.0 ls=0,0,0,0
[15:46:10.163] [HOST] INFO: [cam] center=-32351.8,779.2,8592.5
[15:46:11.304] [HOST] INFO: [stats] RECV hand=1,1962646528 ok=1 str=74.4 dex=18.5 tough=77.2 stealth=61.0 athl=70.8 xp=0
[15:46:11.336] [HOST] INFO: [ai] suspended=1 driven=1
[15:46:11.568] [HOST] INFO: [med] SEND hand=1,1913818368 npc=0 blood=134.6 bleed=0.00 fl=100.0,92.2,100.0,100.0 bd=0.0,7.8,0.0,0.0 flags=0 nparts=7 pmin=20.8 smin=0.0 ls=0,0,0,0
[15:46:11.970] [HOST] INFO: [med] SEND hand=1,1913818368 npc=0 blood=134.6 bleed=0.00 fl=100.0,92.3,100.0,100.0 bd=0.0,7.7,0.0,0.0 flags=0 nparts=7 pmin=20.9 smin=0.0 ls=0,0,0,0
[15:46:12.921] [HOST] INFO: [med] SEND hand=1,1913818368 npc=0 blood=134.6 bleed=0.00 fl=100.0,92.4,100.0,100.0 bd=0.0,7.6,0.0,0.0 flags=0 nparts=7 pmin=21.0 smin=0.0 ls=0,0,0,0
[15:46:13.322] [HOST] INFO: [med] SEND hand=1,1913818368 npc=0 blood=134.6 bleed=0.00 fl=100.0,92.5,100.0,100.0 bd=0.0,7.5,0.0,0.0 flags=0 nparts=7 pmin=21.1 smin=0.0 ls=0,0,0,0
[15:46:13.555] [HOST] INFO: [interp] lerp=36535 extrap=4407 clamp=0 seg=0 single=136 snapSq=1 snapNpc=0 reissueSq=721 reissueNpc=0 restFlip=0 delay=176 jit=29.8 starve=0 snapMid=0 restFlipMid=0
[15:46:13.555] [HOST] INFO: [interp] worstZero hand=1,1962646528 zero=224 active=21786 seg=215
[15:46:13.555] [HOST] INFO: [combat] stats snap=2 slide=48 softWalk=267 order=15 wrongTgt=1 armed=0 maxPersist=2
[15:46:13.722] [HOST] INFO: [med] SEND hand=1,1913818368 npc=0 blood=134.6 bleed=0.00 fl=100.0,92.5,100.0,100.0 bd=0.0,7.5,0.0,0.0 flags=0 nparts=7 pmin=21.1 smin=0.0 ls=0,0,0,0
[15:46:14.056] [HOST] INFO: [inv] APPLY hand=1,2,1484619136,1,1962646528 items=12
[15:46:14.337] [HOST] INFO: [ai] suspended=1 driven=1
[15:46:14.805] [HOST] INFO: [cam] hints recv n=1 p1=-33014,6975
[15:46:15.164] [HOST] INFO: [cam] center=-31953.8,720.4,8979.9
[15:46:15.203] [HOST] INFO: [med] SEND hand=1,1913818368 npc=0 blood=134.7 bleed=0.00 fl=100.0,92.7,100.0,100.0 bd=0.0,7.3,0.0,0.0 flags=0 nparts=7 pmin=21.3 smin=0.0 ls=0,0,0,0
[15:46:15.604] [HOST] INFO: [med] SEND hand=1,1913818368 npc=0 blood=134.7 bleed=0.00 fl=100.0,92.8,100.0,100.0 bd=0.0,7.2,0.0,0.0 flags=0 nparts=7 pmin=21.4 smin=0.0 ls=0,0,0,0
[15:46:16.291] [HOST] INFO: [stats] RECV hand=1,1962646528 ok=1 str=74.4 dex=18.5 tough=77.2 stealth=61.0 athl=70.9 xp=0
[15:46:16.558] [HOST] INFO: [med] SEND hand=1,1913818368 npc=0 blood=134.7 bleed=0.00 fl=100.0,92.9,100.0,100.0 bd=0.0,7.1,0.0,0.0 flags=0 nparts=7 pmin=21.5 smin=0.0 ls=0,0,0,0
[15:46:16.959] [HOST] INFO: [med] SEND hand=1,1913818368 npc=0 blood=134.7 bleed=0.00 fl=100.0,93.0,100.0,100.0 bd=0.0,7.0,0.0,0.0 flags=0 nparts=7 pmin=21.6 smin=0.0 ls=0,0,0,0
[15:46:17.303] [HOST] INFO: [stats] RECV hand=1,1962646528 ok=1 str=74.4 dex=18.5 tough=77.2 stealth=61.0 athl=70.9 xp=0
[15:46:17.340] [HOST] INFO: [ai] suspended=1 driven=1
[15:46:17.361] [HOST] INFO: [med] SEND hand=1,1913818368 npc=0 blood=134.7 bleed=0.00 fl=100.0,93.0,100.0,100.0 bd=0.0,7.0,0.0,0.0 flags=0 nparts=7 pmin=21.6 smin=0.0 ls=0,0,0,0
[15:46:17.704] [HOST] INFO: [census] sent n=56 radius=2000 mid=48
[15:46:17.745] [HOST] INFO: [fac] AFFECT-EV me='40544-rebirth.mod' whom='56128-rebirth.mod' event=5 mult=0.000 after=0.00 skipped=0
[15:46:18.555] [HOST] INFO: [interp] lerp=37860 extrap=4684 clamp=0 seg=0 single=136 snapSq=1 snapNpc=0 reissueSq=767 reissueNpc=0 restFlip=0 delay=200 jit=69.0 starve=0 snapMid=0 restFlipMid=0
[15:46:18.555] [HOST] INFO: [interp] worstZero hand=1,1962646528 zero=224 active=23388 seg=108
[15:46:18.555] [HOST] INFO: [combat] stats snap=2 slide=48 softWalk=267 order=15 wrongTgt=1 armed=0 maxPersist=2
[15:46:18.787] [HOST] INFO: [inv] APPLY hand=1,2,1484619136,1,1962646528 items=12
[15:46:18.841] [HOST] INFO: [med] SEND hand=1,1913818368 npc=0 blood=134.7 bleed=0.00 fl=100.0,93.2,100.0,100.0 bd=0.0,6.8,0.0,0.0 flags=0 nparts=7 pmin=21.8 smin=0.0 ls=0,0,0,0
[15:46:19.242] [HOST] INFO: [med] SEND hand=1,1913818368 npc=0 blood=134.7 bleed=0.00 fl=100.0,93.3,100.0,100.0 bd=0.0,6.7,0.0,0.0 flags=0 nparts=7 pmin=21.9 smin=0.0 ls=0,0,0,0
[15:46:20.163] [HOST] INFO: [cam] center=-32328.5,738.5,8269.3
[15:46:20.196] [HOST] INFO: [med] SEND hand=1,1913818368 npc=0 blood=134.7 bleed=0.00 fl=100.0,93.4,100.0,100.0 bd=0.0,6.6,0.0,0.0 flags=0 nparts=7 pmin=22.0 smin=0.0 ls=0,0,0,0
[15:46:20.341] [HOST] INFO: [ai] suspended=1 driven=1
[15:46:20.597] [HOST] INFO: [med] SEND hand=1,1913818368 npc=0 blood=134.7 bleed=0.00 fl=100.0,93.5,100.0,100.0 bd=0.0,6.5,0.0,0.0 flags=0 nparts=7 pmin=22.1 smin=0.0 ls=0,0,0,0
[15:46:20.740] [HOST] INFO: [cam] hints recv n=1 p1=-32886,7266
[15:46:20.997] [HOST] INFO: [med] SEND hand=1,1913818368 npc=0 blood=134.7 bleed=0.00 fl=100.0,93.5,100.0,100.0 bd=0.0,6.5,0.0,0.0 flags=0 nparts=7 pmin=22.1 smin=0.0 ls=0,0,0,0
[15:46:21.427] [HOST] INFO: [stats] RECV hand=1,1962646528 ok=1 str=74.4 dex=18.5 tough=77.2 stealth=61.0 athl=71.0 xp=0
[15:46:23.254] [HOST] INFO: [med] SEND hand=1,1913818368 npc=0 blood=134.7 bleed=0.00 fl=100.0,93.7,100.0,100.0 bd=0.0,6.3,0.0,0.0 flags=0 nparts=7 pmin=22.3 smin=0.0 ls=0,0,0,0
[15:46:23.343] [HOST] INFO: [ai] suspended=1 driven=1
[15:46:23.558] [HOST] INFO: [interp] lerp=39382 extrap=4691 clamp=0 seg=0 single=136 snapSq=1 snapNpc=0 reissueSq=827 reissueNpc=0 restFlip=0 delay=110 jit=9.2 starve=0 snapMid=0 restFlipMid=0
[15:46:23.558] [HOST] INFO: [interp] worstZero hand=1,1962646528 zero=224 active=24917 seg=80
[15:46:23.558] [HOST] INFO: [combat] stats snap=2 slide=48 softWalk=267 order=15 wrongTgt=1 armed=0 maxPersist=2
[15:46:23.654] [HOST] INFO: [med] SEND hand=1,1913818368 npc=0 blood=134.7 bleed=0.00 fl=100.0,93.8,100.0,100.0 bd=0.0,6.2,0.0,0.0 flags=0 nparts=7 pmin=22.4 smin=0.0 ls=0,0,0,0
[15:46:24.008] [HOST] INFO: [inv] APPLY hand=1,2,1484619136,1,1962646528 items=12
[15:46:25.164] [HOST] INFO: [cam] center=-33097.6,836.3,7179.7
[15:46:25.262] [HOST] INFO: [med] SEND hand=1,1913818368 npc=0 blood=134.7 bleed=0.00 fl=100.0,93.9,100.0,100.0 bd=0.0,6.1,0.0,0.0 flags=0 nparts=7 pmin=22.5 smin=0.0 ls=0,0,0,0
[15:46:25.662] [HOST] INFO: [med] SEND hand=1,1913818368 npc=0 blood=134.7 bleed=0.00 fl=100.0,94.0,100.0,100.0 bd=0.0,6.0,0.0,0.0 flags=0 nparts=7 pmin=22.5 smin=0.0 ls=0,0,0,0
[15:46:25.901] [HOST] INFO: [cam] hints recv n=1 p1=-32774,7515
[15:46:26.065] [HOST] INFO: [med] SEND hand=1,1913818368 npc=0 blood=134.7 bleed=0.00 fl=100.0,94.0,100.0,100.0 bd=0.0,6.0,0.0,0.0 flags=0 nparts=7 pmin=22.6 smin=0.0 ls=0,0,0,0
[15:46:26.347] [HOST] INFO: [ai] suspended=1 driven=1
[15:46:26.444] [HOST] INFO: [stats] RECV hand=1,1962646528 ok=1 str=74.4 dex=18.5 tough=77.2 stealth=61.0 athl=71.1 xp=0
[15:46:27.427] [HOST] INFO: [stats] RECV hand=1,1962646528 ok=1 str=74.4 dex=18.5 tough=77.2 stealth=61.0 athl=71.1 xp=0
[15:46:27.669] [HOST] INFO: [med] SEND hand=1,1913818368 npc=0 blood=134.7 bleed=0.00 fl=100.0,94.2,100.0,100.0 bd=0.0,5.8,0.0,0.0 flags=0 nparts=7 pmin=22.8 smin=0.0 ls=0,0,0,0
[15:46:27.716] [HOST] INFO: [census] sent n=61 radius=2000 mid=48
[15:46:28.070] [HOST] INFO: [med] SEND hand=1,1913818368 npc=0 blood=134.7 bleed=0.00 fl=100.0,94.3,100.0,100.0 bd=0.0,5.7,0.0,0.0 flags=0 nparts=7 pmin=22.9 smin=0.0 ls=0,0,0,0
[15:46:28.084] [HOST] INFO: [inv] APPLY hand=1,2,1484619136,1,1962646528 items=12
[15:46:28.559] [HOST] INFO: [interp] lerp=40670 extrap=4756 clamp=0 seg=0 single=136 snapSq=1 snapNpc=0 reissueSq=886 reissueNpc=0 restFlip=0 delay=154 jit=28.4 starve=0 snapMid=0 restFlipMid=0
[15:46:28.559] [HOST] INFO: [interp] worstZero hand=1,1962646528 zero=224 active=26270 seg=157
[15:46:28.559] [HOST] INFO: [combat] stats snap=2 slide=48 softWalk=267 order=15 wrongTgt=1 armed=0 maxPersist=2
[15:46:29.024] [HOST] INFO: [med] SEND hand=1,1913818368 npc=0 blood=134.7 bleed=0.00 fl=100.0,94.4,100.0,100.0 bd=0.0,5.6,0.0,0.0 flags=0 nparts=7 pmin=23.0 smin=0.0 ls=0,0,0,0
[15:46:29.348] [HOST] INFO: [ai] suspended=1 driven=1
[15:46:29.425] [HOST] INFO: [med] SEND hand=1,1913818368 npc=0 blood=134.7 bleed=0.00 fl=100.0,94.5,100.0,100.0 bd=0.0,5.5,0.0,0.0 flags=0 nparts=7 pmin=23.1 smin=0.0 ls=0,0,0,0
[15:46:29.825] [HOST] INFO: [med] SEND hand=1,1913818368 npc=0 blood=134.7 bleed=0.00 fl=100.0,94.5,100.0,100.0 bd=0.0,5.5,0.0,0.0 flags=0 nparts=7 pmin=23.1 smin=0.0 ls=0,0,0,0
[15:46:30.165] [HOST] INFO: [cam] center=-33097.6,836.3,7179.7
[15:46:31.308] [HOST] INFO: [med] SEND hand=1,1913818368 npc=0 blood=134.7 bleed=0.00 fl=100.0,94.7,100.0,100.0 bd=0.0,5.3,0.0,0.0 flags=0 nparts=7 pmin=23.3 smin=0.0 ls=0,0,0,0
[15:46:31.540] [HOST] INFO: [stats] RECV hand=1,1962646528 ok=1 str=74.4 dex=18.5 tough=77.2 stealth=61.0 athl=71.2 xp=0
[15:46:31.710] [HOST] INFO: [med] SEND hand=1,1913818368 npc=0 blood=134.7 bleed=0.00 fl=100.0,94.8,100.0,100.0 bd=0.0,5.2,0.0,0.0 flags=0 nparts=7 pmin=23.4 smin=0.0 ls=0,0,0,0
[15:46:31.801] [HOST] INFO: [cam] hints recv n=1 p1=-32615,7805
[15:46:31.861] [HOST] INFO: [stats] SEND hand=1,1913818368 str=79.6 dex=22.5 tough=58.0 stealth=86.6 athl=70.1 xp=0 fap=0
[15:46:32.351] [HOST] INFO: [ai] suspended=1 driven=1
[15:46:32.494] [HOST] INFO: [inv] APPLY hand=1,2,1484619136,1,1962646528 items=13
[15:46:32.661] [HOST] INFO: [med] SEND hand=1,1913818368 npc=0 blood=134.7 bleed=0.00 fl=100.0,94.9,100.0,100.0 bd=0.0,5.1,0.0,0.0 flags=0 nparts=7 pmin=23.5 smin=0.0 ls=0,0,0,0
[15:46:32.861] [HOST] INFO: [stats] SEND hand=1,1913818368 str=79.6 dex=22.5 tough=58.0 stealth=86.6 athl=70.1 xp=0 fap=0
[15:46:33.063] [HOST] INFO: [med] SEND hand=1,1913818368 npc=0 blood=134.7 bleed=0.00 fl=100.0,95.0,100.0,100.0 bd=0.0,5.0,0.0,0.0 flags=0 nparts=7 pmin=23.6 smin=0.0 ls=0,0,0,0
[15:46:33.464] [HOST] INFO: [med] SEND hand=1,1913818368 npc=0 blood=134.7 bleed=0.00 fl=100.0,95.0,100.0,100.0 bd=0.0,5.0,0.0,0.0 flags=0 nparts=7 pmin=23.6 smin=0.0 ls=0,0,0,0
[15:46:33.564] [HOST] INFO: [interp] lerp=42075 extrap=4801 clamp=0 seg=0 single=136 snapSq=1 snapNpc=0 reissueSq=946 reissueNpc=0 restFlip=0 delay=125 jit=17.8 starve=0 snapMid=0 restFlipMid=0
[15:46:33.564] [HOST] INFO: [interp] worstZero hand=1,1962646528 zero=224 active=27720 seg=60
[15:46:33.564] [HOST] INFO: [combat] stats snap=2 slide=48 softWalk=267 order=15 wrongTgt=1 armed=0 maxPersist=2
[15:46:34.941] [HOST] INFO: [med] SEND hand=1,1913818368 npc=0 blood=134.7 bleed=0.00 fl=100.0,95.2,100.0,100.0 bd=0.0,4.8,0.0,0.0 flags=0 nparts=7 pmin=23.8 smin=0.0 ls=0,0,0,0
[15:46:35.164] [HOST] INFO: [cam] center=-31277.6,1151.1,10237.9
[15:46:35.343] [HOST] INFO: [med] SEND hand=1,1913818368 npc=0 blood=134.7 bleed=0.00 fl=100.0,95.3,100.0,100.0 bd=0.0,4.7,0.0,0.0 flags=0 nparts=7 pmin=23.9 smin=0.0 ls=0,0,0,0
[15:46:35.353] [HOST] INFO: [ai] suspended=1 driven=1
[15:46:35.667] [HOST] INFO: [inv] APPLY hand=1,2,1484619136,1,1962646528 items=13
[15:46:36.303] [HOST] INFO: [med] SEND hand=1,1913818368 npc=0 blood=134.7 bleed=0.00 fl=100.0,95.4,100.0,100.0 bd=0.0,4.6,0.0,0.0 flags=0 nparts=7 pmin=24.0 smin=0.0 ls=0,0,0,0
[15:46:36.521] [HOST] INFO: [stats] RECV hand=1,1962646528 ok=1 str=74.4 dex=18.5 tough=77.2 stealth=61.0 athl=71.3 xp=0
[15:46:36.705] [HOST] INFO: [med] SEND hand=1,1913818368 npc=0 blood=134.7 bleed=0.00 fl=100.0,95.5,100.0,100.0 bd=0.0,4.5,0.0,0.0 flags=0 nparts=7 pmin=24.1 smin=0.0 ls=0,0,0,0
[15:46:36.725] [HOST] INFO: [fac] AFFECT-EV me='200-gamedata.base' whom='56128-rebirth.mod' event=1 mult=0.025 after=-90.05 skipped=13
[15:46:36.729] [HOST] INFO: [fac] AFFECT-EV me='56128-rebirth.mod' whom='200-gamedata.base' event=1 mult=0.000 after=-10.00 skipped=14
[15:46:36.805] [HOST] INFO: [cam] hints recv n=1 p1=-32483,8047
[15:46:37.104] [HOST] INFO: [med] SEND hand=1,1913818368 npc=0 blood=134.7 bleed=0.00 fl=100.0,95.5,100.0,100.0 bd=0.0,4.5,0.0,0.0 flags=0 nparts=7 pmin=24.1 smin=0.0 ls=0,0,0,0
[15:46:37.484] [HOST] INFO: [stats] RECV hand=1,1962646528 ok=1 str=74.4 dex=18.5 tough=77.2 stealth=61.0 athl=71.3 xp=0
[15:46:37.730] [HOST] INFO: [census] sent n=38 radius=2000 mid=38
[15:46:38.356] [HOST] INFO: [ai] suspended=1 driven=1
[15:46:38.566] [HOST] INFO: [interp] lerp=43291 extrap=5042 clamp=0 seg=0 single=136 snapSq=1 snapNpc=0 reissueSq=996 reissueNpc=0 restFlip=0 delay=200 jit=70.9 starve=0 snapMid=0 restFlipMid=0
[15:46:38.566] [HOST] INFO: [interp] worstZero hand=1,1962646528 zero=224 active=29177 seg=63
[15:46:38.566] [HOST] INFO: [combat] stats snap=2 slide=48 softWalk=267 order=15 wrongTgt=1 armed=0 maxPersist=2
[15:46:38.648] [HOST] INFO: [med] SEND hand=1,1913818368 npc=0 blood=134.7 bleed=0.00 fl=100.0,95.7,100.0,100.0 bd=0.0,4.3,0.0,0.0 flags=0 nparts=7 pmin=24.3 smin=0.0 ls=0,0,0,0
[15:46:39.052] [HOST] INFO: [med] SEND hand=1,1913818368 npc=0 blood=134.7 bleed=0.00 fl=100.0,95.8,100.0,100.0 bd=0.0,4.2,0.0,0.0 flags=0 nparts=7 pmin=24.3 smin=0.0 ls=0,0,0,0
[15:46:39.901] [HOST] INFO: [taskkey] key=264 desc='Equipping crossbow' repro=0 subject=1
[15:46:39.956] [HOST] INFO: [taskkey] key=262 desc='Shooting' repro=0 subject=1
[15:46:40.168] [HOST] INFO: [cam] center=-31490.6,1489.9,11133.3
[15:46:40.471] [HOST] INFO: [speed] REQ mult=5.00 paused=0 combat=0
[15:46:40.532] [HOST] INFO: [speed] REQ mult=5.00 paused=0 combat=0
[15:46:40.809] [HOST] INFO: [inv] APPLY hand=1,2,1484619136,1,1962646528 items=13
[15:46:40.813] [HOST] INFO: [med] SEND hand=1,1913818368 npc=0 blood=134.7 bleed=0.00 fl=100.0,95.9,100.0,100.0 bd=0.0,4.1,0.0,0.0 flags=0 nparts=7 pmin=24.5 smin=0.0 ls=0,0,0,0
[15:46:41.213] [HOST] INFO: [med] SEND hand=1,1913818368 npc=0 blood=134.7 bleed=0.00 fl=100.0,96.0,100.0,100.0 bd=0.0,4.0,0.0,0.0 flags=0 nparts=7 pmin=24.5 smin=0.0 ls=0,0,0,0
[15:46:41.359] [HOST] INFO: [ai] suspended=1 driven=1
[15:46:41.693] [HOST] INFO: [med] SEND hand=1,1913818368 npc=0 blood=134.7 bleed=0.00 fl=100.0,96.0,100.0,100.0 bd=0.0,4.0,0.0,0.0 flags=0 nparts=7 pmin=24.6 smin=0.0 ls=0,0,0,0
[15:46:41.759] [HOST] INFO: [fac] AFFECT-EV me='56128-rebirth.mod' whom='200-gamedata.base' event=0 mult=0.000 after=-10.00 skipped=17
[15:46:41.857] [HOST] INFO: [fac] AFFECT-EV me='200-gamedata.base' whom='56128-rebirth.mod' event=1 mult=0.025 after=-90.05 skipped=16
[15:46:41.868] [HOST] INFO: [cam] hints recv n=1 p1=-32350,8289
[15:46:41.871] [HOST] INFO: [stats] RECV hand=1,1962646528 ok=1 str=74.4 dex=18.5 tough=77.2 stealth=61.0 athl=71.4 xp=0
[15:46:42.092] [HOST] INFO: [med] SEND hand=1,1913818368 npc=0 blood=134.7 bleed=0.00 fl=100.0,96.0,100.0,100.0 bd=0.0,4.0,0.0,0.0 flags=0 nparts=7 pmin=24.6 smin=0.0 ls=0,0,0,0
[15:46:43.570] [HOST] INFO: [interp] lerp=44203 extrap=5096 clamp=0 seg=0 single=136 snapSq=1 snapNpc=0 reissueSq=1050 reissueNpc=0 restFlip=0 delay=135 jit=18.1 starve=0 snapMid=0 restFlipMid=0
[15:46:43.570] [HOST] INFO: [interp] worstZero hand=1,1962646528 zero=224 active=30143 seg=74
[15:46:43.570] [HOST] INFO: [combat] stats snap=2 slide=48 softWalk=267 order=15 wrongTgt=1 armed=0 maxPersist=2
[15:46:44.360] [HOST] INFO: [ai] suspended=1 driven=1
[15:46:44.469] [HOST] INFO: [med] SEND hand=1,1913818368 npc=0 blood=134.7 bleed=0.00 fl=100.0,96.2,100.0,100.0 bd=0.0,3.8,0.0,0.0 flags=0 nparts=7 pmin=24.8 smin=0.0 ls=0,0,0,0
[15:46:44.870] [HOST] INFO: [med] SEND hand=1,1913818368 npc=0 blood=134.7 bleed=0.00 fl=100.0,96.3,100.0,100.0 bd=0.0,3.7,0.0,0.0 flags=0 nparts=7 pmin=24.8 smin=0.0 ls=0,0,0,0
[15:46:45.164] [HOST] INFO: [cam] center=-31582.5,1738.2,10831.9
[15:46:45.593] [HOST] INFO: [inv] APPLY hand=1,2,1484619136,1,1962646528 items=13
[15:46:46.629] [HOST] INFO: [med] SEND hand=1,1913818368 npc=0 blood=134.7 bleed=0.00 fl=100.0,96.4,100.0,100.0 bd=0.0,3.6,0.0,0.0 flags=0 nparts=7 pmin=25.0 smin=0.0 ls=0,0,0,0
[15:46:46.775] [HOST] INFO: [stats] RECV hand=1,1962646528 ok=1 str=74.4 dex=18.5 tough=77.2 stealth=61.0 athl=71.5 xp=0
[15:46:46.909] [HOST] INFO: [fac] AFFECT-EV me='200-gamedata.base' whom='56128-rebirth.mod' event=1 mult=0.025 after=-90.05 skipped=16
[15:46:46.929] [HOST] INFO: [fac] AFFECT-EV me='56128-rebirth.mod' whom='200-gamedata.base' event=1 mult=0.000 after=-10.00 skipped=13
[15:46:47.030] [HOST] INFO: [med] SEND hand=1,1913818368 npc=0 blood=134.7 bleed=0.00 fl=100.0,96.5,100.0,100.0 bd=0.0,3.5,0.0,0.0 flags=0 nparts=7 pmin=25.0 smin=0.0 ls=0,0,0,0
[15:46:47.362] [HOST] INFO: [ai] suspended=1 driven=1
[15:46:47.505] [HOST] INFO: [med] SEND hand=1,1913818368 npc=0 blood=134.7 bleed=0.00 fl=100.0,96.5,100.0,100.0 bd=0.0,3.5,0.0,0.0 flags=0 nparts=7 pmin=25.1 smin=0.0 ls=0,0,0,0
[15:46:47.744] [HOST] INFO: [stats] RECV hand=1,1962646528 ok=1 str=74.4 dex=18.5 tough=77.2 stealth=61.0 athl=71.5 xp=0
[15:46:47.757] [HOST] INFO: [census] sent n=27 radius=2000 mid=8
[15:46:47.854] [HOST] INFO: [cam] hints recv n=1 p1=-32191,8579
[15:46:47.908] [HOST] INFO: [med] SEND hand=1,1913818368 npc=0 blood=134.7 bleed=0.00 fl=100.0,96.5,100.0,100.0 bd=0.0,3.5,0.0,0.0 flags=0 nparts=7 pmin=25.1 smin=0.0 ls=0,0,0,0
[15:46:48.570] [HOST] INFO: [interp] lerp=45370 extrap=5129 clamp=0 seg=0 single=136 snapSq=1 snapNpc=0 reissueSq=1112 reissueNpc=0 restFlip=0 delay=147 jit=28.5 starve=0 snapMid=0 restFlipMid=0
[15:46:48.570] [HOST] INFO: [interp] worstZero hand=1,1962646528 zero=238 active=31343 seg=93
[15:46:48.570] [HOST] INFO: [combat] stats snap=2 slide=48 softWalk=267 order=15 wrongTgt=1 armed=0 maxPersist=2
[15:46:50.166] [HOST] INFO: [cam] center=-31665.3,1734.0,10907.2
[15:46:50.230] [HOST] INFO: [med] SEND hand=1,1913818368 npc=0 blood=134.8 bleed=0.00 fl=100.0,96.7,100.0,100.0 bd=0.0,3.3,0.0,0.0 flags=0 nparts=7 pmin=25.3 smin=0.0 ls=0,0,0,0
[15:46:50.362] [HOST] INFO: [ai] suspended=1 driven=1
[15:46:50.632] [HOST] INFO: [med] SEND hand=1,1913818368 npc=0 blood=134.8 bleed=0.00 fl=100.0,96.8,100.0,100.0 bd=0.0,3.2,0.0,0.0 flags=0 nparts=7 pmin=25.4 smin=0.0 ls=0,0,0,0
[15:46:50.665] [HOST] INFO: [inv] APPLY hand=1,2,1484619136,1,1962646528 items=13
[15:46:51.126] [HOST] INFO: [inv] SEND hand=0,2202,11111,162,1678588928 kind=0 key=0,2202,11111,162,1678588928 items=0 hash=0
[15:46:52.228] [HOST] INFO: [stats] RECV hand=1,1962646528 ok=1 str=74.4 dex=18.5 tough=77.2 stealth=61.0 athl=71.6 xp=0
[15:46:52.233] [HOST] INFO: [med] SEND hand=1,1913818368 npc=0 blood=134.8 bleed=0.00 fl=100.0,96.9,100.0,100.0 bd=0.0,3.1,0.0,0.0 flags=0 nparts=7 pmin=25.5 smin=0.0 ls=0,0,0,0
[15:46:52.632] [HOST] INFO: [med] SEND hand=1,1913818368 npc=0 blood=134.8 bleed=0.00 fl=100.0,97.0,100.0,100.0 bd=0.0,3.0,0.0,0.0 flags=0 nparts=7 pmin=25.5 smin=0.0 ls=0,0,0,0
[15:46:52.959] [HOST] INFO: [cam] hints recv n=1 p1=-32058,8821
[15:46:53.055] [HOST] INFO: [med] SEND hand=1,1913818368 npc=0 blood=134.8 bleed=0.00 fl=100.0,97.0,100.0,100.0 bd=0.0,3.0,0.0,0.0 flags=0 nparts=7 pmin=25.6 smin=0.0 ls=0,0,0,0
[15:46:53.366] [HOST] INFO: [ai] suspended=1 driven=1
[15:46:53.458] [HOST] INFO: [med] SEND hand=1,1913818368 npc=0 blood=134.8 bleed=0.00 fl=100.0,97.0,100.0,100.0 bd=0.0,3.0,0.0,0.0 flags=0 nparts=7 pmin=25.6 smin=0.0 ls=0,0,0,0
[15:46:53.573] [HOST] INFO: [interp] lerp=46526 extrap=5215 clamp=0 seg=0 single=136 snapSq=1 snapNpc=0 reissueSq=1169 reissueNpc=0 restFlip=0 delay=135 jit=25.6 starve=0 snapMid=0 restFlipMid=0
[15:46:53.573] [HOST] INFO: [interp] worstZero hand=1,1962646528 zero=252 active=32585 seg=63
[15:46:53.573] [HOST] INFO: [combat] stats snap=2 slide=48 softWalk=267 order=15 wrongTgt=1 armed=0 maxPersist=2
[15:46:55.163] [HOST] INFO: [cam] center=-31646.5,1745.9,11088.5
[15:46:55.552] [HOST] INFO: [med] SEND hand=1,1913818368 npc=0 blood=134.8 bleed=0.00 fl=100.0,97.2,100.0,100.0 bd=0.0,2.8,0.0,0.0 flags=0 nparts=7 pmin=25.8 smin=0.0 ls=0,0,0,0
[15:46:55.607] [HOST] INFO: [inv] APPLY hand=1,2,1484619136,1,1962646528 items=13
[15:46:56.367] [HOST] INFO: [ai] suspended=1 driven=1
[15:46:56.623] [HOST] INFO: [spawn] INFO send hand=1,39,1918212864,1,2949340928 found=1 dead=0 age=1.00 sid='1303-gamedata.base' fac='1305-gamedata.base'
[15:46:56.623] [HOST] INFO: [spawn] INFO send hand=1,39,1918212864,2,1934814464 found=1 dead=0 age=1.00 sid='1304-gamedata.base' fac='1305-gamedata.base'
[15:46:56.623] [HOST] INFO: [spawn] INFO send hand=1,39,1918212864,3,1571044864 found=1 dead=0 age=1.00 sid='1304-gamedata.base' fac='1305-gamedata.base'
[15:46:56.790] [HOST] INFO: [prod] SEND key=0.2202.11111.2050.2145507840 kind=0 class=6 pwr=1 state=3 out='43955-rebirth.mod' outAmt=-1.000 in0=0.000 in1=0.000 grown=-1.000 first=1 seq=1
[15:46:57.141] [HOST] INFO: [inv] SEND hand=0,2202,11111,2043,3484375040 kind=0 key=0,2202,11111,2043,3484375040 items=1 hash=2503323592
[15:46:57.141] [HOST] INFO: [inv] SEND hand=0,2202,11111,2044,3179199232 kind=0 key=0,2202,11111,2044,3179199232 items=1 hash=3835578321
[15:46:57.141] [HOST] INFO: [inv] SEND hand=0,2202,11111,2045,220092768 kind=0 key=0,2202,11111,2045,220092768 items=1 hash=2503323592
[15:46:57.141] [HOST] INFO: [inv] SEND hand=0,2202,11111,2050,2145507840 kind=0 key=0,2202,11111,2050,2145507840 items=0 hash=0
[15:46:57.227] [HOST] INFO: [stats] RECV hand=1,1962646528 ok=1 str=74.4 dex=18.5 tough=77.2 stealth=61.0 athl=71.7 xp=0
[15:46:57.639] [HOST] INFO: [med] SEND hand=1,1913818368 npc=0 blood=134.8 bleed=0.00 fl=100.0,97.4,100.0,100.0 bd=0.0,2.6,0.0,0.0 flags=0 nparts=7 pmin=26.0 smin=0.0 ls=0,0,0,0
[15:46:57.777] [HOST] INFO: [census] sent n=34 radius=2000 mid=33
[15:46:58.040] [HOST] INFO: [med] SEND hand=1,1913818368 npc=0 blood=134.8 bleed=0.00 fl=100.0,97.5,100.0,100.0 bd=0.0,2.5,0.0,0.0 flags=0 nparts=7 pmin=26.1 smin=0.0 ls=0,0,0,0
[15:46:58.307] [HOST] INFO: [stats] RECV hand=1,1962646528 ok=1 str=74.4 dex=18.5 tough=77.2 stealth=61.0 athl=71.7 xp=0
[15:46:58.439] [HOST] INFO: [med] SEND hand=1,1913818368 npc=0 blood=134.8 bleed=0.00 fl=100.0,97.5,100.0,100.0 bd=0.0,2.5,0.0,0.0 flags=0 nparts=7 pmin=26.1 smin=0.0 ls=0,0,0,0
[15:46:58.575] [HOST] INFO: [spawn] INFO send hand=1,39,1918212864,4,3396728576 found=1 dead=0 age=1.00 sid='1304-gamedata.base' fac='1305-gamedata.base'
[15:46:58.575] [HOST] INFO: [spawn] INFO send hand=1,39,1918212864,5,738159168 found=1 dead=0 age=1.00 sid='1304-gamedata.base' fac='1305-gamedata.base'
[15:46:58.575] [HOST] INFO: [spawn] INFO send hand=1,39,1918212864,6,1336791936 found=1 dead=0 age=1.00 sid='1304-gamedata.base' fac='1305-gamedata.base'
[15:46:58.575] [HOST] INFO: [spawn] INFO send hand=1,39,1918212864,7,29174804 found=1 dead=0 age=1.00 sid='1304-gamedata.base' fac='1305-gamedata.base'
[15:46:58.576] [HOST] INFO: [interp] lerp=47715 extrap=5310 clamp=0 seg=0 single=136 snapSq=1 snapNpc=0 reissueSq=1228 reissueNpc=0 restFlip=0 delay=179 jit=36.8 starve=0 snapMid=0 restFlipMid=0
[15:46:58.576] [HOST] INFO: [interp] worstZero hand=1,1962646528 zero=252 active=33869 seg=108
[15:46:58.576] [HOST] INFO: [combat] stats snap=2 slide=48 softWalk=267 order=15 wrongTgt=1 armed=0 maxPersist=2
[15:46:58.867] [HOST] INFO: [stats] SEND hand=1,1913818368 str=79.7 dex=22.5 tough=58.0 stealth=86.6 athl=70.1 xp=0 fap=0
[15:46:59.021] [HOST] INFO: [cam] hints recv n=1 p1=-31917,9099
[15:46:59.369] [HOST] INFO: [ai] suspended=1 driven=1
[15:47:00.163] [HOST] INFO: [cam] center=-32120.9,799.6,8743.9
[15:47:00.654] [HOST] INFO: [inv] APPLY hand=1,2,1484619136,1,1962646528 items=13
[15:47:01.483] [HOST] INFO: [furn] SEND ENTER id=24 occ=6,3862304768 furn=2137,2984008704 kind=1
[15:47:01.842] [HOST] INFO: [med] SEND hand=1,1913818368 npc=0 blood=134.8 bleed=0.00 fl=100.0,98.0,100.0,100.0 bd=0.0,2.0,0.0,0.0 flags=0 nparts=7 pmin=26.5 smin=0.0 ls=0,0,0,0
[15:47:02.345] [HOST] INFO: [med] SEND hand=1,1913818368 npc=0 blood=134.8 bleed=0.00 fl=100.0,98.0,100.0,100.0 bd=0.0,2.0,0.0,0.0 flags=0 nparts=7 pmin=26.6 smin=0.0 ls=0,0,0,0
[15:47:02.372] [HOST] INFO: [ai] suspended=1 driven=1
[15:47:02.593] [HOST] INFO: [spawn] INFO send hand=1,39,1918212864,1,2949340928 found=1 dead=0 age=1.00 sid='1303-gamedata.base' fac='1305-gamedata.base'
[15:47:02.593] [HOST] INFO: [spawn] INFO send hand=1,39,1918212864,2,1934814464 found=1 dead=0 age=1.00 sid='1304-gamedata.base' fac='1305-gamedata.base'
[15:47:02.593] [HOST] INFO: [spawn] INFO send hand=1,39,1918212864,3,1571044864 found=1 dead=0 age=1.00 sid='1304-gamedata.base' fac='1305-gamedata.base'
[15:47:03.016] [HOST] INFO: [stats] RECV hand=1,1962646528 ok=1 str=74.4 dex=18.5 tough=77.2 stealth=61.0 athl=71.8 xp=0
[15:47:03.576] [HOST] INFO: [interp] lerp=48877 extrap=5443 clamp=0 seg=0 single=136 snapSq=1 snapNpc=0 reissueSq=1285 reissueNpc=0 restFlip=0 delay=145 jit=24.4 starve=0 snapMid=0 restFlipMid=0
[15:47:03.576] [HOST] INFO: [interp] worstZero hand=1,1962646528 zero=321 active=35164 seg=93
[15:47:03.576] [HOST] INFO: [combat] stats snap=2 slide=48 softWalk=267 order=15 wrongTgt=1 armed=0 maxPersist=2
[15:47:04.571] [HOST] INFO: [spawn] INFO send hand=1,39,1918212864,4,3396728576 found=1 dead=0 age=1.00 sid='1304-gamedata.base' fac='1305-gamedata.base'
[15:47:04.571] [HOST] INFO: [spawn] INFO send hand=1,39,1918212864,5,738159168 found=1 dead=0 age=1.00 sid='1304-gamedata.base' fac='1305-gamedata.base'
[15:47:04.571] [HOST] INFO: [spawn] INFO send hand=1,39,1918212864,6,1336791936 found=1 dead=0 age=1.00 sid='1304-gamedata.base' fac='1305-gamedata.base'
[15:47:04.571] [HOST] INFO: [spawn] INFO send hand=1,39,1918212864,7,29174804 found=1 dead=0 age=1.00 sid='1304-gamedata.base' fac='1305-gamedata.base'
[15:47:04.889] [HOST] INFO: [cam] hints recv n=1 p1=-31799,9388
[15:47:05.162] [HOST] INFO: [cam] center=-31745.0,1738.4,10734.6
[15:47:05.376] [HOST] INFO: [ai] suspended=1 driven=1
[15:47:05.619] [HOST] INFO: [inv] APPLY hand=1,2,1484619136,1,1962646528 items=13
[15:47:07.008] [HOST] INFO: [taskkey] key=208 desc='Getting out of bed!' repro=0 subject=0
[15:47:07.103] [HOST] INFO: [taskkey] key=36 desc='Patrolling town' repro=0 subject=0
[15:47:07.458] [HOST] INFO: [med] SEND hand=1,1913818368 npc=0 blood=134.8 bleed=0.00 fl=100.0,98.4,100.0,100.0 bd=0.0,1.6,0.0,0.0 flags=0 nparts=7 pmin=27.0 smin=0.0 ls=0,0,0,0
[15:47:07.652] [HOST] INFO: [furn] SEND EXIT id=25 occ=6,3862304768 furn=2137,2984008704 kind=1
[15:47:07.799] [HOST] INFO: [census] sent n=34 radius=2000 mid=10
[15:47:07.858] [HOST] INFO: [med] SEND hand=1,1913818368 npc=0 blood=134.8 bleed=0.00 fl=100.0,98.5,100.0,100.0 bd=0.0,1.5,0.0,0.0 flags=0 nparts=7 pmin=27.0 smin=0.0 ls=0,0,0,0
[15:47:07.970] [HOST] INFO: [stats] RECV hand=1,1962646528 ok=1 str=74.4 dex=18.5 tough=77.2 stealth=61.0 athl=71.9 xp=0
[15:47:08.380] [HOST] INFO: [med] SEND hand=1,1913818368 npc=0 blood=134.8 bleed=0.00 fl=100.0,98.5,100.0,100.0 bd=0.0,1.5,0.0,0.0 flags=0 nparts=7 pmin=27.1 smin=0.0 ls=0,0,0,0
[15:47:08.381] [HOST] INFO: [ai] suspended=1 driven=1
[15:47:08.581] [HOST] INFO: [interp] lerp=49881 extrap=5508 clamp=0 seg=0 single=136 snapSq=1 snapNpc=0 reissueSq=1351 reissueNpc=0 restFlip=0 delay=132 jit=25.3 starve=0 snapMid=0 restFlipMid=0
[15:47:08.581] [HOST] INFO: [interp] worstZero hand=1,1962646528 zero=363 active=36233 seg=51
[15:47:08.581] [HOST] INFO: [combat] stats snap=2 slide=48 softWalk=267 order=15 wrongTgt=1 armed=0 maxPersist=2
[15:47:08.606] [HOST] INFO: [spawn] INFO send hand=1,39,1918212864,1,2949340928 found=1 dead=0 age=1.00 sid='1303-gamedata.base' fac='1305-gamedata.base'
[15:47:08.606] [HOST] INFO: [spawn] INFO send hand=1,39,1918212864,2,1934814464 found=1 dead=0 age=1.00 sid='1304-gamedata.base' fac='1305-gamedata.base'
[15:47:08.606] [HOST] INFO: [spawn] INFO send hand=1,39,1918212864,3,1571044864 found=1 dead=0 age=1.00 sid='1304-gamedata.base' fac='1305-gamedata.base'
[15:47:09.009] [HOST] INFO: [stats] RECV hand=1,1962646528 ok=1 str=74.4 dex=18.5 tough=77.2 stealth=61.0 athl=71.9 xp=0
[15:47:09.339] [HOST] INFO: [taskkey] key=258 desc='Sleeping' repro=1 subject=1
[15:47:09.339] [HOST] INFO: [seatres] HOST task=258 npc=1,1913818368 subj=2139,3939819264 ok=1 npcpos=-31625.8,10826.3 subjpos=-31629.4,10838.6 d=12.8
[15:47:10.043] [HOST] INFO: [cam] hints recv n=1 p1=-31703,9621
[15:47:10.163] [HOST] INFO: [cam] center=-31629.4,1816.9,10838.6
[15:47:10.354] [HOST] INFO: [med] SEND hand=1,1913818368 npc=0 blood=134.8 bleed=0.00 fl=100.0,98.9,100.0,100.0 bd=0.0,1.1,0.0,0.0 flags=0 nparts=7 pmin=27.5 smin=0.0 ls=0,0,0,0
[15:47:10.607] [HOST] INFO: [spawn] INFO send hand=1,39,1918212864,4,3396728576 found=1 dead=0 age=1.00 sid='1304-gamedata.base' fac='1305-gamedata.base'
[15:47:10.607] [HOST] INFO: [spawn] INFO send hand=1,39,1918212864,5,738159168 found=1 dead=0 age=1.00 sid='1304-gamedata.base' fac='1305-gamedata.base'
[15:47:10.607] [HOST] INFO: [spawn] INFO send hand=1,39,1918212864,6,1336791936 found=1 dead=0 age=1.00 sid='1304-gamedata.base' fac='1305-gamedata.base'
[15:47:10.607] [HOST] INFO: [spawn] INFO send hand=1,39,1918212864,7,29174804 found=1 dead=0 age=1.00 sid='1304-gamedata.base' fac='1305-gamedata.base'
[15:47:10.608] [HOST] INFO: [inv] APPLY hand=1,2,1484619136,1,1962646528 items=13
[15:47:10.755] [HOST] INFO: [med] SEND hand=1,1913818368 npc=0 blood=134.8 bleed=0.00 fl=100.0,99.1,100.0,100.0 bd=0.0,0.9,0.0,0.0 flags=0 nparts=7 pmin=27.6 smin=0.0 ls=0,0,0,0
[15:47:11.382] [HOST] INFO: [ai] suspended=1 driven=1
[15:47:11.809] [HOST] INFO: [med] SEND hand=1,1913818368 npc=0 blood=134.8 bleed=0.00 fl=100.0,99.4,100.0,100.0 bd=0.0,0.6,0.0,0.0 flags=0 nparts=7 pmin=28.0 smin=0.0 ls=0,0,0,0
[15:47:12.213] [HOST] INFO: [med] SEND hand=1,1913818368 npc=0 blood=134.8 bleed=0.00 fl=100.0,99.6,100.0,100.0 bd=0.0,0.4,0.0,0.0 flags=0 nparts=7 pmin=28.1 smin=0.0 ls=0,0,0,0
[15:47:13.269] [HOST] INFO: [med] SEND hand=1,1913818368 npc=0 blood=134.8 bleed=0.00 fl=100.0,99.9,100.0,100.0 bd=0.0,0.1,0.0,0.0 flags=0 nparts=7 pmin=28.5 smin=0.0 ls=0,0,0,0
[15:47:13.585] [HOST] INFO: [interp] lerp=50858 extrap=5719 clamp=0 seg=0 single=136 snapSq=1 snapNpc=0 reissueSq=1404 reissueNpc=0 restFlip=0 delay=144 jit=28.7 starve=0 snapMid=0 restFlipMid=0
[15:47:13.585] [HOST] INFO: [interp] worstZero hand=1,1962646528 zero=577 active=37421 seg=55
[15:47:13.585] [HOST] INFO: [combat] stats snap=2 slide=48 softWalk=267 order=15 wrongTgt=1 armed=0 maxPersist=2
[15:47:13.671] [HOST] INFO: [med] SEND hand=1,1913818368 npc=0 blood=134.8 bleed=0.00 fl=100.0,100.0,100.0,100.0 bd=0.0,0.0,0.0,0.0 flags=0 nparts=7 pmin=28.6 smin=0.0 ls=0,0,0,0
[15:47:14.110] [HOST] INFO: [stats] RECV hand=1,1962646528 ok=1 str=74.4 dex=18.5 tough=77.2 stealth=61.0 athl=72.0 xp=0
[15:47:14.383] [HOST] INFO: [ai] suspended=1 driven=1
[15:47:14.711] [HOST] INFO: [med] SEND hand=1,1913818368 npc=0 blood=134.8 bleed=0.00 fl=100.0,100.0,100.0,100.0 bd=0.0,0.0,0.0,0.0 flags=0 nparts=7 pmin=29.0 smin=0.0 ls=0,0,0,0
[15:47:15.112] [HOST] INFO: [med] SEND hand=1,1913818368 npc=0 blood=134.8 bleed=0.00 fl=100.0,100.0,100.0,100.0 bd=0.0,0.0,0.0,0.0 flags=0 nparts=7 pmin=29.1 smin=0.0 ls=0,0,0,0
[15:47:15.168] [HOST] INFO: [cam] center=-31629.4,1816.9,10838.6
[15:47:15.374] [HOST] INFO: [cam] hints recv n=1 p1=-31602,9843
[15:47:15.766] [HOST] INFO: [inv] APPLY hand=1,2,1484619136,1,1962646528 items=13
[15:47:16.172] [HOST] INFO: [med] SEND hand=1,1913818368 npc=0 blood=134.8 bleed=0.00 fl=100.0,100.0,100.0,100.0 bd=0.0,0.0,0.0,0.0 flags=0 nparts=7 pmin=29.5 smin=0.0 ls=0,0,0,0
[15:47:16.573] [HOST] INFO: [med] SEND hand=1,1913818368 npc=0 blood=134.8 bleed=0.00 fl=100.0,100.0,100.0,100.0 bd=0.0,0.0,0.0,0.0 flags=0 nparts=7 pmin=29.6 smin=0.0 ls=0,0,0,0
[15:47:17.385] [HOST] INFO: [ai] suspended=1 driven=1
[15:47:17.633] [HOST] INFO: [med] SEND hand=1,1913818368 npc=0 blood=134.8 bleed=0.00 fl=100.0,100.0,100.0,100.0 bd=0.0,0.0,0.0,0.0 flags=0 nparts=7 pmin=30.0 smin=0.0 ls=0,0,0,0
[15:47:17.822] [HOST] INFO: [census] sent n=34 radius=2000 mid=11
[15:47:18.035] [HOST] INFO: [med] SEND hand=1,1913818368 npc=0 blood=134.8 bleed=0.00 fl=100.0,100.0,100.0,100.0 bd=0.0,0.0,0.0,0.0 flags=0 nparts=7 pmin=30.1 smin=0.0 ls=0,0,0,0
[15:47:18.430] [HOST] INFO: [med] SEND hand=3,1571044864 npc=1 blood=79.3 bleed=0.00 fl=100.0,100.0,100.0,100.0 bd=0.0,0.0,0.0,0.0 flags=0 nparts=7 pmin=100.0 smin=0.0 ls=0,0,0,0
[15:47:18.587] [HOST] INFO: [interp] lerp=51833 extrap=5900 clamp=0 seg=0 single=136 snapSq=1 snapNpc=0 reissueSq=1452 reissueNpc=0 restFlip=0 delay=131 jit=18.4 starve=0 snapMid=0 restFlipMid=0
[15:47:18.587] [HOST] INFO: [interp] worstZero hand=1,1962646528 zero=729 active=38577 seg=78
[15:47:18.587] [HOST] INFO: [combat] stats snap=2 slide=48 softWalk=267 order=15 wrongTgt=1 armed=0 maxPersist=2
[15:47:18.680] [HOST] INFO: [med] SEND hand=6,1336791936 npc=1 blood=79.3 bleed=0.00 fl=100.0,100.0,100.0,100.0 bd=0.0,0.0,0.0,0.0 flags=0 nparts=7 pmin=100.0 smin=0.0 ls=0,0,0,0
[15:47:18.934] [HOST] INFO: [stats] RECV hand=1,1962646528 ok=1 str=74.4 dex=18.5 tough=77.2 stealth=61.0 athl=72.1 xp=0
[15:47:19.082] [HOST] INFO: [med] SEND hand=1,1913818368 npc=0 blood=134.8 bleed=0.00 fl=100.0,100.0,100.0,100.0 bd=0.0,0.0,0.0,0.0 flags=0 nparts=7 pmin=30.5 smin=0.0 ls=0,0,0,0
[15:47:19.239] [HOST] INFO: [med] SEND hand=7,29174804 npc=1 blood=78.1 bleed=0.00 fl=100.0,100.0,100.0,100.0 bd=0.0,0.0,0.0,0.0 flags=0 nparts=7 pmin=100.0 smin=0.0 ls=0,0,0,0
[15:47:19.325] [HOST] INFO: [med] SEND hand=4,3396728576 npc=1 blood=80.1 bleed=0.00 fl=100.0,100.0,100.0,100.0 bd=0.0,0.0,0.0,0.0 flags=0 nparts=7 pmin=100.0 smin=0.0 ls=0,0,0,0
[15:47:19.485] [HOST] INFO: [med] SEND hand=1,1913818368 npc=0 blood=134.8 bleed=0.00 fl=100.0,100.0,100.0,100.0 bd=0.0,0.0,0.0,0.0 flags=0 nparts=7 pmin=30.6 smin=0.0 ls=0,0,0,0
[15:47:19.686] [HOST] INFO: [med] SEND hand=5,738159168 npc=1 blood=79.4 bleed=0.00 fl=100.0,100.0,100.0,100.0 bd=0.0,0.0,0.0,0.0 flags=0 nparts=7 pmin=100.0 smin=0.0 ls=0,0,0,0
[15:47:19.895] [HOST] INFO: [stats] RECV hand=1,1962646528 ok=1 str=74.4 dex=18.5 tough=77.2 stealth=61.0 athl=72.1 xp=0
[15:47:20.167] [HOST] INFO: [cam] center=-31629.4,1816.9,10838.6
[15:47:20.386] [HOST] INFO: [ai] suspended=1 driven=1
[15:47:20.528] [HOST] INFO: [med] SEND hand=2,1934814464 npc=1 blood=77.5 bleed=0.00 fl=100.0,100.0,100.0,100.0 bd=0.0,0.0,0.0,0.0 flags=0 nparts=7 pmin=100.0 smin=0.0 ls=0,0,0,0
[15:47:20.554] [HOST] INFO: [med] SEND hand=1,1913818368 npc=0 blood=134.8 bleed=0.00 fl=100.0,100.0,100.0,100.0 bd=0.0,0.0,0.0,0.0 flags=0 nparts=7 pmin=31.0 smin=0.0 ls=0,0,0,0
[15:47:20.669] [HOST] INFO: [inv] APPLY hand=1,2,1484619136,1,1962646528 items=13
[15:47:20.916] [HOST] INFO: [cam] hints recv n=1 p1=-31340,10036
[15:47:20.956] [HOST] INFO: [med] SEND hand=1,1913818368 npc=0 blood=134.8 bleed=0.00 fl=100.0,100.0,100.0,100.0 bd=0.0,0.0,0.0,0.0 flags=0 nparts=7 pmin=31.1 smin=0.0 ls=0,0,0,0
[15:47:21.571] [HOST] INFO: [seatres] HOST task=98 npc=5,3629150464 subj=2137,2984008704 ok=1 npcpos=-31575.8,10853.5 subjpos=-31571.9,10866.7 d=13.7
[15:47:21.799] [HOST] INFO: [seatres] HOST task=98 npc=6,3862304768 subj=2138,3051513600 ok=1 npcpos=-31635.2,10849.8 subjpos=-31638.4,10859.6 d=10.3
[15:47:22.029] [HOST] INFO: [med] SEND hand=1,1913818368 npc=0 blood=134.8 bleed=0.00 fl=100.0,100.0,100.0,100.0 bd=0.0,0.0,0.0,0.0 flags=0 nparts=7 pmin=31.5 smin=0.0 ls=0,0,0,0
[15:47:22.433] [HOST] INFO: [med] SEND hand=1,1913818368 npc=0 blood=134.8 bleed=0.00 fl=100.0,100.0,100.0,100.0 bd=0.0,0.0,0.0,0.0 flags=0 nparts=7 pmin=31.6 smin=0.0 ls=0,0,0,0
[15:47:22.565] [HOST] INFO: [seatres] HOST task=98 npc=7,3232910080 subj=2140,1523681664 ok=1 npcpos=-31618.2,10808.1 subjpos=-31620.9,10819.9 d=12.1
[15:47:23.136] [HOST] INFO: [fac] AFFECT-EV me='56128-rebirth.mod' whom='200-gamedata.base' event=0 mult=0.000 after=-10.00 skipped=13
[15:47:23.149] [HOST] INFO: [med] SEND hand=1,2949340928 npc=1 blood=83.5 bleed=0.00 fl=100.0,100.0,100.0,100.0 bd=0.0,0.0,0.0,0.0 flags=0 nparts=7 pmin=100.0 smin=0.0 ls=0,0,0,0
[15:47:23.388] [HOST] INFO: [ai] suspended=1 driven=1
[15:47:23.536] [HOST] INFO: [med] SEND hand=1,1913818368 npc=0 blood=134.8 bleed=0.00 fl=100.0,100.0,100.0,100.0 bd=0.0,0.0,0.0,0.0 flags=0 nparts=7 pmin=32.0 smin=0.0 ls=0,0,0,0
[15:47:23.574] [HOST] INFO: [fac] AFFECT-EV me='200-gamedata.base' whom='56128-rebirth.mod' event=0 mult=0.025 after=-90.05 skipped=24
[15:47:23.589] [HOST] INFO: [interp] lerp=52899 extrap=5967 clamp=0 seg=0 single=136 snapSq=1 snapNpc=0 reissueSq=1512 reissueNpc=0 restFlip=0 delay=143 jit=25.2 starve=0 snapMid=0 restFlipMid=0
[15:47:23.589] [HOST] INFO: [interp] worstZero hand=1,1962646528 zero=729 active=39710 seg=48
[15:47:23.589] [HOST] INFO: [combat] stats snap=2 slide=48 softWalk=267 order=15 wrongTgt=1 armed=0 maxPersist=2
[15:47:23.938] [HOST] INFO: [med] SEND hand=1,1913818368 npc=0 blood=134.8 bleed=0.00 fl=100.0,100.0,100.0,100.0 bd=0.0,0.0,0.0,0.0 flags=0 nparts=7 pmin=32.1 smin=0.0 ls=0,0,0,0
[15:47:24.767] [HOST] INFO: [stats] RECV hand=1,1962646528 ok=1 str=74.4 dex=18.5 tough=77.2 stealth=61.0 athl=72.2 xp=0
[15:47:25.023] [HOST] INFO: [med] SEND hand=1,1913818368 npc=0 blood=134.8 bleed=0.00 fl=100.0,100.0,100.0,100.0 bd=0.0,0.0,0.0,0.0 flags=0 nparts=7 pmin=32.5 smin=0.0 ls=0,0,0,0
[15:47:25.164] [HOST] INFO: [cam] center=-31629.4,1816.9,10838.6
[15:47:25.427] [HOST] INFO: [med] SEND hand=1,1913818368 npc=0 blood=134.8 bleed=0.00 fl=100.0,100.0,100.0,100.0 bd=0.0,0.0,0.0,0.0 flags=0 nparts=7 pmin=32.6 smin=0.0 ls=0,0,0,0
[15:47:25.623] [HOST] INFO: [inv] APPLY hand=1,2,1484619136,1,1962646528 items=13
[15:47:25.717] [HOST] INFO: [stats] RECV hand=1,1962646528 ok=1 str=74.4 dex=18.5 tough=77.2 stealth=61.0 athl=72.2 xp=0
[15:47:25.748] [HOST] INFO: [med] SEND hand=1,2949340928 npc=1 blood=83.5 bleed=0.00 fl=100.0,100.0,100.0,100.0 bd=0.0,0.0,0.0,0.0 flags=0 nparts=7 pmin=100.0 smin=0.0 ls=0,0,0,0
[15:47:25.965] [HOST] INFO: [cam] hints recv n=1 p1=-31183,10270
[15:47:26.390] [HOST] INFO: [ai] suspended=1 driven=1
[15:47:26.412] [HOST] INFO: [fac] AFFECT-EV me='1305-gamedata.base' whom='204-gamedata.base' event=0 mult=0.025 after=-10.03 skipped=13
[15:47:26.463] [HOST] INFO: [med] SEND hand=1,1913818368 npc=0 blood=134.8 bleed=0.00 fl=100.0,100.0,100.0,100.0 bd=0.0,0.0,0.0,0.0 flags=0 nparts=7 pmin=33.0 smin=0.0 ls=0,0,0,0
[15:47:26.741] [HOST] INFO: [stats] RECV hand=1,1962646528 ok=1 str=74.4 dex=18.5 tough=77.2 stealth=61.0 athl=72.2 xp=0
[15:47:26.866] [HOST] INFO: [med] SEND hand=1,1913818368 npc=0 blood=134.8 bleed=0.00 fl=100.0,100.0,100.0,100.0 bd=0.0,0.0,0.0,0.0 flags=0 nparts=7 pmin=33.1 smin=0.0 ls=0,0,0,0
[15:47:27.601] [HOST] INFO: [med] SEND hand=5,738159168 npc=1 blood=79.5 bleed=0.00 fl=100.0,100.0,100.0,100.0 bd=0.0,0.0,0.0,0.0 flags=0 nparts=7 pmin=100.0 smin=0.0 ls=0,0,0,0
[15:47:27.830] [HOST] INFO: [med] SEND hand=1,1913818368 npc=0 blood=134.8 bleed=0.00 fl=100.0,100.0,100.0,100.0 bd=0.0,0.0,0.0,0.0 flags=0 nparts=7 pmin=33.5 smin=0.0 ls=0,0,0,0
[15:47:27.841] [HOST] INFO: [census] sent n=34 radius=2000 mid=4
[15:47:27.938] [HOST] INFO: [stats] RECV hand=1,1962646528 ok=1 str=74.4 dex=18.5 tough=77.2 stealth=61.0 athl=72.3 xp=0
[15:47:28.230] [HOST] INFO: [med] SEND hand=1,1913818368 npc=0 blood=134.8 bleed=0.00 fl=100.0,100.0,100.0,100.0 bd=0.0,0.0,0.0,0.0 flags=0 nparts=7 pmin=33.6 smin=0.0 ls=0,0,0,0
[15:47:28.306] [HOST] INFO: [fac] AFFECT-EV me='56128-rebirth.mod' whom='200-gamedata.base' event=3 mult=0.000 after=-10.00 skipped=12
[15:47:28.434] [HOST] INFO: [med] SEND hand=3,1571044864 npc=1 blood=79.5 bleed=0.00 fl=100.0,100.0,100.0,100.0 bd=0.0,0.0,0.0,0.0 flags=0 nparts=7 pmin=100.0 smin=0.0 ls=0,0,0,0
[15:47:28.590] [HOST] INFO: [interp] lerp=54112 extrap=6018 clamp=0 seg=0 single=136 snapSq=1 snapNpc=0 reissueSq=1570 reissueNpc=0 restFlip=0 delay=145 jit=25.5 starve=0 snapMid=0 restFlipMid=0
[15:47:28.590] [HOST] INFO: [interp] worstZero hand=1,1962646528 zero=740 active=40974 seg=62
[15:47:28.590] [HOST] INFO: [combat] stats snap=2 slide=48 softWalk=267 order=15 wrongTgt=1 armed=0 maxPersist=2
[15:47:28.872] [HOST] INFO: [combat] order hand=1,1962646528 tgt=7,29174804 localFight=0 r=2 wait=0 n=1
[15:47:28.933] [HOST] INFO: [speed] REQ RECV owner=1 mult=5.00 paused=0 combat=1
[15:47:28.933] [HOST] INFO: [speed] SET mult=1.00 paused=0 combat=1 (my=5.00 p1=5.00)
[15:47:29.281] [HOST] INFO: [stats] RECV hand=1,1962646528 ok=1 str=74.4 dex=18.5 tough=77.2 stealth=61.0 athl=72.3 xp=0
[15:47:29.392] [HOST] INFO: [ai] suspended=0 driven=1
[15:47:29.605] [HOST] INFO: [combat] HIT RECV id=30 hand=2,1934814464 flesh=29.7 blood=10.3 applied=1
[15:47:29.605] [HOST] INFO: [combat] HIT RECV id=31 hand=3,1571044864 flesh=29.7 blood=10.3 applied=1
[15:47:29.605] [HOST] INFO: [combat] HIT RECV id=32 hand=6,1336791936 flesh=29.7 blood=10.3 applied=1
[15:47:29.609] [HOST] INFO: [med] SEND hand=3,1571044864 npc=1 blood=69.3 bleed=0.00 fl=100.0,100.0,100.0,100.0 bd=0.0,0.0,0.0,0.0 flags=0 nparts=7 pmin=70.3 smin=0.0 ls=0,0,0,0
[15:47:29.609] [HOST] INFO: [med] SEND hand=6,1336791936 npc=1 blood=69.2 bleed=0.00 fl=100.0,100.0,100.0,100.0 bd=0.0,0.0,0.0,0.0 flags=0 nparts=7 pmin=70.3 smin=0.0 ls=0,0,0,0
[15:47:30.166] [HOST] INFO: [cam] center=-31105.9,1199.0,10425.1
[15:47:30.209] [HOST] INFO: [med] SEND hand=1,1913818368 npc=0 blood=134.8 bleed=0.00 fl=100.0,100.0,100.0,100.0 bd=0.0,0.0,0.0,0.0 flags=0 nparts=7 pmin=34.0 smin=0.0 ls=0,0,0,0
[15:47:30.293] [HOST] INFO: [stats] RECV hand=1,1962646528 ok=1 str=74.5 dex=18.5 tough=77.2 stealth=61.0 athl=72.3 xp=0
[15:47:30.529] [HOST] INFO: [med] SEND hand=2,1934814464 npc=1 blood=67.5 bleed=0.00 fl=100.0,100.0,100.0,100.0 bd=0.0,0.0,0.0,0.0 flags=0 nparts=7 pmin=70.3 smin=0.0 ls=0,0,0,0
[15:47:30.611] [HOST] INFO: [med] SEND hand=1,1913818368 npc=0 blood=134.8 bleed=0.00 fl=100.0,100.0,100.0,100.0 bd=0.0,0.0,0.0,0.0 flags=0 nparts=7 pmin=34.0 smin=0.0 ls=0,0,0,0
[15:47:30.636] [HOST] INFO: [inv] APPLY hand=1,2,1484619136,1,1962646528 items=13
[15:47:31.112] [HOST] INFO: [combat] order hand=1,1962646528 tgt=5,738159168 localFight=1 r=2 wait=0 n=2
[15:47:31.530] [HOST] INFO: [med] SEND hand=2,1934814464 npc=1 blood=67.5 bleed=0.00 fl=100.0,100.0,100.0,100.0 bd=0.0,0.0,0.0,0.0 flags=0 nparts=7 pmin=70.3 smin=0.0 ls=0,0,0,0
[15:47:32.007] [HOST] INFO: [combat] HIT RECV id=33 hand=4,3396728576 flesh=29.7 blood=10.3 applied=1
[15:47:32.007] [HOST] INFO: [combat] HIT RECV id=34 hand=5,738159168 flesh=29.7 blood=10.3 applied=1
[15:47:32.007] [HOST] INFO: [stats] RECV hand=1,1962646528 ok=1 str=74.5 dex=18.5 tough=77.2 stealth=61.0 athl=72.3 xp=0
[15:47:32.008] [HOST] INFO: [cam] hints recv n=1 p1=-31151,10365
[15:47:32.010] [HOST] INFO: [med] SEND hand=5,738159168 npc=1 blood=69.3 bleed=0.00 fl=100.0,100.0,100.0,100.0 bd=0.0,0.0,0.0,0.0 flags=0 nparts=7 pmin=70.3 smin=0.0 ls=0,0,0,0
[15:47:32.209] [HOST] INFO: [fac] AFFECT-EV me='1305-gamedata.base' whom='204-gamedata.base' event=0 mult=0.025 after=-10.03 skipped=5
[15:47:32.334] [HOST] INFO: [med] SEND hand=4,3396728576 npc=1 blood=69.9 bleed=0.00 fl=100.0,100.0,100.0,100.0 bd=0.0,0.0,0.0,0.0 flags=0 nparts=7 pmin=70.3 smin=0.0 ls=0,0,0,0
[15:47:32.394] [HOST] INFO: [ai] suspended=0 driven=1
[15:47:32.932] [HOST] INFO: [stats] RECV hand=1,1962646528 ok=1 str=74.5 dex=18.5 tough=77.2 stealth=61.0 athl=72.3 xp=0
[15:47:33.335] [HOST] INFO: [med] SEND hand=4,3396728576 npc=1 blood=70.0 bleed=0.00 fl=100.0,100.0,100.0,100.0 bd=0.0,0.0,0.0,0.0 flags=0 nparts=7 pmin=70.3 smin=0.0 ls=0,0,0,0
[15:47:33.593] [HOST] INFO: [interp] lerp=55408 extrap=6177 clamp=0 seg=0 single=136 snapSq=1 snapNpc=0 reissueSq=1573 reissueNpc=0 restFlip=0 delay=119 jit=18.1 starve=0 snapMid=0 restFlipMid=0
[15:47:33.593] [HOST] INFO: [interp] worstZero hand=1,1962646528 zero=740 active=41050 seg=79
[15:47:33.593] [HOST] INFO: [combat] stats snap=2 slide=57 softWalk=284 order=17 wrongTgt=1 armed=1 maxPersist=2
[15:47:33.934] [HOST] INFO: [med] SEND hand=3,1571044864 npc=1 blood=69.5 bleed=0.00 fl=100.0,100.0,100.0,100.0 bd=0.0,0.0,0.0,0.0 flags=0 nparts=7 pmin=70.3 smin=0.0 ls=0,0,0,0
[15:47:33.953] [HOST] INFO: [combat] HIT RECV id=35 hand=4,3396728576 flesh=29.7 blood=10.3 applied=1
[15:47:33.953] [HOST] INFO: [combat] HIT RECV id=36 hand=5,738159168 flesh=29.7 blood=10.3 applied=1
[15:47:33.953] [HOST] INFO: [combat] HIT RECV id=37 hand=6,1336791936 flesh=29.7 blood=10.3 applied=1
[15:47:33.953] [HOST] INFO: [stats] RECV hand=1,1962646528 ok=1 str=74.5 dex=18.5 tough=77.2 stealth=61.0 athl=72.3 xp=0
[15:47:33.956] [HOST] INFO: [med] SEND hand=5,738159168 npc=1 blood=59.1 bleed=0.00 fl=100.0,100.0,100.0,100.0 bd=0.0,0.0,0.0,0.0 flags=0 nparts=7 pmin=40.6 smin=0.0 ls=0,0,0,0
[15:47:33.956] [HOST] INFO: [med] SEND hand=6,1336791936 npc=1 blood=59.1 bleed=0.00 fl=100.0,100.0,100.0,100.0 bd=0.0,0.0,0.0,0.0 flags=0 nparts=7 pmin=40.6 smin=0.0 ls=0,0,0,0
[15:47:34.112] [HOST] INFO: [combat] order hand=1,1962646528 tgt=5,738159168 localFight=1 r=2 wait=0 n=3
[15:47:34.335] [HOST] INFO: [med] SEND hand=4,3396728576 npc=1 blood=59.8 bleed=0.00 fl=100.0,100.0,100.0,100.0 bd=0.0,0.0,0.0,0.0 flags=0 nparts=7 pmin=40.6 smin=0.0 ls=0,0,0,0
[15:47:35.105] [HOST] INFO: [stats] RECV hand=1,1962646528 ok=1 str=74.5 dex=18.5 tough=77.2 stealth=61.0 athl=72.3 xp=0
[15:47:35.162] [HOST] INFO: [cam] center=-31108.3,1187.1,10404.5
[15:47:35.326] [HOST] INFO: [combat] HIT RECV id=38 hand=4,3396728576 flesh=29.7 blood=10.3 applied=1
[15:47:35.336] [HOST] INFO: [med] SEND hand=4,3396728576 npc=1 blood=49.5 bleed=0.00 fl=100.0,100.0,100.0,100.0 bd=0.0,0.0,0.0,0.0 flags=0 nparts=7 pmin=10.9 smin=0.0 ls=0,0,0,0
[15:47:35.395] [HOST] INFO: [ai] suspended=0 driven=1
[15:47:35.668] [HOST] INFO: [combat] order hand=1,1962646528 tgt=3,1571044864 localFight=0 r=2 wait=0 n=4 seatbrk=1 forced=1
[15:47:35.669] [HOST] INFO: [inv] APPLY hand=1,2,1484619136,1,1962646528 items=13
[15:47:36.154] [HOST] INFO: [stats] RECV hand=1,1962646528 ok=1 str=74.5 dex=18.5 tough=77.2 stealth=61.0 athl=72.3 xp=0
[15:47:37.021] [HOST] INFO: [med] SEND hand=1,1913818368 npc=0 blood=134.8 bleed=0.00 fl=100.0,100.0,100.0,100.0 bd=0.0,0.0,0.0,0.0 flags=0 nparts=7 pmin=34.5 smin=0.0 ls=0,0,0,0
[15:47:37.170] [HOST] INFO: [combat] order hand=1,1962646528 tgt=1,2949340928 localFight=1 r=2 wait=0 n=5
[15:47:37.424] [HOST] INFO: [med] SEND hand=1,1913818368 npc=0 blood=134.8 bleed=0.00 fl=100.0,100.0,100.0,100.0 bd=0.0,0.0,0.0,0.0 flags=0 nparts=7 pmin=34.5 smin=0.0 ls=0,0,0,0
[15:47:37.433] [HOST] INFO: [fac] AFFECT-EV me='1305-gamedata.base' whom='204-gamedata.base' event=1 mult=0.025 after=-10.04 skipped=19
[15:47:37.592] [HOST] INFO: [combat] HIT RECV id=39 hand=1,2949340928 flesh=29.7 blood=10.3 applied=1
[15:47:37.592] [HOST] INFO: [combat] HIT RECV id=40 hand=5,738159168 flesh=29.7 blood=10.3 applied=1
[15:47:37.592] [HOST] INFO: [combat] HIT RECV id=41 hand=6,1336791936 flesh=29.7 blood=10.3 applied=1
[15:47:37.592] [HOST] INFO: [stats] RECV hand=1,1962646528 ok=1 str=74.5 dex=18.5 tough=77.2 stealth=61.0 athl=72.3 xp=0
[15:47:37.596] [HOST] INFO: [med] SEND hand=1,2949340928 npc=1 blood=73.3 bleed=0.00 fl=100.0,100.0,100.0,100.0 bd=0.0,0.0,0.0,0.0 flags=0 nparts=7 pmin=70.3 smin=0.0 ls=0,0,0,0
[15:47:37.853] [HOST] INFO: [census] sent n=34 radius=2000 mid=4
[15:47:37.960] [HOST] INFO: [med] SEND hand=5,738159168 npc=1 blood=49.0 bleed=0.00 fl=100.0,100.0,100.0,100.0 bd=0.0,0.0,0.0,0.0 flags=0 nparts=7 pmin=10.9 smin=0.0 ls=0,0,0,0
[15:47:37.960] [HOST] INFO: [med] SEND hand=6,1336791936 npc=1 blood=49.0 bleed=0.00 fl=100.0,100.0,100.0,100.0 bd=0.0,0.0,0.0,0.0 flags=0 nparts=7 pmin=10.9 smin=0.0 ls=0,0,0,0
[15:47:38.241] [HOST] INFO: [cam] hints recv n=1 p1=-31151,10365
[15:47:38.396] [HOST] INFO: [ai] suspended=0 driven=1
[15:47:38.591] [HOST] INFO: [stats] RECV hand=1,1962646528 ok=1 str=74.5 dex=18.5 tough=77.2 stealth=61.0 athl=72.3 xp=0
[15:47:38.595] [HOST] INFO: [interp] lerp=56635 extrap=6439 clamp=0 seg=0 single=136 snapSq=1 snapNpc=0 reissueSq=1573 reissueNpc=0 restFlip=0 delay=200 jit=68.5 starve=0 snapMid=0 restFlipMid=0
[15:47:38.595] [HOST] INFO: [interp] worstZero hand=1,1962646528 zero=740 active=41050 seg=65
[15:47:38.595] [HOST] INFO: [combat] stats snap=2 slide=57 softWalk=306 order=20 wrongTgt=1 armed=1 maxPersist=2
[15:47:38.672] [HOST] INFO: [combat] order hand=1,1962646528 tgt=2,1934814464 localFight=1 r=2 wait=0 n=6
[15:47:39.622] [HOST] INFO: [stats] RECV hand=1,1962646528 ok=1 str=74.5 dex=18.5 tough=77.2 stealth=61.0 athl=72.3 xp=0
[15:47:40.164] [HOST] INFO: [cam] center=-31125.7,1191.9,10399.1
[15:47:40.173] [HOST] INFO: [combat] order hand=1,1962646528 tgt=4,3396728576 localFight=1 r=2 wait=0 n=7
[15:47:40.274] [HOST] INFO: [med] SEND hand=2,1934814464 npc=1 blood=68.0 bleed=0.00 fl=100.0,100.0,100.0,100.0 bd=0.0,0.0,0.0,0.0 flags=0 nparts=7 pmin=70.3 smin=0.0 ls=0,0,0,0
[15:47:40.559] [HOST] INFO: [combat] HIT RECV id=42 hand=1,2949340928 flesh=29.7 blood=10.3 applied=1
[15:47:40.559] [HOST] INFO: [combat] HIT RECV id=43 hand=2,1934814464 flesh=29.7 blood=10.3 applied=1
[15:47:40.559] [HOST] INFO: [combat] HIT RECV id=44 hand=4,3396728576 flesh=29.7 blood=10.3 applied=1
[15:47:40.559] [HOST] INFO: [combat] HIT RECV id=45 hand=5,738159168 flesh=29.7 blood=10.3 applied=1
[15:47:40.559] [HOST] INFO: [combat] HIT RECV id=46 hand=6,1336791936 flesh=29.7 blood=10.3 applied=1
[15:47:40.562] [HOST] INFO: [med] SEND hand=1,2949340928 npc=1 blood=63.2 bleed=0.00 fl=100.0,100.0,100.0,100.0 bd=0.0,0.0,0.0,0.0 flags=0 nparts=7 pmin=40.6 smin=0.0 ls=0,0,0,0
[15:47:40.562] [HOST] INFO: [med] SEND hand=4,3396728576 npc=1 blood=39.5 bleed=0.00 fl=100.0,100.0,100.0,100.0 bd=0.0,0.0,0.0,0.0 flags=0 nparts=7 pmin=0.0 smin=0.0 ls=0,0,0,0
[15:47:40.562] [HOST] INFO: [med] SEND hand=5,738159168 npc=1 blood=38.9 bleed=0.00 fl=100.0,100.0,100.0,100.0 bd=0.0,0.0,0.0,0.0 flags=0 nparts=7 pmin=0.0 smin=0.0 ls=0,0,0,0
[15:47:40.562] [HOST] INFO: [med] SEND hand=6,1336791936 npc=1 blood=38.9 bleed=0.00 fl=100.0,100.0,100.0,100.0 bd=0.0,0.0,0.0,0.0 flags=0 nparts=7 pmin=100.0 smin=0.0 ls=0,0,0,0
[15:47:40.624] [HOST] INFO: [stats] RECV hand=1,1962646528 ok=1 str=74.5 dex=18.5 tough=77.2 stealth=61.0 athl=72.3 xp=0
[15:47:40.625] [HOST] INFO: [inv] APPLY hand=1,2,1484619136,1,1962646528 items=13
[15:47:41.277] [HOST] INFO: [med] SEND hand=2,1934814464 npc=1 blood=57.8 bleed=0.00 fl=100.0,100.0,100.0,100.0 bd=0.0,0.0,0.0,0.0 flags=0 nparts=7 pmin=40.6 smin=0.0 ls=0,0,0,0
[15:47:41.398] [HOST] INFO: [ai] suspended=0 driven=1
[15:47:41.610] [HOST] INFO: [stats] RECV hand=1,1962646528 ok=1 str=74.5 dex=18.5 tough=77.2 stealth=61.0 athl=72.3 xp=0
[15:47:42.013] [HOST] INFO: [combat] order hand=1,1962646528 tgt=1,2949340928 localFight=1 r=2 wait=0 n=8
[15:47:42.492] [HOST] INFO: [med] SEND hand=6,1336791936 npc=1 blood=39.0 bleed=0.00 fl=100.0,100.0,100.0,100.0 bd=0.0,0.0,0.0,0.0 flags=0 nparts=7 pmin=100.0 smin=0.0 ls=0,0,0,0
[15:47:42.639] [HOST] INFO: [fac] AFFECT-EV me='1305-gamedata.base' whom='204-gamedata.base' event=0 mult=0.025 after=-10.06 skipped=21
[15:47:42.809] [HOST] INFO: [stats] RECV hand=1,1962646528 ok=1 str=74.5 dex=18.5 tough=77.2 stealth=61.0 athl=72.3 xp=0
[15:47:42.967] [HOST] INFO: [med] SEND hand=5,738159168 npc=1 blood=39.0 bleed=0.00 fl=100.0,100.0,100.0,100.0 bd=0.0,0.0,0.0,0.0 flags=0 nparts=7 pmin=100.0 smin=0.0 ls=0,0,0,0
[15:47:43.515] [HOST] INFO: [combat] order hand=1,1962646528 tgt=6,1336791936 localFight=0 r=2 wait=0 n=9 seatbrk=1 forced=1
[15:47:43.595] [HOST] INFO: [interp] lerp=58010 extrap=6596 clamp=0 seg=0 single=136 snapSq=1 snapNpc=0 reissueSq=1573 reissueNpc=0 restFlip=0 delay=200 jit=56.3 starve=0 snapMid=0 restFlipMid=0
[15:47:43.595] [HOST] INFO: [interp] worstZero hand=1,1962646528 zero=740 active=41050 seg=99
[15:47:43.595] [HOST] INFO: [combat] stats snap=2 slide=57 softWalk=326 order=24 wrongTgt=1 armed=1 maxPersist=2
[15:47:43.840] [HOST] INFO: [med] SEND hand=1,1913818368 npc=0 blood=134.8 bleed=0.00 fl=100.0,100.0,100.0,100.0 bd=0.0,0.0,0.0,0.0 flags=0 nparts=7 pmin=35.0 smin=0.0 ls=0,0,0,0
[15:47:43.940] [HOST] INFO: [med] SEND hand=3,1571044864 npc=1 blood=70.0 bleed=0.00 fl=100.0,100.0,100.0,100.0 bd=0.0,0.0,0.0,0.0 flags=0 nparts=7 pmin=70.3 smin=0.0 ls=0,0,0,0
[15:47:43.946] [HOST] INFO: [cam] hints recv n=1 p1=-31151,10365
[15:47:44.240] [HOST] INFO: [med] SEND hand=1,1913818368 npc=0 blood=134.8 bleed=0.00 fl=100.0,100.0,100.0,100.0 bd=0.0,0.0,0.0,0.0 flags=0 nparts=7 pmin=35.0 smin=0.0 ls=0,0,0,0
[15:47:44.399] [HOST] INFO: [ai] suspended=0 driven=1
[15:47:44.951] [HOST] INFO: [combat] HIT RECV id=47 hand=5,738159168 flesh=29.7 blood=10.3 applied=1
[15:47:44.951] [HOST] INFO: [combat] HIT RECV id=48 hand=6,1336791936 flesh=29.7 blood=10.3 applied=1
[15:47:44.951] [HOST] INFO: [stats] RECV hand=1,1962646528 ok=1 str=74.5 dex=18.5 tough=77.2 stealth=61.0 athl=72.3 xp=0
[15:47:44.954] [HOST] INFO: [med] SEND hand=5,738159168 npc=1 blood=28.8 bleed=0.00 fl=100.0,100.0,100.0,100.0 bd=0.0,0.0,0.0,0.0 flags=0 nparts=7 pmin=100.0 smin=0.0 ls=0,0,0,0
[15:47:44.954] [HOST] INFO: [med] SEND hand=6,1336791936 npc=1 blood=28.8 bleed=0.00 fl=100.0,100.0,100.0,100.0 bd=0.0,0.0,0.0,0.0 flags=0 nparts=7 pmin=0.0 smin=0.0 ls=0,0,0,0
[15:47:45.164] [HOST] INFO: [cam] center=-31139.6,1195.6,10389.0
[15:47:45.590] [HOST] INFO: [combat] order hand=1,1962646528 tgt=3,1571044864 localFight=0 r=2 wait=0 n=10 seatbrk=1 forced=1
[15:47:45.619] [HOST] INFO: [med] SEND hand=4,3396728576 npc=1 blood=39.8 bleed=0.00 fl=100.0,100.0,100.0,100.0 bd=0.0,0.0,0.0,0.0 flags=0 nparts=7 pmin=100.0 smin=0.0 ls=0,0,0,0
[15:47:45.655] [HOST] INFO: [inv] APPLY hand=1,2,1484619136,1,1962646528 items=13
[15:47:45.670] [HOST] INFO: [med] SEND hand=2,1934814464 npc=1 blood=58.0 bleed=0.00 fl=100.0,100.0,100.0,100.0 bd=0.0,0.0,0.0,0.0 flags=0 nparts=7 pmin=40.5 smin=0.0 ls=0,0,0,0
[15:47:46.007] [HOST] INFO: [stats] RECV hand=1,1962646528 ok=1 str=74.5 dex=18.5 tough=77.2 stealth=61.0 athl=72.3 xp=0
[15:47:46.972] [HOST] INFO: [stats] RECV hand=1,1962646528 ok=1 str=74.5 dex=18.5 tough=77.2 stealth=61.0 athl=72.3 xp=0
[15:47:47.090] [HOST] INFO: [combat] order hand=1,1962646528 tgt=5,738159168 localFight=0 r=2 wait=0 n=11 seatbrk=1 forced=1
[15:47:47.402] [HOST] INFO: [ai] suspended=0 driven=1
[15:47:47.568] [HOST] INFO: [med] SEND hand=1,2949340928 npc=1 blood=63.5 bleed=0.00 fl=100.0,100.0,100.0,100.0 bd=0.0,0.0,0.0,0.0 flags=0 nparts=7 pmin=40.5 smin=0.0 ls=0,0,0,0
[15:47:47.698] [HOST] INFO: [fac] AFFECT-EV me='1305-gamedata.base' whom='204-gamedata.base' event=0 mult=0.025 after=-10.06 skipped=16
[15:47:47.804] [HOST] INFO: [med] SEND hand=2,1934814464 npc=1 blood=58.1 bleed=0.00 fl=100.0,100.0,100.0,100.0 bd=0.0,0.0,0.0,0.0 flags=0 nparts=7 pmin=40.5 smin=0.0 ls=0,0,0,0
[15:47:47.863] [HOST] INFO: [census] sent n=34 radius=2000 mid=4
[15:47:47.936] [HOST] INFO: [med] SEND hand=6,1336791936 npc=1 blood=29.0 bleed=0.00 fl=100.0,100.0,100.0,100.0 bd=0.0,0.0,0.0,0.0 flags=0 nparts=7 pmin=100.0 smin=0.0 ls=0,0,0,0
[15:47:47.949] [HOST] INFO: [stats] RECV hand=1,1962646528 ok=1 str=74.5 dex=18.5 tough=77.2 stealth=61.0 athl=72.3 xp=0
[15:47:48.578] [HOST] INFO: [med] SEND hand=1,2949340928 npc=1 blood=63.6 bleed=0.00 fl=100.0,100.0,100.0,100.0 bd=0.0,0.0,0.0,0.0 flags=0 nparts=7 pmin=40.5 smin=0.0 ls=0,0,0,0
[15:47:48.590] [HOST] INFO: [combat] order hand=1,1962646528 tgt=2,1934814464 localFight=0 r=2 wait=0 n=12 seatbrk=1 forced=1
[15:47:48.598] [HOST] INFO: [interp] lerp=59276 extrap=6855 clamp=0 seg=0 single=136 snapSq=1 snapNpc=0 reissueSq=1573 reissueNpc=0 restFlip=0 delay=178 jit=43.1 starve=0 snapMid=0 restFlipMid=0
[15:47:48.598] [HOST] INFO: [interp] worstZero hand=1,1962646528 zero=740 active=41050 seg=58
[15:47:48.598] [HOST] INFO: [combat] stats snap=2 slide=57 softWalk=370 order=27 wrongTgt=1 armed=1 maxPersist=2
[15:47:48.748] [HOST] INFO: [combat] HIT RECV id=49 hand=2,1934814464 flesh=29.7 blood=10.3 applied=1
[15:47:48.806] [HOST] INFO: [med] SEND hand=2,1934814464 npc=1 blood=47.9 bleed=0.00 fl=100.0,100.0,100.0,100.0 bd=0.0,0.0,0.0,0.0 flags=0 nparts=7 pmin=10.8 smin=0.0 ls=0,0,0,0
[15:47:48.954] [HOST] INFO: [med] SEND hand=5,738159168 npc=1 blood=29.0 bleed=0.00 fl=100.0,100.0,100.0,100.0 bd=0.0,0.0,0.0,0.0 flags=0 nparts=7 pmin=100.0 smin=0.0 ls=0,0,0,0
[15:47:48.981] [HOST] INFO: [cam] hints recv n=1 p1=-31151,10365
[15:47:48.984] [HOST] INFO: [stats] RECV hand=1,1962646528 ok=1 str=74.5 dex=18.5 tough=77.2 stealth=61.0 athl=72.3 xp=0
[15:47:49.621] [HOST] INFO: [med] SEND hand=4,3396728576 npc=1 blood=40.0 bleed=0.00 fl=100.0,100.0,100.0,100.0 bd=0.0,0.0,0.0,0.0 flags=0 nparts=7 pmin=100.0 smin=0.0 ls=0,0,0,0
[15:47:49.947] [HOST] INFO: [stats] RECV hand=1,1962646528 ok=1 str=74.5 dex=18.5 tough=77.2 stealth=61.0 athl=72.3 xp=0
[15:47:50.059] [HOST] INFO: [med] SEND hand=5,738159168 npc=1 blood=29.1 bleed=0.00 fl=100.0,100.0,100.0,100.0 bd=0.0,0.0,0.0,0.0 flags=0 nparts=7 pmin=100.0 smin=0.0 ls=0,0,0,0
[15:47:50.162] [HOST] INFO: [med] SEND hand=6,1336791936 npc=1 blood=29.1 bleed=0.00 fl=100.0,100.0,100.0,100.0 bd=0.0,0.0,0.0,0.0 flags=0 nparts=7 pmin=100.0 smin=0.0 ls=0,0,0,0
[15:47:50.163] [HOST] INFO: [cam] center=-31148.5,1202.6,10394.5
[15:47:50.405] [HOST] INFO: [ai] suspended=0 driven=1
[15:47:50.620] [HOST] INFO: [inv] APPLY hand=1,2,1484619136,1,1962646528 items=13
[15:47:50.671] [HOST] INFO: [med] SEND hand=1,1913818368 npc=0 blood=134.8 bleed=0.00 fl=100.0,100.0,100.0,100.0 bd=0.0,0.0,0.0,0.0 flags=0 nparts=7 pmin=35.5 smin=0.0 ls=0,0,0,0
[15:47:50.712] [HOST] INFO: [med] SEND hand=4,3396728576 npc=1 blood=40.1 bleed=0.00 fl=100.0,100.0,100.0,100.0 bd=0.0,0.0,0.0,0.0 flags=0 nparts=7 pmin=100.0 smin=0.0 ls=0,0,0,0
[15:47:50.873] [HOST] INFO: [combat] HIT RECV id=50 hand=2,1934814464 flesh=29.7 blood=10.3 applied=1
[15:47:50.873] [HOST] INFO: [combat] HIT RECV id=51 hand=4,3396728576 flesh=29.7 blood=10.3 applied=1
[15:47:50.873] [HOST] INFO: [combat] HIT RECV id=52 hand=5,738159168 flesh=29.7 blood=10.3 applied=1
[15:47:50.877] [HOST] INFO: [med] SEND hand=2,1934814464 npc=1 blood=37.7 bleed=0.00 fl=100.0,100.0,100.0,100.0 bd=0.0,0.0,0.0,0.0 flags=0 nparts=7 pmin=0.0 smin=0.0 ls=0,0,0,0
[15:47:50.930] [HOST] INFO: [combat] snap hand=1,1962646528 drift=26.9 srcVel=15.1 localFight=0 wrongTgt=0 arming=0 wait=0 seg=77 n=3
[15:47:50.967] [HOST] INFO: [stats] RECV hand=1,1962646528 ok=1 str=74.5 dex=18.5 tough=77.2 stealth=61.0 athl=72.3 xp=0
[15:47:51.059] [HOST] INFO: [med] SEND hand=5,738159168 npc=1 blood=18.8 bleed=0.00 fl=100.0,100.0,100.0,100.0 bd=0.0,0.0,0.0,0.0 flags=0 nparts=7 pmin=100.0 smin=0.0 ls=0,0,0,0
[15:47:51.072] [HOST] INFO: [med] SEND hand=1,1913818368 npc=0 blood=134.8 bleed=0.00 fl=100.0,100.0,100.0,100.0 bd=0.0,0.0,0.0,0.0 flags=0 nparts=7 pmin=35.5 smin=0.0 ls=0,0,0,0
[15:47:51.474] [HOST] INFO: [med] SEND hand=1,1913818368 npc=0 blood=134.8 bleed=0.00 fl=100.0,100.0,100.0,100.0 bd=0.0,0.0,0.0,0.0 flags=0 nparts=7 pmin=35.6 smin=0.0 ls=0,0,0,0
[15:47:51.655] [HOST] INFO: [combat] order hand=1,1962646528 tgt=5,738159168 localFight=1 r=2 wait=0 n=13
[15:47:51.714] [HOST] INFO: [med] SEND hand=4,3396728576 npc=1 blood=29.8 bleed=0.00 fl=100.0,100.0,100.0,100.0 bd=0.0,0.0,0.0,0.0 flags=0 nparts=7 pmin=100.0 smin=0.0 ls=0,0,0,0
[15:47:51.963] [HOST] INFO: [stats] RECV hand=1,1962646528 ok=1 str=74.5 dex=18.5 tough=77.2 stealth=61.0 athl=72.3 xp=0
[15:47:52.730] [HOST] INFO: [fac] AFFECT-EV me='1305-gamedata.base' whom='204-gamedata.base' event=0 mult=0.025 after=-10.07 skipped=18
[15:47:52.909] [HOST] INFO: [med] SEND hand=3,1571044864 npc=1 blood=70.5 bleed=0.00 fl=100.0,100.0,100.0,100.0 bd=0.0,0.0,0.0,0.0 flags=0 nparts=7 pmin=70.3 smin=0.0 ls=0,0,0,0
[15:47:53.007] [HOST] INFO: [stats] RECV hand=1,1962646528 ok=1 str=74.5 dex=18.5 tough=77.2 stealth=61.0 athl=72.3 xp=0
[15:47:53.154] [HOST] INFO: [combat] order hand=1,1962646528 tgt=1,2949340928 localFight=0 r=2 wait=0 n=14 seatbrk=1 forced=1
[15:47:53.409] [HOST] INFO: [ai] suspended=0 driven=1
[15:47:53.416] [HOST] INFO: [combat] HIT RECV id=53 hand=1,2949340928 flesh=29.7 blood=10.3 applied=1
[15:47:53.416] [HOST] INFO: [combat] HIT RECV id=54 hand=3,1571044864 flesh=29.7 blood=10.3 applied=1
[15:47:53.416] [HOST] INFO: [combat] HIT RECV id=55 hand=5,738159168 flesh=29.7 blood=10.3 applied=1
[15:47:53.416] [HOST] INFO: [combat] HIT RECV id=56 hand=6,1336791936 flesh=29.7 blood=10.3 applied=1
[15:47:53.420] [HOST] INFO: [med] SEND hand=1,2949340928 npc=1 blood=53.5 bleed=0.00 fl=100.0,100.0,100.0,100.0 bd=0.0,0.0,0.0,0.0 flags=0 nparts=7 pmin=10.7 smin=0.0 ls=0,0,0,0
[15:47:53.420] [HOST] INFO: [med] SEND hand=5,738159168 npc=1 blood=8.7 bleed=0.00 fl=100.0,100.0,100.0,100.0 bd=0.0,0.0,0.0,0.0 flags=0 nparts=7 pmin=0.0 smin=0.0 ls=0,0,0,0
[15:47:53.599] [HOST] INFO: [interp] lerp=60500 extrap=6965 clamp=0 seg=0 single=136 snapSq=1 snapNpc=0 reissueSq=1573 reissueNpc=0 restFlip=0 delay=171 jit=38.9 starve=0 snapMid=0 restFlipMid=0
[15:47:53.599] [HOST] INFO: [interp] worstZero hand=1,1962646528 zero=740 active=41050 seg=62
[15:47:53.599] [HOST] INFO: [combat] stats snap=3 slide=76 softWalk=418 order=29 wrongTgt=1 armed=1 maxPersist=3
[15:47:53.912] [HOST] INFO: [med] SEND hand=3,1571044864 npc=1 blood=60.3 bleed=0.00 fl=100.0,100.0,100.0,100.0 bd=0.0,0.0,0.0,0.0 flags=0 nparts=7 pmin=40.5 smin=0.0 ls=0,0,0,0
[15:47:54.009] [HOST] INFO: [cam] hints recv n=1 p1=-31151,10365
[15:47:54.012] [HOST] INFO: [stats] RECV hand=1,1962646528 ok=1 str=74.5 dex=18.5 tough=77.2 stealth=61.0 athl=72.3 xp=0
[15:47:54.013] [HOST] INFO: [combat] snap hand=1,1962646528 drift=21.7 srcVel=15.3 localFight=0 wrongTgt=0 arming=0 wait=0 seg=74 n=4
[15:47:54.163] [HOST] INFO: [med] SEND hand=6,1336791936 npc=1 blood=19.0 bleed=0.00 fl=100.0,100.0,100.0,100.0 bd=0.0,0.0,0.0,0.0 flags=0 nparts=7 pmin=100.0 smin=0.0 ls=0,0,0,0
[15:47:54.654] [HOST] INFO: [combat] order hand=1,1962646528 tgt=3,1571044864 localFight=1 r=2 wait=0 n=15
[15:47:54.971] [HOST] INFO: [stats] RECV hand=1,1962646528 ok=1 str=74.5 dex=18.5 tough=77.2 stealth=61.0 athl=72.3 xp=0
[15:47:55.166] [HOST] INFO: [cam] center=-31629.4,1816.9,10838.6
[15:47:55.671] [HOST] INFO: [inv] APPLY hand=1,2,1484619136,1,1962646528 items=13
[15:47:55.719] [HOST] INFO: [med] SEND hand=4,3396728576 npc=1 blood=30.0 bleed=0.00 fl=100.0,100.0,100.0,100.0 bd=0.0,0.0,0.0,0.0 flags=0 nparts=7 pmin=100.0 smin=0.0 ls=0,0,0,0
[15:47:56.024] [HOST] INFO: [med] SEND hand=3,1571044864 npc=1 blood=60.4 bleed=0.00 fl=100.0,100.0,100.0,100.0 bd=0.0,0.0,0.0,0.0 flags=0 nparts=7 pmin=40.5 smin=0.0 ls=0,0,0,0
[15:47:56.062] [HOST] INFO: [stats] RECV hand=1,1962646528 ok=1 str=74.5 dex=18.5 tough=77.2 stealth=61.0 athl=72.3 xp=0
[15:47:56.155] [HOST] INFO: [combat] order hand=1,1962646528 tgt=1,2949340928 localFight=1 r=2 wait=0 n=16
[15:47:56.411] [HOST] INFO: [ai] suspended=0 driven=1
[15:47:56.500] [HOST] INFO: [med] SEND hand=2,1934814464 npc=1 blood=38.0 bleed=0.00 fl=100.0,100.0,100.0,100.0 bd=0.0,0.0,0.0,0.0 flags=0 nparts=7 pmin=100.0 smin=0.0 ls=0,0,0,0
[15:47:56.719] [HOST] INFO: [med] SEND hand=4,3396728576 npc=1 blood=30.1 bleed=0.00 fl=100.0,100.0,100.0,100.0 bd=0.0,0.0,0.0,0.0 flags=0 nparts=7 pmin=100.0 smin=0.0 ls=0,0,0,0
[15:47:57.013] [HOST] INFO: [stats] RECV hand=1,1962646528 ok=1 str=74.5 dex=18.5 tough=77.2 stealth=61.0 athl=72.3 xp=0
[15:47:57.503] [HOST] INFO: [med] SEND hand=2,1934814464 npc=1 blood=38.0 bleed=0.00 fl=100.0,100.0,100.0,100.0 bd=0.0,0.0,0.0,0.0 flags=0 nparts=7 pmin=100.0 smin=0.0 ls=0,0,0,0
[15:47:57.656] [HOST] INFO: [combat] order hand=1,1962646528 tgt=7,29174804 localFight=0 r=2 wait=0 n=17 seatbrk=1 forced=1
[15:47:57.829] [HOST] INFO: [fac] AFFECT-EV me='1305-gamedata.base' whom='204-gamedata.base' event=1 mult=0.025 after=-10.08 skipped=17
[15:47:57.886] [HOST] INFO: [census] sent n=36 radius=2000 mid=6
[15:47:58.196] [HOST] INFO: [med] SEND hand=1,1913818368 npc=0 blood=134.8 bleed=0.00 fl=100.0,100.0,100.0,100.0 bd=0.0,0.0,0.0,0.0 flags=0 nparts=7 pmin=36.0 smin=0.0 ls=0,0,0,0
[15:47:58.483] [HOST] INFO: [combat] HIT RECV id=57 hand=2,1934814464 flesh=29.7 blood=10.3 applied=1
[15:47:58.483] [HOST] INFO: [combat] HIT RECV id=58 hand=5,738159168 flesh=29.7 blood=10.3 applied=1
[15:47:58.483] [HOST] INFO: [combat] HIT RECV id=59 hand=6,1336791936 flesh=29.7 blood=10.3 applied=1
[15:47:58.483] [HOST] INFO: [combat] HIT RECV id=60 hand=7,29174804 flesh=29.7 blood=10.3 applied=1
[15:47:58.483] [HOST] INFO: [stats] RECV hand=1,1962646528 ok=1 str=74.5 dex=18.5 tough=77.2 stealth=61.0 athl=72.3 xp=0
[15:47:58.488] [HOST] INFO: [med] SEND hand=5,738159168 npc=1 blood=0.0 bleed=0.00 fl=100.0,100.0,100.0,100.0 bd=0.0,0.0,0.0,0.0 flags=0 nparts=7 pmin=100.0 smin=0.0 ls=0,0,0,0
[15:47:58.488] [HOST] INFO: [med] SEND hand=6,1336791936 npc=1 blood=8.9 bleed=0.00 fl=100.0,100.0,100.0,100.0 bd=0.0,0.0,0.0,0.0 flags=0 nparts=7 pmin=0.0 smin=0.0 ls=0,0,0,0
[15:47:58.504] [HOST] INFO: [med] SEND hand=2,1934814464 npc=1 blood=27.8 bleed=0.00 fl=100.0,100.0,100.0,100.0 bd=0.0,0.0,0.0,0.0 flags=0 nparts=7 pmin=100.0 smin=0.0 ls=0,0,0,0
[15:47:58.597] [HOST] INFO: [med] SEND hand=1,1913818368 npc=0 blood=134.8 bleed=0.00 fl=100.0,100.0,100.0,100.0 bd=0.0,0.0,0.0,0.0 flags=0 nparts=7 pmin=36.0 smin=0.0 ls=0,0,0,0
[15:47:58.602] [HOST] INFO: [interp] lerp=61629 extrap=7046 clamp=0 seg=0 single=136 snapSq=1 snapNpc=0 reissueSq=1573 reissueNpc=0 restFlip=0 delay=124 jit=16.4 starve=0 snapMid=0 restFlipMid=0
[15:47:58.602] [HOST] INFO: [interp] worstZero hand=1,1962646528 zero=740 active=41050 seg=91
[15:47:58.602] [HOST] INFO: [combat] stats snap=4 slide=80 softWalk=437 order=32 wrongTgt=1 armed=1 maxPersist=4
[15:47:58.958] [HOST] INFO: [med] SEND hand=3,1571044864 npc=1 blood=60.5 bleed=0.00 fl=100.0,100.0,100.0,100.0 bd=0.0,0.0,0.0,0.0 flags=0 nparts=7 pmin=40.5 smin=0.0 ls=0,0,0,0
[15:47:58.997] [HOST] INFO: [med] SEND hand=1,1913818368 npc=0 blood=134.8 bleed=0.00 fl=100.0,100.0,100.0,100.0 bd=0.0,0.0,0.0,0.0 flags=0 nparts=7 pmin=36.1 smin=0.0 ls=0,0,0,0
[15:47:59.233] [HOST] INFO: [combat] order hand=1,1962646528 tgt=3,1571044864 localFight=1 r=2 wait=0 n=18
[15:47:59.233] [HOST] INFO: [cam] hints recv n=1 p1=-31151,10365
[15:47:59.257] [HOST] INFO: [med] SEND hand=7,29174804 npc=1 blood=67.9 bleed=0.00 fl=100.0,100.0,100.0,100.0 bd=0.0,0.0,0.0,0.0 flags=0 nparts=7 pmin=70.3 smin=0.0 ls=0,0,0,0
[15:47:59.413] [HOST] INFO: [ai] suspended=0 driven=1
[15:47:59.663] [HOST] INFO: [stats] RECV hand=1,1962646528 ok=1 str=74.5 dex=18.5 tough=77.2 stealth=61.0 athl=72.3 xp=0
[15:47:59.810] [HOST] INFO: [med] SEND hand=6,1336791936 npc=1 blood=9.0 bleed=0.00 fl=100.0,100.0,100.0,100.0 bd=0.0,0.0,0.0,0.0 flags=0 nparts=7 pmin=100.0 smin=0.0 ls=0,0,0,0
[15:48:00.165] [HOST] INFO: [cam] center=-31158.5,1200.8,10378.0
[15:48:00.516] [HOST] INFO: [stats] RECV hand=1,1962646528 ok=1 str=74.5 dex=18.5 tough=77.2 stealth=61.0 athl=72.3 xp=0
[15:48:00.621] [HOST] INFO: [inv] APPLY hand=1,2,1484619136,1,1962646528 items=13
[15:48:00.922] [HOST] INFO: [med] SEND hand=7,29174804 npc=1 blood=68.0 bleed=0.00 fl=100.0,100.0,100.0,100.0 bd=0.0,0.0,0.0,0.0 flags=0 nparts=7 pmin=70.3 smin=0.0 ls=0,0,0,0
[15:48:01.140] [HOST] INFO: [combat] order hand=1,1962646528 tgt=4,3396728576 localFight=1 r=2 wait=0 n=19
[15:48:01.747] [HOST] INFO: [med] SEND hand=4,3396728576 npc=1 blood=30.3 bleed=0.00 fl=100.0,100.0,100.0,100.0 bd=0.0,0.0,0.0,0.0 flags=0 nparts=7 pmin=100.0 smin=0.0 ls=0,0,0,0
[15:48:01.763] [HOST] INFO: [stats] RECV hand=1,1962646528 ok=1 str=74.5 dex=18.5 tough=77.2 stealth=61.0 athl=72.3 xp=0
[15:48:02.416] [HOST] INFO: [ai] suspended=0 driven=1
[15:48:02.534] [HOST] INFO: [stats] RECV hand=1,1962646528 ok=1 str=74.5 dex=18.5 tough=77.2 stealth=61.0 athl=72.3 xp=0
[15:48:02.622] [HOST] INFO: [combat] HIT RECV id=61 hand=6,1336791936 flesh=29.5 blood=10.2 applied=1
[15:48:02.622] [HOST] INFO: [combat] HIT RECV id=62 hand=7,29174804 flesh=29.4 blood=10.2 applied=1
[15:48:02.626] [HOST] INFO: [med] SEND hand=6,1336791936 npc=1 blood=0.0 bleed=0.00 fl=100.0,100.0,100.0,100.0 bd=0.0,0.0,0.0,0.0 flags=0 nparts=7 pmin=0.0 smin=0.0 ls=0,0,0,0
[15:48:02.626] [HOST] INFO: [med] SEND hand=7,29174804 npc=1 blood=57.8 bleed=0.00 fl=100.0,100.0,100.0,100.0 bd=0.0,0.0,0.0,0.0 flags=0 nparts=7 pmin=40.8 smin=0.0 ls=0,0,0,0
[15:48:02.639] [HOST] INFO: [combat] order hand=1,1962646528 tgt=6,1336791936 localFight=1 r=2 wait=0 n=20
[15:48:02.975] [HOST] INFO: [med] SEND hand=2,1934814464 npc=1 blood=28.0 bleed=0.00 fl=100.0,100.0,100.0,100.0 bd=0.0,0.0,0.0,0.0 flags=0 nparts=7 pmin=100.0 smin=0.0 ls=0,0,0,0
[15:48:03.187] [HOST] INFO: [fac] AFFECT-EV me='1305-gamedata.base' whom='204-gamedata.base' event=1 mult=0.025 after=-10.10 skipped=18
[15:48:03.430] [HOST] INFO: [med] SEND hand=1,2949340928 npc=1 blood=54.0 bleed=0.00 fl=100.0,100.0,100.0,100.0 bd=0.0,0.0,0.0,0.0 flags=0 nparts=7 pmin=10.5 smin=0.0 ls=0,0,0,0
[15:48:03.529] [HOST] INFO: [stats] RECV hand=1,1962646528 ok=1 str=74.5 dex=18.5 tough=77.2 stealth=61.0 athl=72.3 xp=0
[15:48:03.604] [HOST] INFO: [interp] lerp=62822 extrap=7305 clamp=0 seg=0 single=136 snapSq=1 snapNpc=0 reissueSq=1573 reissueNpc=0 restFlip=0 delay=200 jit=53.2 starve=0 snapMid=0 restFlipMid=0
[15:48:03.604] [HOST] INFO: [interp] worstZero hand=1,1962646528 zero=740 active=41050 seg=100
[15:48:03.604] [HOST] INFO: [combat] stats snap=4 slide=80 softWalk=450 order=35 wrongTgt=1 armed=1 maxPersist=4
[15:48:03.648] [HOST] INFO: [med] SEND hand=5,738159168 npc=1 blood=0.3 bleed=0.00 fl=100.0,100.0,100.0,100.0 bd=0.0,0.0,0.0,0.0 flags=0 nparts=7 pmin=100.0 smin=0.0 ls=0,0,0,0
[15:48:03.974] [HOST] INFO: [med] SEND hand=2,1934814464 npc=1 blood=28.1 bleed=0.00 fl=100.0,100.0,100.0,100.0 bd=0.0,0.0,0.0,0.0 flags=0 nparts=7 pmin=100.0 smin=0.0 ls=0,0,0,0
[15:48:04.140] [HOST] INFO: [combat] order hand=1,1962646528 tgt=3,1571044864 localFight=1 r=2 wait=0 n=21
[15:48:04.471] [HOST] INFO: [combat] HIT RECV id=63 hand=3,1571044864 flesh=29.5 blood=10.2 applied=1
[15:48:04.471] [HOST] INFO: [combat] HIT RECV id=64 hand=5,738159168 flesh=29.5 blood=10.2 applied=1
[15:48:04.471] [HOST] INFO: [combat] HIT RECV id=65 hand=6,1336791936 flesh=29.5 blood=10.2 applied=1
[15:48:04.471] [HOST] INFO: [combat] HIT RECV id=66 hand=7,29174804 flesh=29.5 blood=10.2 applied=1
[15:48:04.474] [HOST] INFO: [med] SEND hand=3,1571044864 npc=1 blood=50.5 bleed=0.00 fl=100.0,100.0,100.0,100.0 bd=0.0,0.0,0.0,0.0 flags=0 nparts=7 pmin=10.9 smin=0.0 ls=0,0,0,0
[15:48:04.474] [HOST] INFO: [med] SEND hand=7,29174804 npc=1 blood=47.7 bleed=0.00 fl=100.0,100.0,100.0,100.0 bd=0.0,0.0,0.0,0.0 flags=0 nparts=7 pmin=11.3 smin=0.0 ls=0,0,0,0
[15:48:04.526] [HOST] INFO: [stats] RECV hand=1,1962646528 ok=1 str=74.5 dex=18.5 tough=77.2 stealth=61.0 athl=72.3 xp=0
[15:48:04.648] [HOST] INFO: [med] SEND hand=5,738159168 npc=1 blood=0.0 bleed=0.00 fl=100.0,100.0,100.0,100.0 bd=0.0,0.0,0.0,0.0 flags=0 nparts=7 pmin=100.0 smin=0.0 ls=0,0,0,0
[15:48:05.030] [HOST] INFO: [cam] hints recv n=1 p1=-31151,10365
[15:48:05.163] [HOST] INFO: [cam] center=-31167.4,1210.1,10388.7
[15:48:05.400] [HOST] INFO: [med] SEND hand=1,1913818368 npc=0 blood=134.8 bleed=0.00 fl=100.0,100.0,100.0,100.0 bd=0.0,0.0,0.0,0.0 flags=0 nparts=7 pmin=36.5 smin=0.0 ls=0,0,0,0
[15:48:05.417] [HOST] INFO: [ai] suspended=0 driven=1
[15:48:05.479] [HOST] INFO: [stats] RECV hand=1,1962646528 ok=1 str=74.5 dex=18.5 tough=77.2 stealth=61.0 athl=72.3 xp=0
[15:48:05.641] [HOST] INFO: [combat] order hand=1,1962646528 tgt=2,1934814464 localFight=0 r=2 wait=0 n=22 seatbrk=1 forced=1
[15:48:05.701] [HOST] INFO: [inv] APPLY hand=1,2,1484619136,1,1962646528 items=13
[15:48:05.750] [HOST] INFO: [med] SEND hand=4,3396728576 npc=1 blood=30.5 bleed=0.00 fl=100.0,100.0,100.0,100.0 bd=0.0,0.0,0.0,0.0 flags=0 nparts=7 pmin=100.0 smin=0.0 ls=0,0,0,0
[15:48:05.803] [HOST] INFO: [med] SEND hand=1,1913818368 npc=0 blood=134.8 bleed=0.00 fl=100.0,100.0,100.0,100.0 bd=0.0,0.0,0.0,0.0 flags=0 nparts=7 pmin=36.5 smin=0.0 ls=0,0,0,0
[15:48:06.495] [HOST] INFO: [stats] RECV hand=1,1962646528 ok=1 str=74.5 dex=18.5 tough=77.2 stealth=61.0 athl=72.3 xp=0
[15:48:06.805] [HOST] INFO: [med] SEND hand=4,3396728576 npc=1 blood=30.6 bleed=0.00 fl=100.0,100.0,100.0,100.0 bd=0.0,0.0,0.0,0.0 flags=0 nparts=7 pmin=100.0 smin=0.0 ls=0,0,0,0
[15:48:07.143] [HOST] INFO: [combat] order hand=1,1962646528 tgt=4,3396728576 localFight=1 r=2 wait=0 n=23
[15:48:07.639] [HOST] INFO: [combat] HIT RECV id=67 hand=1,2949340928 flesh=29.5 blood=10.3 applied=1
[15:48:07.639] [HOST] INFO: [combat] HIT RECV id=68 hand=3,1571044864 flesh=29.5 blood=10.3 applied=1
[15:48:07.639] [HOST] INFO: [combat] HIT RECV id=69 hand=4,3396728576 flesh=29.5 blood=10.3 applied=1
[15:48:07.639] [HOST] INFO: [combat] HIT RECV id=70 hand=5,738159168 flesh=29.5 blood=10.3 applied=1
[15:48:07.639] [HOST] INFO: [combat] HIT RECV id=71 hand=6,1336791936 flesh=29.5 blood=10.3 applied=1
[15:48:07.639] [HOST] INFO: [combat] HIT RECV id=72 hand=7,29174804 flesh=29.5 blood=10.3 applied=1
[15:48:07.639] [HOST] INFO: [stats] RECV hand=1,1962646528 ok=1 str=74.5 dex=18.5 tough=77.2 stealth=61.0 athl=72.3 xp=0
[15:48:07.643] [HOST] INFO: [med] SEND hand=1,2949340928 npc=1 blood=44.0 bleed=0.00 fl=100.0,100.0,100.0,100.0 bd=0.0,0.0,0.0,0.0 flags=0 nparts=7 pmin=0.0 smin=0.0 ls=0,0,0,0
[15:48:07.807] [HOST] INFO: [med] SEND hand=4,3396728576 npc=1 blood=20.4 bleed=0.00 fl=100.0,100.0,100.0,100.0 bd=0.0,0.0,0.0,0.0 flags=0 nparts=7 pmin=100.0 smin=0.0 ls=0,0,0,0
[15:48:07.894] [HOST] INFO: [census] sent n=45 radius=2000 mid=15
[15:48:08.244] [HOST] INFO: [fac] AFFECT-EV me='1305-gamedata.base' whom='204-gamedata.base' event=0 mult=0.025 after=-10.11 skipped=21
[15:48:08.418] [HOST] INFO: [ai] suspended=0 driven=1
[15:48:08.474] [HOST] INFO: [med] SEND hand=3,1571044864 npc=1 blood=40.5 bleed=0.00 fl=100.0,100.0,100.0,100.0 bd=0.0,0.0,0.0,0.0 flags=0 nparts=7 pmin=100.0 smin=0.0 ls=0,0,0,0
[15:48:08.474] [HOST] INFO: [med] SEND hand=7,29174804 npc=1 blood=37.7 bleed=0.00 fl=100.0,100.0,100.0,100.0 bd=0.0,0.0,0.0,0.0 flags=0 nparts=7 pmin=100.0 smin=0.0 ls=0,0,0,0
[15:48:08.605] [HOST] INFO: [interp] lerp=64077 extrap=7500 clamp=0 seg=0 single=136 snapSq=1 snapNpc=0 reissueSq=1573 reissueNpc=0 restFlip=0 delay=200 jit=64.5 starve=0 snapMid=0 restFlipMid=0
[15:48:08.605] [HOST] INFO: [interp] worstZero hand=1,1962646528 zero=740 active=41050 seg=64
[15:48:08.605] [HOST] INFO: [combat] stats snap=4 slide=80 softWalk=479 order=38 wrongTgt=1 armed=1 maxPersist=4
[15:48:08.645] [HOST] INFO: [combat] order hand=1,1962646528 tgt=3,1571044864 localFight=1 r=2 wait=0 n=24
[15:48:08.789] [HOST] INFO: [med] SEND hand=2,1934814464 npc=1 blood=28.3 bleed=0.00 fl=100.0,100.0,100.0,100.0 bd=0.0,0.0,0.0,0.0 flags=0 nparts=7 pmin=100.0 smin=0.0 ls=0,0,0,0
[15:48:09.062] [HOST] INFO: [combat] HIT RECV id=73 hand=3,1571044864 flesh=29.5 blood=10.3 applied=1
[15:48:09.062] [HOST] INFO: [combat] HIT RECV id=74 hand=5,738159168 flesh=29.5 blood=10.3 applied=1
[15:48:09.062] [HOST] INFO: [combat] HIT RECV id=75 hand=6,1336791936 flesh=29.5 blood=10.3 applied=1
[15:48:09.062] [HOST] INFO: [combat] HIT RECV id=76 hand=7,29174804 flesh=29.5 blood=10.3 applied=1
[15:48:09.062] [HOST] INFO: [stats] RECV hand=1,1962646528 ok=1 str=74.5 dex=18.5 tough=77.2 stealth=61.0 athl=72.3 xp=0
[15:48:09.475] [HOST] INFO: [med] SEND hand=3,1571044864 npc=1 blood=30.3 bleed=0.00 fl=100.0,100.0,100.0,100.0 bd=0.0,0.0,0.0,0.0 flags=0 nparts=7 pmin=100.0 smin=0.0 ls=0,0,0,0
[15:48:09.475] [HOST] INFO: [med] SEND hand=7,29174804 npc=1 blood=27.5 bleed=0.00 fl=100.0,100.0,100.0,100.0 bd=0.0,0.0,0.0,0.0 flags=0 nparts=7 pmin=100.0 smin=0.0 ls=0,0,0,0
[15:48:09.741] [HOST] INFO: [med] SEND hand=4,3396728576 npc=1 blood=20.5 bleed=0.00 fl=100.0,100.0,100.0,100.0 bd=0.0,0.0,0.0,0.0 flags=0 nparts=7 pmin=100.0 smin=0.0 ls=0,0,0,0
[15:48:09.764] [HOST] INFO: [stats] RECV hand=1,1962646528 ok=1 str=74.5 dex=18.5 tough=77.2 stealth=61.0 athl=72.3 xp=0
[15:48:10.165] [HOST] INFO: [cam] center=-31153.6,1192.7,10393.9
[15:48:10.202] [HOST] INFO: [cam] hints recv n=1 p1=-31151,10365
[15:48:10.475] [HOST] INFO: [med] SEND hand=7,29174804 npc=1 blood=27.5 bleed=0.00 fl=100.0,100.0,100.0,100.0 bd=0.0,0.0,0.0,0.0 flags=0 nparts=7 pmin=100.0 smin=0.0 ls=0,0,0,0
[15:48:10.608] [HOST] INFO: [combat] HIT RECV id=77 hand=1,2949340928 flesh=29.5 blood=10.3 applied=1
[15:48:10.611] [HOST] INFO: [med] SEND hand=1,2949340928 npc=1 blood=33.9 bleed=0.00 fl=100.0,100.0,100.0,100.0 bd=0.0,0.0,0.0,0.0 flags=0 nparts=7 pmin=100.0 smin=0.0 ls=0,0,0,0
[15:48:10.716] [HOST] INFO: [inv] APPLY hand=1,2,1484619136,1,1962646528 items=13
[15:48:10.778] [HOST] INFO: [stats] RECV hand=1,1962646528 ok=1 str=74.5 dex=18.5 tough=77.2 stealth=61.0 athl=72.3 xp=0
[15:48:11.420] [HOST] INFO: [ai] suspended=0 driven=1
[15:48:11.591] [HOST] INFO: [combat] HIT RECV id=78 hand=3,1571044864 flesh=29.5 blood=10.3 applied=1
[15:48:11.595] [HOST] INFO: [med] SEND hand=3,1571044864 npc=1 blood=20.2 bleed=0.00 fl=100.0,100.0,100.0,100.0 bd=0.0,0.0,0.0,0.0 flags=0 nparts=7 pmin=0.0 smin=0.0 ls=0,0,0,0
[15:48:12.207] [HOST] INFO: [med] SEND hand=1,1913818368 npc=0 blood=134.8 bleed=0.00 fl=100.0,100.0,100.0,100.0 bd=0.0,0.0,0.0,0.0 flags=0 nparts=7 pmin=37.0 smin=0.0 ls=0,0,0,0
[15:48:12.263] [HOST] INFO: [med] SEND hand=1,2949340928 npc=1 blood=34.0 bleed=0.00 fl=100.0,100.0,100.0,100.0 bd=0.0,0.0,0.0,0.0 flags=0 nparts=7 pmin=100.0 smin=0.0 ls=0,0,0,0
[15:48:12.470] [HOST] INFO: [event] SEND id=26 ev=1 hand=1,39,1918212864,5,738159168 actor=0,0 bs 0->1
[15:48:12.470] [HOST] INFO: [med] SEND hand=5,738159168 npc=1 blood=-5.7 bleed=0.00 fl=100.0,100.0,100.0,100.0 bd=0.0,0.0,0.0,0.0 flags=1 nparts=7 pmin=70.5 smin=0.0 ls=0,0,0,0
[15:48:12.596] [HOST] INFO: [med] SEND hand=3,1571044864 npc=1 blood=14.4 bleed=0.02 fl=100.0,100.0,100.0,100.0 bd=0.0,0.0,0.0,0.0 flags=0 nparts=7 pmin=70.9 smin=0.0 ls=0,0,0,0
[15:48:12.606] [HOST] INFO: [stats] RECV hand=1,1962646528 ok=1 str=74.5 dex=18.5 tough=77.2 stealth=61.0 athl=72.3 xp=0
[15:48:12.609] [HOST] INFO: [med] SEND hand=1,1913818368 npc=0 blood=134.8 bleed=0.00 fl=100.0,100.0,100.0,100.0 bd=0.0,0.0,0.0,0.0 flags=0 nparts=7 pmin=37.0 smin=0.0 ls=0,0,0,0
[15:48:12.698] [HOST] INFO: [med] SEND hand=4,3396728576 npc=1 blood=20.7 bleed=0.00 fl=100.0,100.0,100.0,100.0 bd=0.0,0.0,0.0,0.0 flags=0 nparts=7 pmin=100.0 smin=0.0 ls=0,0,0,0
[15:48:12.791] [HOST] INFO: [med] SEND hand=2,1934814464 npc=1 blood=28.5 bleed=0.00 fl=100.0,100.0,100.0,100.0 bd=0.0,0.0,0.0,0.0 flags=0 nparts=7 pmin=100.0 smin=0.0 ls=0,0,0,0
[15:48:13.366] [HOST] INFO: [fac] AFFECT-EV me='1305-gamedata.base' whom='204-gamedata.base' event=1 mult=0.025 after=-10.37 skipped=12
[15:48:13.375] [HOST] INFO: [combat] order hand=1,1962646528 tgt=2,1934814464 localFight=1 r=2 wait=0 n=25
[15:48:13.471] [HOST] INFO: [med] SEND hand=5,738159168 npc=1 blood=-5.8 bleed=0.02 fl=100.0,100.0,100.0,100.0 bd=0.0,0.0,0.0,0.0 flags=1 nparts=7 pmin=70.4 smin=0.0 ls=0,0,0,0
[15:48:13.608] [HOST] INFO: [interp] lerp=65225 extrap=7805 clamp=0 seg=0 single=136 snapSq=1 snapNpc=0 reissueSq=1573 reissueNpc=0 restFlip=0 delay=200 jit=81.6 starve=0 snapMid=0 restFlipMid=0
[15:48:13.608] [HOST] INFO: [interp] worstZero hand=1,1962646528 zero=740 active=41050 seg=110
[15:48:13.608] [HOST] INFO: [combat] stats snap=4 slide=80 softWalk=489 order=40 wrongTgt=1 armed=1 maxPersist=4
[15:48:13.624] [HOST] INFO: [stats] RECV hand=1,1962646528 ok=1 str=74.5 dex=18.5 tough=77.2 stealth=61.0 athl=72.3 xp=0
[15:48:13.909] [HOST] INFO: [med] SEND hand=2,1934814464 npc=1 blood=28.6 bleed=0.00 fl=100.0,100.0,100.0,100.0 bd=0.0,0.0,0.0,0.0 flags=0 nparts=7 pmin=100.0 smin=0.0 ls=0,0,0,0
[15:48:14.277] [HOST] INFO: [med] SEND hand=6,1336791936 npc=1 blood=0.3 bleed=0.00 fl=100.0,100.0,100.0,100.0 bd=0.0,0.0,0.0,0.0 flags=0 nparts=7 pmin=100.0 smin=0.0 ls=0,0,0,0
[15:48:14.424] [HOST] INFO: [ai] suspended=0 driven=1
[15:48:14.474] [HOST] INFO: [med] SEND hand=5,738159168 npc=1 blood=-5.8 bleed=0.02 fl=100.0,100.0,100.0,100.0 bd=0.0,0.0,0.0,0.0 flags=1 nparts=7 pmin=70.4 smin=0.0 ls=0,0,0,0
[15:48:14.477] [HOST] INFO: [med] SEND hand=7,29174804 npc=1 blood=27.7 bleed=0.00 fl=100.0,100.0,100.0,100.0 bd=0.0,0.0,0.0,0.0 flags=0 nparts=7 pmin=100.0 smin=0.0 ls=0,0,0,0
[15:48:14.639] [HOST] INFO: [stats] RECV hand=1,1962646528 ok=1 str=74.5 dex=18.5 tough=77.2 stealth=61.0 athl=72.3 xp=0
[15:48:15.123] [HOST] INFO: [combat] HIT RECV id=79 hand=1,2949340928 flesh=29.5 blood=10.3 applied=1
[15:48:15.123] [HOST] INFO: [combat] HIT RECV id=80 hand=2,1934814464 flesh=29.5 blood=10.3 applied=1
[15:48:15.127] [HOST] INFO: [med] SEND hand=1,2949340928 npc=1 blood=23.9 bleed=0.00 fl=100.0,100.0,100.0,100.0 bd=0.0,0.0,0.0,0.0 flags=0 nparts=7 pmin=0.0 smin=0.0 ls=0,0,0,0
[15:48:15.127] [HOST] INFO: [med] SEND hand=2,1934814464 npc=1 blood=18.4 bleed=0.00 fl=100.0,100.0,100.0,100.0 bd=0.0,0.0,0.0,0.0 flags=0 nparts=7 pmin=0.0 smin=0.0 ls=0,0,0,0
[15:48:15.164] [HOST] INFO: [cam] center=-31153.6,1192.7,10393.9
[15:48:15.477] [HOST] INFO: [combat] order hand=1,1962646528 tgt=1,2949340928 localFight=0 r=2 wait=0 n=26 seatbrk=1 forced=1
[15:48:15.659] [HOST] INFO: [stats] RECV hand=1,1962646528 ok=1 str=74.5 dex=18.5 tough=77.2 stealth=61.0 athl=72.3 xp=0
[15:48:15.660] [HOST] INFO: [inv] APPLY hand=1,2,1484619136,1,1962646528 items=13
[15:48:16.214] [HOST] INFO: [cam] hints recv n=1 p1=-31188,10346
[15:48:16.692] [HOST] INFO: [stats] RECV hand=1,1962646528 ok=1 str=74.5 dex=18.5 tough=77.2 stealth=61.0 athl=72.3 xp=0
[15:48:16.868] [HOST] INFO: [med] SEND hand=3,1571044864 npc=1 blood=14.3 bleed=0.01 fl=100.0,100.0,100.0,100.0 bd=0.0,0.0,0.0,0.0 flags=0 nparts=7 pmin=70.9 smin=0.0 ls=0,0,0,0
[15:48:16.977] [HOST] INFO: [combat] order hand=1,1962646528 tgt=3,1571044864 localFight=1 r=2 wait=0 n=27
[15:48:17.044] [HOST] INFO: [med] SEND hand=1,2949340928 npc=1 blood=24.0 bleed=0.00 fl=100.0,100.0,100.0,100.0 bd=0.0,0.0,0.0,0.0 flags=0 nparts=7 pmin=100.0 smin=0.0 ls=0,0,0,0
[15:48:17.125] [HOST] INFO: [med] SEND hand=2,1934814464 npc=1 blood=18.5 bleed=0.00 fl=100.0,100.0,100.0,100.0 bd=0.0,0.0,0.0,0.0 flags=0 nparts=7 pmin=100.0 smin=0.0 ls=0,0,0,0
[15:48:17.295] [HOST] INFO: [combat] HIT RECV id=81 hand=3,1571044864 flesh=29.5 blood=10.3 applied=1
[15:48:17.426] [HOST] INFO: [ai] suspended=0 driven=1
[15:48:17.691] [HOST] INFO: [stats] RECV hand=1,1962646528 ok=1 str=74.5 dex=18.5 tough=77.2 stealth=61.0 athl=72.3 xp=0
[15:48:17.754] [HOST] INFO: [med] SEND hand=4,3396728576 npc=1 blood=20.9 bleed=0.00 fl=100.0,100.0,100.0,100.0 bd=0.0,0.0,0.0,0.0 flags=0 nparts=7 pmin=100.0 smin=0.0 ls=0,0,0,0
[15:48:17.868] [HOST] INFO: [med] SEND hand=3,1571044864 npc=1 blood=4.0 bleed=0.01 fl=100.0,100.0,100.0,100.0 bd=0.0,0.0,0.0,0.0 flags=0 nparts=7 pmin=70.9 smin=0.0 ls=0,0,0,0
[15:48:17.905] [HOST] INFO: [census] sent n=45 radius=2000 mid=15
[15:48:18.440] [HOST] INFO: [med] SEND hand=6,1336791936 npc=1 blood=0.5 bleed=0.00 fl=100.0,100.0,100.0,100.0 bd=0.0,0.0,0.0,0.0 flags=0 nparts=7 pmin=100.0 smin=0.0 ls=0,0,0,0
[15:48:18.477] [HOST] INFO: [combat] order hand=1,1962646528 tgt=2,1934814464 localFight=1 r=2 wait=0 n=28
[15:48:18.610] [HOST] INFO: [interp] lerp=66501 extrap=7964 clamp=0 seg=0 single=136 snapSq=1 snapNpc=0 reissueSq=1573 reissueNpc=0 restFlip=0 delay=185 jit=37.0 starve=0 snapMid=0 restFlipMid=0
[15:48:18.610] [HOST] INFO: [interp] worstZero hand=1,1962646528 zero=740 active=41050 seg=110
[15:48:18.610] [HOST] INFO: [combat] stats snap=4 slide=80 softWalk=495 order=43 wrongTgt=1 armed=1 maxPersist=4
[15:48:18.647] [HOST] INFO: [fac] AFFECT-EV me='1305-gamedata.base' whom='204-gamedata.base' event=0 mult=0.025 after=-10.38 skipped=15
[15:48:19.015] [HOST] INFO: [med] SEND hand=1,1913818368 npc=0 blood=134.8 bleed=0.00 fl=100.0,100.0,100.0,100.0 bd=0.0,0.0,0.0,0.0 flags=0 nparts=7 pmin=37.5 smin=0.0 ls=0,0,0,0
[15:48:19.117] [HOST] INFO: [med] SEND hand=4,3396728576 npc=1 blood=21.0 bleed=0.00 fl=100.0,100.0,100.0,100.0 bd=0.0,0.0,0.0,0.0 flags=0 nparts=7 pmin=100.0 smin=0.0 ls=0,0,0,0
[15:48:19.191] [HOST] INFO: [combat] HIT RECV id=82 hand=2,1934814464 flesh=29.5 blood=10.3 applied=1
[15:48:19.191] [HOST] INFO: [combat] HIT RECV id=83 hand=4,3396728576 flesh=29.5 blood=10.3 applied=1
[15:48:19.191] [HOST] INFO: [combat] HIT RECV id=84 hand=7,29174804 flesh=29.5 blood=10.3 applied=1
[15:48:19.191] [HOST] INFO: [stats] RECV hand=1,1962646528 ok=1 str=74.5 dex=18.5 tough=77.2 stealth=61.0 athl=72.3 xp=0
[15:48:19.195] [HOST] INFO: [med] SEND hand=2,1934814464 npc=1 blood=8.4 bleed=0.00 fl=100.0,100.0,100.0,100.0 bd=0.0,0.0,0.0,0.0 flags=0 nparts=7 pmin=100.0 smin=0.0 ls=0,0,0,0
[15:48:19.195] [HOST] INFO: [med] SEND hand=7,29174804 npc=1 blood=17.7 bleed=0.00 fl=100.0,100.0,100.0,100.0 bd=0.0,0.0,0.0,0.0 flags=0 nparts=7 pmin=0.0 smin=0.0 ls=0,0,0,0
[15:48:19.263] [HOST] INFO: [med] SEND hand=3,1571044864 npc=1 blood=4.0 bleed=0.01 fl=100.0,100.0,100.0,100.0 bd=0.0,0.0,0.0,0.0 flags=0 nparts=7 pmin=70.9 smin=0.0 ls=0,0,0,0
[15:48:19.397] [HOST] INFO: [med] SEND hand=5,738159168 npc=1 blood=-5.9 bleed=0.01 fl=100.0,100.0,100.0,100.0 bd=0.0,0.0,0.0,0.0 flags=1 nparts=7 pmin=70.4 smin=0.0 ls=0,0,0,0
[15:48:19.415] [HOST] INFO: [med] SEND hand=1,1913818368 npc=0 blood=134.8 bleed=0.00 fl=100.0,100.0,100.0,100.0 bd=0.0,0.0,0.0,0.0 flags=0 nparts=7 pmin=37.5 smin=0.0 ls=0,0,0,0
[15:48:19.494] [HOST] INFO: [med] SEND hand=6,1336791936 npc=1 blood=0.6 bleed=0.00 fl=100.0,100.0,100.0,100.0 bd=0.0,0.0,0.0,0.0 flags=0 nparts=7 pmin=100.0 smin=0.0 ls=0,0,0,0
[15:48:19.977] [HOST] INFO: [combat] order hand=1,1962646528 tgt=3,1571044864 localFight=0 r=2 wait=0 n=29 seatbrk=1 forced=1
[15:48:20.117] [HOST] INFO: [med] SEND hand=4,3396728576 npc=1 blood=10.8 bleed=0.00 fl=100.0,100.0,100.0,100.0 bd=0.0,0.0,0.0,0.0 flags=0 nparts=7 pmin=100.0 smin=0.0 ls=0,0,0,0
[15:48:20.158] [HOST] INFO: [stats] RECV hand=1,1962646528 ok=1 str=74.5 dex=18.5 tough=77.2 stealth=61.0 athl=72.3 xp=0
[15:48:20.166] [HOST] INFO: [cam] center=-31153.6,1192.7,10393.9
[15:48:20.427] [HOST] INFO: [ai] suspended=0 driven=1
[15:48:20.669] [HOST] INFO: [inv] APPLY hand=1,2,1484619136,1,1962646528 items=13
[15:48:21.045] [HOST] INFO: [med] SEND hand=1,2949340928 npc=1 blood=24.2 bleed=0.00 fl=100.0,100.0,100.0,100.0 bd=0.0,0.0,0.0,0.0 flags=0 nparts=7 pmin=100.0 smin=0.0 ls=0,0,0,0
[15:48:21.184] [HOST] INFO: [combat] HIT RECV id=85 hand=3,1571044864 flesh=29.5 blood=10.3 applied=1
[15:48:21.184] [HOST] INFO: [stats] RECV hand=1,1962646528 ok=1 str=74.5 dex=18.5 tough=77.2 stealth=61.0 athl=72.3 xp=0
[15:48:21.188] [HOST] INFO: [med] SEND hand=3,1571044864 npc=1 blood=0.0 bleed=0.01 fl=100.0,100.0,100.0,100.0 bd=0.0,0.0,0.0,0.0 flags=0 nparts=7 pmin=0.0 smin=0.0 ls=0,0,0,0
[15:48:21.236] [HOST] INFO: [event] SEND id=27 ev=1 hand=1,39,1918212864,3,1571044864 actor=0,0 bs 0->1
[15:48:21.479] [HOST] INFO: [combat] order hand=1,1962646528 tgt=1,2949340928 localFight=0 r=2 wait=0 n=30 seatbrk=1 forced=1
[15:48:21.941] [HOST] INFO: [med] SEND hand=2,1934814464 npc=1 blood=8.5 bleed=0.00 fl=100.0,100.0,100.0,100.0 bd=0.0,0.0,0.0,0.0 flags=0 nparts=7 pmin=100.0 smin=0.0 ls=0,0,0,0
[15:48:22.103] [HOST] INFO: [cam] hints recv n=1 p1=-31188,10346
[15:48:22.169] [HOST] INFO: [stats] RECV hand=1,1962646528 ok=1 str=74.5 dex=18.5 tough=77.2 stealth=61.0 athl=72.3 xp=0
[15:48:22.189] [HOST] INFO: [med] SEND hand=3,1571044864 npc=1 blood=-0.0 bleed=0.01 fl=100.0,100.0,100.0,100.0 bd=0.0,0.0,0.0,0.0 flags=1 nparts=7 pmin=70.9 smin=0.0 ls=0,0,0,0
[15:48:22.982] [HOST] INFO: [combat] order hand=1,1962646528 tgt=4,3396728576 localFight=0 r=2 wait=0 n=31 seatbrk=1 forced=1
[15:48:23.428] [HOST] INFO: [ai] suspended=0 driven=1
[15:48:23.499] [HOST] INFO: [combat] HIT RECV id=86 hand=2,1934814464 flesh=29.5 blood=10.3 applied=1
[15:48:23.499] [HOST] INFO: [combat] HIT RECV id=87 hand=4,3396728576 flesh=29.5 blood=10.3 applied=1
[15:48:23.499] [HOST] INFO: [stats] RECV hand=1,1962646528 ok=1 str=74.5 dex=18.5 tough=77.2 stealth=61.0 athl=72.3 xp=0
[15:48:23.502] [HOST] INFO: [med] SEND hand=2,1934814464 npc=1 blood=0.0 bleed=0.00 fl=100.0,100.0,100.0,100.0 bd=0.0,0.0,0.0,0.0 flags=0 nparts=7 pmin=100.0 smin=0.0 ls=0,0,0,0
[15:48:23.613] [HOST] INFO: [interp] lerp=67753 extrap=8148 clamp=0 seg=0 single=136 snapSq=1 snapNpc=0 reissueSq=1573 reissueNpc=0 restFlip=0 delay=198 jit=45.7 starve=0 snapMid=0 restFlipMid=0
[15:48:23.613] [HOST] INFO: [interp] worstZero hand=1,1962646528 zero=740 active=41050 seg=57
[15:48:23.613] [HOST] INFO: [combat] stats snap=4 slide=84 softWalk=529 order=46 wrongTgt=1 armed=1 maxPersist=4
[15:48:23.999] [HOST] INFO: [combat] snap hand=1,1962646528 drift=20.3 srcVel=11.6 localFight=0 wrongTgt=0 arming=0 wait=0 seg=79 n=5
[15:48:24.042] [HOST] INFO: [fac] AFFECT-EV me='1305-gamedata.base' whom='204-gamedata.base' event=0 mult=0.025 after=-10.39 skipped=14
[15:48:24.122] [HOST] INFO: [med] SEND hand=4,3396728576 npc=1 blood=0.8 bleed=0.00 fl=100.0,100.0,100.0,100.0 bd=0.0,0.0,0.0,0.0 flags=0 nparts=7 pmin=100.0 smin=0.0 ls=0,0,0,0
[15:48:24.328] [HOST] INFO: [stats] RECV hand=1,1962646528 ok=1 str=74.5 dex=18.5 tough=77.2 stealth=61.0 athl=72.3 xp=0
[15:48:24.342] [HOST] INFO: [med] SEND hand=7,29174804 npc=1 blood=18.0 bleed=0.00 fl=100.0,100.0,100.0,100.0 bd=0.0,0.0,0.0,0.0 flags=0 nparts=7 pmin=100.0 smin=0.0 ls=0,0,0,0
[15:48:24.483] [HOST] INFO: [combat] order hand=1,1962646528 tgt=1,2949340928 localFight=1 r=2 wait=0 n=32
[15:48:24.777] [HOST] INFO: [med] SEND hand=5,738159168 npc=1 blood=-5.9 bleed=0.01 fl=100.0,100.0,100.0,100.0 bd=0.0,0.0,0.0,0.0 flags=1 nparts=7 pmin=70.4 smin=0.0 ls=0,0,0,0
[15:48:24.777] [HOST] INFO: [med] SEND hand=6,1336791936 npc=1 blood=0.8 bleed=0.00 fl=100.0,100.0,100.0,100.0 bd=0.0,0.0,0.0,0.0 flags=0 nparts=7 pmin=100.0 smin=0.0 ls=0,0,0,0
[15:48:25.164] [HOST] INFO: [cam] center=-31629.4,1816.9,10838.6
[15:48:25.344] [HOST] INFO: [med] SEND hand=7,29174804 npc=1 blood=18.0 bleed=0.00 fl=100.0,100.0,100.0,100.0 bd=0.0,0.0,0.0,0.0 flags=0 nparts=7 pmin=100.0 smin=0.0 ls=0,0,0,0
[15:48:25.449] [HOST] INFO: [combat] HIT RECV id=88 hand=1,2949340928 flesh=29.5 blood=10.3 applied=1
[15:48:25.449] [HOST] INFO: [stats] RECV hand=1,1962646528 ok=1 str=74.5 dex=18.5 tough=77.2 stealth=61.0 athl=72.3 xp=0
[15:48:25.453] [HOST] INFO: [med] SEND hand=1,2949340928 npc=1 blood=14.2 bleed=0.00 fl=100.0,100.0,100.0,100.0 bd=0.0,0.0,0.0,0.0 flags=0 nparts=7 pmin=0.0 smin=0.0 ls=0,0,0,0
[15:48:25.705] [HOST] INFO: [inv] APPLY hand=1,2,1484619136,1,1962646528 items=13
[15:48:25.819] [HOST] INFO: [med] SEND hand=1,1913818368 npc=0 blood=134.8 bleed=0.00 fl=100.0,100.0,100.0,100.0 bd=0.0,0.0,0.0,0.0 flags=0 nparts=7 pmin=38.0 smin=0.0 ls=0,0,0,0
[15:48:25.985] [HOST] INFO: [combat] order hand=1,1962646528 tgt=7,29174804 localFight=0 r=2 wait=0 n=33 seatbrk=1 forced=1
[15:48:26.147] [HOST] INFO: [speed] REQ mult=5.00 paused=0 combat=0
[15:48:26.222] [HOST] INFO: [med] SEND hand=1,1913818368 npc=0 blood=134.8 bleed=0.00 fl=100.0,100.0,100.0,100.0 bd=0.0,0.0,0.0,0.0 flags=0 nparts=7 pmin=38.0 smin=0.0 ls=0,0,0,0
[15:48:26.358] [HOST] INFO: [stats] RECV hand=1,1962646528 ok=1 str=74.5 dex=18.5 tough=77.2 stealth=61.0 athl=72.3 xp=0
[15:48:26.429] [HOST] INFO: [ai] suspended=0 driven=1
[15:48:27.203] [HOST] INFO: [med] SEND hand=3,1571044864 npc=1 blood=-0.1 bleed=0.01 fl=100.0,100.0,100.0,100.0 bd=0.0,0.0,0.0,0.0 flags=1 nparts=7 pmin=70.9 smin=0.0 ls=0,0,0,0
[15:48:27.488] [HOST] INFO: [combat] order hand=1,1962646528 tgt=1,2949340928 localFight=0 r=2 wait=0 n=34 seatbrk=1 forced=1
[15:48:27.499] [HOST] INFO: [stats] RECV hand=1,1962646528 ok=1 str=74.5 dex=18.5 tough=77.2 stealth=61.0 athl=72.3 xp=0
[15:48:27.923] [HOST] INFO: [census] sent n=45 radius=2000 mid=15
[15:48:28.082] [HOST] INFO: [combat] HIT RECV id=89 hand=1,2949340928 flesh=29.5 blood=10.3 applied=1
[15:48:28.082] [HOST] INFO: [combat] HIT RECV id=90 hand=4,3396728576 flesh=29.5 blood=10.3 applied=1
[15:48:28.082] [HOST] INFO: [combat] HIT RECV id=91 hand=6,1336791936 flesh=29.5 blood=10.3 applied=1
[15:48:28.082] [HOST] INFO: [combat] HIT RECV id=92 hand=7,29174804 flesh=29.5 blood=10.3 applied=1
[15:48:28.082] [HOST] INFO: [cam] hints recv n=1 p1=-31188,10346
[15:48:28.085] [HOST] INFO: [med] SEND hand=1,2949340928 npc=1 blood=4.1 bleed=0.00 fl=100.0,100.0,100.0,100.0 bd=0.0,0.0,0.0,0.0 flags=0 nparts=7 pmin=0.0 smin=0.0 ls=0,0,0,0
[15:48:28.085] [HOST] INFO: [med] SEND hand=7,29174804 npc=1 blood=7.9 bleed=0.00 fl=100.0,100.0,100.0,100.0 bd=0.0,0.0,0.0,0.0 flags=0 nparts=7 pmin=0.0 smin=0.0 ls=0,0,0,0
[15:48:28.127] [HOST] INFO: [med] SEND hand=4,3396728576 npc=1 blood=0.0 bleed=0.00 fl=100.0,100.0,100.0,100.0 bd=0.0,0.0,0.0,0.0 flags=0 nparts=7 pmin=100.0 smin=0.0 ls=0,0,0,0
[15:48:28.203] [HOST] INFO: [med] SEND hand=3,1571044864 npc=1 blood=-0.1 bleed=0.01 fl=100.0,100.0,100.0,100.0 bd=0.0,0.0,0.0,0.0 flags=1 nparts=7 pmin=70.8 smin=0.0 ls=0,0,0,0
[15:48:28.421] [HOST] INFO: [stats] RECV hand=1,1962646528 ok=1 str=74.5 dex=18.5 tough=77.2 stealth=61.0 athl=72.3 xp=0
[15:48:28.616] [HOST] INFO: [interp] lerp=68919 extrap=8273 clamp=0 seg=0 single=136 snapSq=1 snapNpc=0 reissueSq=1573 reissueNpc=0 restFlip=0 delay=150 jit=29.0 starve=0 snapMid=0 restFlipMid=0
[15:48:28.616] [HOST] INFO: [interp] worstZero hand=1,1962646528 zero=740 active=41050 seg=63
[15:48:28.616] [HOST] INFO: [combat] stats snap=5 slide=94 softWalk=562 order=49 wrongTgt=1 armed=1 maxPersist=5
[15:48:28.781] [HOST] INFO: [med] SEND hand=6,1336791936 npc=1 blood=0.0 bleed=0.00 fl=100.0,100.0,100.0,100.0 bd=0.0,0.0,0.0,0.0 flags=0 nparts=7 pmin=100.0 smin=0.0 ls=0,0,0,0
[15:48:28.870] [HOST] INFO: [med] SEND hand=2,1934814464 npc=1 blood=0.3 bleed=0.00 fl=100.0,100.0,100.0,100.0 bd=0.0,0.0,0.0,0.0 flags=0 nparts=7 pmin=100.0 smin=0.0 ls=0,0,0,0
[15:48:28.991] [HOST] INFO: [combat] order hand=1,1962646528 tgt=4,3396728576 localFight=0 r=2 wait=0 n=35 seatbrk=1 forced=1
[15:48:29.417] [HOST] INFO: [stats] RECV hand=1,1962646528 ok=1 str=74.5 dex=18.5 tough=77.3 stealth=61.0 athl=72.3 xp=0
[15:48:29.433] [HOST] INFO: [ai] suspended=0 driven=1
[15:48:29.489] [HOST] INFO: [fac] AFFECT-EV me='1305-gamedata.base' whom='204-gamedata.base' event=1 mult=0.025 after=-10.40 skipped=12
[15:48:29.651] [HOST] INFO: [med] SEND hand=7,29174804 npc=1 blood=8.0 bleed=0.00 fl=100.0,100.0,100.0,100.0 bd=0.0,0.0,0.0,0.0 flags=0 nparts=7 pmin=100.0 smin=0.0 ls=0,0,0,0
[15:48:30.165] [HOST] INFO: [cam] center=-31629.4,1816.9,10838.6
[15:48:30.451] [HOST] INFO: [stats] RECV hand=1,1962646528 ok=1 str=74.5 dex=18.5 tough=77.3 stealth=61.0 athl=72.3 xp=0
[15:48:30.492] [HOST] INFO: [combat] order hand=1,1962646528 tgt=2,1934814464 localFight=0 r=2 wait=0 n=36 seatbrk=1 forced=1
[15:48:30.693] [HOST] INFO: [inv] APPLY hand=1,2,1484619136,1,1962646528 items=13
[15:48:31.361] [HOST] INFO: [combat] HIT RECV id=93 hand=1,2949340928 flesh=29.2 blood=10.2 applied=1
[15:48:31.361] [HOST] INFO: [combat] HIT RECV id=94 hand=2,1934814464 flesh=29.2 blood=10.2 applied=1
[15:48:31.361] [HOST] INFO: [combat] HIT RECV id=95 hand=7,29174804 flesh=29.2 blood=10.2 applied=1
[15:48:31.361] [HOST] INFO: [stats] RECV hand=1,1962646528 ok=1 str=74.5 dex=18.5 tough=77.3 stealth=61.0 athl=72.3 xp=0
[15:48:31.365] [HOST] INFO: [med] SEND hand=2,1934814464 npc=1 blood=0.0 bleed=0.00 fl=100.0,100.0,100.0,100.0 bd=0.0,0.0,0.0,0.0 flags=0 nparts=7 pmin=0.0 smin=0.0 ls=0,0,0,0
[15:48:31.365] [HOST] INFO: [med] SEND hand=7,29174804 npc=1 blood=0.0 bleed=0.00 fl=100.0,100.0,100.0,100.0 bd=0.0,0.0,0.0,0.0 flags=0 nparts=7 pmin=0.0 smin=0.0 ls=0,0,0,0
[15:48:31.783] [HOST] INFO: [med] SEND hand=5,738159168 npc=1 blood=-6.0 bleed=0.01 fl=100.0,100.0,100.0,100.0 bd=0.0,0.0,0.0,0.0 flags=1 nparts=7 pmin=70.4 smin=0.0 ls=0,0,0,0
[15:48:31.993] [HOST] INFO: [combat] order hand=1,1962646528 tgt=4,3396728576 localFight=1 r=2 wait=0 n=37
[15:48:32.087] [HOST] INFO: [med] SEND hand=1,2949340928 npc=1 blood=0.0 bleed=0.00 fl=100.0,100.0,100.0,100.0 bd=0.0,0.0,0.0,0.0 flags=0 nparts=7 pmin=100.0 smin=0.0 ls=0,0,0,0
[15:48:32.378] [HOST] INFO: [stats] RECV hand=1,1962646528 ok=1 str=74.5 dex=18.5 tough=77.3 stealth=61.0 athl=72.3 xp=0
[15:48:32.436] [HOST] INFO: [ai] suspended=0 driven=1
[15:48:33.095] [HOST] INFO: [med] SEND hand=1,1913818368 npc=0 blood=134.8 bleed=0.00 fl=100.0,100.0,100.0,100.0 bd=0.0,0.0,0.0,0.0 flags=0 nparts=7 pmin=38.5 smin=0.0 ls=0,0,0,0
[15:48:33.374] [HOST] INFO: [stats] RECV hand=1,1962646528 ok=1 str=74.5 dex=18.5 tough=77.3 stealth=61.0 athl=72.3 xp=0
[15:48:33.495] [HOST] INFO: [med] SEND hand=1,1913818368 npc=0 blood=134.8 bleed=0.00 fl=100.0,100.0,100.0,100.0 bd=0.0,0.0,0.0,0.0 flags=0 nparts=7 pmin=38.5 smin=0.0 ls=0,0,0,0
[15:48:33.496] [HOST] INFO: [combat] order hand=1,1962646528 tgt=7,29174804 localFight=1 r=2 wait=0 n=38
[15:48:33.504] [HOST] INFO: [med] SEND hand=3,1571044864 npc=1 blood=-0.1 bleed=0.00 fl=100.0,100.0,100.0,100.0 bd=0.0,0.0,0.0,0.0 flags=1 nparts=7 pmin=70.8 smin=0.0 ls=0,0,0,0
[15:48:33.588] [HOST] INFO: [med] SEND hand=4,3396728576 npc=1 blood=0.3 bleed=0.00 fl=100.0,100.0,100.0,100.0 bd=0.0,0.0,0.0,0.0 flags=0 nparts=7 pmin=100.0 smin=0.0 ls=0,0,0,0
[15:48:33.618] [HOST] INFO: [interp] lerp=70001 extrap=8395 clamp=0 seg=0 single=136 snapSq=1 snapNpc=0 reissueSq=1573 reissueNpc=0 restFlip=0 delay=200 jit=48.3 starve=0 snapMid=0 restFlipMid=0
[15:48:33.618] [HOST] INFO: [interp] worstZero hand=1,1962646528 zero=740 active=41050 seg=105
[15:48:33.618] [HOST] INFO: [combat] stats snap=5 slide=100 softWalk=602 order=53 wrongTgt=1 armed=1 maxPersist=5
[15:48:33.764] [HOST] INFO: [med] SEND hand=6,1336791936 npc=1 blood=0.3 bleed=0.00 fl=100.0,100.0,100.0,100.0 bd=0.0,0.0,0.0,0.0 flags=0 nparts=7 pmin=100.0 smin=0.0 ls=0,0,0,0
[15:48:33.894] [HOST] INFO: [med] SEND hand=1,1913818368 npc=0 blood=134.8 bleed=0.00 fl=100.0,100.0,100.0,100.0 bd=0.0,0.0,0.0,0.0 flags=0 nparts=7 pmin=38.6 smin=0.0 ls=0,0,0,0
[15:48:34.058] [HOST] INFO: [cam] hints recv n=1 p1=-31242,10356
[15:48:34.440] [HOST] INFO: [combat] snap hand=1,1962646528 drift=28.9 srcVel=21.7 localFight=0 wrongTgt=0 arming=0 wait=0 seg=96 n=6
[15:48:34.484] [HOST] INFO: [combat] HIT RECV id=96 hand=7,29174804 flesh=29.2 blood=10.2 applied=1
[15:48:34.484] [HOST] INFO: [stats] RECV hand=1,1962646528 ok=1 str=74.5 dex=18.5 tough=77.3 stealth=61.0 athl=72.3 xp=0
[15:48:34.540] [HOST] INFO: [fac] AFFECT-EV me='1305-gamedata.base' whom='204-gamedata.base' event=0 mult=0.025 after=-10.40 skipped=12
[15:48:35.030] [HOST] INFO: [combat] order hand=1,1962646528 tgt=1,2949340928 localFight=1 r=2 wait=0 n=39
[15:48:35.163] [HOST] INFO: [cam] center=-31631.1,1804.9,10843.5
[15:48:35.439] [HOST] INFO: [ai] suspended=0 driven=1
[15:48:35.481] [HOST] INFO: [stats] RECV hand=1,1962646528 ok=1 str=74.5 dex=18.5 tough=77.3 stealth=61.0 athl=72.3 xp=0
[15:48:35.704] [HOST] INFO: [inv] APPLY hand=1,2,1484619136,1,1962646528 items=13
[15:48:36.529] [HOST] INFO: [combat] order hand=1,1962646528 tgt=4,3396728576 localFight=0 r=2 wait=0 n=40 seatbrk=1 forced=1
[15:48:36.613] [HOST] INFO: [stats] RECV hand=1,1962646528 ok=1 str=74.5 dex=18.5 tough=77.3 stealth=61.0 athl=72.3 xp=0
[15:48:37.055] [HOST] INFO: [med] SEND hand=2,1934814464 npc=1 blood=0.3 bleed=0.00 fl=100.0,100.0,100.0,100.0 bd=0.0,0.0,0.0,0.0 flags=0 nparts=7 pmin=100.0 smin=0.0 ls=0,0,0,0
[15:48:37.079] [HOST] INFO: [med] SEND hand=5,738159168 npc=1 blood=-6.0 bleed=0.00 fl=100.0,100.0,100.0,100.0 bd=0.0,0.0,0.0,0.0 flags=1 nparts=7 pmin=70.4 smin=0.0 ls=0,0,0,0
[15:48:37.260] [HOST] INFO: [med] SEND hand=1,2949340928 npc=1 blood=0.3 bleed=0.00 fl=100.0,100.0,100.0,100.0 bd=0.0,0.0,0.0,0.0 flags=0 nparts=7 pmin=100.0 smin=0.0 ls=0,0,0,0
[15:48:37.686] [HOST] INFO: [combat] HIT RECV id=97 hand=4,3396728576 flesh=29.2 blood=10.2 applied=1
[15:48:37.686] [HOST] INFO: [stats] RECV hand=1,1962646528 ok=1 str=74.5 dex=18.5 tough=77.3 stealth=61.0 athl=72.3 xp=0
[15:48:37.691] [HOST] INFO: [med] SEND hand=4,3396728576 npc=1 blood=0.0 bleed=0.00 fl=100.0,100.0,100.0,100.0 bd=0.0,0.0,0.0,0.0 flags=0 nparts=7 pmin=0.0 smin=0.0 ls=0,0,0,0
[15:48:37.941] [HOST] INFO: [census] sent n=45 radius=2000 mid=15
[15:48:38.047] [HOST] INFO: [combat] order hand=1,1962646528 tgt=7,29174804 localFight=1 r=2 wait=0 n=41
[15:48:38.381] [HOST] INFO: [med] SEND hand=6,1336791936 npc=1 blood=0.5 bleed=0.00 fl=100.0,100.0,100.0,100.0 bd=0.0,0.0,0.0,0.0 flags=0 nparts=7 pmin=100.0 smin=0.0 ls=0,0,0,0
[15:48:38.442] [HOST] INFO: [ai] suspended=0 driven=1
[15:48:38.482] [HOST] INFO: [stats] RECV hand=1,1962646528 ok=1 str=74.5 dex=18.5 tough=77.3 stealth=61.0 athl=72.3 xp=0
[15:48:38.619] [HOST] INFO: [interp] lerp=71111 extrap=8441 clamp=0 seg=0 single=136 snapSq=1 snapNpc=0 reissueSq=1573 reissueNpc=0 restFlip=0 delay=156 jit=25.9 starve=0 snapMid=0 restFlipMid=0
[15:48:38.619] [HOST] INFO: [interp] worstZero hand=1,1962646528 zero=740 active=41050 seg=111
[15:48:38.619] [HOST] INFO: [combat] stats snap=6 slide=112 softWalk=632 order=56 wrongTgt=1 armed=1 maxPersist=6
[15:48:39.205] [HOST] INFO: [cam] hints recv n=1 p1=-31242,10356
[15:48:39.392] [HOST] INFO: [med] SEND hand=3,1571044864 npc=1 blood=-0.1 bleed=0.00 fl=100.0,100.0,100.0,100.0 bd=0.0,0.0,0.0,0.0 flags=1 nparts=7 pmin=70.8 smin=0.0 ls=0,0,0,0
[15:48:39.506] [HOST] INFO: [stats] RECV hand=1,1962646528 ok=1 str=74.5 dex=18.5 tough=77.3 stealth=61.0 athl=72.3 xp=0
[15:48:39.547] [HOST] INFO: [med] SEND hand=6,1336791936 npc=1 blood=0.6 bleed=0.00 fl=100.0,100.0,100.0,100.0 bd=0.0,0.0,0.0,0.0 flags=0 nparts=7 pmin=100.0 smin=0.0 ls=0,0,0,0
[15:48:39.548] [HOST] INFO: [combat] order hand=1,1962646528 tgt=1,2949340928 localFight=0 r=2 wait=0 n=42 seatbrk=1 forced=1
[15:48:39.551] [HOST] INFO: [fac] AFFECT-EV me='1305-gamedata.base' whom='204-gamedata.base' event=0 mult=0.025 after=-10.41 skipped=14
[15:48:40.163] [HOST] INFO: [cam] center=-31631.1,1804.9,10843.5
[15:48:40.213] [HOST] INFO: [med] SEND hand=7,29174804 npc=1 blood=0.3 bleed=0.00 fl=100.0,100.0,100.0,100.0 bd=0.0,0.0,0.0,0.0 flags=0 nparts=7 pmin=100.0 smin=0.0 ls=0,0,0,0
[15:48:40.577] [HOST] INFO: [stats] RECV hand=1,1962646528 ok=1 str=74.5 dex=18.5 tough=77.3 stealth=61.0 athl=72.3 xp=0
[15:48:40.641] [HOST] INFO: [inv] APPLY hand=1,2,1484619136,1,1962646528 items=13
[15:48:40.674] [HOST] INFO: [med] SEND hand=1,1913818368 npc=0 blood=134.8 bleed=0.00 fl=100.0,100.0,100.0,100.0 bd=0.0,0.0,0.0,0.0 flags=0 nparts=7 pmin=39.0 smin=0.0 ls=0,0,0,0
[15:48:41.049] [HOST] INFO: [combat] order hand=1,1962646528 tgt=4,3396728576 localFight=0 r=2 wait=0 n=43 seatbrk=1 forced=1
[15:48:41.078] [HOST] INFO: [med] SEND hand=1,1913818368 npc=0 blood=134.8 bleed=0.00 fl=100.0,100.0,100.0,100.0 bd=0.0,0.0,0.0,0.0 flags=0 nparts=7 pmin=39.0 smin=0.0 ls=0,0,0,0
[15:48:41.443] [HOST] INFO: [ai] suspended=0 driven=1
[15:48:41.481] [HOST] INFO: [med] SEND hand=1,1913818368 npc=0 blood=134.8 bleed=0.00 fl=100.0,100.0,100.0,100.0 bd=0.0,0.0,0.0,0.0 flags=0 nparts=7 pmin=39.1 smin=0.0 ls=0,0,0,0
[15:48:41.775] [HOST] INFO: [med] SEND hand=5,738159168 npc=1 blood=-6.0 bleed=0.00 fl=100.0,100.0,100.0,100.0 bd=0.0,0.0,0.0,0.0 flags=1 nparts=7 pmin=70.4 smin=0.0 ls=0,0,0,0
[15:48:41.780] [HOST] INFO: [med] SEND hand=1,2949340928 npc=1 blood=0.5 bleed=0.00 fl=100.0,100.0,100.0,100.0 bd=0.0,0.0,0.0,0.0 flags=0 nparts=7 pmin=100.0 smin=0.0 ls=0,0,0,0
[15:48:41.800] [HOST] INFO: [med] SEND hand=2,1934814464 npc=1 blood=0.5 bleed=0.00 fl=100.0,100.0,100.0,100.0 bd=0.0,0.0,0.0,0.0 flags=0 nparts=7 pmin=100.0 smin=0.0 ls=0,0,0,0
[15:48:42.549] [HOST] INFO: [combat] order hand=1,1962646528 tgt=7,29174804 localFight=0 r=2 wait=0 n=44 seatbrk=1 forced=1
[15:48:42.804] [HOST] INFO: [med] SEND hand=2,1934814464 npc=1 blood=0.5 bleed=0.00 fl=100.0,100.0,100.0,100.0 bd=0.0,0.0,0.0,0.0 flags=0 nparts=7 pmin=100.0 smin=0.0 ls=0,0,0,0
[15:48:42.845] [HOST] INFO: [combat] HIT RECV id=98 hand=7,29174804 flesh=29.2 blood=10.2 applied=1
[15:48:42.845] [HOST] INFO: [stats] RECV hand=1,1962646528 ok=1 str=74.5 dex=18.5 tough=77.3 stealth=61.0 athl=72.3 xp=0
[15:48:42.849] [HOST] INFO: [med] SEND hand=7,29174804 npc=1 blood=0.0 bleed=0.00 fl=100.0,100.0,100.0,100.0 bd=0.0,0.0,0.0,0.0 flags=0 nparts=7 pmin=0.0 smin=0.0 ls=0,0,0,0
[15:48:42.862] [HOST] INFO: [med] SEND hand=5,738159168 npc=1 blood=-5.9 bleed=0.00 fl=100.0,100.0,100.0,100.0 bd=0.0,0.0,0.0,0.0 flags=1 nparts=7 pmin=70.4 smin=0.0 ls=0,0,0,0
[15:48:43.165] [HOST] INFO: [med] SEND hand=1,2949340928 npc=1 blood=0.6 bleed=0.00 fl=100.0,100.0,100.0,100.0 bd=0.0,0.0,0.0,0.0 flags=0 nparts=7 pmin=100.0 smin=0.0 ls=0,0,0,0
[15:48:43.320] [HOST] INFO: [med] SEND hand=4,3396728576 npc=1 blood=0.3 bleed=0.00 fl=100.0,100.0,100.0,100.0 bd=0.0,0.0,0.0,0.0 flags=0 nparts=7 pmin=100.0 smin=0.0 ls=0,0,0,0
[15:48:43.622] [HOST] INFO: [interp] lerp=72105 extrap=8577 clamp=0 seg=0 single=136 snapSq=1 snapNpc=0 reissueSq=1573 reissueNpc=0 restFlip=0 delay=140 jit=24.6 starve=0 snapMid=0 restFlipMid=0
[15:48:43.622] [HOST] INFO: [interp] worstZero hand=1,1962646528 zero=740 active=41050 seg=65
[15:48:43.622] [HOST] INFO: [combat] stats snap=6 slide=113 softWalk=663 order=59 wrongTgt=1 armed=1 maxPersist=6
[15:48:43.844] [HOST] INFO: [stats] RECV hand=1,1962646528 ok=1 str=74.5 dex=18.5 tough=77.3 stealth=61.0 athl=72.3 xp=0
[15:48:44.051] [HOST] INFO: [combat] order hand=1,1962646528 tgt=1,2949340928 localFight=1 r=2 wait=0 n=45
[15:48:44.235] [HOST] INFO: [cam] hints recv n=1 p1=-31242,10356
[15:48:44.444] [HOST] INFO: [ai] suspended=0 driven=1
[15:48:44.657] [HOST] INFO: [inv] SEND hand=1,1,3629760768,1,1913818368 kind=0 key=1,1,3629760768,1,1913818368 items=11 hash=1184610271
[15:48:44.827] [HOST] INFO: [stats] RECV hand=1,1962646528 ok=1 str=74.6 dex=18.5 tough=77.3 stealth=61.0 athl=72.3 xp=0
[15:48:44.835] [HOST] INFO: [fac] AFFECT-EV me='1305-gamedata.base' whom='204-gamedata.base' event=1 mult=0.025 after=-10.42 skipped=10
[15:48:45.165] [HOST] INFO: [cam] center=-31631.1,1804.9,10843.5
[15:48:45.262] [HOST] INFO: [med] SEND hand=3,1571044864 npc=1 blood=0.1 bleed=0.00 fl=100.0,100.0,100.0,100.0 bd=0.0,0.0,0.0,0.0 flags=1 nparts=7 pmin=70.8 smin=0.0 ls=0,0,0,0
[15:48:45.266] [HOST] INFO: [combat] HIT RECV id=99 hand=1,2949340928 flesh=29.2 blood=10.2 applied=1
[15:48:45.266] [HOST] INFO: [combat] HIT RECV id=100 hand=7,29174804 flesh=29.2 blood=10.2 applied=1
[15:48:45.270] [HOST] INFO: [med] SEND hand=1,2949340928 npc=1 blood=0.0 bleed=0.00 fl=100.0,100.0,100.0,100.0 bd=0.0,0.0,0.0,0.0 flags=0 nparts=7 pmin=0.0 smin=0.0 ls=0,0,0,0
[15:48:45.333] [HOST] INFO: [med] SEND hand=6,1336791936 npc=1 blood=0.8 bleed=0.00 fl=100.0,100.0,100.0,100.0 bd=0.0,0.0,0.0,0.0 flags=0 nparts=7 pmin=100.0 smin=0.0 ls=0,0,0,0
[15:48:45.609] [HOST] INFO: [combat] order hand=1,1962646528 tgt=7,29174804 localFight=1 r=2 wait=0 n=46
[15:48:45.691] [HOST] INFO: [inv] APPLY hand=1,2,1484619136,1,1962646528 items=13
[15:48:45.841] [HOST] INFO: [stats] RECV hand=1,1962646528 ok=1 str=74.6 dex=18.5 tough=77.3 stealth=61.0 athl=72.3 xp=0
[15:48:46.865] [HOST] INFO: [med] SEND hand=5,738159168 npc=1 blood=-5.8 bleed=0.00 fl=100.0,100.0,100.0,100.0 bd=0.0,0.0,0.0,0.0 flags=1 nparts=7 pmin=70.4 smin=0.0 ls=0,0,0,0
[15:48:47.029] [HOST] INFO: [stats] RECV hand=1,1962646528 ok=1 str=74.6 dex=18.5 tough=77.3 stealth=61.0 athl=72.3 xp=0
[15:48:47.111] [HOST] INFO: [combat] order hand=1,1962646528 tgt=2,1934814464 localFight=0 r=2 wait=0 n=47 seatbrk=1 forced=1
[15:48:47.447] [HOST] INFO: [ai] suspended=0 driven=1
[15:48:47.955] [HOST] INFO: [census] sent n=45 radius=2000 mid=15
[15:48:48.126] [HOST] INFO: [med] SEND hand=4,3396728576 npc=1 blood=0.5 bleed=0.00 fl=100.0,100.0,100.0,100.0 bd=0.0,0.0,0.0,0.0 flags=0 nparts=7 pmin=100.0 smin=0.0 ls=0,0,0,0
[15:48:48.235] [HOST] INFO: [med] SEND hand=1,1913818368 npc=0 blood=134.8 bleed=0.00 fl=100.0,100.0,100.0,100.0 bd=0.0,0.0,0.0,0.0 flags=0 nparts=7 pmin=39.5 smin=0.0 ls=0,0,0,0
[15:48:48.379] [HOST] INFO: [combat] HIT RECV id=101 hand=2,1934814464 flesh=29.3 blood=10.2 applied=1
[15:48:48.379] [HOST] INFO: [stats] RECV hand=1,1962646528 ok=1 str=74.6 dex=18.5 tough=77.3 stealth=61.0 athl=72.3 xp=0
[15:48:48.384] [HOST] INFO: [med] SEND hand=2,1934814464 npc=1 blood=0.0 bleed=0.00 fl=100.0,100.0,100.0,100.0 bd=0.0,0.0,0.0,0.0 flags=0 nparts=7 pmin=0.0 smin=0.0 ls=0,0,0,0
[15:48:48.625] [HOST] INFO: [interp] lerp=73134 extrap=8703 clamp=0 seg=0 single=136 snapSq=1 snapNpc=0 reissueSq=1573 reissueNpc=0 restFlip=0 delay=157 jit=29.2 starve=0 snapMid=0 restFlipMid=0
[15:48:48.625] [HOST] INFO: [interp] worstZero hand=1,1962646528 zero=740 active=41050 seg=64
[15:48:48.625] [HOST] INFO: [combat] stats snap=6 slide=120 softWalk=701 order=62 wrongTgt=1 armed=1 maxPersist=6
[15:48:48.633] [HOST] INFO: [med] SEND hand=5,738159168 npc=1 blood=-5.7 bleed=0.00 fl=100.0,100.0,100.0,100.0 bd=0.0,0.0,0.0,0.0 flags=1 nparts=7 pmin=70.3 smin=0.0 ls=0,0,0,0
[15:48:48.637] [HOST] INFO: [med] SEND hand=1,1913818368 npc=0 blood=134.8 bleed=0.00 fl=100.0,100.0,100.0,100.0 bd=0.0,0.0,0.0,0.0 flags=0 nparts=7 pmin=39.5 smin=0.0 ls=0,0,0,0
[15:48:48.668] [HOST] INFO: [combat] snap hand=1,1962646528 drift=27.5 srcVel=15.9 localFight=0 wrongTgt=0 arming=0 wait=0 seg=64 n=7
[15:48:48.780] [HOST] INFO: [combat] order hand=1,1962646528 tgt=4,3396728576 localFight=1 r=2 wait=0 n=48
[15:48:49.037] [HOST] INFO: [med] SEND hand=1,1913818368 npc=0 blood=134.8 bleed=0.00 fl=100.0,100.0,100.0,100.0 bd=0.0,0.0,0.0,0.0 flags=0 nparts=7 pmin=39.6 smin=0.0 ls=0,0,0,0
[15:48:49.126] [HOST] INFO: [med] SEND hand=4,3396728576 npc=1 blood=0.5 bleed=0.00 fl=100.0,100.0,100.0,100.0 bd=0.0,0.0,0.0,0.0 flags=0 nparts=7 pmin=100.0 smin=0.0 ls=0,0,0,0
[15:48:49.335] [HOST] INFO: [med] SEND hand=6,1336791936 npc=1 blood=1.0 bleed=0.00 fl=100.0,100.0,100.0,100.0 bd=0.0,0.0,0.0,0.0 flags=0 nparts=7 pmin=100.0 smin=0.0 ls=0,0,0,0
[15:48:49.340] [HOST] INFO: [stats] RECV hand=1,1962646528 ok=1 str=74.6 dex=18.5 tough=77.3 stealth=61.0 athl=72.3 xp=0
[15:48:50.140] [HOST] INFO: [cam] hints recv n=1 p1=-31242,10356
[15:48:50.164] [HOST] INFO: [cam] center=-31631.1,1804.9,10843.5
[15:48:50.314] [HOST] INFO: [stats] RECV hand=1,1962646528 ok=1 str=74.6 dex=18.5 tough=77.3 stealth=61.0 athl=72.3 xp=0
[15:48:50.452] [HOST] INFO: [ai] suspended=0 driven=1
[15:48:50.484] [HOST] INFO: [combat] order hand=1,1962646528 tgt=7,29174804 localFight=1 r=2 wait=0 n=49
[15:48:50.485] [HOST] INFO: [fac] AFFECT-EV me='1305-gamedata.base' whom='204-gamedata.base' event=1 mult=0.025 after=-10.43 skipped=12
[15:48:50.663] [HOST] INFO: [inv] APPLY hand=1,2,1484619136,1,1962646528 items=13
[15:48:51.010] [HOST] INFO: [med] SEND hand=7,29174804 npc=1 blood=0.3 bleed=0.00 fl=100.0,100.0,100.0,100.0 bd=0.0,0.0,0.0,0.0 flags=0 nparts=7 pmin=100.0 smin=0.0 ls=0,0,0,0
[15:48:51.139] [HOST] INFO: [med] SEND hand=6,1336791936 npc=1 blood=1.1 bleed=0.00 fl=100.0,100.0,100.0,100.0 bd=0.0,0.0,0.0,0.0 flags=0 nparts=7 pmin=100.0 smin=0.0 ls=0,0,0,0
[15:48:51.151] [HOST] INFO: [med] SEND hand=3,1571044864 npc=1 blood=0.4 bleed=0.00 fl=100.0,100.0,100.0,100.0 bd=0.0,0.0,0.0,0.0 flags=1 nparts=7 pmin=70.8 smin=0.0 ls=0,0,0,0
[15:48:51.175] [HOST] INFO: [med] SEND hand=1,2949340928 npc=1 blood=0.3 bleed=0.00 fl=100.0,100.0,100.0,100.0 bd=0.0,0.0,0.0,0.0 flags=0 nparts=7 pmin=100.0 smin=0.0 ls=0,0,0,0
[15:48:52.000] [HOST] INFO: [combat] HIT RECV id=102 hand=6,1336791936 flesh=29.3 blood=10.2 applied=1
[15:48:52.000] [HOST] INFO: [combat] HIT RECV id=103 hand=7,29174804 flesh=29.3 blood=10.2 applied=1
[15:48:52.000] [HOST] INFO: [stats] RECV hand=1,1962646528 ok=1 str=74.6 dex=18.5 tough=77.3 stealth=61.0 athl=72.3 xp=0
[15:48:52.011] [HOST] INFO: [med] SEND hand=7,29174804 npc=1 blood=0.0 bleed=0.00 fl=100.0,100.0,100.0,100.0 bd=0.0,0.0,0.0,0.0 flags=0 nparts=7 pmin=0.0 smin=0.0 ls=0,0,0,0
[15:48:52.140] [HOST] INFO: [med] SEND hand=6,1336791936 npc=1 blood=0.0 bleed=0.00 fl=100.0,100.0,100.0,100.0 bd=0.0,0.0,0.0,0.0 flags=0 nparts=7 pmin=100.0 smin=0.0 ls=0,0,0,0
[15:48:52.395] [HOST] INFO: [combat] order hand=1,1962646528 tgt=1,2949340928 localFight=0 r=2 wait=0 n=50 seatbrk=1 forced=1
[15:48:52.637] [HOST] INFO: [med] SEND hand=5,738159168 npc=1 blood=-5.5 bleed=0.00 fl=100.0,100.0,100.0,100.0 bd=0.0,0.0,0.0,0.0 flags=1 nparts=7 pmin=70.3 smin=0.0 ls=0,0,0,0
[15:48:53.001] [HOST] INFO: [stats] RECV hand=1,1962646528 ok=1 str=74.6 dex=18.5 tough=77.3 stealth=61.0 athl=72.3 xp=0
[15:48:53.453] [HOST] INFO: [ai] suspended=0 driven=1
[15:48:53.625] [HOST] INFO: [interp] lerp=74242 extrap=8762 clamp=0 seg=0 single=136 snapSq=1 snapNpc=0 reissueSq=1573 reissueNpc=0 restFlip=0 delay=131 jit=18.1 starve=0 snapMid=0 restFlipMid=0
[15:48:53.625] [HOST] INFO: [interp] worstZero hand=1,1962646528 zero=740 active=41050 seg=67
[15:48:53.625] [HOST] INFO: [combat] stats snap=7 slide=126 softWalk=728 order=65 wrongTgt=1 armed=1 maxPersist=7
[15:48:53.713] [HOST] INFO: [med] SEND hand=3,1571044864 npc=1 blood=0.5 bleed=0.00 fl=100.0,100.0,100.0,100.0 bd=0.0,0.0,0.0,0.0 flags=1 nparts=7 pmin=70.8 smin=0.0 ls=0,0,0,0
[15:48:53.895] [HOST] INFO: [combat] order hand=1,1962646528 tgt=4,3396728576 localFight=1 r=2 wait=0 n=51
[15:48:54.002] [HOST] INFO: [combat] HIT RECV id=104 hand=4,3396728576 flesh=29.3 blood=10.2 applied=1
[15:48:54.002] [HOST] INFO: [combat] HIT RECV id=105 hand=6,1336791936 flesh=29.3 blood=10.2 applied=1
[15:48:54.002] [HOST] INFO: [stats] RECV hand=1,1962646528 ok=1 str=74.6 dex=18.5 tough=77.3 stealth=61.0 athl=72.3 xp=0
[15:48:54.006] [HOST] INFO: [med] SEND hand=4,3396728576 npc=1 blood=0.0 bleed=0.00 fl=100.0,100.0,100.0,100.0 bd=0.0,0.0,0.0,0.0 flags=0 nparts=7 pmin=0.0 smin=0.0 ls=0,0,0,0
[15:48:54.065] [HOST] INFO: [med] SEND hand=2,1934814464 npc=1 blood=0.3 bleed=0.00 fl=100.0,100.0,100.0,100.0 bd=0.0,0.0,0.0,0.0 flags=0 nparts=7 pmin=100.0 smin=0.0 ls=0,0,0,0
[15:48:54.391] [HOST] INFO: [med] SEND hand=5,738159168 npc=1 blood=-5.4 bleed=0.00 fl=100.0,100.0,100.0,100.0 bd=0.0,0.0,0.0,0.0 flags=1 nparts=7 pmin=70.3 smin=0.0 ls=0,0,0,0
[15:48:54.713] [HOST] INFO: [inv] SEND hand=1,1,3629760768,1,1913818368 kind=0 key=1,1,3629760768,1,1913818368 items=11 hash=3852448789
[15:48:54.934] [HOST] INFO: [stats] RECV hand=1,1962646528 ok=1 str=74.6 dex=18.5 tough=77.3 stealth=61.0 athl=72.3 xp=0
[15:48:55.164] [HOST] INFO: [cam] center=-31631.1,1804.9,10843.5
[15:48:55.396] [HOST] INFO: [combat] order hand=1,1962646528 tgt=2,1934814464 localFight=0 r=2 wait=0 n=52 seatbrk=1 forced=1
[15:48:55.690] [HOST] INFO: [med] SEND hand=1,2949340928 npc=1 blood=0.5 bleed=0.00 fl=100.0,100.0,100.0,100.0 bd=0.0,0.0,0.0,0.0 flags=0 nparts=7 pmin=100.0 smin=0.0 ls=0,0,0,0
[15:48:55.700] [HOST] INFO: [inv] APPLY hand=1,2,1484619136,1,1962646528 items=13
[15:48:55.809] [HOST] INFO: [med] SEND hand=1,1913818368 npc=0 blood=134.8 bleed=0.00 fl=100.0,100.0,100.0,100.0 bd=0.0,0.0,0.0,0.0 flags=0 nparts=7 pmin=40.0 smin=0.0 ls=0,0,0,0
[15:48:55.902] [HOST] INFO: [fac] AFFECT-EV me='1305-gamedata.base' whom='204-gamedata.base' event=1 mult=0.025 after=-10.44 skipped=15
[15:48:55.988] [HOST] INFO: [combat] HIT RECV id=106 hand=2,1934814464 flesh=29.3 blood=10.2 applied=1
[15:48:55.989] [HOST] INFO: [stats] RECV hand=1,1962646528 ok=1 str=74.6 dex=18.5 tough=77.3 stealth=61.0 athl=72.3 xp=0
[15:48:55.993] [HOST] INFO: [med] SEND hand=2,1934814464 npc=1 blood=0.0 bleed=0.00 fl=100.0,100.0,100.0,100.0 bd=0.0,0.0,0.0,0.0 flags=0 nparts=7 pmin=0.0 smin=0.0 ls=0,0,0,0
[15:48:56.204] [HOST] INFO: [cam] hints recv n=1 p1=-31242,10356
[15:48:56.212] [HOST] INFO: [med] SEND hand=1,1913818368 npc=0 blood=134.8 bleed=0.00 fl=100.0,100.0,100.0,100.0 bd=0.0,0.0,0.0,0.0 flags=0 nparts=7 pmin=40.0 smin=0.0 ls=0,0,0,0
[15:48:56.454] [HOST] INFO: [ai] suspended=0 driven=1
[15:48:56.612] [HOST] INFO: [med] SEND hand=1,1913818368 npc=0 blood=134.8 bleed=0.00 fl=100.0,100.0,100.0,100.0 bd=0.0,0.0,0.0,0.0 flags=0 nparts=7 pmin=40.1 smin=0.0 ls=0,0,0,0
[15:48:56.897] [HOST] INFO: [combat] order hand=1,1962646528 tgt=7,29174804 localFight=1 r=2 wait=0 n=53
[15:48:56.951] [HOST] INFO: [stats] RECV hand=1,1962646528 ok=1 str=74.6 dex=18.5 tough=77.3 stealth=61.0 athl=72.3 xp=0
[15:48:57.053] [HOST] INFO: [med] SEND hand=1,2949340928 npc=1 blood=0.6 bleed=0.00 fl=100.0,100.0,100.0,100.0 bd=0.0,0.0,0.0,0.0 flags=0 nparts=7 pmin=100.0 smin=0.0 ls=0,0,0,0
[15:48:57.715] [HOST] INFO: [med] SEND hand=3,1571044864 npc=1 blood=0.7 bleed=0.00 fl=100.0,100.0,100.0,100.0 bd=0.0,0.0,0.0,0.0 flags=1 nparts=7 pmin=70.8 smin=0.0 ls=0,0,0,0
[15:48:57.724] [HOST] INFO: [med] SEND hand=7,29174804 npc=1 blood=0.3 bleed=0.00 fl=100.0,100.0,100.0,100.0 bd=0.0,0.0,0.0,0.0 flags=0 nparts=7 pmin=100.0 smin=0.0 ls=0,0,0,0
[15:48:57.972] [HOST] INFO: [census] sent n=45 radius=2000 mid=15
[15:48:57.985] [HOST] INFO: [stats] RECV hand=1,1962646528 ok=1 str=74.6 dex=18.5 tough=77.3 stealth=61.0 athl=72.3 xp=0
[15:48:58.500] [HOST] INFO: [event] RECV id=3 ev=1 owner=1 hand=1,2,1484619136,1,1962646528 actor=0,0
[15:48:58.628] [HOST] INFO: [interp] lerp=75101 extrap=9057 clamp=0 seg=0 single=136 snapSq=1 snapNpc=0 reissueSq=1573 reissueNpc=0 restFlip=0 delay=200 jit=71.2 starve=0 snapMid=0 restFlipMid=0
[15:48:58.628] [HOST] INFO: [interp] worstZero hand=1,1962646528 zero=740 active=41050 seg=105
[15:48:58.628] [HOST] INFO: [combat] stats snap=7 slide=126 softWalk=737 order=68 wrongTgt=1 armed=1 maxPersist=7
[15:48:58.956] [HOST] INFO: [stats] RECV hand=1,1962646528 ok=1 str=74.6 dex=18.5 tough=77.3 stealth=61.0 athl=72.3 xp=0
[15:48:59.456] [HOST] INFO: [ai] suspended=0 driven=1
[15:48:59.479] [HOST] INFO: [med] SEND hand=4,3396728576 npc=1 blood=0.3 bleed=0.00 fl=100.0,100.0,100.0,100.0 bd=0.0,0.0,0.0,0.0 flags=0 nparts=7 pmin=100.0 smin=0.0 ls=0,0,0,0
[15:48:59.620] [HOST] INFO: [med] SEND hand=6,1336791936 npc=1 blood=0.3 bleed=0.00 fl=100.0,100.0,100.0,100.0 bd=0.0,0.0,0.0,0.0 flags=0 nparts=7 pmin=100.0 smin=0.0 ls=0,0,0,0
[15:48:59.961] [HOST] INFO: [med] SEND hand=5,738159168 npc=1 blood=-5.1 bleed=0.00 fl=100.0,100.0,100.0,100.0 bd=0.0,0.0,0.0,0.0 flags=1 nparts=7 pmin=70.3 smin=0.0 ls=0,0,0,0
[15:49:00.166] [HOST] INFO: [cam] center=-31226.2,1219.8,10366.2
[15:49:00.737] [HOST] INFO: [inv] APPLY hand=1,2,1484619136,1,1962646528 items=13
[15:49:01.324] [HOST] INFO: [med] SEND hand=2,1934814464 npc=1 blood=0.3 bleed=0.00 fl=100.0,100.0,100.0,100.0 bd=0.0,0.0,0.0,0.0 flags=0 nparts=7 pmin=100.0 smin=0.0 ls=0,0,0,0
[15:49:01.659] [HOST] INFO: [cam] hints recv n=1 p1=-31242,10356
[15:49:01.720] [HOST] INFO: [med] SEND hand=3,1571044864 npc=1 blood=0.9 bleed=0.00 fl=100.0,100.0,100.0,100.0 bd=0.0,0.0,0.0,0.0 flags=1 nparts=7 pmin=70.8 smin=0.0 ls=0,0,0,0
[15:49:01.979] [HOST] INFO: [med] SEND hand=7,29174804 npc=1 blood=0.5 bleed=0.00 fl=100.0,100.0,100.0,100.0 bd=0.0,0.0,0.0,0.0 flags=0 nparts=7 pmin=100.0 smin=0.0 ls=0,0,0,0
[15:49:02.160] [HOST] INFO: [med] SEND hand=5,738159168 npc=1 blood=-5.0 bleed=0.00 fl=100.0,100.0,100.0,100.0 bd=0.0,0.0,0.0,0.0 flags=1 nparts=7 pmin=70.3 smin=0.0 ls=0,0,0,0
[15:49:02.235] [HOST] INFO: [speed] REQ RECV owner=1 mult=5.00 paused=0 combat=0
[15:49:02.235] [HOST] INFO: [speed] SET mult=5.00 paused=0 combat=0 (my=5.00 p1=5.00)
[15:49:02.281] [HOST] INFO: [med] SEND hand=1,2949340928 npc=1 blood=0.8 bleed=0.00 fl=100.0,100.0,100.0,100.0 bd=0.0,0.0,0.0,0.0 flags=0 nparts=7 pmin=100.0 smin=0.0 ls=0,0,0,0
[15:49:02.370] [HOST] INFO: [med] SEND hand=1,1913818368 npc=0 blood=134.8 bleed=0.00 fl=100.0,100.0,100.0,100.0 bd=0.0,0.0,0.0,0.0 flags=0 nparts=7 pmin=40.5 smin=0.0 ls=0,0,0,0
[15:49:02.458] [HOST] INFO: [ai] suspended=0 driven=1
[15:49:02.543] [HOST] INFO: [med] SEND hand=6,1336791936 npc=1 blood=0.5 bleed=0.00 fl=100.0,100.0,100.0,100.0 bd=0.0,0.0,0.0,0.0 flags=0 nparts=7 pmin=100.0 smin=0.0 ls=0,0,0,0
[15:49:02.723] [HOST] INFO: [med] SEND hand=3,1571044864 npc=1 blood=1.1 bleed=0.00 fl=100.0,100.0,100.0,100.0 bd=0.0,0.0,0.0,0.0 flags=1 nparts=7 pmin=70.7 smin=0.0 ls=0,0,0,0
[15:49:02.769] [HOST] INFO: [med] SEND hand=1,1913818368 npc=0 blood=134.8 bleed=0.00 fl=100.0,100.0,100.0,100.0 bd=0.0,0.0,0.0,0.0 flags=0 nparts=7 pmin=40.6 smin=0.0 ls=0,0,0,0
[15:49:02.907] [HOST] INFO: [med] SEND hand=2,1934814464 npc=1 blood=0.5 bleed=0.00 fl=100.0,100.0,100.0,100.0 bd=0.0,0.0,0.0,0.0 flags=0 nparts=7 pmin=100.0 smin=0.0 ls=0,0,0,0
[15:49:02.982] [HOST] INFO: [med] SEND hand=7,29174804 npc=1 blood=0.7 bleed=0.00 fl=100.0,100.0,100.0,100.0 bd=0.0,0.0,0.0,0.0 flags=0 nparts=7 pmin=100.0 smin=0.0 ls=0,0,0,0
[15:49:03.161] [HOST] INFO: [med] SEND hand=5,738159168 npc=1 blood=-4.8 bleed=0.00 fl=100.0,100.0,100.0,100.0 bd=0.0,0.0,0.0,0.0 flags=1 nparts=7 pmin=70.3 smin=0.0 ls=0,0,0,0
[15:49:03.282] [HOST] INFO: [med] SEND hand=1,2949340928 npc=1 blood=1.1 bleed=0.00 fl=100.0,100.0,100.0,100.0 bd=0.0,0.0,0.0,0.0 flags=0 nparts=7 pmin=100.0 smin=0.0 ls=0,0,0,0
[15:49:03.479] [HOST] INFO: [med] SEND hand=4,3396728576 npc=1 blood=0.7 bleed=0.00 fl=100.0,100.0,100.0,100.0 bd=0.0,0.0,0.0,0.0 flags=0 nparts=7 pmin=100.0 smin=0.0 ls=0,0,0,0
[15:49:03.543] [HOST] INFO: [med] SEND hand=6,1336791936 npc=1 blood=0.8 bleed=0.00 fl=100.0,100.0,100.0,100.0 bd=0.0,0.0,0.0,0.0 flags=0 nparts=7 pmin=100.0 smin=0.0 ls=0,0,0,0
[15:49:03.630] [HOST] INFO: [interp] lerp=76298 extrap=9322 clamp=0 seg=0 single=136 snapSq=1 snapNpc=0 reissueSq=1573 reissueNpc=0 restFlip=0 delay=200 jit=56.1 starve=0 snapMid=0 restFlipMid=0
[15:49:03.630] [HOST] INFO: [interp] worstZero hand=1,1962646528 zero=740 active=41050 seg=67
[15:49:03.630] [HOST] INFO: [combat] stats snap=7 slide=126 softWalk=737 order=68 wrongTgt=1 armed=1 maxPersist=7
[15:49:03.724] [HOST] INFO: [med] SEND hand=1,1913818368 npc=0 blood=134.8 bleed=0.00 fl=100.0,100.0,100.0,100.0 bd=0.0,0.0,0.0,0.0 flags=0 nparts=7 pmin=41.0 smin=0.0 ls=0,0,0,0
[15:49:03.724] [HOST] INFO: [med] SEND hand=3,1571044864 npc=1 blood=1.3 bleed=0.00 fl=100.0,100.0,100.0,100.0 bd=0.0,0.0,0.0,0.0 flags=1 nparts=7 pmin=70.7 smin=0.0 ls=0,0,0,0
[15:49:03.908] [HOST] INFO: [med] SEND hand=2,1934814464 npc=1 blood=0.8 bleed=0.00 fl=100.0,100.0,100.0,100.0 bd=0.0,0.0,0.0,0.0 flags=0 nparts=7 pmin=100.0 smin=0.0 ls=0,0,0,0
[15:49:03.957] [HOST] INFO: [stats] RECV hand=1,1962646528 ok=1 str=74.6 dex=18.5 tough=77.3 stealth=61.0 athl=72.3 xp=0
[15:49:03.984] [HOST] INFO: [med] SEND hand=7,29174804 npc=1 blood=1.0 bleed=0.00 fl=100.0,100.0,100.0,100.0 bd=0.0,0.0,0.0,0.0 flags=0 nparts=7 pmin=100.0 smin=0.0 ls=0,0,0,0
[15:49:04.124] [HOST] INFO: [med] SEND hand=1,1913818368 npc=0 blood=134.8 bleed=0.00 fl=100.0,100.0,100.0,100.0 bd=0.0,0.0,0.0,0.0 flags=0 nparts=7 pmin=41.1 smin=0.0 ls=0,0,0,0
[15:49:04.164] [HOST] INFO: [med] SEND hand=5,738159168 npc=1 blood=-4.5 bleed=0.00 fl=100.0,100.0,100.0,100.0 bd=0.0,0.0,0.0,0.0 flags=1 nparts=7 pmin=70.3 smin=0.0 ls=0,0,0,0
[15:49:04.282] [HOST] INFO: [med] SEND hand=1,2949340928 npc=1 blood=1.4 bleed=0.00 fl=100.0,100.0,100.0,100.0 bd=0.0,0.0,0.0,0.0 flags=0 nparts=7 pmin=100.0 smin=0.0 ls=0,0,0,0
[15:49:04.479] [HOST] INFO: [med] SEND hand=4,3396728576 npc=1 blood=1.0 bleed=0.00 fl=100.0,100.0,100.0,100.0 bd=0.0,0.0,0.0,0.0 flags=0 nparts=7 pmin=100.0 smin=0.0 ls=0,0,0,0
[15:49:04.545] [HOST] INFO: [med] SEND hand=6,1336791936 npc=1 blood=1.0 bleed=0.00 fl=100.0,100.0,100.0,100.0 bd=0.0,0.0,0.0,0.0 flags=0 nparts=7 pmin=100.0 smin=0.0 ls=0,0,0,0
[15:49:04.726] [HOST] INFO: [med] SEND hand=3,1571044864 npc=1 blood=1.6 bleed=0.00 fl=100.0,100.0,100.0,100.0 bd=0.0,0.0,0.0,0.0 flags=1 nparts=7 pmin=70.7 smin=0.0 ls=0,0,0,0
[15:49:04.909] [HOST] INFO: [med] SEND hand=2,1934814464 npc=1 blood=1.0 bleed=0.00 fl=100.0,100.0,100.0,100.0 bd=0.0,0.0,0.0,0.0 flags=0 nparts=7 pmin=100.0 smin=0.0 ls=0,0,0,0
[15:49:04.985] [HOST] INFO: [med] SEND hand=7,29174804 npc=1 blood=1.2 bleed=0.00 fl=100.0,100.0,100.0,100.0 bd=0.0,0.0,0.0,0.0 flags=0 nparts=7 pmin=100.0 smin=0.0 ls=0,0,0,0
[15:49:05.087] [HOST] INFO: [med] SEND hand=1,1913818368 npc=0 blood=134.8 bleed=0.00 fl=100.0,100.0,100.0,100.0 bd=0.0,0.0,0.0,0.0 flags=0 nparts=7 pmin=41.5 smin=0.0 ls=0,0,0,0
[15:49:05.164] [HOST] INFO: [med] SEND hand=5,738159168 npc=1 blood=-4.2 bleed=0.00 fl=100.0,100.0,100.0,100.0 bd=0.0,0.0,0.0,0.0 flags=1 nparts=7 pmin=70.3 smin=0.0 ls=0,0,0,0
[15:49:05.164] [HOST] INFO: [cam] center=-31219.5,1214.4,10361.2
[15:49:05.282] [HOST] INFO: [med] SEND hand=1,2949340928 npc=1 blood=1.6 bleed=0.00 fl=100.0,100.0,100.0,100.0 bd=0.0,0.0,0.0,0.0 flags=0 nparts=7 pmin=100.0 smin=0.0 ls=0,0,0,0
[15:49:05.461] [HOST] INFO: [ai] suspended=0 driven=1
[15:49:05.478] [HOST] INFO: [med] SEND hand=4,3396728576 npc=1 blood=1.3 bleed=0.00 fl=100.0,100.0,100.0,100.0 bd=0.0,0.0,0.0,0.0 flags=0 nparts=7 pmin=100.0 smin=0.0 ls=0,0,0,0
[15:49:05.488] [HOST] INFO: [med] SEND hand=1,1913818368 npc=0 blood=134.8 bleed=0.00 fl=100.0,100.0,100.0,100.0 bd=0.0,0.0,0.0,0.0 flags=0 nparts=7 pmin=41.6 smin=0.0 ls=0,0,0,0
[15:49:05.544] [HOST] INFO: [med] SEND hand=6,1336791936 npc=1 blood=1.3 bleed=0.00 fl=100.0,100.0,100.0,100.0 bd=0.0,0.0,0.0,0.0 flags=0 nparts=7 pmin=100.0 smin=0.0 ls=0,0,0,0
[15:49:05.655] [HOST] INFO: [inv] APPLY hand=1,2,1484619136,1,1962646528 items=13
[15:49:05.727] [HOST] INFO: [med] SEND hand=3,1571044864 npc=1 blood=1.9 bleed=0.00 fl=100.0,100.0,100.0,100.0 bd=0.0,0.0,0.0,0.0 flags=1 nparts=7 pmin=70.7 smin=0.0 ls=0,0,0,0
[15:49:05.911] [HOST] INFO: [med] SEND hand=2,1934814464 npc=1 blood=1.3 bleed=0.00 fl=100.0,100.0,100.0,100.0 bd=0.0,0.0,0.0,0.0 flags=0 nparts=7 pmin=100.0 smin=0.0 ls=0,0,0,0
[15:49:05.986] [HOST] INFO: [med] SEND hand=7,29174804 npc=1 blood=1.5 bleed=0.00 fl=100.0,100.0,100.0,100.0 bd=0.0,0.0,0.0,0.0 flags=0 nparts=7 pmin=100.0 smin=0.0 ls=0,0,0,0
[15:49:06.165] [HOST] INFO: [med] SEND hand=5,738159168 npc=1 blood=-3.9 bleed=0.00 fl=100.0,100.0,100.0,100.0 bd=0.0,0.0,0.0,0.0 flags=1 nparts=7 pmin=70.2 smin=0.0 ls=0,0,0,0
[15:49:06.282] [HOST] INFO: [med] SEND hand=1,2949340928 npc=1 blood=1.9 bleed=0.00 fl=100.0,100.0,100.0,100.0 bd=0.0,0.0,0.0,0.0 flags=0 nparts=7 pmin=100.0 smin=0.0 ls=0,0,0,0
[15:49:06.459] [HOST] INFO: [med] SEND hand=1,1913818368 npc=0 blood=134.8 bleed=0.00 fl=100.0,100.0,100.0,100.0 bd=0.0,0.0,0.0,0.0 flags=0 nparts=7 pmin=42.0 smin=0.0 ls=0,0,0,0
[15:49:06.479] [HOST] INFO: [med] SEND hand=4,3396728576 npc=1 blood=1.5 bleed=0.00 fl=100.0,100.0,100.0,100.0 bd=0.0,0.0,0.0,0.0 flags=0 nparts=7 pmin=100.0 smin=0.0 ls=0,0,0,0
[15:49:06.545] [HOST] INFO: [med] SEND hand=6,1336791936 npc=1 blood=1.6 bleed=0.00 fl=100.0,100.0,100.0,100.0 bd=0.0,0.0,0.0,0.0 flags=0 nparts=7 pmin=100.0 smin=0.0 ls=0,0,0,0
[15:49:06.726] [HOST] INFO: [med] SEND hand=3,1571044864 npc=1 blood=2.1 bleed=0.00 fl=100.0,100.0,100.0,100.0 bd=0.0,0.0,0.0,0.0 flags=1 nparts=7 pmin=70.7 smin=0.0 ls=0,0,0,0
[15:49:06.914] [HOST] INFO: [med] SEND hand=2,1934814464 npc=1 blood=1.6 bleed=0.00 fl=100.0,100.0,100.0,100.0 bd=0.0,0.0,0.0,0.0 flags=0 nparts=7 pmin=100.0 smin=0.0 ls=0,0,0,0
[15:49:06.987] [HOST] INFO: [med] SEND hand=7,29174804 npc=1 blood=1.8 bleed=0.00 fl=100.0,100.0,100.0,100.0 bd=0.0,0.0,0.0,0.0 flags=0 nparts=7 pmin=100.0 smin=0.0 ls=0,0,0,0
[15:49:07.140] [HOST] INFO: [cam] hints recv n=1 p1=-31215,10303
[15:49:07.165] [HOST] INFO: [med] SEND hand=5,738159168 npc=1 blood=-3.7 bleed=0.00 fl=100.0,100.0,100.0,100.0 bd=0.0,0.0,0.0,0.0 flags=1 nparts=7 pmin=70.2 smin=0.0 ls=0,0,0,0
[15:49:07.284] [HOST] INFO: [med] SEND hand=1,2949340928 npc=1 blood=2.2 bleed=0.00 fl=100.0,100.0,100.0,100.0 bd=0.0,0.0,0.0,0.0 flags=0 nparts=7 pmin=100.0 smin=0.0 ls=0,0,0,0
[15:49:07.481] [HOST] INFO: [med] SEND hand=4,3396728576 npc=1 blood=1.8 bleed=0.00 fl=100.0,100.0,100.0,100.0 bd=0.0,0.0,0.0,0.0 flags=0 nparts=7 pmin=100.0 smin=0.0 ls=0,0,0,0
[15:49:07.546] [HOST] INFO: [med] SEND hand=6,1336791936 npc=1 blood=1.8 bleed=0.00 fl=100.0,100.0,100.0,100.0 bd=0.0,0.0,0.0,0.0 flags=0 nparts=7 pmin=100.0 smin=0.0 ls=0,0,0,0
[15:49:07.727] [HOST] INFO: [med] SEND hand=3,1571044864 npc=1 blood=2.4 bleed=0.00 fl=100.0,100.0,100.0,100.0 bd=0.0,0.0,0.0,0.0 flags=1 nparts=7 pmin=70.7 smin=0.0 ls=0,0,0,0
[15:49:07.915] [HOST] INFO: [med] SEND hand=2,1934814464 npc=1 blood=1.8 bleed=0.00 fl=100.0,100.0,100.0,100.0 bd=0.0,0.0,0.0,0.0 flags=0 nparts=7 pmin=100.0 smin=0.0 ls=0,0,0,0
[15:49:07.984] [HOST] INFO: [census] sent n=45 radius=2000 mid=20
[15:49:07.988] [HOST] INFO: [med] SEND hand=1,1913818368 npc=0 blood=134.8 bleed=0.00 fl=100.0,100.0,100.0,100.0 bd=0.0,0.0,0.0,0.0 flags=0 nparts=7 pmin=42.5 smin=0.0 ls=0,0,0,0
[15:49:07.988] [HOST] INFO: [med] SEND hand=7,29174804 npc=1 blood=2.0 bleed=0.00 fl=100.0,100.0,100.0,100.0 bd=0.0,0.0,0.0,0.0 flags=0 nparts=7 pmin=100.0 smin=0.0 ls=0,0,0,0
[15:49:08.165] [HOST] INFO: [med] SEND hand=5,738159168 npc=1 blood=-3.5 bleed=0.00 fl=100.0,100.0,100.0,100.0 bd=0.0,0.0,0.0,0.0 flags=1 nparts=7 pmin=70.2 smin=0.0 ls=0,0,0,0
[15:49:08.286] [HOST] INFO: [med] SEND hand=1,2949340928 npc=1 blood=2.4 bleed=0.00 fl=100.0,100.0,100.0,100.0 bd=0.0,0.0,0.0,0.0 flags=0 nparts=7 pmin=100.0 smin=0.0 ls=0,0,0,0
[15:49:08.463] [HOST] INFO: [ai] suspended=0 driven=1
[15:49:08.480] [HOST] INFO: [med] SEND hand=4,3396728576 npc=1 blood=2.0 bleed=0.00 fl=100.0,100.0,100.0,100.0 bd=0.0,0.0,0.0,0.0 flags=0 nparts=7 pmin=100.0 smin=0.0 ls=0,0,0,0
[15:49:08.632] [HOST] INFO: [interp] lerp=77210 extrap=9699 clamp=0 seg=0 single=136 snapSq=1 snapNpc=0 reissueSq=1573 reissueNpc=0 restFlip=0 delay=200 jit=99.6 starve=0 snapMid=0 restFlipMid=0
[15:49:08.632] [HOST] INFO: [interp] worstZero hand=1,1962646528 zero=740 active=41050 seg=65
[15:49:08.632] [HOST] INFO: [combat] stats snap=7 slide=126 softWalk=737 order=68 wrongTgt=1 armed=1 maxPersist=7
[15:49:08.729] [HOST] INFO: [med] SEND hand=3,1571044864 npc=1 blood=2.6 bleed=0.00 fl=100.0,100.0,100.0,100.0 bd=0.0,0.0,0.0,0.0 flags=1 nparts=7 pmin=70.7 smin=0.0 ls=0,0,0,0
[15:49:09.016] [HOST] INFO: [stats] RECV hand=1,1962646528 ok=1 str=74.6 dex=18.5 tough=77.3 stealth=61.0 athl=72.3 xp=0
[15:49:09.165] [HOST] INFO: [med] SEND hand=5,738159168 npc=1 blood=-3.2 bleed=0.00 fl=100.0,100.0,100.0,100.0 bd=0.0,0.0,0.0,0.0 flags=1 nparts=7 pmin=70.2 smin=0.0 ls=0,0,0,0
[15:49:09.491] [HOST] INFO: [med] SEND hand=1,1913818368 npc=0 blood=134.8 bleed=0.00 fl=100.0,100.0,100.0,100.0 bd=0.0,0.0,0.0,0.0 flags=0 nparts=7 pmin=43.0 smin=0.0 ls=0,0,0,0
[15:49:09.731] [HOST] INFO: [med] SEND hand=3,1571044864 npc=1 blood=2.8 bleed=0.00 fl=100.0,100.0,100.0,100.0 bd=0.0,0.0,0.0,0.0 flags=1 nparts=7 pmin=70.6 smin=0.0 ls=0,0,0,0
[15:49:10.165] [HOST] INFO: [med] SEND hand=5,738159168 npc=1 blood=-3.0 bleed=0.00 fl=100.0,100.0,100.0,100.0 bd=0.0,0.0,0.0,0.0 flags=1 nparts=7 pmin=70.2 smin=0.0 ls=0,0,0,0
[15:49:10.166] [HOST] INFO: [cam] center=-31629.4,1816.9,10838.6
[15:49:10.707] [HOST] INFO: [inv] APPLY hand=1,2,1484619136,1,1962646528 items=13
[15:49:10.731] [HOST] INFO: [med] SEND hand=3,1571044864 npc=1 blood=3.1 bleed=0.00 fl=100.0,100.0,100.0,100.0 bd=0.0,0.0,0.0,0.0 flags=1 nparts=7 pmin=70.6 smin=0.0 ls=0,0,0,0
[15:49:11.002] [HOST] INFO: [med] SEND hand=1,1913818368 npc=0 blood=134.8 bleed=0.00 fl=100.0,100.0,100.0,100.0 bd=0.0,0.0,0.0,0.0 flags=0 nparts=7 pmin=43.5 smin=0.0 ls=0,0,0,0
[15:49:11.166] [HOST] INFO: [med] SEND hand=5,738159168 npc=1 blood=-2.7 bleed=0.00 fl=100.0,100.0,100.0,100.0 bd=0.0,0.0,0.0,0.0 flags=1 nparts=7 pmin=70.2 smin=0.0 ls=0,0,0,0
[15:49:11.467] [HOST] INFO: [ai] suspended=0 driven=1
[15:49:11.712] [HOST] INFO: [event] RECV id=4 ev=3 owner=1 hand=1,2,1484619136,1,1962646528 actor=0,0
[15:49:11.733] [HOST] INFO: [med] SEND hand=3,1571044864 npc=1 blood=3.3 bleed=0.00 fl=100.0,100.0,100.0,100.0 bd=0.0,0.0,0.0,0.0 flags=1 nparts=7 pmin=70.6 smin=0.0 ls=0,0,0,0
[15:49:12.168] [HOST] INFO: [med] SEND hand=5,738159168 npc=1 blood=-2.5 bleed=0.00 fl=100.0,100.0,100.0,100.0 bd=0.0,0.0,0.0,0.0 flags=1 nparts=7 pmin=70.1 smin=0.0 ls=0,0,0,0
[15:49:12.360] [HOST] INFO: [cam] hints recv n=1 p1=-31215,10303
[15:49:12.512] [HOST] INFO: [med] SEND hand=1,1913818368 npc=0 blood=134.8 bleed=0.00 fl=100.0,100.0,100.0,100.0 bd=0.0,0.0,0.0,0.0 flags=0 nparts=7 pmin=44.0 smin=0.0 ls=0,0,0,0
[15:49:12.733] [HOST] INFO: [med] SEND hand=3,1571044864 npc=1 blood=3.6 bleed=0.00 fl=100.0,100.0,100.0,100.0 bd=0.0,0.0,0.0,0.0 flags=1 nparts=7 pmin=70.6 smin=0.0 ls=0,0,0,0
[15:49:13.168] [HOST] INFO: [med] SEND hand=5,738159168 npc=1 blood=-2.3 bleed=0.00 fl=100.0,100.0,100.0,100.0 bd=0.0,0.0,0.0,0.0 flags=1 nparts=7 pmin=70.1 smin=0.0 ls=0,0,0,0
[15:49:13.636] [HOST] INFO: [interp] lerp=78226 extrap=9818 clamp=0 seg=0 single=136 snapSq=1 snapNpc=0 reissueSq=1573 reissueNpc=0 restFlip=0 delay=200 jit=56.1 starve=0 snapMid=0 restFlipMid=0
[15:49:13.636] [HOST] INFO: [interp] worstZero hand=1,1962646528 zero=740 active=41050 seg=61
[15:49:13.636] [HOST] INFO: [combat] stats snap=7 slide=126 softWalk=737 order=68 wrongTgt=1 armed=0 maxPersist=7
[15:49:13.738] [HOST] INFO: [med] SEND hand=3,1571044864 npc=1 blood=3.8 bleed=0.00 fl=100.0,100.0,100.0,100.0 bd=0.0,0.0,0.0,0.0 flags=1 nparts=7 pmin=70.6 smin=0.0 ls=0,0,0,0
[15:49:14.027] [HOST] INFO: [med] SEND hand=1,1913818368 npc=0 blood=134.8 bleed=0.00 fl=100.0,100.0,100.0,100.0 bd=0.0,0.0,0.0,0.0 flags=0 nparts=7 pmin=44.5 smin=0.0 ls=0,0,0,0
[15:49:14.169] [HOST] INFO: [med] SEND hand=5,738159168 npc=1 blood=-2.0 bleed=0.00 fl=100.0,100.0,100.0,100.0 bd=0.0,0.0,0.0,0.0 flags=1 nparts=7 pmin=70.1 smin=0.0 ls=0,0,0,0
[15:49:14.282] [HOST] INFO: [stats] RECV hand=1,1962646528 ok=1 str=74.6 dex=18.5 tough=77.3 stealth=61.0 athl=72.3 xp=0
[15:49:14.470] [HOST] INFO: [ai] suspended=1 driven=1
[15:49:14.716] [HOST] INFO: [seatres] HOST task=98 npc=3,185668944 subj=2138,3051513600 ok=1 npcpos=-31633.6,10846.0 subjpos=-31638.4,10859.6 d=14.4
[15:49:14.741] [HOST] INFO: [med] SEND hand=3,1571044864 npc=1 blood=4.1 bleed=0.00 fl=100.0,100.0,100.0,100.0 bd=0.0,0.0,0.0,0.0 flags=1 nparts=7 pmin=70.6 smin=0.0 ls=0,0,0,0
[15:49:15.167] [HOST] INFO: [cam] center=-31629.4,1816.9,10838.6
[15:49:15.172] [HOST] INFO: [med] SEND hand=5,738159168 npc=1 blood=-1.8 bleed=0.00 fl=100.0,100.0,100.0,100.0 bd=0.0,0.0,0.0,0.0 flags=1 nparts=7 pmin=70.1 smin=0.0 ls=0,0,0,0
[15:49:15.316] [HOST] INFO: [stats] RECV hand=1,1962646528 ok=1 str=74.6 dex=18.5 tough=77.3 stealth=61.0 athl=72.3 xp=0
[15:49:15.491] [HOST] INFO: [med] SEND hand=1,1913818368 npc=0 blood=134.8 bleed=0.00 fl=100.0,100.0,100.0,100.0 bd=0.0,0.0,0.0,0.0 flags=0 nparts=7 pmin=45.0 smin=0.0 ls=0,0,0,0
[15:49:15.571] [HOST] INFO: [seatres] HOST task=98 npc=2,3346679808 subj=2138,3051513600 ok=1 npcpos=-31638.5,10859.9 subjpos=-31638.4,10859.6 d=0.4
[15:49:15.708] [HOST] INFO: [seatres] HOST task=98 npc=4,1789306624 subj=2137,2984008704 ok=1 npcpos=-31572.0,10866.5 subjpos=-31571.9,10866.7 d=0.2
[15:49:15.745] [HOST] INFO: [med] SEND hand=3,1571044864 npc=1 blood=4.3 bleed=0.00 fl=100.0,100.0,100.0,100.0 bd=0.0,0.0,0.0,0.0 flags=1 nparts=7 pmin=70.6 smin=0.0 ls=0,0,0,0
[15:49:15.787] [HOST] INFO: [inv] APPLY hand=1,2,1484619136,1,1962646528 items=13
[15:49:16.172] [HOST] INFO: [med] SEND hand=5,738159168 npc=1 blood=-1.5 bleed=0.00 fl=100.0,100.0,100.0,100.0 bd=0.0,0.0,0.0,0.0 flags=1 nparts=7 pmin=70.1 smin=0.0 ls=0,0,0,0
[15:49:16.748] [HOST] INFO: [med] SEND hand=3,1571044864 npc=1 blood=4.6 bleed=0.00 fl=100.0,100.0,100.0,100.0 bd=0.0,0.0,0.0,0.0 flags=1 nparts=7 pmin=70.5 smin=0.0 ls=0,0,0,0
[15:49:16.951] [HOST] INFO: [med] SEND hand=1,1913818368 npc=0 blood=134.8 bleed=0.00 fl=100.0,100.0,100.0,100.0 bd=0.0,0.0,0.0,0.0 flags=0 nparts=7 pmin=45.5 smin=0.0 ls=0,0,0,0
[15:49:17.173] [HOST] INFO: [med] SEND hand=5,738159168 npc=1 blood=-1.3 bleed=0.00 fl=100.0,100.0,100.0,100.0 bd=0.0,0.0,0.0,0.0 flags=1 nparts=7 pmin=70.1 smin=0.0 ls=0,0,0,0
[15:49:17.471] [HOST] INFO: [ai] suspended=1 driven=1
[15:49:17.748] [HOST] INFO: [med] SEND hand=3,1571044864 npc=1 blood=4.8 bleed=0.00 fl=100.0,100.0,100.0,100.0 bd=0.0,0.0,0.0,0.0 flags=1 nparts=7 pmin=70.5 smin=0.0 ls=0,0,0,0
[15:49:17.997] [HOST] INFO: [census] sent n=45 radius=2000 mid=19
[15:49:18.174] [HOST] INFO: [med] SEND hand=5,738159168 npc=1 blood=-1.0 bleed=0.00 fl=100.0,100.0,100.0,100.0 bd=0.0,0.0,0.0,0.0 flags=1 nparts=7 pmin=70.1 smin=0.0 ls=0,0,0,0
[15:49:18.205] [HOST] INFO: [cam] hints recv n=1 p1=-31303,10651
[15:49:18.402] [HOST] INFO: [med] SEND hand=1,1913818368 npc=0 blood=134.8 bleed=0.00 fl=100.0,100.0,100.0,100.0 bd=0.0,0.0,0.0,0.0 flags=0 nparts=7 pmin=46.0 smin=0.0 ls=0,0,0,0
[15:49:18.638] [HOST] INFO: [interp] lerp=79084 extrap=10078 clamp=0 seg=0 single=136 snapSq=1 snapNpc=0 reissueSq=1607 reissueNpc=0 restFlip=0 delay=199 jit=42.4 starve=0 snapMid=0 restFlipMid=0
[15:49:18.638] [HOST] INFO: [interp] worstZero hand=1,1962646528 zero=743 active=41906 seg=68
[15:49:18.638] [HOST] INFO: [combat] stats snap=7 slide=126 softWalk=737 order=68 wrongTgt=1 armed=0 maxPersist=7
[15:49:18.752] [HOST] INFO: [med] SEND hand=3,1571044864 npc=1 blood=5.1 bleed=0.00 fl=100.0,100.0,100.0,100.0 bd=0.0,0.0,0.0,0.0 flags=1 nparts=7 pmin=70.5 smin=0.0 ls=0,0,0,0
[15:49:19.177] [HOST] INFO: [med] SEND hand=5,738159168 npc=1 blood=-0.8 bleed=0.00 fl=100.0,100.0,100.0,100.0 bd=0.0,0.0,0.0,0.0 flags=1 nparts=7 pmin=70.0 smin=0.0 ls=0,0,0,0
[15:49:19.752] [HOST] INFO: [med] SEND hand=3,1571044864 npc=1 blood=5.3 bleed=0.00 fl=100.0,100.0,100.0,100.0 bd=0.0,0.0,0.0,0.0 flags=1 nparts=7 pmin=70.5 smin=0.0 ls=0,0,0,0
[15:49:19.857] [HOST] INFO: [med] SEND hand=1,1913818368 npc=0 blood=134.8 bleed=0.00 fl=100.0,100.0,100.0,100.0 bd=0.0,0.0,0.0,0.0 flags=0 nparts=7 pmin=46.5 smin=0.0 ls=0,0,0,0
[15:49:20.167] [HOST] INFO: [cam] center=-31629.4,1816.9,10838.6
[15:49:20.179] [HOST] INFO: [med] SEND hand=5,738159168 npc=1 blood=-0.5 bleed=0.00 fl=100.0,100.0,100.0,100.0 bd=0.0,0.0,0.0,0.0 flags=1 nparts=7 pmin=70.0 smin=0.0 ls=0,0,0,0
[15:49:20.344] [HOST] INFO: [stats] RECV hand=1,1962646528 ok=1 str=74.6 dex=18.5 tough=77.3 stealth=61.0 athl=72.4 xp=0
[15:49:20.477] [HOST] INFO: [ai] suspended=1 driven=1
[15:49:20.687] [HOST] INFO: [inv] APPLY hand=1,2,1484619136,1,1962646528 items=13
[15:49:20.752] [HOST] INFO: [med] SEND hand=3,1571044864 npc=1 blood=5.6 bleed=0.00 fl=100.0,100.0,100.0,100.0 bd=0.0,0.0,0.0,0.0 flags=1 nparts=7 pmin=70.5 smin=0.0 ls=0,0,0,0
[15:49:21.181] [HOST] INFO: [med] SEND hand=5,738159168 npc=1 blood=-0.3 bleed=0.00 fl=100.0,100.0,100.0,100.0 bd=0.0,0.0,0.0,0.0 flags=1 nparts=7 pmin=70.0 smin=0.0 ls=0,0,0,0
[15:49:21.316] [HOST] INFO: [med] SEND hand=1,1913818368 npc=0 blood=134.8 bleed=0.00 fl=100.0,100.0,100.0,100.0 bd=0.0,0.0,0.0,0.0 flags=0 nparts=7 pmin=47.0 smin=0.0 ls=0,0,0,0
[15:49:21.316] [HOST] INFO: [stats] RECV hand=1,1962646528 ok=1 str=74.6 dex=18.5 tough=77.3 stealth=61.0 athl=72.4 xp=0
[15:49:21.756] [HOST] INFO: [med] SEND hand=3,1571044864 npc=1 blood=5.8 bleed=0.00 fl=100.0,100.0,100.0,100.0 bd=0.0,0.0,0.0,0.0 flags=1 nparts=7 pmin=70.5 smin=0.0 ls=0,0,0,0
[15:49:22.183] [HOST] INFO: [med] SEND hand=5,738159168 npc=1 blood=-0.0 bleed=0.00 fl=100.0,100.0,100.0,100.0 bd=0.0,0.0,0.0,0.0 flags=1 nparts=7 pmin=70.0 smin=0.0 ls=0,0,0,0
[15:49:22.759] [HOST] INFO: [med] SEND hand=1,1913818368 npc=0 blood=134.8 bleed=0.00 fl=100.0,100.0,100.0,100.0 bd=0.0,0.0,0.0,0.0 flags=0 nparts=7 pmin=47.5 smin=0.0 ls=0,0,0,0
[15:49:22.759] [HOST] INFO: [med] SEND hand=3,1571044864 npc=1 blood=6.1 bleed=0.00 fl=100.0,100.0,100.0,100.0 bd=0.0,0.0,0.0,0.0 flags=1 nparts=7 pmin=70.4 smin=0.0 ls=0,0,0,0
[15:49:23.160] [HOST] INFO: [med] SEND hand=1,1913818368 npc=0 blood=134.8 bleed=0.00 fl=100.0,100.0,100.0,100.0 bd=0.0,0.0,0.0,0.0 flags=0 nparts=7 pmin=47.6 smin=0.0 ls=0,0,0,0
[15:49:23.185] [HOST] INFO: [med] SEND hand=5,738159168 npc=1 blood=0.2 bleed=0.00 fl=100.0,100.0,100.0,100.0 bd=0.0,0.0,0.0,0.0 flags=1 nparts=7 pmin=70.0 smin=0.0 ls=0,0,0,0
[15:49:23.480] [HOST] INFO: [ai] suspended=1 driven=1
[15:49:23.548] [HOST] INFO: [cam] hints recv n=1 p1=-31606,10786
[15:49:23.641] [HOST] INFO: [interp] lerp=79804 extrap=10449 clamp=0 seg=65 single=136 snapSq=1 snapNpc=0 reissueSq=1639 reissueNpc=0 restFlip=0 delay=200 jit=121.1 starve=0 snapMid=0 restFlipMid=0
[15:49:23.641] [HOST] INFO: [interp] worstZero hand=1,1962646528 zero=808 active=43062 seg=83
[15:49:23.641] [HOST] INFO: [combat] stats snap=7 slide=126 softWalk=737 order=68 wrongTgt=1 armed=0 maxPersist=7
[15:49:23.761] [HOST] INFO: [med] SEND hand=3,1571044864 npc=1 blood=6.3 bleed=0.00 fl=100.0,100.0,100.0,100.0 bd=0.0,0.0,0.0,0.0 flags=1 nparts=7 pmin=70.4 smin=0.0 ls=0,0,0,0
[15:49:24.185] [HOST] INFO: [med] SEND hand=5,738159168 npc=1 blood=0.5 bleed=0.00 fl=100.0,100.0,100.0,100.0 bd=0.0,0.0,0.0,0.0 flags=1 nparts=7 pmin=70.0 smin=0.0 ls=0,0,0,0
[15:49:24.215] [HOST] INFO: [med] SEND hand=1,1913818368 npc=0 blood=134.8 bleed=0.00 fl=100.0,100.0,100.0,100.0 bd=0.0,0.0,0.0,0.0 flags=0 nparts=7 pmin=48.0 smin=0.0 ls=0,0,0,0
[15:49:24.617] [HOST] INFO: [med] SEND hand=1,1913818368 npc=0 blood=134.8 bleed=0.00 fl=100.0,100.0,100.0,100.0 bd=0.0,0.0,0.0,0.0 flags=0 nparts=7 pmin=48.1 smin=0.0 ls=0,0,0,0
[15:49:24.761] [HOST] INFO: [med] SEND hand=3,1571044864 npc=1 blood=6.6 bleed=0.00 fl=100.0,100.0,100.0,100.0 bd=0.0,0.0,0.0,0.0 flags=1 nparts=7 pmin=70.4 smin=0.0 ls=0,0,0,0
[15:49:25.163] [HOST] INFO: [cam] center=-31629.4,1816.9,10838.6
[15:49:25.187] [HOST] INFO: [med] SEND hand=5,738159168 npc=1 blood=0.7 bleed=0.00 fl=100.0,100.0,100.0,100.0 bd=0.0,0.0,0.0,0.0 flags=1 nparts=7 pmin=69.9 smin=0.0 ls=0,0,0,0
[15:49:25.682] [HOST] INFO: [med] SEND hand=1,1913818368 npc=0 blood=134.8 bleed=0.00 fl=100.0,100.0,100.0,100.0 bd=0.0,0.0,0.0,0.0 flags=0 nparts=7 pmin=48.5 smin=0.0 ls=0,0,0,0
[15:49:25.728] [HOST] INFO: [inv] APPLY hand=1,2,1484619136,1,1962646528 items=13
[15:49:25.764] [HOST] INFO: [med] SEND hand=3,1571044864 npc=1 blood=6.8 bleed=0.00 fl=100.0,100.0,100.0,100.0 bd=0.0,0.0,0.0,0.0 flags=1 nparts=7 pmin=70.4 smin=0.0 ls=0,0,0,0
[15:49:26.189] [HOST] INFO: [med] SEND hand=5,738159168 npc=1 blood=1.0 bleed=0.00 fl=100.0,100.0,100.0,100.0 bd=0.0,0.0,0.0,0.0 flags=1 nparts=7 pmin=69.9 smin=0.0 ls=0,0,0,0
[15:49:26.423] [HOST] INFO: [stats] RECV hand=1,1962646528 ok=1 str=74.6 dex=18.5 tough=77.3 stealth=61.0 athl=72.5 xp=0
[15:49:26.482] [HOST] INFO: [ai] suspended=1 driven=1
[15:49:26.765] [HOST] INFO: [med] SEND hand=3,1571044864 npc=1 blood=7.0 bleed=0.00 fl=100.0,100.0,100.0,100.0 bd=0.0,0.0,0.0,0.0 flags=1 nparts=7 pmin=70.4 smin=0.0 ls=0,0,0,0
[15:49:27.188] [HOST] INFO: [med] SEND hand=1,1913818368 npc=0 blood=134.8 bleed=0.00 fl=100.0,100.0,100.0,100.0 bd=0.0,0.0,0.0,0.0 flags=0 nparts=7 pmin=49.0 smin=0.0 ls=0,0,0,0
[15:49:27.188] [HOST] INFO: [med] SEND hand=5,738159168 npc=1 blood=1.2 bleed=0.00 fl=100.0,100.0,100.0,100.0 bd=0.0,0.0,0.0,0.0 flags=1 nparts=7 pmin=69.9 smin=0.0 ls=0,0,0,0
[15:49:27.503] [HOST] INFO: [stats] RECV hand=1,1962646528 ok=1 str=74.6 dex=18.5 tough=77.3 stealth=61.0 athl=72.5 xp=0
[15:49:27.766] [HOST] INFO: [med] SEND hand=3,1571044864 npc=1 blood=7.3 bleed=0.00 fl=100.0,100.0,100.0,100.0 bd=0.0,0.0,0.0,0.0 flags=1 nparts=7 pmin=70.4 smin=0.0 ls=0,0,0,0
[15:49:28.008] [HOST] INFO: [census] sent n=45 radius=2000 mid=22
[15:49:28.190] [HOST] INFO: [med] SEND hand=5,738159168 npc=1 blood=1.5 bleed=0.00 fl=100.0,100.0,100.0,100.0 bd=0.0,0.0,0.0,0.0 flags=1 nparts=7 pmin=69.9 smin=0.0 ls=0,0,0,0
[15:49:28.643] [HOST] INFO: [interp] lerp=80499 extrap=10795 clamp=0 seg=175 single=136 snapSq=1 snapNpc=0 reissueSq=1674 reissueNpc=0 restFlip=0 delay=200 jit=71.9 starve=0 snapMid=0 restFlipMid=0
[15:49:28.643] [HOST] INFO: [interp] worstZero hand=1,1962646528 zero=808 active=44213 seg=64
[15:49:28.643] [HOST] INFO: [combat] stats snap=7 slide=126 softWalk=737 order=68 wrongTgt=1 armed=0 maxPersist=7
[15:49:28.717] [HOST] INFO: [med] SEND hand=1,1913818368 npc=0 blood=134.8 bleed=0.00 fl=100.0,100.0,100.0,100.0 bd=0.0,0.0,0.0,0.0 flags=0 nparts=7 pmin=49.5 smin=0.0 ls=0,0,0,0
[15:49:28.766] [HOST] INFO: [med] SEND hand=3,1571044864 npc=1 blood=7.5 bleed=0.00 fl=100.0,100.0,100.0,100.0 bd=0.0,0.0,0.0,0.0 flags=1 nparts=7 pmin=70.4 smin=0.0 ls=0,0,0,0
[15:49:29.190] [HOST] INFO: [med] SEND hand=5,738159168 npc=1 blood=1.7 bleed=0.00 fl=100.0,100.0,100.0,100.0 bd=0.0,0.0,0.0,0.0 flags=1 nparts=7 pmin=69.9 smin=0.0 ls=0,0,0,0
[15:49:29.240] [HOST] INFO: [cam] hints recv n=1 p1=-31668,10732
[15:49:29.483] [HOST] INFO: [ai] suspended=1 driven=1
[15:49:29.766] [HOST] INFO: [med] SEND hand=3,1571044864 npc=1 blood=7.8 bleed=0.00 fl=100.0,100.0,100.0,100.0 bd=0.0,0.0,0.0,0.0 flags=1 nparts=7 pmin=70.3 smin=0.0 ls=0,0,0,0
[15:49:30.166] [HOST] INFO: [cam] center=-31629.4,1816.9,10838.6
[15:49:30.191] [HOST] INFO: [med] SEND hand=5,738159168 npc=1 blood=2.0 bleed=0.00 fl=100.0,100.0,100.0,100.0 bd=0.0,0.0,0.0,0.0 flags=1 nparts=7 pmin=69.9 smin=0.0 ls=0,0,0,0
[15:49:30.211] [HOST] INFO: [med] SEND hand=1,1913818368 npc=0 blood=134.8 bleed=0.00 fl=100.0,100.0,100.0,100.0 bd=0.0,0.0,0.0,0.0 flags=0 nparts=7 pmin=50.0 smin=0.0 ls=0,0,0,0
[15:49:30.614] [HOST] INFO: [med] SEND hand=1,1913818368 npc=0 blood=134.8 bleed=0.00 fl=100.0,100.0,100.0,100.0 bd=0.0,0.0,0.0,0.0 flags=0 nparts=7 pmin=50.1 smin=0.0 ls=0,0,0,0
[15:49:30.721] [HOST] INFO: [inv] APPLY hand=1,2,1484619136,1,1962646528 items=13
[15:49:31.741] [HOST] INFO: [med] SEND hand=1,1913818368 npc=0 blood=134.8 bleed=0.00 fl=100.0,100.0,100.0,100.0 bd=0.0,0.0,0.0,0.0 flags=0 nparts=7 pmin=50.5 smin=0.0 ls=0,0,0,0
[15:49:31.992] [HOST] INFO: [stats] RECV hand=1,1962646528 ok=1 str=74.6 dex=18.5 tough=77.3 stealth=61.0 athl=72.6 xp=0
[15:49:32.484] [HOST] INFO: [ai] suspended=1 driven=1
[15:49:33.257] [HOST] INFO: [med] SEND hand=1,1913818368 npc=0 blood=134.8 bleed=0.00 fl=100.0,100.0,100.0,100.0 bd=0.0,0.0,0.0,0.0 flags=0 nparts=7 pmin=51.0 smin=0.0 ls=0,0,0,0
[15:49:33.645] [HOST] INFO: [interp] lerp=81080 extrap=11180 clamp=0 seg=365 single=136 snapSq=1 snapNpc=0 reissueSq=1707 reissueNpc=0 restFlip=0 delay=200 jit=79.6 starve=0 snapMid=0 restFlipMid=0
[15:49:33.645] [HOST] INFO: [interp] worstZero hand=1,1962646528 zero=808 active=45369 seg=46
[15:49:33.645] [HOST] INFO: [combat] stats snap=7 slide=126 softWalk=737 order=68 wrongTgt=1 armed=0 maxPersist=7
[15:49:34.445] [HOST] INFO: [cam] hints recv n=1 p1=-31632,10783
[15:49:34.761] [HOST] INFO: [med] SEND hand=1,1913818368 npc=0 blood=134.8 bleed=0.00 fl=100.0,100.0,100.0,100.0 bd=0.0,0.0,0.0,0.0 flags=0 nparts=7 pmin=51.5 smin=0.0 ls=0,0,0,0
[15:49:35.165] [HOST] INFO: [cam] center=-31629.4,1816.9,10838.6
[15:49:35.485] [HOST] INFO: [ai] suspended=1 driven=1
[15:49:35.863] [HOST] INFO: [inv] APPLY hand=1,2,1484619136,1,1962646528 items=13
[15:49:36.275] [HOST] INFO: [med] SEND hand=1,1913818368 npc=0 blood=134.8 bleed=0.00 fl=100.0,100.0,100.0,100.0 bd=0.0,0.0,0.0,0.0 flags=0 nparts=7 pmin=52.0 smin=0.0 ls=0,0,0,0
[15:49:36.674] [HOST] INFO: [med] SEND hand=1,1913818368 npc=0 blood=134.8 bleed=0.00 fl=100.0,100.0,100.0,100.0 bd=0.0,0.0,0.0,0.0 flags=0 nparts=7 pmin=52.1 smin=0.0 ls=0,0,0,0
[15:49:37.082] [HOST] INFO: [stats] RECV hand=1,1962646528 ok=1 str=74.6 dex=18.5 tough=77.3 stealth=61.0 athl=72.7 xp=0
[15:49:37.643] [HOST] INFO: [speed] REQ RECV owner=1 mult=0.00 paused=1 combat=0
[15:49:37.643] [HOST] INFO: [speed] SET mult=0.00 paused=1 combat=0 (my=5.00 p1=0.00)
[15:49:37.989] [HOST] INFO: [stats] RECV hand=1,1962646528 ok=1 str=74.6 dex=18.5 tough=77.3 stealth=61.0 athl=72.7 xp=0
[15:49:38.027] [HOST] INFO: [census] sent n=42 radius=2000 mid=19
[15:49:38.486] [HOST] INFO: [ai] suspended=1 driven=1
[15:49:38.647] [HOST] INFO: [interp] lerp=82078 extrap=11387 clamp=0 seg=365 single=136 snapSq=1 snapNpc=0 reissueSq=1737 reissueNpc=0 restFlip=0 delay=200 jit=97.4 starve=0 snapMid=0 restFlipMid=0
[15:49:38.647] [HOST] INFO: [interp] worstZero hand=1,1962646528 zero=808 active=46332 seg=60
[15:49:38.647] [HOST] INFO: [combat] stats snap=7 slide=126 softWalk=737 order=68 wrongTgt=1 armed=0 maxPersist=7
[15:49:38.749] [HOST] INFO: [speed] REQ RECV owner=1 mult=5.00 paused=0 combat=0
[15:49:38.749] [HOST] INFO: [speed] SET mult=5.00 paused=0 combat=0 (my=5.00 p1=5.00)
[15:49:38.907] [HOST] INFO: [med] SEND hand=1,1913818368 npc=0 blood=134.8 bleed=0.00 fl=100.0,100.0,100.0,100.0 bd=0.0,0.0,0.0,0.0 flags=0 nparts=7 pmin=52.5 smin=0.0 ls=0,0,0,0
[15:49:40.166] [HOST] INFO: [cam] center=-31629.4,1816.9,10838.6
[15:49:40.285] [HOST] INFO: [cam] hints recv n=1 p1=-31647,10770
[15:49:40.408] [HOST] INFO: [med] SEND hand=1,1913818368 npc=0 blood=134.8 bleed=0.00 fl=100.0,100.0,100.0,100.0 bd=0.0,0.0,0.0,0.0 flags=0 nparts=7 pmin=53.0 smin=0.0 ls=0,0,0,0
[15:49:40.807] [HOST] INFO: [med] SEND hand=1,1913818368 npc=0 blood=134.8 bleed=0.00 fl=100.0,100.0,100.0,100.0 bd=0.0,0.0,0.0,0.0 flags=0 nparts=7 pmin=53.1 smin=0.0 ls=0,0,0,0
[15:49:41.221] [HOST] INFO: [inv] APPLY hand=1,2,1484619136,1,1962646528 items=13
[15:49:41.489] [HOST] INFO: [ai] suspended=1 driven=1
[15:49:41.929] [HOST] INFO: [med] SEND hand=1,1913818368 npc=0 blood=134.8 bleed=0.00 fl=100.0,100.0,100.0,100.0 bd=0.0,0.0,0.0,0.0 flags=0 nparts=7 pmin=53.5 smin=0.0 ls=0,0,0,0
[15:49:43.004] [HOST] INFO: [stats] RECV hand=1,1962646528 ok=1 str=74.6 dex=18.5 tough=77.3 stealth=61.0 athl=72.7 xp=0
[15:49:43.456] [HOST] INFO: [med] SEND hand=1,1913818368 npc=0 blood=134.8 bleed=0.00 fl=100.0,100.0,100.0,100.0 bd=0.0,0.0,0.0,0.0 flags=0 nparts=7 pmin=54.0 smin=0.0 ls=0,0,0,0
[15:49:43.649] [HOST] INFO: [interp] lerp=83038 extrap=11600 clamp=0 seg=365 single=136 snapSq=1 snapNpc=0 reissueSq=1737 reissueNpc=0 restFlip=0 delay=190 jit=40.5 starve=0 snapMid=0 restFlipMid=0
[15:49:43.649] [HOST] INFO: [interp] worstZero hand=1,1962646528 zero=808 active=46332 seg=95
[15:49:43.649] [HOST] INFO: [combat] stats snap=7 slide=126 softWalk=737 order=68 wrongTgt=1 armed=0 maxPersist=7
[15:49:44.493] [HOST] INFO: [ai] suspended=1 driven=1
[15:49:44.963] [HOST] INFO: [med] SEND hand=1,1913818368 npc=0 blood=134.8 bleed=0.00 fl=100.0,100.0,100.0,100.0 bd=0.0,0.0,0.0,0.0 flags=0 nparts=7 pmin=54.5 smin=0.0 ls=0,0,0,0
[15:49:45.163] [HOST] INFO: [cam] center=-31629.4,1816.9,10838.6
[15:49:45.519] [HOST] INFO: [cam] hints recv n=1 p1=-31650,10771
[15:49:45.754] [HOST] INFO: [inv] APPLY hand=1,2,1484619136,1,1962646528 items=13
[15:49:46.473] [HOST] INFO: [med] SEND hand=1,1913818368 npc=0 blood=134.8 bleed=0.00 fl=100.0,100.0,100.0,100.0 bd=0.0,0.0,0.0,0.0 flags=0 nparts=7 pmin=55.0 smin=0.0 ls=0,0,0,0
[15:49:47.495] [HOST] INFO: [ai] suspended=1 driven=1
[15:49:47.995] [HOST] INFO: [med] SEND hand=1,1913818368 npc=0 blood=134.8 bleed=0.00 fl=100.0,100.0,100.0,100.0 bd=0.0,0.0,0.0,0.0 flags=0 nparts=7 pmin=55.5 smin=0.0 ls=0,0,0,0
[15:49:48.017] [HOST] INFO: [stats] RECV hand=1,1962646528 ok=1 str=74.6 dex=18.5 tough=77.3 stealth=61.0 athl=72.7 xp=0
[15:49:48.043] [HOST] INFO: [census] sent n=45 radius=2000 mid=22
[15:49:48.653] [HOST] INFO: [interp] lerp=83841 extrap=11895 clamp=0 seg=365 single=136 snapSq=1 snapNpc=0 reissueSq=1739 reissueNpc=0 restFlip=0 delay=200 jit=102.4 starve=0 snapMid=0 restFlipMid=0
[15:49:48.653] [HOST] INFO: [interp] worstZero hand=1,1962646528 zero=809 active=46371 seg=79
[15:49:48.653] [HOST] INFO: [combat] stats snap=7 slide=126 softWalk=737 order=68 wrongTgt=1 armed=0 maxPersist=7
[15:49:49.500] [HOST] INFO: [med] SEND hand=1,1913818368 npc=0 blood=134.8 bleed=0.00 fl=100.0,100.0,100.0,100.0 bd=0.0,0.0,0.0,0.0 flags=0 nparts=7 pmin=56.0 smin=0.0 ls=0,0,0,0
[15:49:50.166] [HOST] INFO: [cam] center=-31629.4,1816.9,10838.6
[15:49:50.499] [HOST] INFO: [ai] suspended=1 driven=1
[15:49:50.755] [HOST] INFO: [inv] APPLY hand=1,2,1484619136,1,1962646528 items=13
[15:49:51.001] [HOST] INFO: [med] SEND hand=1,1913818368 npc=0 blood=134.8 bleed=0.00 fl=100.0,100.0,100.0,100.0 bd=0.0,0.0,0.0,0.0 flags=0 nparts=7 pmin=56.5 smin=0.0 ls=0,0,0,0
[15:49:51.304] [HOST] INFO: [cam] hints recv n=1 p1=-31650,10771
[15:49:52.366] [HOST] INFO: [inv] APPLY hand=1,2,1484619136,1,1962646528 items=14
[15:49:52.500] [HOST] INFO: [med] SEND hand=1,1913818368 npc=0 blood=134.8 bleed=0.00 fl=100.0,100.0,100.0,100.0 bd=0.0,0.0,0.0,0.0 flags=0 nparts=7 pmin=57.0 smin=0.0 ls=0,0,0,0
[15:49:52.902] [HOST] INFO: [med] SEND hand=1,1913818368 npc=0 blood=134.8 bleed=0.00 fl=100.0,100.0,100.0,100.0 bd=0.0,0.0,0.0,0.0 flags=0 nparts=7 pmin=57.1 smin=0.0 ls=0,0,0,0
[15:49:53.005] [HOST] INFO: [stats] RECV hand=1,1962646528 ok=1 str=74.6 dex=18.5 tough=77.3 stealth=61.0 athl=72.7 xp=0
[15:49:53.501] [HOST] INFO: [ai] suspended=1 driven=1
[15:49:53.657] [HOST] INFO: [interp] lerp=84827 extrap=11981 clamp=0 seg=365 single=136 snapSq=1 snapNpc=0 reissueSq=1739 reissueNpc=0 restFlip=0 delay=200 jit=72.1 starve=0 snapMid=0 restFlipMid=0
[15:49:53.657] [HOST] INFO: [interp] worstZero hand=1,1962646528 zero=809 active=46371 seg=66
[15:49:53.657] [HOST] INFO: [combat] stats snap=7 slide=126 softWalk=737 order=68 wrongTgt=1 armed=0 maxPersist=7
[15:49:53.662] [HOST] INFO: [inv] APPLY hand=1,2,1484619136,1,1962646528 items=15
[15:49:54.017] [HOST] INFO: [med] SEND hand=1,1913818368 npc=0 blood=134.8 bleed=0.00 fl=100.0,100.0,100.0,100.0 bd=0.0,0.0,0.0,0.0 flags=0 nparts=7 pmin=57.5 smin=0.0 ls=0,0,0,0
[15:49:55.163] [HOST] INFO: [cam] center=-31629.4,1816.9,10838.6
[15:49:55.506] [HOST] INFO: [inv] APPLY hand=1,2,1484619136,1,1962646528 items=16
[15:49:55.547] [HOST] INFO: [med] SEND hand=1,1913818368 npc=0 blood=134.8 bleed=0.00 fl=100.0,100.0,100.0,100.0 bd=0.0,0.0,0.0,0.0 flags=0 nparts=7 pmin=58.0 smin=0.0 ls=0,0,0,0
[15:49:56.347] [HOST] INFO: [cam] hints recv n=1 p1=-31650,10771
[15:49:56.503] [HOST] INFO: [ai] suspended=1 driven=1
[15:49:57.034] [HOST] INFO: [med] SEND hand=1,1913818368 npc=0 blood=134.8 bleed=0.00 fl=100.0,100.0,100.0,100.0 bd=0.0,0.0,0.0,0.0 flags=0 nparts=7 pmin=58.5 smin=0.0 ls=0,0,0,0
[15:49:58.063] [HOST] INFO: [census] sent n=44 radius=2000 mid=21
[15:49:58.154] [HOST] INFO: [stats] RECV hand=1,1962646528 ok=1 str=74.6 dex=18.5 tough=77.3 stealth=61.0 athl=72.7 xp=0
[15:49:58.522] [HOST] INFO: [med] SEND hand=1,1913818368 npc=0 blood=134.8 bleed=0.00 fl=100.0,100.0,100.0,100.0 bd=0.0,0.0,0.0,0.0 flags=0 nparts=7 pmin=59.0 smin=0.0 ls=0,0,0,0
[15:49:58.662] [HOST] INFO: [interp] lerp=85745 extrap=12136 clamp=0 seg=365 single=136 snapSq=1 snapNpc=0 reissueSq=1739 reissueNpc=0 restFlip=0 delay=200 jit=64.0 starve=0 snapMid=0 restFlipMid=0
[15:49:58.662] [HOST] INFO: [interp] worstZero hand=1,1962646528 zero=809 active=46371 seg=179
[15:49:58.662] [HOST] INFO: [combat] stats snap=7 slide=126 softWalk=737 order=68 wrongTgt=1 armed=0 maxPersist=7
[15:49:58.838] [HOST] INFO: [inv] APPLY hand=1,2,1484619136,1,1962646528 items=17
[15:49:59.506] [HOST] INFO: [ai] suspended=1 driven=1
[15:50:00.046] [HOST] INFO: [med] SEND hand=1,1913818368 npc=0 blood=134.8 bleed=0.00 fl=100.0,100.0,100.0,100.0 bd=0.0,0.0,0.0,0.0 flags=0 nparts=7 pmin=59.5 smin=0.0 ls=0,0,0,0
[15:50:00.165] [HOST] INFO: [cam] center=-31629.4,1816.9,10838.6
[15:50:00.429] [HOST] INFO: [inv] APPLY hand=1,2,1484619136,1,1962646528 items=17
[15:50:01.432] [HOST] INFO: [cam] hints recv n=1 p1=-31650,10771
[15:50:01.544] [HOST] INFO: [med] SEND hand=1,1913818368 npc=0 blood=134.8 bleed=0.00 fl=100.0,100.0,100.0,100.0 bd=0.0,0.0,0.0,0.0 flags=0 nparts=7 pmin=60.0 smin=0.0 ls=0,0,0,0
[15:50:02.507] [HOST] INFO: [ai] suspended=1 driven=1
[15:50:03.014] [HOST] INFO: [med] SEND hand=1,1913818368 npc=0 blood=134.8 bleed=0.00 fl=100.0,100.0,100.0,100.0 bd=0.0,0.0,0.0,0.0 flags=0 nparts=7 pmin=60.5 smin=0.0 ls=0,0,0,0
[15:50:03.300] [HOST] INFO: [stats] RECV hand=1,1962646528 ok=1 str=74.6 dex=18.5 tough=77.3 stealth=61.0 athl=72.7 xp=0
[15:50:03.414] [HOST] INFO: [med] SEND hand=1,1913818368 npc=0 blood=134.8 bleed=0.00 fl=100.0,100.0,100.0,100.0 bd=0.0,0.0,0.0,0.0 flags=0 nparts=7 pmin=60.6 smin=0.0 ls=0,0,0,0
[15:50:03.662] [HOST] INFO: [interp] lerp=86468 extrap=12480 clamp=0 seg=365 single=136 snapSq=1 snapNpc=0 reissueSq=1739 reissueNpc=0 restFlip=0 delay=200 jit=74.0 starve=0 snapMid=0 restFlipMid=0
[15:50:03.662] [HOST] INFO: [interp] worstZero hand=1,1962646528 zero=809 active=46371 seg=66
[15:50:03.662] [HOST] INFO: [combat] stats snap=7 slide=126 softWalk=737 order=68 wrongTgt=1 armed=0 maxPersist=7
[15:50:03.815] [HOST] INFO: [inv] APPLY hand=1,2,1484619136,1,1962646528 items=16
[15:50:04.479] [HOST] INFO: [med] SEND hand=1,1913818368 npc=0 blood=134.8 bleed=0.00 fl=100.0,100.0,100.0,100.0 bd=0.0,0.0,0.0,0.0 flags=0 nparts=7 pmin=61.0 smin=0.0 ls=0,0,0,0
[15:50:05.163] [HOST] INFO: [cam] center=-31629.4,1816.9,10838.6
[15:50:05.508] [HOST] INFO: [ai] suspended=1 driven=1
[15:50:05.928] [HOST] INFO: [med] SEND hand=1,1913818368 npc=0 blood=134.8 bleed=0.00 fl=100.0,100.0,100.0,100.0 bd=0.0,0.0,0.0,0.0 flags=0 nparts=7 pmin=61.5 smin=0.0 ls=0,0,0,0
[15:50:07.387] [HOST] INFO: [med] SEND hand=1,1913818368 npc=0 blood=134.8 bleed=0.00 fl=100.0,100.0,100.0,100.0 bd=0.0,0.0,0.0,0.0 flags=0 nparts=7 pmin=62.0 smin=0.0 ls=0,0,0,0
[15:50:07.493] [HOST] INFO: [cam] hints recv n=1 p1=-31650,10771
[15:50:08.067] [HOST] INFO: [stats] RECV hand=1,1962646528 ok=1 str=74.6 dex=18.5 tough=77.3 stealth=61.0 athl=72.7 xp=0
[15:50:08.076] [HOST] INFO: [census] sent n=31 radius=2000 mid=8
[15:50:08.511] [HOST] INFO: [ai] suspended=1 driven=1
[15:50:08.667] [HOST] INFO: [interp] lerp=87194 extrap=12920 clamp=0 seg=365 single=136 snapSq=1 snapNpc=0 reissueSq=1739 reissueNpc=0 restFlip=0 delay=200 jit=103.8 starve=0 snapMid=0 restFlipMid=0
[15:50:08.667] [HOST] INFO: [interp] worstZero hand=1,1962646528 zero=809 active=46371 seg=65
[15:50:08.667] [HOST] INFO: [combat] stats snap=7 slide=126 softWalk=737 order=68 wrongTgt=1 armed=0 maxPersist=7
[15:50:08.847] [HOST] INFO: [med] SEND hand=1,1913818368 npc=0 blood=134.8 bleed=0.00 fl=100.0,100.0,100.0,100.0 bd=0.0,0.0,0.0,0.0 flags=0 nparts=7 pmin=62.5 smin=0.0 ls=0,0,0,0
[15:50:08.882] [HOST] INFO: [inv] APPLY hand=1,2,1484619136,1,1962646528 items=16
[15:50:10.164] [HOST] INFO: [cam] center=-31629.4,1816.9,10838.6
[15:50:10.297] [HOST] INFO: [med] SEND hand=1,1913818368 npc=0 blood=134.8 bleed=0.00 fl=100.0,100.0,100.0,100.0 bd=0.0,0.0,0.0,0.0 flags=0 nparts=7 pmin=63.0 smin=0.0 ls=0,0,0,0
[15:50:11.514] [HOST] INFO: [ai] suspended=1 driven=1
[15:50:11.747] [HOST] INFO: [inv] APPLY hand=1,2,1484619136,1,1962646528 items=15
[15:50:11.754] [HOST] INFO: [med] SEND hand=1,1913818368 npc=0 blood=134.8 bleed=0.00 fl=100.0,100.0,100.0,100.0 bd=0.0,0.0,0.0,0.0 flags=0 nparts=7 pmin=63.5 smin=0.0 ls=0,0,0,0
[15:50:13.102] [HOST] INFO: [stats] RECV hand=1,1962646528 ok=1 str=74.6 dex=18.5 tough=77.3 stealth=61.0 athl=72.7 xp=0
[15:50:13.198] [HOST] INFO: [med] SEND hand=1,1913818368 npc=0 blood=134.8 bleed=0.00 fl=100.0,100.0,100.0,100.0 bd=0.0,0.0,0.0,0.0 flags=0 nparts=7 pmin=64.0 smin=0.0 ls=0,0,0,0
[15:50:13.442] [HOST] INFO: [cam] hints recv n=1 p1=-31650,10771
[15:50:13.600] [HOST] INFO: [med] SEND hand=1,1913818368 npc=0 blood=134.8 bleed=0.00 fl=100.0,100.0,100.0,100.0 bd=0.0,0.0,0.0,0.0 flags=0 nparts=7 pmin=64.1 smin=0.0 ls=0,0,0,0
[15:50:13.667] [HOST] INFO: [fac] AFFECT-EV me='56128-rebirth.mod' whom='200-gamedata.base' event=5 mult=0.000 after=-10.00 skipped=0
[15:50:13.669] [HOST] INFO: [interp] lerp=88064 extrap=13151 clamp=0 seg=365 single=136 snapSq=1 snapNpc=0 reissueSq=1739 reissueNpc=0 restFlip=0 delay=181 jit=36.5 starve=0 snapMid=0 restFlipMid=0
[15:50:13.669] [HOST] INFO: [interp] worstZero hand=1,1962646528 zero=809 active=46371 seg=96
[15:50:13.669] [HOST] INFO: [combat] stats snap=7 slide=126 softWalk=737 order=68 wrongTgt=1 armed=0 maxPersist=7
[15:50:14.516] [HOST] INFO: [ai] suspended=1 driven=1
[15:50:14.648] [HOST] INFO: [med] SEND hand=1,1913818368 npc=0 blood=134.8 bleed=0.00 fl=100.0,100.0,100.0,100.0 bd=0.0,0.0,0.0,0.0 flags=0 nparts=7 pmin=64.5 smin=0.0 ls=0,0,0,0
[15:50:15.051] [HOST] INFO: [med] SEND hand=1,1913818368 npc=0 blood=134.8 bleed=0.00 fl=100.0,100.0,100.0,100.0 bd=0.0,0.0,0.0,0.0 flags=0 nparts=7 pmin=64.6 smin=0.0 ls=0,0,0,0
[15:50:15.165] [HOST] INFO: [cam] center=-31629.4,1816.9,10838.6
[15:50:16.120] [HOST] INFO: [med] SEND hand=1,1913818368 npc=0 blood=134.8 bleed=0.00 fl=100.0,100.0,100.0,100.0 bd=0.0,0.0,0.0,0.0 flags=0 nparts=7 pmin=65.0 smin=0.0 ls=0,0,0,0
[15:50:16.726] [HOST] INFO: [inv] APPLY hand=1,2,1484619136,1,1962646528 items=15
[15:50:17.458] [HOST] INFO: [inv] APPLY hand=1,2,1484619136,1,1962646528 items=16
[15:50:17.518] [HOST] INFO: [ai] suspended=1 driven=1
[15:50:17.564] [HOST] INFO: [med] SEND hand=1,1913818368 npc=0 blood=134.8 bleed=0.00 fl=100.0,100.0,100.0,100.0 bd=0.0,0.0,0.0,0.0 flags=0 nparts=7 pmin=65.5 smin=0.0 ls=0,0,0,0
[15:50:18.051] [HOST] INFO: [stats] RECV hand=1,1962646528 ok=1 str=74.6 dex=18.5 tough=77.3 stealth=61.0 athl=72.7 xp=0
[15:50:18.094] [HOST] INFO: [census] sent n=31 radius=2000 mid=8
[15:50:18.484] [HOST] INFO: [cam] hints recv n=1 p1=-31650,10771
[15:50:18.672] [HOST] INFO: [interp] lerp=88823 extrap=13531 clamp=0 seg=365 single=136 snapSq=1 snapNpc=0 reissueSq=1739 reissueNpc=0 restFlip=0 delay=200 jit=48.4 starve=0 snapMid=0 restFlipMid=0
[15:50:18.672] [HOST] INFO: [interp] worstZero hand=1,1962646528 zero=809 active=46371 seg=91
[15:50:18.672] [HOST] INFO: [combat] stats snap=7 slide=126 softWalk=737 order=68 wrongTgt=1 armed=0 maxPersist=7
[15:50:19.014] [HOST] INFO: [med] SEND hand=1,1913818368 npc=0 blood=134.8 bleed=0.00 fl=100.0,100.0,100.0,100.0 bd=0.0,0.0,0.0,0.0 flags=0 nparts=7 pmin=66.0 smin=0.0 ls=0,0,0,0
[15:50:20.166] [HOST] INFO: [cam] center=-31629.4,1816.9,10838.6
[15:50:20.475] [HOST] INFO: [med] SEND hand=1,1913818368 npc=0 blood=134.8 bleed=0.00 fl=100.0,100.0,100.0,100.0 bd=0.0,0.0,0.0,0.0 flags=0 nparts=7 pmin=66.5 smin=0.0 ls=0,0,0,0
[15:50:20.522] [HOST] INFO: [ai] suspended=1 driven=1
[15:50:21.921] [HOST] INFO: [med] SEND hand=1,1913818368 npc=0 blood=134.8 bleed=0.00 fl=100.0,100.0,100.0,100.0 bd=0.0,0.0,0.0,0.0 flags=0 nparts=7 pmin=67.0 smin=0.0 ls=0,0,0,0
[15:50:22.743] [HOST] INFO: [inv] APPLY hand=1,2,1484619136,1,1962646528 items=16
[15:50:23.101] [HOST] INFO: [stats] RECV hand=1,1962646528 ok=1 str=74.6 dex=18.5 tough=77.3 stealth=61.0 athl=72.7 xp=0
[15:50:23.376] [HOST] INFO: [med] SEND hand=1,1913818368 npc=0 blood=134.8 bleed=0.00 fl=100.0,100.0,100.0,100.0 bd=0.0,0.0,0.0,0.0 flags=0 nparts=7 pmin=67.5 smin=0.0 ls=0,0,0,0
[15:50:23.523] [HOST] INFO: [ai] suspended=1 driven=1
[15:50:23.659] [HOST] INFO: [cam] hints recv n=1 p1=-31650,10771
[15:50:23.677] [HOST] INFO: [interp] lerp=89542 extrap=13960 clamp=0 seg=365 single=136 snapSq=1 snapNpc=0 reissueSq=1739 reissueNpc=0 restFlip=0 delay=200 jit=132.0 starve=0 snapMid=0 restFlipMid=0
[15:50:23.677] [HOST] INFO: [interp] worstZero hand=1,1962646528 zero=809 active=46371 seg=505
[15:50:23.677] [HOST] INFO: [combat] stats snap=7 slide=126 softWalk=737 order=68 wrongTgt=1 armed=0 maxPersist=7
[15:50:23.780] [HOST] INFO: [med] SEND hand=1,1913818368 npc=0 blood=134.8 bleed=0.00 fl=100.0,100.0,100.0,100.0 bd=0.0,0.0,0.0,0.0 flags=0 nparts=7 pmin=67.6 smin=0.0 ls=0,0,0,0
[15:50:24.839] [HOST] INFO: [med] SEND hand=1,1913818368 npc=0 blood=134.8 bleed=0.00 fl=100.0,100.0,100.0,100.0 bd=0.0,0.0,0.0,0.0 flags=0 nparts=7 pmin=68.0 smin=0.0 ls=0,0,0,0
[15:50:25.165] [HOST] INFO: [cam] center=-31629.4,1816.9,10838.6
[15:50:26.299] [HOST] INFO: [med] SEND hand=1,1913818368 npc=0 blood=134.8 bleed=0.00 fl=100.0,100.0,100.0,100.0 bd=0.0,0.0,0.0,0.0 flags=0 nparts=7 pmin=68.5 smin=0.0 ls=0,0,0,0
[15:50:26.526] [HOST] INFO: [ai] suspended=1 driven=1
[15:50:27.741] [HOST] INFO: [med] SEND hand=1,1913818368 npc=0 blood=134.8 bleed=0.00 fl=100.0,100.0,100.0,100.0 bd=0.0,0.0,0.0,0.0 flags=0 nparts=7 pmin=69.0 smin=0.0 ls=0,0,0,0
[15:50:28.043] [HOST] INFO: [stats] RECV hand=1,1962646528 ok=1 str=74.6 dex=18.5 tough=77.3 stealth=61.0 athl=72.7 xp=0
[15:50:28.107] [HOST] INFO: [census] sent n=31 radius=2000 mid=8
[15:50:28.141] [HOST] INFO: [med] SEND hand=1,1913818368 npc=0 blood=134.8 bleed=0.00 fl=100.0,100.0,100.0,100.0 bd=0.0,0.0,0.0,0.0 flags=0 nparts=7 pmin=69.1 smin=0.0 ls=0,0,0,0
[15:50:28.681] [HOST] INFO: [interp] lerp=90482 extrap=14181 clamp=0 seg=365 single=136 snapSq=1 snapNpc=0 reissueSq=1739 reissueNpc=0 restFlip=0 delay=200 jit=81.7 starve=0 snapMid=0 restFlipMid=0
[15:50:28.681] [HOST] INFO: [interp] worstZero hand=1,1962646528 zero=809 active=46371 seg=114
[15:50:28.681] [HOST] INFO: [combat] stats snap=7 slide=126 softWalk=737 order=68 wrongTgt=1 armed=0 maxPersist=7
[15:50:29.205] [HOST] INFO: [med] SEND hand=1,1913818368 npc=0 blood=134.8 bleed=0.00 fl=100.0,100.0,100.0,100.0 bd=0.0,0.0,0.0,0.0 flags=0 nparts=7 pmin=69.5 smin=0.0 ls=0,0,0,0
[15:50:29.531] [HOST] INFO: [ai] suspended=1 driven=1
[15:50:29.727] [HOST] INFO: [cam] hints recv n=1 p1=-31650,10771
[15:50:30.164] [HOST] INFO: [cam] center=-31629.4,1816.9,10838.6
[15:50:30.650] [HOST] INFO: [med] SEND hand=1,1913818368 npc=0 blood=134.8 bleed=0.00 fl=100.0,100.0,100.0,100.0 bd=0.0,0.0,0.0,0.0 flags=0 nparts=7 pmin=70.0 smin=0.0 ls=0,0,0,0
[15:50:31.052] [HOST] INFO: [med] SEND hand=1,1913818368 npc=0 blood=134.8 bleed=0.00 fl=100.0,100.0,100.0,100.0 bd=0.0,0.0,0.0,0.0 flags=0 nparts=7 pmin=70.1 smin=0.0 ls=0,0,0,0
[15:50:31.506] [HOST] INFO: [inv] APPLY hand=1,2,1484619136,1,1962646528 items=16
[15:50:32.105] [HOST] INFO: [med] SEND hand=1,1913818368 npc=0 blood=134.8 bleed=0.00 fl=100.0,100.0,100.0,100.0 bd=0.0,0.0,0.0,0.0 flags=0 nparts=7 pmin=70.5 smin=0.0 ls=0,0,0,0
[15:50:32.507] [HOST] INFO: [med] SEND hand=1,1913818368 npc=0 blood=134.8 bleed=0.00 fl=100.0,100.0,100.0,100.0 bd=0.0,0.0,0.0,0.0 flags=0 nparts=7 pmin=70.6 smin=0.0 ls=0,0,0,0
[15:50:32.533] [HOST] INFO: [ai] suspended=1 driven=1
[15:50:33.073] [HOST] INFO: [stats] RECV hand=1,1962646528 ok=1 str=74.6 dex=18.5 tough=77.3 stealth=61.0 athl=72.7 xp=0
[15:50:33.570] [HOST] INFO: [med] SEND hand=1,1913818368 npc=0 blood=134.8 bleed=0.00 fl=100.0,100.0,100.0,100.0 bd=0.0,0.0,0.0,0.0 flags=0 nparts=7 pmin=71.0 smin=0.0 ls=0,0,0,0
[15:50:33.678] [HOST] INFO: [inv] APPLY hand=1,2,1484619136,1,1962646528 items=16
[15:50:33.683] [HOST] INFO: [interp] lerp=91425 extrap=14423 clamp=0 seg=365 single=136 snapSq=1 snapNpc=0 reissueSq=1739 reissueNpc=0 restFlip=0 delay=182 jit=37.9 starve=0 snapMid=0 restFlipMid=0
[15:50:33.683] [HOST] INFO: [interp] worstZero hand=1,1962646528 zero=809 active=46371 seg=91
[15:50:33.683] [HOST] INFO: [combat] stats snap=7 slide=126 softWalk=737 order=68 wrongTgt=1 armed=0 maxPersist=7
[15:50:34.960] [HOST] INFO: [cam] hints recv n=1 p1=-31651,10774
[15:50:35.018] [HOST] INFO: [med] SEND hand=1,1913818368 npc=0 blood=134.8 bleed=0.00 fl=100.0,100.0,100.0,100.0 bd=0.0,0.0,0.0,0.0 flags=0 nparts=7 pmin=71.5 smin=0.0 ls=0,0,0,0
[15:50:35.166] [HOST] INFO: [cam] center=-31629.4,1816.9,10838.6
[15:50:35.537] [HOST] INFO: [ai] suspended=1 driven=1
[15:50:36.470] [HOST] INFO: [med] SEND hand=1,1913818368 npc=0 blood=134.8 bleed=0.00 fl=100.0,100.0,100.0,100.0 bd=0.0,0.0,0.0,0.0 flags=0 nparts=7 pmin=72.0 smin=0.0 ls=0,0,0,0
[15:50:36.873] [HOST] INFO: [med] SEND hand=1,1913818368 npc=0 blood=134.8 bleed=0.00 fl=100.0,100.0,100.0,100.0 bd=0.0,0.0,0.0,0.0 flags=0 nparts=7 pmin=72.1 smin=0.0 ls=0,0,0,0
[15:50:37.924] [HOST] INFO: [med] SEND hand=1,1913818368 npc=0 blood=134.8 bleed=0.00 fl=100.0,100.0,100.0,100.0 bd=0.0,0.0,0.0,0.0 flags=0 nparts=7 pmin=72.5 smin=0.0 ls=0,0,0,0
[15:50:37.924] [HOST] INFO: [speed] REQ RECV owner=1 mult=0.00 paused=1 combat=0
[15:50:37.924] [HOST] INFO: [speed] SET mult=0.00 paused=1 combat=0 (my=5.00 p1=0.00)
[15:50:38.129] [HOST] INFO: [census] sent n=31 radius=2000 mid=8
[15:50:38.210] [HOST] INFO: [stats] RECV hand=1,1962646528 ok=1 str=74.6 dex=18.5 tough=77.3 stealth=61.0 athl=72.7 xp=0
[15:50:38.541] [HOST] INFO: [ai] suspended=1 driven=1
[15:50:38.686] [HOST] INFO: [interp] lerp=92519 extrap=14561 clamp=0 seg=365 single=136 snapSq=1 snapNpc=0 reissueSq=1740 reissueNpc=0 restFlip=0 delay=192 jit=43.8 starve=0 snapMid=0 restFlipMid=0
[15:50:38.687] [HOST] INFO: [interp] worstZero hand=1,1962646528 zero=810 active=46394 seg=58
[15:50:38.687] [HOST] INFO: [combat] stats snap=7 slide=126 softWalk=737 order=68 wrongTgt=1 armed=0 maxPersist=7
[15:50:38.726] [HOST] INFO: [speed] REQ RECV owner=1 mult=5.00 paused=0 combat=0
[15:50:38.726] [HOST] INFO: [speed] SET mult=5.00 paused=0 combat=0 (my=5.00 p1=5.00)
[15:50:38.727] [HOST] INFO: [inv] APPLY hand=1,2,1484619136,1,1962646528 items=11
[15:50:38.743] [HOST] INFO: [med] SEND hand=1,1913818368 npc=0 blood=134.8 bleed=0.00 fl=100.0,100.0,100.0,100.0 bd=0.0,0.0,0.0,0.0 flags=0 nparts=7 pmin=72.5 smin=0.0 ls=0,0,0,0
[15:50:40.163] [HOST] INFO: [cam] center=-31629.4,1816.9,10838.6
[15:50:40.183] [HOST] INFO: [med] SEND hand=1,1913818368 npc=0 blood=134.8 bleed=0.00 fl=100.0,100.0,100.0,100.0 bd=0.0,0.0,0.0,0.0 flags=0 nparts=7 pmin=73.0 smin=0.0 ls=0,0,0,0
[15:50:40.509] [HOST] INFO: [cam] hints recv n=1 p1=-31651,10774
[15:50:40.585] [HOST] INFO: [med] SEND hand=1,1913818368 npc=0 blood=134.8 bleed=0.00 fl=100.0,100.0,100.0,100.0 bd=0.0,0.0,0.0,0.0 flags=0 nparts=7 pmin=73.1 smin=0.0 ls=0,0,0,0
[15:50:41.541] [HOST] INFO: [ai] suspended=1 driven=1
[15:50:41.650] [HOST] INFO: [med] SEND hand=1,1913818368 npc=0 blood=134.8 bleed=0.00 fl=100.0,100.0,100.0,100.0 bd=0.0,0.0,0.0,0.0 flags=0 nparts=7 pmin=73.5 smin=0.0 ls=0,0,0,0
[15:50:43.042] [HOST] INFO: [stats] RECV hand=1,1962646528 ok=1 str=74.6 dex=18.5 tough=77.3 stealth=61.0 athl=72.7 xp=0
[15:50:43.099] [HOST] INFO: [inv] APPLY hand=1,2,1484619136,1,1962646528 items=7
[15:50:43.103] [HOST] INFO: [med] SEND hand=1,1913818368 npc=0 blood=134.8 bleed=0.00 fl=100.0,100.0,100.0,100.0 bd=0.0,0.0,0.0,0.0 flags=0 nparts=7 pmin=74.0 smin=0.0 ls=0,0,0,0
[15:50:43.687] [HOST] INFO: [interp] lerp=93468 extrap=14841 clamp=0 seg=365 single=136 snapSq=1 snapNpc=0 reissueSq=1740 reissueNpc=0 restFlip=0 delay=200 jit=62.7 starve=0 snapMid=0 restFlipMid=0
[15:50:43.687] [HOST] INFO: [interp] worstZero hand=1,1962646528 zero=810 active=46394 seg=61
[15:50:43.687] [HOST] INFO: [combat] stats snap=7 slide=126 softWalk=737 order=68 wrongTgt=1 armed=0 maxPersist=7
[15:50:44.543] [HOST] INFO: [med] SEND hand=1,1913818368 npc=0 blood=134.8 bleed=0.00 fl=100.0,100.0,100.0,100.0 bd=0.0,0.0,0.0,0.0 flags=0 nparts=7 pmin=74.5 smin=0.0 ls=0,0,0,0
[15:50:44.544] [HOST] INFO: [ai] suspended=1 driven=1
[15:50:44.943] [HOST] INFO: [med] SEND hand=1,1913818368 npc=0 blood=134.8 bleed=0.00 fl=100.0,100.0,100.0,100.0 bd=0.0,0.0,0.0,0.0 flags=0 nparts=7 pmin=74.6 smin=0.0 ls=0,0,0,0
[15:50:45.164] [HOST] INFO: [cam] center=-31629.4,1816.9,10838.6
[15:50:45.539] [HOST] INFO: [cam] hints recv n=1 p1=-31651,10774
[15:50:46.012] [HOST] INFO: [med] SEND hand=1,1913818368 npc=0 blood=134.8 bleed=0.00 fl=100.0,100.0,100.0,100.0 bd=0.0,0.0,0.0,0.0 flags=0 nparts=7 pmin=75.0 smin=0.0 ls=0,0,0,0
[15:50:47.465] [HOST] INFO: [med] SEND hand=1,1913818368 npc=0 blood=134.8 bleed=0.00 fl=100.0,100.0,100.0,100.0 bd=0.0,0.0,0.0,0.0 flags=0 nparts=7 pmin=75.5 smin=0.0 ls=0,0,0,0
[15:50:47.547] [HOST] INFO: [ai] suspended=1 driven=1
[15:50:48.072] [HOST] INFO: [stats] RECV hand=1,1962646528 ok=1 str=74.6 dex=18.5 tough=77.3 stealth=61.0 athl=72.7 xp=0
[15:50:48.072] [HOST] INFO: [inv] APPLY hand=1,2,1484619136,1,1962646528 items=7
[15:50:48.142] [HOST] INFO: [census] sent n=31 radius=2000 mid=8
[15:50:48.690] [HOST] INFO: [interp] lerp=94377 extrap=15139 clamp=0 seg=365 single=136 snapSq=1 snapNpc=0 reissueSq=1740 reissueNpc=0 restFlip=0 delay=200 jit=60.5 starve=0 snapMid=0 restFlipMid=0
[15:50:48.690] [HOST] INFO: [interp] worstZero hand=1,1962646528 zero=810 active=46394 seg=71
[15:50:48.690] [HOST] INFO: [combat] stats snap=7 slide=126 softWalk=737 order=68 wrongTgt=1 armed=0 maxPersist=7
[15:50:48.901] [HOST] INFO: [med] SEND hand=1,1913818368 npc=0 blood=134.8 bleed=0.00 fl=100.0,100.0,100.0,100.0 bd=0.0,0.0,0.0,0.0 flags=0 nparts=7 pmin=76.0 smin=0.0 ls=0,0,0,0
[15:50:49.303] [HOST] INFO: [med] SEND hand=1,1913818368 npc=0 blood=134.8 bleed=0.00 fl=100.0,100.0,100.0,100.0 bd=0.0,0.0,0.0,0.0 flags=0 nparts=7 pmin=76.1 smin=0.0 ls=0,0,0,0
[15:50:50.164] [HOST] INFO: [cam] center=-31629.4,1816.9,10838.6
[15:50:50.359] [HOST] INFO: [med] SEND hand=1,1913818368 npc=0 blood=134.8 bleed=0.00 fl=100.0,100.0,100.0,100.0 bd=0.0,0.0,0.0,0.0 flags=0 nparts=7 pmin=76.5 smin=0.0 ls=0,0,0,0
[15:50:50.548] [HOST] INFO: [ai] suspended=1 driven=1
[15:50:50.584] [HOST] INFO: [cam] hints recv n=1 p1=-31653,10774
[15:50:50.762] [HOST] INFO: [med] SEND hand=1,1913818368 npc=0 blood=134.8 bleed=0.00 fl=100.0,100.0,100.0,100.0 bd=0.0,0.0,0.0,0.0 flags=0 nparts=7 pmin=76.6 smin=0.0 ls=0,0,0,0
[15:50:51.813] [HOST] INFO: [med] SEND hand=1,1913818368 npc=0 blood=134.8 bleed=0.00 fl=100.0,100.0,100.0,100.0 bd=0.0,0.0,0.0,0.0 flags=0 nparts=7 pmin=77.0 smin=0.0 ls=0,0,0,0
[15:50:52.213] [HOST] INFO: [med] SEND hand=1,1913818368 npc=0 blood=134.8 bleed=0.00 fl=100.0,100.0,100.0,100.0 bd=0.0,0.0,0.0,0.0 flags=0 nparts=7 pmin=77.1 smin=0.0 ls=0,0,0,0
[15:50:53.118] [HOST] INFO: [stats] RECV hand=1,1962646528 ok=1 str=74.6 dex=18.5 tough=77.3 stealth=61.0 athl=72.7 xp=0
[15:50:53.118] [HOST] INFO: [inv] APPLY hand=1,2,1484619136,1,1962646528 items=7
[15:50:53.268] [HOST] INFO: [med] SEND hand=1,1913818368 npc=0 blood=134.8 bleed=0.00 fl=100.0,100.0,100.0,100.0 bd=0.0,0.0,0.0,0.0 flags=0 nparts=7 pmin=77.5 smin=0.0 ls=0,0,0,0
[15:50:53.549] [HOST] INFO: [ai] suspended=1 driven=1
[15:50:53.668] [HOST] INFO: [med] SEND hand=1,1913818368 npc=0 blood=134.8 bleed=0.00 fl=100.0,100.0,100.0,100.0 bd=0.0,0.0,0.0,0.0 flags=0 nparts=7 pmin=77.6 smin=0.0 ls=0,0,0,0
[15:50:53.694] [HOST] INFO: [interp] lerp=95436 extrap=15260 clamp=0 seg=365 single=136 snapSq=1 snapNpc=0 reissueSq=1740 reissueNpc=0 restFlip=0 delay=147 jit=24.6 starve=0 snapMid=0 restFlipMid=0
[15:50:53.694] [HOST] INFO: [interp] worstZero hand=1,1962646528 zero=810 active=46394 seg=59
[15:50:53.694] [HOST] INFO: [combat] stats snap=7 slide=126 softWalk=737 order=68 wrongTgt=1 armed=0 maxPersist=7
[15:50:54.720] [HOST] INFO: [med] SEND hand=1,1913818368 npc=0 blood=134.8 bleed=0.00 fl=100.0,100.0,100.0,100.0 bd=0.0,0.0,0.0,0.0 flags=0 nparts=7 pmin=78.0 smin=0.0 ls=0,0,0,0
[15:50:55.121] [HOST] INFO: [med] SEND hand=1,1913818368 npc=0 blood=134.8 bleed=0.00 fl=100.0,100.0,100.0,100.0 bd=0.0,0.0,0.0,0.0 flags=0 nparts=7 pmin=78.1 smin=0.0 ls=0,0,0,0
[15:50:55.164] [HOST] INFO: [cam] center=-31629.4,1816.9,10838.6
[15:50:56.177] [HOST] INFO: [med] SEND hand=1,1913818368 npc=0 blood=134.8 bleed=0.00 fl=100.0,100.0,100.0,100.0 bd=0.0,0.0,0.0,0.0 flags=0 nparts=7 pmin=78.5 smin=0.0 ls=0,0,0,0
[15:50:56.212] [HOST] INFO: [cam] hints recv n=1 p1=-31653,10774
[15:50:56.551] [HOST] INFO: [ai] suspended=1 driven=1
[15:50:56.577] [HOST] INFO: [med] SEND hand=1,1913818368 npc=0 blood=134.8 bleed=0.00 fl=100.0,100.0,100.0,100.0 bd=0.0,0.0,0.0,0.0 flags=0 nparts=7 pmin=78.6 smin=0.0 ls=0,0,0,0
[15:50:57.638] [HOST] INFO: [med] SEND hand=1,1913818368 npc=0 blood=134.8 bleed=0.00 fl=100.0,100.0,100.0,100.0 bd=0.0,0.0,0.0,0.0 flags=0 nparts=7 pmin=79.0 smin=0.0 ls=0,0,0,0
[15:50:58.160] [HOST] INFO: [census] sent n=31 radius=2000 mid=8
[15:50:58.227] [HOST] INFO: [stats] RECV hand=1,1962646528 ok=1 str=74.6 dex=18.5 tough=77.3 stealth=61.0 athl=72.7 xp=0
[15:50:58.227] [HOST] INFO: [inv] APPLY hand=1,2,1484619136,1,1962646528 items=7
[15:50:58.699] [HOST] INFO: [interp] lerp=96185 extrap=15715 clamp=0 seg=365 single=136 snapSq=1 snapNpc=0 reissueSq=1740 reissueNpc=0 restFlip=0 delay=200 jit=104.1 starve=0 snapMid=0 restFlipMid=0
[15:50:58.699] [HOST] INFO: [interp] worstZero hand=1,1962646528 zero=810 active=46394 seg=57
[15:50:58.699] [HOST] INFO: [combat] stats snap=7 slide=126 softWalk=737 order=68 wrongTgt=1 armed=0 maxPersist=7
[15:50:59.087] [HOST] INFO: [med] SEND hand=1,1913818368 npc=0 blood=134.8 bleed=0.00 fl=100.0,100.0,100.0,100.0 bd=0.0,0.0,0.0,0.0 flags=0 nparts=7 pmin=79.5 smin=0.0 ls=0,0,0,0
[15:50:59.493] [HOST] INFO: [med] SEND hand=1,1913818368 npc=0 blood=134.8 bleed=0.00 fl=100.0,100.0,100.0,100.0 bd=0.0,0.0,0.0,0.0 flags=0 nparts=7 pmin=79.6 smin=0.0 ls=0,0,0,0
[15:50:59.556] [HOST] INFO: [ai] suspended=1 driven=1
[15:51:00.163] [HOST] INFO: [cam] center=-31629.4,1816.9,10838.6
[15:51:00.546] [HOST] INFO: [med] SEND hand=1,1913818368 npc=0 blood=134.8 bleed=0.00 fl=100.0,100.0,100.0,100.0 bd=0.0,0.0,0.0,0.0 flags=0 nparts=7 pmin=80.0 smin=0.0 ls=0,0,0,0
[15:51:01.590] [HOST] INFO: [cam] hints recv n=1 p1=-31653,10774
[15:51:02.003] [HOST] INFO: [med] SEND hand=1,1913818368 npc=0 blood=134.8 bleed=0.00 fl=100.0,100.0,100.0,100.0 bd=0.0,0.0,0.0,0.0 flags=0 nparts=7 pmin=80.5 smin=0.0 ls=0,0,0,0
[15:51:02.561] [HOST] INFO: [ai] suspended=1 driven=1
[15:51:03.149] [HOST] INFO: [stats] RECV hand=1,1962646528 ok=1 str=74.6 dex=18.5 tough=77.3 stealth=61.0 athl=72.7 xp=0
[15:51:03.150] [HOST] INFO: [inv] APPLY hand=1,2,1484619136,1,1962646528 items=7
[15:51:03.451] [HOST] INFO: [med] SEND hand=1,1913818368 npc=0 blood=134.8 bleed=0.00 fl=100.0,100.0,100.0,100.0 bd=0.0,0.0,0.0,0.0 flags=0 nparts=7 pmin=81.0 smin=0.0 ls=0,0,0,0
[15:51:03.701] [HOST] INFO: [interp] lerp=97216 extrap=15929 clamp=0 seg=365 single=136 snapSq=1 snapNpc=0 reissueSq=1740 reissueNpc=0 restFlip=0 delay=167 jit=31.1 starve=0 snapMid=0 restFlipMid=0
[15:51:03.701] [HOST] INFO: [interp] worstZero hand=1,1962646528 zero=810 active=46394 seg=69
[15:51:03.701] [HOST] INFO: [combat] stats snap=7 slide=126 softWalk=737 order=68 wrongTgt=1 armed=0 maxPersist=7
[15:51:03.855] [HOST] INFO: [med] SEND hand=1,1913818368 npc=0 blood=134.8 bleed=0.00 fl=100.0,100.0,100.0,100.0 bd=0.0,0.0,0.0,0.0 flags=0 nparts=7 pmin=81.1 smin=0.0 ls=0,0,0,0
[15:51:04.905] [HOST] INFO: [med] SEND hand=1,1913818368 npc=0 blood=134.8 bleed=0.00 fl=100.0,100.0,100.0,100.0 bd=0.0,0.0,0.0,0.0 flags=0 nparts=7 pmin=81.5 smin=0.0 ls=0,0,0,0
[15:51:05.163] [HOST] INFO: [cam] center=-31629.4,1816.9,10838.6
[15:51:05.308] [HOST] INFO: [med] SEND hand=1,1913818368 npc=0 blood=134.8 bleed=0.00 fl=100.0,100.0,100.0,100.0 bd=0.0,0.0,0.0,0.0 flags=0 nparts=7 pmin=81.6 smin=0.0 ls=0,0,0,0
[15:51:05.565] [HOST] INFO: [ai] suspended=1 driven=1
[15:51:06.370] [HOST] INFO: [med] SEND hand=1,1913818368 npc=0 blood=134.8 bleed=0.00 fl=100.0,100.0,100.0,100.0 bd=0.0,0.0,0.0,0.0 flags=0 nparts=7 pmin=82.0 smin=0.0 ls=0,0,0,0
[15:51:07.650] [HOST] INFO: [cam] hints recv n=1 p1=-31653,10774
[15:51:07.885] [HOST] INFO: [med] SEND hand=1,1913818368 npc=0 blood=134.8 bleed=0.00 fl=100.0,100.0,100.0,100.0 bd=0.0,0.0,0.0,0.0 flags=0 nparts=7 pmin=82.5 smin=0.0 ls=0,0,0,0
[15:51:08.155] [HOST] INFO: [stats] RECV hand=1,1962646528 ok=1 str=74.6 dex=18.5 tough=77.3 stealth=61.0 athl=72.7 xp=0
[15:51:08.156] [HOST] INFO: [inv] APPLY hand=1,2,1484619136,1,1962646528 items=7
[15:51:08.179] [HOST] INFO: [census] sent n=31 radius=2000 mid=8
[15:51:08.567] [HOST] INFO: [ai] suspended=1 driven=1
[15:51:08.704] [HOST] INFO: [interp] lerp=98360 extrap=16005 clamp=0 seg=365 single=136 snapSq=1 snapNpc=0 reissueSq=1740 reissueNpc=0 restFlip=0 delay=135 jit=18.3 starve=0 snapMid=0 restFlipMid=0
[15:51:08.704] [HOST] INFO: [interp] worstZero hand=1,1962646528 zero=810 active=46394 seg=106
[15:51:08.704] [HOST] INFO: [combat] stats snap=7 slide=126 softWalk=737 order=68 wrongTgt=1 armed=0 maxPersist=7
[15:51:09.387] [HOST] INFO: [med] SEND hand=1,1913818368 npc=0 blood=134.8 bleed=0.00 fl=100.0,100.0,100.0,100.0 bd=0.0,0.0,0.0,0.0 flags=0 nparts=7 pmin=83.0 smin=0.0 ls=0,0,0,0
[15:51:10.164] [HOST] INFO: [cam] center=-31629.4,1816.9,10838.6
[15:51:10.901] [HOST] INFO: [med] SEND hand=1,1913818368 npc=0 blood=134.8 bleed=0.00 fl=100.0,100.0,100.0,100.0 bd=0.0,0.0,0.0,0.0 flags=0 nparts=7 pmin=83.5 smin=0.0 ls=0,0,0,0
[15:51:11.303] [HOST] INFO: [med] SEND hand=1,1913818368 npc=0 blood=134.8 bleed=0.00 fl=100.0,100.0,100.0,100.0 bd=0.0,0.0,0.0,0.0 flags=0 nparts=7 pmin=83.6 smin=0.0 ls=0,0,0,0
[15:51:11.571] [HOST] INFO: [ai] suspended=1 driven=1
[15:51:12.425] [HOST] INFO: [med] SEND hand=1,1913818368 npc=0 blood=134.8 bleed=0.00 fl=100.0,100.0,100.0,100.0 bd=0.0,0.0,0.0,0.0 flags=0 nparts=7 pmin=84.0 smin=0.0 ls=0,0,0,0
[15:51:13.073] [HOST] INFO: [stats] RECV hand=1,1962646528 ok=1 str=74.6 dex=18.5 tough=77.3 stealth=61.0 athl=72.7 xp=0
[15:51:13.181] [HOST] INFO: [inv] APPLY hand=1,2,1484619136,1,1962646528 items=7
[15:51:13.651] [HOST] INFO: [cam] hints recv n=1 p1=-31653,10774
[15:51:13.706] [HOST] INFO: [interp] lerp=99547 extrap=16069 clamp=0 seg=365 single=136 snapSq=1 snapNpc=0 reissueSq=1740 reissueNpc=0 restFlip=0 delay=151 jit=26.2 starve=0 snapMid=0 restFlipMid=0
[15:51:13.706] [HOST] INFO: [interp] worstZero hand=1,1962646528 zero=810 active=46394 seg=61
[15:51:13.706] [HOST] INFO: [combat] stats snap=7 slide=126 softWalk=737 order=68 wrongTgt=1 armed=0 maxPersist=7
[15:51:13.947] [HOST] INFO: [med] SEND hand=1,1913818368 npc=0 blood=134.8 bleed=0.00 fl=100.0,100.0,100.0,100.0 bd=0.0,0.0,0.0,0.0 flags=0 nparts=7 pmin=84.5 smin=0.0 ls=0,0,0,0
[15:51:14.575] [HOST] INFO: [ai] suspended=1 driven=1
[15:51:15.163] [HOST] INFO: [cam] center=-31629.4,1816.9,10838.6
[15:51:15.454] [HOST] INFO: [med] SEND hand=1,1913818368 npc=0 blood=134.8 bleed=0.00 fl=100.0,100.0,100.0,100.0 bd=0.0,0.0,0.0,0.0 flags=0 nparts=7 pmin=85.0 smin=0.0 ls=0,0,0,0
[15:51:16.976] [HOST] INFO: [med] SEND hand=1,1913818368 npc=0 blood=134.8 bleed=0.00 fl=100.0,100.0,100.0,100.0 bd=0.0,0.0,0.0,0.0 flags=0 nparts=7 pmin=85.5 smin=0.0 ls=0,0,0,0
[15:51:17.577] [HOST] INFO: [ai] suspended=1 driven=1
[15:51:18.191] [HOST] INFO: [census] sent n=45 radius=2000 mid=22
[15:51:18.256] [HOST] INFO: [stats] RECV hand=1,1962646528 ok=1 str=74.6 dex=18.5 tough=77.3 stealth=61.0 athl=72.7 xp=0
[15:51:18.256] [HOST] INFO: [inv] APPLY hand=1,2,1484619136,1,1962646528 items=7
[15:51:18.487] [HOST] INFO: [med] SEND hand=1,1913818368 npc=0 blood=134.8 bleed=0.00 fl=100.0,100.0,100.0,100.0 bd=0.0,0.0,0.0,0.0 flags=0 nparts=7 pmin=86.0 smin=0.0 ls=0,0,0,0
[15:51:18.707] [HOST] INFO: [interp] lerp=100615 extrap=16213 clamp=0 seg=365 single=136 snapSq=1 snapNpc=0 reissueSq=1740 reissueNpc=0 restFlip=0 delay=200 jit=57.4 starve=0 snapMid=0 restFlipMid=0
[15:51:18.707] [HOST] INFO: [interp] worstZero hand=1,1962646528 zero=810 active=46394 seg=80
[15:51:18.707] [HOST] INFO: [combat] stats snap=7 slide=126 softWalk=737 order=68 wrongTgt=1 armed=0 maxPersist=7
[15:51:18.930] [HOST] INFO: [cam] hints recv n=1 p1=-31653,10774
[15:51:19.995] [HOST] INFO: [med] SEND hand=1,1913818368 npc=0 blood=134.8 bleed=0.00 fl=100.0,100.0,100.0,100.0 bd=0.0,0.0,0.0,0.0 flags=0 nparts=7 pmin=86.5 smin=0.0 ls=0,0,0,0
[15:51:20.164] [HOST] INFO: [cam] center=-31629.4,1816.9,10838.6
[15:51:20.399] [HOST] INFO: [med] SEND hand=1,1913818368 npc=0 blood=134.8 bleed=0.00 fl=100.0,100.0,100.0,100.0 bd=0.0,0.0,0.0,0.0 flags=0 nparts=7 pmin=86.6 smin=0.0 ls=0,0,0,0
[15:51:20.580] [HOST] INFO: [ai] suspended=1 driven=1
[15:51:21.521] [HOST] INFO: [med] SEND hand=1,1913818368 npc=0 blood=134.8 bleed=0.00 fl=100.0,100.0,100.0,100.0 bd=0.0,0.0,0.0,0.0 flags=0 nparts=7 pmin=87.0 smin=0.0 ls=0,0,0,0
[15:51:23.027] [HOST] INFO: [med] SEND hand=1,1913818368 npc=0 blood=134.8 bleed=0.00 fl=100.0,100.0,100.0,100.0 bd=0.0,0.0,0.0,0.0 flags=0 nparts=7 pmin=87.5 smin=0.0 ls=0,0,0,0
[15:51:23.104] [HOST] INFO: [stats] RECV hand=1,1962646528 ok=1 str=74.6 dex=18.5 tough=77.3 stealth=61.0 athl=72.7 xp=0
[15:51:23.104] [HOST] INFO: [inv] APPLY hand=1,2,1484619136,1,1962646528 items=7
[15:51:23.514] [HOST] INFO: [event] SEND id=28 ev=1 hand=1,39,1918212864,7,29174804 actor=0,0 bs 0->3
[15:51:23.514] [HOST] INFO: [med] SEND hand=7,29174804 npc=1 blood=30.6 bleed=0.00 fl=100.0,100.0,100.0,100.0 bd=0.0,0.0,0.0,0.0 flags=1 nparts=7 pmin=100.0 smin=0.0 ls=0,0,0,0
[15:51:23.525] [HOST] INFO: [pose] rest re-arm task 65535 -> 258
[15:51:23.525] [HOST] INFO: [pose] applyOrder hand=1,1962646528 task=258 subj=2135,2425048832,0 det=0 r=3 try=0
[15:51:23.585] [HOST] INFO: [ai] suspended=1 driven=1
[15:51:23.712] [HOST] INFO: [interp] lerp=101516 extrap=16485 clamp=0 seg=416 single=136 snapSq=1 snapNpc=0 reissueSq=1756 reissueNpc=0 restFlip=0 delay=184 jit=38.4 starve=0 snapMid=0 restFlipMid=0
[15:51:23.712] [HOST] INFO: [interp] worstZero hand=1,1962646528 zero=811 active=46840 seg=55
[15:51:23.712] [HOST] INFO: [combat] stats snap=7 slide=126 softWalk=737 order=68 wrongTgt=1 armed=0 maxPersist=7
[15:51:24.515] [HOST] INFO: [med] SEND hand=7,29174804 npc=1 blood=30.8 bleed=0.00 fl=100.0,100.0,100.0,100.0 bd=0.0,0.0,0.0,0.0 flags=1 nparts=7 pmin=100.0 smin=0.0 ls=0,0,0,0
[15:51:24.535] [HOST] INFO: [med] SEND hand=1,1913818368 npc=0 blood=134.8 bleed=0.00 fl=100.0,100.0,100.0,100.0 bd=0.0,0.0,0.0,0.0 flags=0 nparts=7 pmin=88.0 smin=0.0 ls=0,0,0,0
[15:51:24.698] [HOST] INFO: [cam] hints recv n=1 p1=-31656,10773
[15:51:24.938] [HOST] INFO: [med] SEND hand=1,1913818368 npc=0 blood=134.8 bleed=0.00 fl=100.0,100.0,100.0,100.0 bd=0.0,0.0,0.0,0.0 flags=0 nparts=7 pmin=88.1 smin=0.0 ls=0,0,0,0
[15:51:25.024] [HOST] INFO: [pose] applyOrder hand=1,1962646528 task=258 subj=2135,2425048832,0 det=0 r=2 try=1
[15:51:25.028] [HOST] INFO: [seatres] HOST task=258 npc=1,1962646528 subj=2135,2425048832 ok=1 npcpos=-31656.1,10773.5 subjpos=-31656.1,10773.5 d=0.0
[15:51:25.163] [HOST] INFO: [cam] center=-31629.4,1816.9,10838.6
[15:51:25.515] [HOST] INFO: [med] SEND hand=7,29174804 npc=1 blood=31.0 bleed=0.00 fl=100.0,100.0,100.0,100.0 bd=0.0,0.0,0.0,0.0 flags=1 nparts=7 pmin=100.0 smin=0.0 ls=0,0,0,0
[15:51:26.066] [HOST] INFO: [med] SEND hand=1,1913818368 npc=0 blood=134.8 bleed=0.00 fl=100.0,100.0,100.0,100.0 bd=0.0,0.0,0.0,0.0 flags=0 nparts=7 pmin=88.5 smin=0.0 ls=0,0,0,0
[15:51:26.517] [HOST] INFO: [med] SEND hand=7,29174804 npc=1 blood=31.2 bleed=0.00 fl=100.0,100.0,100.0,100.0 bd=0.0,0.0,0.0,0.0 flags=1 nparts=7 pmin=100.0 smin=0.0 ls=0,0,0,0
[15:51:26.589] [HOST] INFO: [ai] suspended=1 driven=1
[15:51:27.521] [HOST] INFO: [med] SEND hand=7,29174804 npc=1 blood=31.5 bleed=0.00 fl=100.0,100.0,100.0,100.0 bd=0.0,0.0,0.0,0.0 flags=1 nparts=7 pmin=100.0 smin=0.0 ls=0,0,0,0
[15:51:27.593] [HOST] INFO: [med] SEND hand=1,1913818368 npc=0 blood=134.8 bleed=0.00 fl=100.0,100.0,100.0,100.0 bd=0.0,0.0,0.0,0.0 flags=0 nparts=7 pmin=89.0 smin=0.0 ls=0,0,0,0
[15:51:28.125] [HOST] INFO: [stats] RECV hand=1,1962646528 ok=1 str=74.6 dex=18.5 tough=77.3 stealth=61.0 athl=72.7 xp=0
[15:51:28.125] [HOST] INFO: [inv] APPLY hand=1,2,1484619136,1,1962646528 items=7
[15:51:28.207] [HOST] INFO: [census] sent n=45 radius=2000 mid=22
[15:51:28.522] [HOST] INFO: [med] SEND hand=7,29174804 npc=1 blood=31.7 bleed=0.00 fl=100.0,100.0,100.0,100.0 bd=0.0,0.0,0.0,0.0 flags=1 nparts=7 pmin=100.0 smin=0.0 ls=0,0,0,0
[15:51:28.715] [HOST] INFO: [interp] lerp=102433 extrap=16621 clamp=0 seg=416 single=136 snapSq=1 snapNpc=0 reissueSq=1756 reissueNpc=0 restFlip=0 delay=151 jit=31.6 starve=0 snapMid=0 restFlipMid=0
[15:51:28.716] [HOST] INFO: [interp] worstZero hand=1,1962646528 zero=811 active=46840 seg=102
[15:51:28.716] [HOST] INFO: [combat] stats snap=7 slide=126 softWalk=737 order=68 wrongTgt=1 armed=0 maxPersist=7
[15:51:29.073] [HOST] INFO: [med] SEND hand=1,1913818368 npc=0 blood=134.8 bleed=0.00 fl=100.0,100.0,100.0,100.0 bd=0.0,0.0,0.0,0.0 flags=0 nparts=7 pmin=89.5 smin=0.0 ls=0,0,0,0
[15:51:29.591] [HOST] INFO: [ai] suspended=1 driven=1
[15:51:29.738] [HOST] INFO: [med] SEND hand=7,29174804 npc=1 blood=31.9 bleed=0.00 fl=100.0,100.0,100.0,100.0 bd=0.0,0.0,0.0,0.0 flags=1 nparts=7 pmin=100.0 smin=0.0 ls=0,0,0,0
[15:51:29.824] [HOST] INFO: [cam] hints recv n=1 p1=-31656,10773
[15:51:30.165] [HOST] INFO: [cam] center=-31630.0,1738.5,10805.7
[15:51:30.569] [HOST] INFO: [med] SEND hand=1,1913818368 npc=0 blood=134.8 bleed=0.00 fl=100.0,100.0,100.0,100.0 bd=0.0,0.0,0.0,0.0 flags=0 nparts=7 pmin=90.0 smin=0.0 ls=0,0,0,0
[15:51:30.572] [HOST] INFO: [furn] RECV ENTER id=5 occ=1,1962646528 furn=2135,2425048832 kind=1 ok=1
[15:51:30.572] [HOST] INFO: [event] RECV id=5 ev=8 owner=1 hand=1,2,1484619136,1,1962646528 actor=2135,2425048832
[15:51:30.738] [HOST] INFO: [med] SEND hand=7,29174804 npc=1 blood=32.1 bleed=0.00 fl=100.0,100.0,100.0,100.0 bd=0.0,0.0,0.0,0.0 flags=1 nparts=7 pmin=100.0 smin=0.0 ls=0,0,0,0
[15:51:31.262] [HOST] INFO: [furn] RECV EXIT id=6 occ=1,1962646528 furn=2135,2425048832 kind=1 ok=1
[15:51:31.262] [HOST] INFO: [event] RECV id=6 ev=9 owner=1 hand=1,2,1484619136,1,1962646528 actor=2135,2425048832
[15:51:31.262] [HOST] INFO: [speed] REQ RECV owner=1 mult=5.00 paused=0 combat=1
[15:51:31.262] [HOST] INFO: [speed] SET mult=1.00 paused=0 combat=1 (my=5.00 p1=5.00)
[15:51:31.263] [HOST] INFO: [combat] order hand=1,1962646528 tgt=1,3263549696 localFight=0 r=1 wait=0 n=1 seatbrk=1
[15:51:31.266] [HOST] INFO: [furn] BED FAST-EXIT occ=1,1962646528 ok=1 hostMoving=1
[15:51:31.270] [HOST] INFO: [combat] snap hand=1,1962646528 drift=71.1 srcVel=76.2 localFight=0 wrongTgt=0 arming=1 wait=0 seg=611 n=8
[15:51:31.740] [HOST] INFO: [med] SEND hand=7,29174804 npc=1 blood=32.3 bleed=0.00 fl=100.0,100.0,100.0,100.0 bd=0.0,0.0,0.0,0.0 flags=1 nparts=7 pmin=100.0 smin=0.0 ls=0,0,0,0
[15:51:32.028] [HOST] INFO: [inv] APPLY hand=1,2,1484619136,1,1962646528 items=7
[15:51:32.594] [HOST] INFO: [ai] suspended=0 driven=1
[15:51:32.766] [HOST] INFO: [combat] order hand=1,1962646528 tgt=1,3263549696 localFight=0 r=1 wait=0 n=2 seatbrk=1
[15:51:33.118] [HOST] INFO: [stats] RECV hand=1,1962646528 ok=1 str=74.6 dex=18.5 tough=77.3 stealth=61.0 athl=72.7 xp=0
[15:51:33.719] [HOST] INFO: [interp] lerp=103569 extrap=16804 clamp=0 seg=416 single=136 snapSq=1 snapNpc=0 reissueSq=1756 reissueNpc=0 restFlip=0 delay=144 jit=24.6 starve=0 snapMid=0 restFlipMid=0
[15:51:33.719] [HOST] INFO: [interp] worstZero hand=1,1962646528 zero=811 active=46840 seg=89
[15:51:33.719] [HOST] INFO: [combat] stats snap=8 slide=197 softWalk=821 order=70 wrongTgt=1 armed=1 maxPersist=8
[15:51:35.163] [HOST] INFO: [cam] center=-31576.7,1737.1,10750.4
[15:51:35.203] [HOST] INFO: [med] SEND hand=1,1913818368 npc=0 blood=134.8 bleed=0.00 fl=100.0,100.0,100.0,100.0 bd=0.0,0.0,0.0,0.0 flags=0 nparts=7 pmin=90.5 smin=0.0 ls=0,0,0,0
[15:51:35.596] [HOST] INFO: [ai] suspended=0 driven=1
[15:51:35.606] [HOST] INFO: [med] SEND hand=1,1913818368 npc=0 blood=134.8 bleed=0.00 fl=100.0,100.0,100.0,100.0 bd=0.0,0.0,0.0,0.0 flags=0 nparts=7 pmin=90.5 smin=0.0 ls=0,0,0,0
[15:51:35.700] [HOST] INFO: [cam] hints recv n=1 p1=-31597,10701
[15:51:36.652] [HOST] INFO: [med] SEND hand=7,29174804 npc=1 blood=32.5 bleed=0.00 fl=100.0,100.0,100.0,100.0 bd=0.0,0.0,0.0,0.0 flags=1 nparts=7 pmin=100.0 smin=0.0 ls=0,0,0,0
[15:51:36.852] [HOST] INFO: [speed] REQ RECV owner=1 mult=5.00 paused=0 combat=0
[15:51:36.852] [HOST] INFO: [speed] SET mult=5.00 paused=0 combat=0 (my=5.00 p1=5.00)
[15:51:37.074] [HOST] INFO: [inv] APPLY hand=1,2,1484619136,1,1962646528 items=7
[15:51:37.135] [HOST] INFO: [stats] RECV hand=1,1962646528 ok=1 str=74.6 dex=18.5 tough=77.3 stealth=61.0 athl=72.8 xp=0
[15:51:37.654] [HOST] INFO: [med] SEND hand=7,29174804 npc=1 blood=32.6 bleed=0.00 fl=100.0,100.0,100.0,100.0 bd=0.0,0.0,0.0,0.0 flags=1 nparts=7 pmin=100.0 smin=0.0 ls=0,0,0,0
[15:51:37.989] [HOST] INFO: [med] SEND hand=1,1913818368 npc=0 blood=134.8 bleed=0.00 fl=100.0,100.0,100.0,100.0 bd=0.0,0.0,0.0,0.0 flags=0 nparts=7 pmin=91.0 smin=0.0 ls=0,0,0,0
[15:51:38.217] [HOST] INFO: [census] sent n=46 radius=2000 mid=23
[15:51:38.418] [HOST] INFO: [stats] RECV hand=1,1962646528 ok=1 str=74.6 dex=18.5 tough=77.3 stealth=61.0 athl=72.8 xp=0
[15:51:38.599] [HOST] INFO: [ai] suspended=1 driven=1
[15:51:38.657] [HOST] INFO: [med] SEND hand=7,29174804 npc=1 blood=32.8 bleed=0.00 fl=100.0,100.0,100.0,100.0 bd=0.0,0.0,0.0,0.0 flags=1 nparts=7 pmin=100.0 smin=0.0 ls=0,0,0,0
[15:51:38.722] [HOST] INFO: [interp] lerp=104788 extrap=16920 clamp=0 seg=416 single=136 snapSq=1 snapNpc=0 reissueSq=1759 reissueNpc=0 restFlip=0 delay=192 jit=38.5 starve=0 snapMid=0 restFlipMid=0
[15:51:38.722] [HOST] INFO: [interp] worstZero hand=1,1962646528 zero=819 active=46905 seg=91
[15:51:38.722] [HOST] INFO: [combat] stats snap=8 slide=197 softWalk=821 order=70 wrongTgt=1 armed=0 maxPersist=8
[15:51:38.762] [HOST] INFO: [combat] order hand=1,1962646528 tgt=1,823364288 localFight=0 r=1 wait=0 n=1
[15:51:39.265] [HOST] INFO: [speed] REQ RECV owner=1 mult=5.00 paused=0 combat=1
[15:51:39.265] [HOST] INFO: [speed] SET mult=1.00 paused=0 combat=1 (my=5.00 p1=5.00)
[15:51:39.750] [HOST] INFO: [med] SEND hand=7,29174804 npc=1 blood=33.0 bleed=0.00 fl=100.0,100.0,100.0,100.0 bd=0.0,0.0,0.0,0.0 flags=1 nparts=7 pmin=100.0 smin=0.0 ls=0,0,0,0
[15:51:40.163] [HOST] INFO: [cam] center=-31629.4,1816.9,10838.6
[15:51:40.263] [HOST] INFO: [combat] order hand=1,1962646528 tgt=1,3263549696 localFight=0 r=1 wait=0 n=2 seatbrk=1
[15:51:40.451] [HOST] INFO: [med] SEND hand=1,1913818368 npc=0 blood=134.8 bleed=0.00 fl=100.0,100.0,100.0,100.0 bd=0.0,0.0,0.0,0.0 flags=0 nparts=7 pmin=91.5 smin=0.0 ls=0,0,0,0
[15:51:40.736] [HOST] INFO: [cam] hints recv n=1 p1=-31592,10719
[15:51:40.752] [HOST] INFO: [med] SEND hand=7,29174804 npc=1 blood=33.0 bleed=0.00 fl=100.0,100.0,100.0,100.0 bd=0.0,0.0,0.0,0.0 flags=1 nparts=7 pmin=100.0 smin=0.0 ls=0,0,0,0
[15:51:40.854] [HOST] INFO: [med] SEND hand=1,1913818368 npc=0 blood=134.8 bleed=0.00 fl=100.0,100.0,100.0,100.0 bd=0.0,0.0,0.0,0.0 flags=0 nparts=7 pmin=91.5 smin=0.0 ls=0,0,0,0
[15:51:41.604] [HOST] INFO: [ai] suspended=0 driven=1
[15:51:42.041] [HOST] INFO: [inv] APPLY hand=1,2,1484619136,1,1962646528 items=7
[15:51:43.266] [HOST] INFO: [combat] order hand=1,1962646528 tgt=1,3263549696 localFight=0 r=1 wait=0 n=3 seatbrk=1
[15:51:43.278] [HOST] INFO: [stats] RECV hand=1,1962646528 ok=1 str=74.6 dex=18.6 tough=77.3 stealth=61.0 athl=72.8 xp=0
[15:51:43.725] [HOST] INFO: [interp] lerp=105839 extrap=17031 clamp=0 seg=416 single=136 snapSq=1 snapNpc=0 reissueSq=1759 reissueNpc=0 restFlip=0 delay=181 jit=38.5 starve=0 snapMid=0 restFlipMid=0
[15:51:43.725] [HOST] INFO: [interp] worstZero hand=1,1962646528 zero=819 active=46905 seg=77
[15:51:43.725] [HOST] INFO: [combat] stats snap=8 slide=197 softWalk=838 order=73 wrongTgt=1 armed=1 maxPersist=8
[15:51:44.607] [HOST] INFO: [ai] suspended=0 driven=1
[15:51:44.820] [HOST] INFO: [stats] RECV hand=1,1962646528 ok=1 str=74.6 dex=18.6 tough=77.3 stealth=61.0 athl=72.8 xp=0
[15:51:45.114] [HOST] INFO: [combat] order hand=1,1962646528 tgt=1,823364288 localFight=0 r=1 wait=0 n=4 seatbrk=1
[15:51:45.165] [HOST] INFO: [cam] center=-31629.4,1816.9,10838.6
[15:51:45.389] [HOST] INFO: [stats] RECV hand=1,1962646528 ok=1 str=74.6 dex=18.6 tough=77.3 stealth=61.0 athl=72.8 xp=0
[15:51:45.764] [HOST] INFO: [cam] hints recv n=1 p1=-31602,10723
[15:51:46.748] [HOST] INFO: [med] SEND hand=7,29174804 npc=1 blood=33.3 bleed=0.00 fl=100.0,100.0,100.0,100.0 bd=0.0,0.0,0.0,0.0 flags=1 nparts=7 pmin=100.0 smin=0.0 ls=0,0,0,0
[15:51:47.123] [HOST] INFO: [inv] APPLY hand=1,2,1484619136,1,1962646528 items=7
[15:51:47.611] [HOST] INFO: [ai] suspended=0 driven=1
[15:51:48.018] [HOST] INFO: [med] SEND hand=1,1913818368 npc=0 blood=134.8 bleed=0.00 fl=100.0,100.0,100.0,100.0 bd=0.0,0.0,0.0,0.0 flags=0 nparts=7 pmin=92.0 smin=0.0 ls=0,0,0,0
[15:51:48.232] [HOST] INFO: [census] sent n=31 radius=2000 mid=8
[15:51:48.420] [HOST] INFO: [med] SEND hand=1,1913818368 npc=0 blood=134.8 bleed=0.00 fl=100.0,100.0,100.0,100.0 bd=0.0,0.0,0.0,0.0 flags=0 nparts=7 pmin=92.0 smin=0.0 ls=0,0,0,0
[15:51:48.727] [HOST] INFO: [interp] lerp=106894 extrap=17210 clamp=0 seg=416 single=136 snapSq=1 snapNpc=0 reissueSq=1759 reissueNpc=0 restFlip=0 delay=135 jit=23.0 starve=0 snapMid=0 restFlipMid=0
[15:51:48.727] [HOST] INFO: [interp] worstZero hand=1,1962646528 zero=819 active=46905 seg=48
[15:51:48.727] [HOST] INFO: [combat] stats snap=8 slide=197 softWalk=841 order=74 wrongTgt=1 armed=1 maxPersist=8
[15:51:49.514] [HOST] INFO: [stats] RECV hand=1,1962646528 ok=1 str=74.6 dex=18.8 tough=77.3 stealth=61.0 athl=72.8 xp=0
[15:51:50.165] [HOST] INFO: [cam] center=-31629.4,1816.9,10838.6
[15:51:50.484] [HOST] INFO: [stats] RECV hand=1,1962646528 ok=1 str=74.6 dex=18.8 tough=77.3 stealth=61.0 athl=72.8 xp=0
[15:51:50.485] [HOST] INFO: [combat] order hand=1,1962646528 tgt=1,3263549696 localFight=0 r=1 wait=0 n=5 seatbrk=1
[15:51:50.614] [HOST] INFO: [ai] suspended=0 driven=1
[15:51:50.773] [HOST] INFO: [cam] hints recv n=1 p1=-31609,10729
[15:51:51.498] [HOST] INFO: [stats] RECV hand=1,1962646528 ok=1 str=74.6 dex=18.8 tough=77.3 stealth=61.0 athl=72.8 xp=0
[15:51:52.016] [HOST] INFO: [inv] APPLY hand=1,2,1484619136,1,1962646528 items=7
[15:51:52.609] [HOST] INFO: [stats] RECV hand=1,1962646528 ok=1 str=74.6 dex=18.9 tough=77.3 stealth=61.0 athl=72.8 xp=0
[15:51:53.617] [HOST] INFO: [ai] suspended=0 driven=1
[15:51:53.728] [HOST] INFO: [interp] lerp=108042 extrap=17294 clamp=0 seg=416 single=136 snapSq=1 snapNpc=0 reissueSq=1759 reissueNpc=0 restFlip=0 delay=135 jit=21.7 starve=0 snapMid=0 restFlipMid=0
[15:51:53.728] [HOST] INFO: [interp] worstZero hand=1,1962646528 zero=819 active=46905 seg=83
[15:51:53.728] [HOST] INFO: [combat] stats snap=8 slide=197 softWalk=857 order=75 wrongTgt=1 armed=1 maxPersist=8
[15:51:53.763] [HOST] INFO: [stats] RECV hand=1,1962646528 ok=1 str=74.6 dex=18.9 tough=77.3 stealth=61.0 athl=72.8 xp=0
[15:51:54.589] [HOST] INFO: [combat] order hand=1,1962646528 tgt=1,823364288 localFight=0 r=1 wait=0 n=6 seatbrk=1
[15:51:54.758] [HOST] INFO: [stats] RECV hand=1,1962646528 ok=1 str=74.6 dex=18.9 tough=77.3 stealth=61.0 athl=72.8 xp=0
[15:51:55.165] [HOST] INFO: [cam] center=-31629.4,1816.9,10838.6
[15:51:55.584] [HOST] INFO: [med] SEND hand=1,1913818368 npc=0 blood=134.8 bleed=0.00 fl=100.0,100.0,100.0,100.0 bd=0.0,0.0,0.0,0.0 flags=0 nparts=7 pmin=92.5 smin=0.0 ls=0,0,0,0
[15:51:55.810] [HOST] INFO: [cam] hints recv n=1 p1=-31593,10713
[15:51:55.930] [HOST] INFO: [stats] RECV hand=1,1962646528 ok=1 str=74.6 dex=18.9 tough=77.3 stealth=61.0 athl=72.8 xp=0
[15:51:55.988] [HOST] INFO: [med] SEND hand=1,1913818368 npc=0 blood=134.8 bleed=0.00 fl=100.0,100.0,100.0,100.0 bd=0.0,0.0,0.0,0.0 flags=0 nparts=7 pmin=92.5 smin=0.0 ls=0,0,0,0
[15:51:56.088] [HOST] INFO: [combat] order hand=1,1962646528 tgt=1,3263549696 localFight=0 r=1 wait=0 n=7 seatbrk=1
[15:51:56.618] [HOST] INFO: [ai] suspended=0 driven=1
[15:51:56.926] [HOST] INFO: [stats] RECV hand=1,1962646528 ok=1 str=74.6 dex=18.9 tough=77.3 stealth=61.0 athl=72.8 xp=0
[15:51:57.032] [HOST] INFO: [inv] APPLY hand=1,2,1484619136,1,1962646528 items=7
[15:51:58.256] [HOST] INFO: [census] sent n=31 radius=2000 mid=8
[15:51:58.732] [HOST] INFO: [interp] lerp=109133 extrap=17372 clamp=0 seg=416 single=136 snapSq=1 snapNpc=0 reissueSq=1759 reissueNpc=0 restFlip=0 delay=143 jit=27.0 starve=0 snapMid=0 restFlipMid=0
[15:51:58.732] [HOST] INFO: [interp] worstZero hand=1,1962646528 zero=819 active=46905 seg=65
[15:51:58.732] [HOST] INFO: [combat] stats snap=8 slide=197 softWalk=877 order=77 wrongTgt=1 armed=1 maxPersist=8
[15:51:59.261] [HOST] INFO: [med] SEND hand=7,29174804 npc=1 blood=33.8 bleed=0.00 fl=100.0,100.0,100.0,100.0 bd=0.0,0.0,0.0,0.0 flags=1 nparts=7 pmin=100.0 smin=0.0 ls=0,0,0,0
[15:51:59.291] [HOST] INFO: [stats] RECV hand=1,1962646528 ok=1 str=74.6 dex=19.0 tough=77.3 stealth=61.0 athl=72.8 xp=0
[15:51:59.619] [HOST] INFO: [ai] suspended=0 driven=1
[15:52:00.165] [HOST] INFO: [cam] center=-31629.4,1816.9,10838.6
[15:52:00.264] [HOST] INFO: [med] SEND hand=7,29174804 npc=1 blood=33.9 bleed=0.00 fl=100.0,100.0,100.0,100.0 bd=0.0,0.0,0.0,0.0 flags=1 nparts=7 pmin=100.0 smin=0.0 ls=0,0,0,0
[15:52:00.900] [HOST] INFO: [cam] hints recv n=1 p1=-31574,10712
[15:52:01.432] [HOST] INFO: [speed] REQ mult=0.00 paused=1 combat=0
[15:52:01.432] [HOST] INFO: [speed] SET mult=0.00 paused=1 combat=1 (my=0.00 p1=5.00)
[15:52:02.062] [HOST] INFO: [inv] APPLY hand=1,2,1484619136,1,1962646528 items=7
[15:52:02.620] [HOST] INFO: [ai] suspended=0 driven=1
[15:52:03.735] [HOST] INFO: [interp] lerp=110188 extrap=17471 clamp=0 seg=416 single=136 snapSq=1 snapNpc=0 reissueSq=1759 reissueNpc=0 restFlip=0 delay=137 jit=19.4 starve=0 snapMid=0 restFlipMid=0
[15:52:03.735] [HOST] INFO: [interp] worstZero hand=1,1962646528 zero=819 active=46905 seg=64
[15:52:03.735] [HOST] INFO: [combat] stats snap=8 slide=197 softWalk=894 order=77 wrongTgt=1 armed=1 maxPersist=8
[15:52:04.281] [HOST] INFO: [stats] RECV hand=1,1962646528 ok=1 str=74.6 dex=19.0 tough=77.3 stealth=61.0 athl=72.8 xp=0
[15:52:05.165] [HOST] INFO: [cam] center=-31629.4,1816.9,10838.6
[15:52:05.492] [HOST] INFO: [speed] REQ mult=5.00 paused=0 combat=0
[15:52:05.492] [HOST] INFO: [speed] SET mult=1.00 paused=0 combat=1 (my=5.00 p1=5.00)
[15:52:05.623] [HOST] INFO: [ai] suspended=0 driven=1
[15:52:05.903] [HOST] INFO: [cam] hints recv n=1 p1=-31579,10709
[15:52:06.031] [HOST] INFO: [stats] RECV hand=1,1962646528 ok=1 str=74.6 dex=19.1 tough=77.3 stealth=61.0 athl=72.8 xp=0
[15:52:07.078] [HOST] INFO: [inv] APPLY hand=1,2,1484619136,1,1962646528 items=7
[15:52:07.224] [HOST] INFO: [med] SEND hand=1,1913818368 npc=0 blood=134.8 bleed=0.00 fl=100.0,100.0,100.0,100.0 bd=0.0,0.0,0.0,0.0 flags=0 nparts=7 pmin=93.0 smin=0.0 ls=0,0,0,0
[15:52:07.625] [HOST] INFO: [med] SEND hand=1,1913818368 npc=0 blood=134.8 bleed=0.00 fl=100.0,100.0,100.0,100.0 bd=0.0,0.0,0.0,0.0 flags=0 nparts=7 pmin=93.0 smin=0.0 ls=0,0,0,0
[15:52:07.705] [HOST] INFO: [med] SEND hand=7,29174804 npc=1 blood=34.0 bleed=0.00 fl=100.0,100.0,100.0,100.0 bd=0.0,0.0,0.0,0.0 flags=1 nparts=7 pmin=100.0 smin=0.0 ls=0,0,0,0
[15:52:08.280] [HOST] INFO: [census] sent n=32 radius=2000 mid=9
[15:52:08.289] [HOST] INFO: [speed] REQ mult=0.00 paused=1 combat=0
[15:52:08.289] [HOST] INFO: [speed] SET mult=0.00 paused=1 combat=1 (my=0.00 p1=5.00)
[15:52:08.626] [HOST] INFO: [ai] suspended=0 driven=1
[15:52:08.739] [HOST] INFO: [interp] lerp=111164 extrap=17606 clamp=0 seg=416 single=136 snapSq=1 snapNpc=0 reissueSq=1759 reissueNpc=0 restFlip=0 delay=161 jit=35.8 starve=0 snapMid=0 restFlipMid=0
[15:52:08.739] [HOST] INFO: [interp] worstZero hand=1,1962646528 zero=819 active=46905 seg=58
[15:52:08.739] [HOST] INFO: [combat] stats snap=8 slide=197 softWalk=898 order=77 wrongTgt=1 armed=1 maxPersist=8
[15:52:10.165] [HOST] INFO: [cam] center=-31629.4,1816.9,10838.6
[15:52:10.906] [HOST] INFO: [cam] hints recv n=1 p1=-31579,10709
[15:52:11.057] [HOST] INFO: [stats] RECV hand=1,1962646528 ok=1 str=74.6 dex=19.1 tough=77.3 stealth=61.0 athl=72.8 xp=0
[15:52:11.627] [HOST] INFO: [ai] suspended=0 driven=1
[15:52:11.631] [HOST] INFO: [save] LOCAL-SAVE name='DUO' autosave=0 suppressed=0
[15:52:11.635] [HOST] INFO: [save] WATCH armed folder='C:\Users\Zach Pieper\AppData\Local\kenshi\save\DUO' baseFiles=86 baseBytes=6550882
[15:52:11.850] [HOST] INFO: [speed] REQ mult=5.00 paused=0 combat=0
[15:52:11.850] [HOST] INFO: [speed] SET mult=1.00 paused=0 combat=1 (my=5.00 p1=5.00)
[15:52:12.093] [HOST] INFO: [inv] APPLY hand=1,2,1484619136,1,1962646528 items=7
[15:52:13.617] [HOST] INFO: [stats] RECV hand=1,1962646528 ok=1 str=74.6 dex=19.3 tough=77.3 stealth=61.0 athl=72.8 xp=0
[15:52:13.634] [HOST] INFO: [save] QUIESCED kind=settled name='DUO' files=79 bytes=6344197 waitMs=2000
[15:52:13.635] [HOST] INFO: [save] XFER-BEGIN id=4 name='DUO' files=79 bytes=6344197
[15:52:13.743] [HOST] INFO: [interp] lerp=112175 extrap=17659 clamp=0 seg=416 single=136 snapSq=1 snapNpc=0 reissueSq=1759 reissueNpc=0 restFlip=0 delay=200 jit=44.7 starve=0 snapMid=0 restFlipMid=0
[15:52:13.743] [HOST] INFO: [interp] worstZero hand=1,1962646528 zero=819 active=46905 seg=50
[15:52:13.743] [HOST] INFO: [combat] stats snap=8 slide=197 softWalk=899 order=77 wrongTgt=1 armed=1 maxPersist=8
[15:52:14.631] [HOST] INFO: [ai] suspended=0 driven=1
[15:52:14.717] [HOST] INFO: [med] SEND hand=7,29174804 npc=1 blood=34.1 bleed=0.00 fl=100.0,100.0,100.0,100.0 bd=0.0,0.0,0.0,0.0 flags=1 nparts=7 pmin=100.0 smin=0.0 ls=0,0,0,0
[15:52:15.165] [HOST] INFO: [cam] center=-31629.4,1816.9,10838.6
[15:52:16.712] [HOST] INFO: [save] XFER-SENT id=4 files=79 bytes=6344197 ms=3078
[15:52:16.992] [HOST] INFO: [cam] hints recv n=1 p1=-31579,10709
[15:52:17.048] [HOST] INFO: [inv] APPLY hand=1,2,1484619136,1,1962646528 items=7
[15:52:17.636] [HOST] INFO: [ai] suspended=0 driven=1
[15:52:18.299] [HOST] INFO: [census] sent n=32 radius=2000 mid=9
[15:52:18.346] [HOST] INFO: [med] SEND hand=1,1913818368 npc=0 blood=134.8 bleed=0.00 fl=100.0,100.0,100.0,100.0 bd=0.0,0.0,0.0,0.0 flags=0 nparts=7 pmin=93.5 smin=0.0 ls=0,0,0,0
[15:52:18.448] [HOST] INFO: [stats] RECV hand=1,1962646528 ok=1 str=74.6 dex=19.3 tough=77.3 stealth=61.0 athl=72.8 xp=0
[15:52:18.744] [HOST] INFO: [interp] lerp=112498 extrap=18257 clamp=0 seg=416 single=136 snapSq=1 snapNpc=0 reissueSq=1759 reissueNpc=0 restFlip=0 delay=200 jit=107.0 starve=0 snapMid=0 restFlipMid=0
[15:52:18.744] [HOST] INFO: [interp] worstZero hand=1,1962646528 zero=819 active=46905 seg=805
[15:52:18.744] [HOST] INFO: [combat] stats snap=8 slide=197 softWalk=899 order=77 wrongTgt=1 armed=1 maxPersist=8
[15:52:18.747] [HOST] INFO: [med] SEND hand=1,1913818368 npc=0 blood=134.8 bleed=0.00 fl=100.0,100.0,100.0,100.0 bd=0.0,0.0,0.0,0.0 flags=0 nparts=7 pmin=93.5 smin=0.0 ls=0,0,0,0
[15:52:20.164] [HOST] INFO: [cam] center=-31629.4,1816.9,10838.6
[15:52:20.629] [HOST] INFO: [med] SEND hand=7,29174804 npc=1 blood=34.4 bleed=0.00 fl=100.0,100.0,100.0,100.0 bd=0.0,0.0,0.0,0.0 flags=1 nparts=7 pmin=100.0 smin=0.0 ls=0,0,0,0
[15:52:20.638] [HOST] INFO: [ai] suspended=1 driven=1
[15:52:21.230] [HOST] INFO: [speed] REQ RECV owner=1 mult=5.00 paused=0 combat=0
[15:52:21.230] [HOST] INFO: [speed] SET mult=5.00 paused=0 combat=0 (my=5.00 p1=5.00)
[15:52:21.230] [HOST] ERROR: [save] XFER-ACK owner=1 id=4 ok=0 files=0 bytes=0 (1/1 joins)
[15:52:21.631] [HOST] INFO: [med] SEND hand=7,29174804 npc=1 blood=34.5 bleed=0.00 fl=100.0,100.0,100.0,100.0 bd=0.0,0.0,0.0,0.0 flags=1 nparts=7 pmin=100.0 smin=0.0 ls=0,0,0,0
[15:52:22.094] [HOST] INFO: [inv] APPLY hand=1,2,1484619136,1,1962646528 items=7
[15:52:22.174] [HOST] INFO: [med] SEND hand=1,1913818368 npc=0 blood=134.8 bleed=0.00 fl=100.0,100.0,100.0,100.0 bd=0.0,0.0,0.0,0.0 flags=0 nparts=7 pmin=94.0 smin=0.0 ls=0,0,0,0
[15:52:22.435] [HOST] INFO: [pose] rest re-arm task 65535 -> 258
[15:52:22.435] [HOST] INFO: [pose] applyOrder hand=1,1962646528 task=258 subj=2136,3811523328,0 det=0 r=3 try=0
[15:52:22.631] [HOST] INFO: [med] SEND hand=7,29174804 npc=1 blood=34.7 bleed=0.00 fl=100.0,100.0,100.0,100.0 bd=0.0,0.0,0.0,0.0 flags=1 nparts=7 pmin=100.0 smin=0.0 ls=0,0,0,0
[15:52:23.045] [HOST] INFO: [cam] hints recv n=1 p1=-31579,10709
[15:52:23.624] [HOST] INFO: [stats] RECV hand=1,1962646528 ok=1 str=74.6 dex=19.3 tough=77.3 stealth=61.0 athl=72.8 xp=0
[15:52:23.641] [HOST] INFO: [ai] suspended=1 driven=1
[15:52:23.690] [HOST] INFO: [med] SEND hand=1,1913818368 npc=0 blood=134.8 bleed=0.00 fl=100.0,100.0,100.0,100.0 bd=0.0,0.0,0.0,0.0 flags=0 nparts=7 pmin=94.5 smin=0.0 ls=0,0,0,0
[15:52:23.748] [HOST] INFO: [interp] lerp=113070 extrap=18937 clamp=0 seg=416 single=136 snapSq=1 snapNpc=0 reissueSq=1772 reissueNpc=0 restFlip=0 delay=200 jit=85.6 starve=0 snapMid=0 restFlipMid=0
[15:52:23.748] [HOST] INFO: [interp] worstZero hand=1,1962646528 zero=821 active=47215 seg=72
[15:52:23.748] [HOST] INFO: [combat] stats snap=8 slide=197 softWalk=899 order=77 wrongTgt=1 armed=0 maxPersist=8
[15:52:23.772] [HOST] INFO: [med] SEND hand=7,29174804 npc=1 blood=35.0 bleed=0.00 fl=100.0,100.0,100.0,100.0 bd=0.0,0.0,0.0,0.0 flags=1 nparts=7 pmin=100.0 smin=0.0 ls=0,0,0,0
[15:52:23.938] [HOST] INFO: [pose] applyOrder hand=1,1962646528 task=258 subj=2136,3811523328,0 det=0 r=2 try=1
[15:52:23.941] [HOST] INFO: [seatres] HOST task=258 npc=1,1962646528 subj=2136,3811523328 ok=1 npcpos=-31629.8,10784.2 subjpos=-31629.8,10784.2 d=0.0
[15:52:24.773] [HOST] INFO: [med] SEND hand=7,29174804 npc=1 blood=35.2 bleed=0.00 fl=100.0,100.0,100.0,100.0 bd=0.0,0.0,0.0,0.0 flags=1 nparts=7 pmin=100.0 smin=0.0 ls=0,0,0,0
[15:52:25.165] [HOST] INFO: [cam] center=-31629.4,1816.9,10838.6
[15:52:25.202] [HOST] INFO: [med] SEND hand=1,1913818368 npc=0 blood=134.8 bleed=0.00 fl=100.0,100.0,100.0,100.0 bd=0.0,0.0,0.0,0.0 flags=0 nparts=7 pmin=95.0 smin=0.0 ls=0,0,0,0
[15:52:25.606] [HOST] INFO: [med] SEND hand=1,1913818368 npc=0 blood=134.8 bleed=0.00 fl=100.0,100.0,100.0,100.0 bd=0.0,0.0,0.0,0.0 flags=0 nparts=7 pmin=95.1 smin=0.0 ls=0,0,0,0
[15:52:25.773] [HOST] INFO: [med] SEND hand=7,29174804 npc=1 blood=35.4 bleed=0.00 fl=100.0,100.0,100.0,100.0 bd=0.0,0.0,0.0,0.0 flags=1 nparts=7 pmin=100.0 smin=0.0 ls=0,0,0,0
[15:52:26.646] [HOST] INFO: [ai] suspended=1 driven=1
[15:52:26.723] [HOST] INFO: [med] SEND hand=1,1913818368 npc=0 blood=134.8 bleed=0.00 fl=100.0,100.0,100.0,100.0 bd=0.0,0.0,0.0,0.0 flags=0 nparts=7 pmin=95.5 smin=0.0 ls=0,0,0,0
[15:52:26.773] [HOST] INFO: [med] SEND hand=7,29174804 npc=1 blood=35.6 bleed=0.00 fl=100.0,100.0,100.0,100.0 bd=0.0,0.0,0.0,0.0 flags=1 nparts=7 pmin=100.0 smin=0.0 ls=0,0,0,0
[15:52:27.050] [HOST] INFO: [inv] APPLY hand=1,2,1484619136,1,1962646528 items=7
[15:52:27.777] [HOST] INFO: [med] SEND hand=7,29174804 npc=1 blood=35.8 bleed=0.00 fl=100.0,100.0,100.0,100.0 bd=0.0,0.0,0.0,0.0 flags=1 nparts=7 pmin=100.0 smin=0.0 ls=0,0,0,0
[15:52:28.232] [HOST] INFO: [med] SEND hand=1,1913818368 npc=0 blood=134.8 bleed=0.00 fl=100.0,100.0,100.0,100.0 bd=0.0,0.0,0.0,0.0 flags=0 nparts=7 pmin=96.0 smin=0.0 ls=0,0,0,0
[15:52:28.312] [HOST] INFO: [census] sent n=42 radius=2000 mid=19
[15:52:28.623] [HOST] INFO: [stats] RECV hand=1,1962646528 ok=1 str=74.6 dex=19.3 tough=77.3 stealth=61.0 athl=72.8 xp=0
[15:52:28.631] [HOST] INFO: [med] SEND hand=1,1913818368 npc=0 blood=134.8 bleed=0.00 fl=100.0,100.0,100.0,100.0 bd=0.0,0.0,0.0,0.0 flags=0 nparts=7 pmin=96.1 smin=0.0 ls=0,0,0,0
[15:52:28.750] [HOST] INFO: [interp] lerp=114228 extrap=19007 clamp=0 seg=416 single=136 snapSq=1 snapNpc=0 reissueSq=1772 reissueNpc=0 restFlip=0 delay=153 jit=26.7 starve=0 snapMid=0 restFlipMid=0
[15:52:28.750] [HOST] INFO: [interp] worstZero hand=1,1962646528 zero=821 active=47215 seg=82
[15:52:28.750] [HOST] INFO: [combat] stats snap=8 slide=197 softWalk=899 order=77 wrongTgt=1 armed=0 maxPersist=8
[15:52:28.803] [HOST] INFO: [med] SEND hand=7,29174804 npc=1 blood=36.0 bleed=0.00 fl=100.0,100.0,100.0,100.0 bd=0.0,0.0,0.0,0.0 flags=1 nparts=7 pmin=100.0 smin=0.0 ls=0,0,0,0
[15:52:28.922] [HOST] INFO: [cam] hints recv n=1 p1=-31579,10709
[15:52:29.650] [HOST] INFO: [ai] suspended=1 driven=1
[15:52:29.749] [HOST] INFO: [med] SEND hand=1,1913818368 npc=0 blood=134.8 bleed=0.00 fl=100.0,100.0,100.0,100.0 bd=0.0,0.0,0.0,0.0 flags=0 nparts=7 pmin=96.5 smin=0.0 ls=0,0,0,0
[15:52:29.803] [HOST] INFO: [med] SEND hand=7,29174804 npc=1 blood=36.2 bleed=0.00 fl=100.0,100.0,100.0,100.0 bd=0.0,0.0,0.0,0.0 flags=1 nparts=7 pmin=100.0 smin=0.0 ls=0,0,0,0
[15:52:29.812] [HOST] INFO: [inv] APPLY hand=1,2,1484619136,1,1962646528 items=7
[15:52:30.152] [HOST] INFO: [med] SEND hand=1,1913818368 npc=0 blood=134.8 bleed=0.00 fl=100.0,100.0,100.0,100.0 bd=0.0,0.0,0.0,0.0 flags=0 nparts=7 pmin=96.6 smin=0.0 ls=0,0,0,0
[15:52:30.165] [HOST] INFO: [cam] center=-31629.4,1816.9,10838.6
[15:52:30.805] [HOST] INFO: [med] SEND hand=7,29174804 npc=1 blood=36.4 bleed=0.00 fl=100.0,100.0,100.0,100.0 bd=0.0,0.0,0.0,0.0 flags=1 nparts=7 pmin=100.0 smin=0.0 ls=0,0,0,0
[15:52:31.252] [HOST] INFO: [med] SEND hand=1,1913818368 npc=0 blood=134.8 bleed=0.00 fl=100.0,100.0,100.0,100.0 bd=0.0,0.0,0.0,0.0 flags=0 nparts=7 pmin=97.0 smin=0.0 ls=0,0,0,0
[15:52:31.804] [HOST] INFO: [med] SEND hand=7,29174804 npc=1 blood=36.6 bleed=0.00 fl=100.0,100.0,100.0,100.0 bd=0.0,0.0,0.0,0.0 flags=1 nparts=7 pmin=100.0 smin=0.0 ls=0,0,0,0
[15:52:31.821] [HOST] INFO: [furn] RECV ENTER id=7 occ=1,1962646528 furn=2136,3811523328 kind=1 ok=1
[15:52:31.821] [HOST] INFO: [event] RECV id=7 ev=8 owner=1 hand=1,2,1484619136,1,1962646528 actor=2136,3811523328
[15:52:32.654] [HOST] INFO: [ai] suspended=1 driven=1
[15:52:32.758] [HOST] INFO: [med] SEND hand=1,1913818368 npc=0 blood=134.8 bleed=0.00 fl=100.0,100.0,100.0,100.0 bd=0.0,0.0,0.0,0.0 flags=0 nparts=7 pmin=97.5 smin=0.0 ls=0,0,0,0
[15:52:32.981] [HOST] INFO: [med] SEND hand=7,29174804 npc=1 blood=36.9 bleed=0.00 fl=100.0,100.0,100.0,100.0 bd=0.0,0.0,0.0,0.0 flags=1 nparts=7 pmin=100.0 smin=0.0 ls=0,0,0,0
[15:52:33.479] [HOST] INFO: [stats] RECV hand=1,1962646528 ok=1 str=74.6 dex=19.3 tough=77.3 stealth=61.0 athl=72.8 xp=0
[15:52:33.754] [HOST] INFO: [interp] lerp=115199 extrap=19143 clamp=0 seg=416 single=136 snapSq=1 snapNpc=0 reissueSq=1772 reissueNpc=0 restFlip=0 delay=189 jit=42.3 starve=0 snapMid=0 restFlipMid=0
[15:52:33.754] [HOST] INFO: [interp] worstZero hand=1,1962646528 zero=821 active=47215 seg=216
[15:52:33.755] [HOST] INFO: [combat] stats snap=8 slide=197 softWalk=899 order=77 wrongTgt=1 armed=0 maxPersist=8
[15:52:34.274] [HOST] INFO: [med] SEND hand=1,1913818368 npc=0 blood=134.8 bleed=0.00 fl=100.0,100.0,100.0,100.0 bd=0.0,0.0,0.0,0.0 flags=0 nparts=7 pmin=98.0 smin=0.0 ls=0,0,0,0
[15:52:34.932] [HOST] INFO: [cam] hints recv n=1 p1=-31649,10662
[15:52:34.936] [HOST] INFO: [inv] APPLY hand=1,2,1484619136,1,1962646528 items=7
[15:52:35.163] [HOST] INFO: [cam] center=-31629.4,1816.9,10838.6
[15:52:35.590] [HOST] INFO: [med] SEND hand=7,29174804 npc=1 blood=37.4 bleed=0.00 fl=100.0,100.0,100.0,100.0 bd=0.0,0.0,0.0,0.0 flags=1 nparts=7 pmin=100.0 smin=0.0 ls=0,0,0,0
[15:52:35.656] [HOST] INFO: [ai] suspended=1 driven=1
[15:52:35.782] [HOST] INFO: [med] SEND hand=1,1913818368 npc=0 blood=134.8 bleed=0.00 fl=100.0,100.0,100.0,100.0 bd=0.0,0.0,0.0,0.0 flags=0 nparts=7 pmin=98.5 smin=0.0 ls=0,0,0,0
[15:52:36.592] [HOST] INFO: [med] SEND hand=7,29174804 npc=1 blood=37.6 bleed=0.00 fl=100.0,100.0,100.0,100.0 bd=0.0,0.0,0.0,0.0 flags=1 nparts=7 pmin=100.0 smin=0.0 ls=0,0,0,0
[15:52:37.288] [HOST] INFO: [med] SEND hand=1,1913818368 npc=0 blood=134.8 bleed=0.00 fl=100.0,100.0,100.0,100.0 bd=0.0,0.0,0.0,0.0 flags=0 nparts=7 pmin=99.0 smin=0.0 ls=0,0,0,0
[15:52:37.592] [HOST] INFO: [med] SEND hand=7,29174804 npc=1 blood=37.8 bleed=0.00 fl=100.0,100.0,100.0,100.0 bd=0.0,0.0,0.0,0.0 flags=1 nparts=7 pmin=100.0 smin=0.0 ls=0,0,0,0
[15:52:37.688] [HOST] INFO: [med] SEND hand=1,1913818368 npc=0 blood=134.8 bleed=0.00 fl=100.0,100.0,100.0,100.0 bd=0.0,0.0,0.0,0.0 flags=0 nparts=7 pmin=99.1 smin=0.0 ls=0,0,0,0
[15:52:38.323] [HOST] INFO: [census] sent n=42 radius=2000 mid=19
[15:52:38.595] [HOST] INFO: [med] SEND hand=7,29174804 npc=1 blood=38.0 bleed=0.00 fl=100.0,100.0,100.0,100.0 bd=0.0,0.0,0.0,0.0 flags=1 nparts=7 pmin=100.0 smin=0.0 ls=0,0,0,0
[15:52:38.658] [HOST] INFO: [ai] suspended=1 driven=1
[15:52:38.760] [HOST] INFO: [interp] lerp=115546 extrap=19705 clamp=0 seg=416 single=136 snapSq=1 snapNpc=0 reissueSq=1772 reissueNpc=0 restFlip=0 delay=0 jit=0.0 starve=1 snapMid=0 restFlipMid=0
[15:52:38.760] [HOST] INFO: [interp] worstZero hand=1,1962646528 zero=821 active=47215 seg=19
[15:52:38.760] [HOST] INFO: [combat] stats snap=8 slide=197 softWalk=899 order=77 wrongTgt=1 armed=0 maxPersist=8
[15:52:38.811] [HOST] INFO: [med] SEND hand=1,1913818368 npc=0 blood=134.8 bleed=0.00 fl=100.0,100.0,100.0,100.0 bd=0.0,0.0,0.0,0.0 flags=0 nparts=7 pmin=99.5 smin=0.0 ls=0,0,0,0
[15:52:39.599] [HOST] INFO: [med] SEND hand=7,29174804 npc=1 blood=38.3 bleed=0.00 fl=100.0,100.0,100.0,100.0 bd=0.0,0.0,0.0,0.0 flags=1 nparts=7 pmin=100.0 smin=0.0 ls=0,0,0,0
[15:52:40.164] [HOST] INFO: [cam] center=-31629.4,1816.9,10838.6
[15:52:40.293] [HOST] INFO: [med] SEND hand=1,1913818368 npc=0 blood=134.8 bleed=0.00 fl=100.0,100.0,100.0,100.0 bd=0.0,0.0,0.0,0.0 flags=0 nparts=7 pmin=100.0 smin=0.0 ls=0,0,0,0
[15:52:40.768] [HOST] INFO: [med] SEND hand=7,29174804 npc=1 blood=38.5 bleed=0.00 fl=100.0,100.0,100.0,100.0 bd=0.0,0.0,0.0,0.0 flags=1 nparts=7 pmin=100.0 smin=0.0 ls=0,0,0,0
[15:52:41.090] [HOST] INFO: [med] SEND hand=1,1913818368 npc=0 blood=134.8 bleed=0.00 fl=100.0,100.0,100.0,100.0 bd=0.0,0.0,0.0,0.0 flags=0 nparts=7 pmin=100.0 smin=0.0 ls=0,0,0,0
[15:52:41.659] [HOST] INFO: [ai] suspended=1 driven=1
[15:52:41.768] [HOST] INFO: [med] SEND hand=7,29174804 npc=1 blood=38.7 bleed=0.00 fl=100.0,100.0,100.0,100.0 bd=0.0,0.0,0.0,0.0 flags=1 nparts=7 pmin=100.0 smin=0.0 ls=0,0,0,0
[15:52:42.770] [HOST] INFO: [med] SEND hand=7,29174804 npc=1 blood=38.9 bleed=0.00 fl=100.0,100.0,100.0,100.0 bd=0.0,0.0,0.0,0.0 flags=1 nparts=7 pmin=100.0 smin=0.0 ls=0,0,0,0
[15:52:43.763] [HOST] INFO: [interp] lerp=115546 extrap=19705 clamp=0 seg=416 single=136 snapSq=1 snapNpc=0 reissueSq=1772 reissueNpc=0 restFlip=0 delay=0 jit=0.0 starve=1 snapMid=0 restFlipMid=0
[15:52:43.763] [HOST] INFO: [interp] worstZero hand=1,1962646528 zero=821 active=47215 seg=19
[15:52:43.763] [HOST] INFO: [combat] stats snap=8 slide=197 softWalk=899 order=77 wrongTgt=1 armed=0 maxPersist=8
[15:52:43.771] [HOST] INFO: [med] SEND hand=7,29174804 npc=1 blood=39.1 bleed=0.00 fl=100.0,100.0,100.0,100.0 bd=0.0,0.0,0.0,0.0 flags=1 nparts=7 pmin=100.0 smin=0.0 ls=0,0,0,0
[15:52:44.480] [HOST] INFO: [net] peer disconnected id=1 [1/3 players]
[15:52:44.480] [HOST] INFO: handshake: peer left id=1
[15:52:44.480] [HOST] INFO: [furn] SWEEP EXIT occ=1,1962646528 kind=1 ok=1
[15:52:44.480] [HOST] INFO: [leave] cleared proxies=0
[15:52:44.480] [HOST] INFO: [leave] cleared worldProxies=0 (cleanup=0)
[15:52:44.480] [HOST] INFO: [load] session reset: pointer caches, session maps, change gates cleared
[15:52:44.481] [HOST] INFO: [wi] BASELINE seeded=2 (save-native, never-stream)
[15:52:44.481] [HOST] INFO: [med] SEND hand=1,1913818368 npc=0 blood=134.8 bleed=0.00 fl=100.0,100.0,100.0,100.0 bd=0.0,0.0,0.0,0.0 flags=0 nparts=7 pmin=100.0 smin=0.0 ls=0,0,0,0
[15:52:44.481] [HOST] INFO: [stats] SEND hand=1,1913818368 str=79.7 dex=22.5 tough=58.0 stealth=86.6 athl=70.1 xp=0 fap=0
[15:52:44.481] [HOST] INFO: [prod] SEND key=0.2202.11111.2050.2145507840 kind=0 class=6 pwr=1 state=3 out='43955-rebirth.mod' outAmt=-1.000 in0=0.000 in1=0.000 grown=-1.000 first=1 seq=19
[15:52:44.481] [HOST] INFO: [research] SEND sid='5359-gamedata.base' seq=53
[15:52:44.481] [HOST] INFO: [speed] REQ mult=5.00 paused=0 combat=0
[15:52:44.481] [HOST] INFO: [speed] SET mult=5.00 paused=0 combat=0 (my=5.00)
[15:52:44.663] [HOST] INFO: [ai] suspended=0 driven=0
[15:52:44.831] [HOST] INFO: [inv] SEND hand=0,2202,11111,2050,2145507840 kind=0 key=0,2202,11111,2050,2145507840 items=0 hash=0
[15:52:44.831] [HOST] INFO: [inv] SEND hand=1,1,3629760768,1,1913818368 kind=0 key=1,1,3629760768,1,1913818368 items=11 hash=3852448789
[15:52:45.163] [HOST] INFO: [cam] center=-31629.4,1816.9,10838.6
[15:52:47.665] [HOST] INFO: [ai] suspended=0 driven=0
[15:52:48.486] [HOST] INFO: [census] sent n=42 radius=2000 mid=19
[15:52:48.764] [HOST] INFO: [combat] stats snap=8 slide=197 softWalk=899 order=77 wrongTgt=1 armed=0 maxPersist=0
[15:52:50.163] [HOST] INFO: [cam] center=-31629.4,1816.9,10838.6
[15:52:50.482] [HOST] INFO: [speed] REQ mult=0.00 paused=1 combat=0
[15:52:50.482] [HOST] INFO: [speed] SET mult=0.00 paused=1 combat=0 (my=0.00)
[15:52:50.667] [HOST] INFO: [ai] suspended=0 driven=0
[15:52:53.069] [HOST] INFO: [save] LOCAL-SAVE name='DUO' autosave=0 suppressed=0
[15:52:53.072] [HOST] INFO: [save] WATCH armed folder='C:\Users\Zach Pieper\AppData\Local\kenshi\save\DUO' baseFiles=79 baseBytes=6344197
[15:52:53.288] [HOST] INFO: [speed] REQ mult=5.00 paused=0 combat=0
[15:52:53.288] [HOST] INFO: [speed] SET mult=5.00 paused=0 combat=0 (my=5.00)
[15:52:53.668] [HOST] INFO: [ai] suspended=0 driven=0
[15:52:53.768] [HOST] INFO: [combat] stats snap=8 slide=197 softWalk=899 order=77 wrongTgt=1 armed=0 maxPersist=0
